SolidWorks IGES file using analytic representation for surfaces         S      1
1H,,1H;,15HΩ Ù∂Ê≈Ã.SLDPRT,65HE:\Solidworks_Project\÷ßº‹≈‰Ã◊◊ ¡œ\µ•÷·÷ßºG      1
‹\Ω Ù∂Ê≈Ã\Ω Ù∂Ê≈Ã.IGS,15HSolidWorks 2010,15HSolidWorks 2010,32,308,   G      2
15,308,15,15HΩ Ù∂Ê≈Ã.SLDPRT,1.,2,2HMM,50,0.125,13H170620.214720,       G      3
1E-008,499990.,13HAdministrator,,11,0,13H170620.214720;                 G      4
     314       1       0       0       0                        00000200D      1
     314       0       6       1       0                               0D      2
     110       2       0       0       0                        01010000D      3
     110       0       0       1       0                               0D      4
     110       3       0       0       0                        01010000D      5
     110       0       0       1       0                               0D      6
     120       4       0       0       0                        01010000D      7
     120       0       0       1       0                               0D      8
     126       5       0       0       0                        01010500D      9
     126       0       0       2       0                               0D     10
     110       7       0       0       0                        01010000D     11
     110       0       0       1       0                               0D     12
     126       8       0       0       0                        01010500D     13
     126       0       0       2       0                               0D     14
     124      10       0       0       0                        00000000D     15
     124       0       0       3       0                               0D     16
     100      13       0       0       0              15        01010000D     17
     100       0       0       1       0                               0D     18
     126      14       0       0       0                        01010500D     19
     126       0       0       2       0                               0D     20
     110      16       0       0       0                        01010000D     21
     110       0       0       1       0                               0D     22
     126      17       0       0       0                        01010500D     23
     126       0       0       2       0                               0D     24
     124      19       0       0       0                        00000000D     25
     124       0       0       3       0                               0D     26
     100      22       0       0       0              25        01010000D     27
     100       0       0       1       0                               0D     28
     102      23       0       0       0                        01010500D     29
     102       0       0       1       0                               0D     30
     102      24       0       0       0                        01010000D     31
     102       0       0       1       0                               0D     32
     142      25       0       0       0                        00010500D     33
     142       0       0       1       0                               0D     34
     144      26       0       0       0                        00000000D     35
     144       0      -1       1       0                               0D     36
     110      27       0       0       0                        01010000D     37
     110       0       0       1       0                               0D     38
     110      28       0       0       0                        01010000D     39
     110       0       0       1       0                               0D     40
     120      29       0       0       0                        01010000D     41
     120       0       0       1       0                               0D     42
     126      30       0       0       0                        01010500D     43
     126       0       0       2       0                               0D     44
     124      32       0       0       0                        00000000D     45
     124       0       0       4       0                               0D     46
     100      36       0       0       0              45        01010000D     47
     100       0       0       1       0                               0D     48
     126      37       0       0       0                        01010500D     49
     126       0       0       2       0                               0D     50
     110      39       0       0       0                        01010000D     51
     110       0       0       1       0                               0D     52
     126      40       0       0       0                        01010500D     53
     126       0       0       2       0                               0D     54
     124      42       0       0       0                        00000000D     55
     124       0       0       4       0                               0D     56
     100      46       0       0       0              55        01010000D     57
     100       0       0       1       0                               0D     58
     126      47       0       0       0                        01010500D     59
     126       0       0       2       0                               0D     60
     110      49       0       0       0                        01010000D     61
     110       0       0       1       0                               0D     62
     102      50       0       0       0                        01010500D     63
     102       0       0       1       0                               0D     64
     102      51       0       0       0                        01010000D     65
     102       0       0       1       0                               0D     66
     142      52       0       0       0                        00010500D     67
     142       0       0       1       0                               0D     68
     144      53       0       0       0                        00000000D     69
     144       0      -1       1       0                               0D     70
     110      54       0       0       0                        01010000D     71
     110       0       0       1       0                               0D     72
     110      55       0       0       0                        01010000D     73
     110       0       0       1       0                               0D     74
     120      56       0       0       0                        01010000D     75
     120       0       0       1       0                               0D     76
     126      57       0       0       0                        01010500D     77
     126       0       0       2       0                               0D     78
     110      59       0       0       0                        01010000D     79
     110       0       0       1       0                               0D     80
     126      60       0       0       0                        01010500D     81
     126       0       0       2       0                               0D     82
     124      62       0       0       0                        00000000D     83
     124       0       0       3       0                               0D     84
     100      65       0       0       0              83        01010000D     85
     100       0       0       1       0                               0D     86
     126      66       0       0       0                        01010500D     87
     126       0       0       2       0                               0D     88
     110      68       0       0       0                        01010000D     89
     110       0       0       1       0                               0D     90
     126      69       0       0       0                        01010500D     91
     126       0       0       2       0                               0D     92
     124      71       0       0       0                        00000000D     93
     124       0       0       3       0                               0D     94
     100      74       0       0       0              93        01010000D     95
     100       0       0       1       0                               0D     96
     102      75       0       0       0                        01010500D     97
     102       0       0       1       0                               0D     98
     102      76       0       0       0                        01010000D     99
     102       0       0       1       0                               0D    100
     142      77       0       0       0                        00010500D    101
     142       0       0       1       0                               0D    102
     144      78       0       0       0                        00000000D    103
     144       0      -1       1       0                               0D    104
     110      79       0       0       0                        01010000D    105
     110       0       0       1       0                               0D    106
     110      80       0       0       0                        01010000D    107
     110       0       0       1       0                               0D    108
     120      81       0       0       0                        01010000D    109
     120       0       0       1       0                               0D    110
     126      82       0       0       0                        01010500D    111
     126       0       0       2       0                               0D    112
     110      84       0       0       0                        01010000D    113
     110       0       0       1       0                               0D    114
     126      85       0       0       0                        01010500D    115
     126       0       0       2       0                               0D    116
     124      87       0       0       0                        00000000D    117
     124       0       0       3       0                               0D    118
     100      90       0       0       0             117        01010000D    119
     100       0       0       1       0                               0D    120
     126      91       0       0       0                        01010500D    121
     126       0       0       2       0                               0D    122
     110      93       0       0       0                        01010000D    123
     110       0       0       1       0                               0D    124
     126      94       0       0       0                        01010500D    125
     126       0       0       2       0                               0D    126
     124      96       0       0       0                        00000000D    127
     124       0       0       3       0                               0D    128
     100      99       0       0       0             127        01010000D    129
     100       0       0       1       0                               0D    130
     102     100       0       0       0                        01010500D    131
     102       0       0       1       0                               0D    132
     102     101       0       0       0                        01010000D    133
     102       0       0       1       0                               0D    134
     142     102       0       0       0                        00010500D    135
     142       0       0       1       0                               0D    136
     144     103       0       0       0                        00000000D    137
     144       0      -1       1       0                               0D    138
     110     104       0       0       0                        01010000D    139
     110       0       0       1       0                               0D    140
     110     105       0       0       0                        01010000D    141
     110       0       0       1       0                               0D    142
     120     106       0       0       0                        01010000D    143
     120       0       0       1       0                               0D    144
     126     107       0       0       0                        01010500D    145
     126       0       0       2       0                               0D    146
     110     109       0       0       0                        01010000D    147
     110       0       0       1       0                               0D    148
     126     110       0       0       0                        01010500D    149
     126       0       0       2       0                               0D    150
     124     112       0       0       0                        00000000D    151
     124       0       0       3       0                               0D    152
     100     115       0       0       0             151        01010000D    153
     100       0       0       1       0                               0D    154
     126     116       0       0       0                        01010500D    155
     126       0       0       2       0                               0D    156
     110     118       0       0       0                        01010000D    157
     110       0       0       1       0                               0D    158
     126     119       0       0       0                        01010500D    159
     126       0       0       2       0                               0D    160
     124     121       0       0       0                        00000000D    161
     124       0       0       3       0                               0D    162
     100     124       0       0       0             161        01010000D    163
     100       0       0       1       0                               0D    164
     102     125       0       0       0                        01010500D    165
     102       0       0       1       0                               0D    166
     102     126       0       0       0                        01010000D    167
     102       0       0       1       0                               0D    168
     142     127       0       0       0                        00010500D    169
     142       0       0       1       0                               0D    170
     144     128       0       0       0                        00000000D    171
     144       0      -1       1       0                               0D    172
     110     129       0       0       0                        01010000D    173
     110       0       0       1       0                               0D    174
     110     130       0       0       0                        01010000D    175
     110       0       0       1       0                               0D    176
     120     131       0       0       0                        01010000D    177
     120       0       0       1       0                               0D    178
     126     132       0       0       0                        01010500D    179
     126       0       0       2       0                               0D    180
     124     134       0       0       0                        00000000D    181
     124       0       0       3       0                               0D    182
     100     137       0       0       0             181        01010000D    183
     100       0       0       1       0                               0D    184
     126     138       0       0       0                        01010500D    185
     126       0       0       2       0                               0D    186
     110     140       0       0       0                        01010000D    187
     110       0       0       1       0                               0D    188
     126     141       0       0       0                        01010500D    189
     126       0       0       2       0                               0D    190
     124     143       0       0       0                        00000000D    191
     124       0       0       3       0                               0D    192
     100     146       0       0       0             191        01010000D    193
     100       0       0       1       0                               0D    194
     126     147       0       0       0                        01010500D    195
     126       0       0       2       0                               0D    196
     110     149       0       0       0                        01010000D    197
     110       0       0       1       0                               0D    198
     102     150       0       0       0                        01010500D    199
     102       0       0       1       0                               0D    200
     102     151       0       0       0                        01010000D    201
     102       0       0       1       0                               0D    202
     142     152       0       0       0                        00010500D    203
     142       0       0       1       0                               0D    204
     144     153       0       0       0                        00000000D    205
     144       0      -1       1       0                               0D    206
     110     154       0       0       0                        01010000D    207
     110       0       0       1       0                               0D    208
     110     155       0       0       0                        01010000D    209
     110       0       0       1       0                               0D    210
     120     156       0       0       0                        01010000D    211
     120       0       0       1       0                               0D    212
     126     157       0       0       0                        01010500D    213
     126       0       0       2       0                               0D    214
     110     159       0       0       0                        01010000D    215
     110       0       0       1       0                               0D    216
     126     160       0       0       0                        01010500D    217
     126       0       0       2       0                               0D    218
     124     162       0       0       0                        00000000D    219
     124       0       0       3       0                               0D    220
     100     165       0       0       0             219        01010000D    221
     100       0       0       1       0                               0D    222
     126     166       0       0       0                        01010500D    223
     126       0       0       2       0                               0D    224
     110     168       0       0       0                        01010000D    225
     110       0       0       1       0                               0D    226
     126     169       0       0       0                        01010500D    227
     126       0       0       2       0                               0D    228
     124     171       0       0       0                        00000000D    229
     124       0       0       3       0                               0D    230
     100     174       0       0       0             229        01010000D    231
     100       0       0       1       0                               0D    232
     102     175       0       0       0                        01010500D    233
     102       0       0       1       0                               0D    234
     102     176       0       0       0                        01010000D    235
     102       0       0       1       0                               0D    236
     142     177       0       0       0                        00010500D    237
     142       0       0       1       0                               0D    238
     144     178       0       0       0                        00000000D    239
     144       0      -1       1       0                               0D    240
     110     179       0       0       0                        01010000D    241
     110       0       0       1       0                               0D    242
     110     180       0       0       0                        01010000D    243
     110       0       0       1       0                               0D    244
     120     181       0       0       0                        01010000D    245
     120       0       0       1       0                               0D    246
     126     182       0       0       0                        01010500D    247
     126       0       0       2       0                               0D    248
     110     184       0       0       0                        01010000D    249
     110       0       0       1       0                               0D    250
     126     185       0       0       0                        01010500D    251
     126       0       0       2       0                               0D    252
     124     187       0       0       0                        00000000D    253
     124       0       0       3       0                               0D    254
     100     190       0       0       0             253        01010000D    255
     100       0       0       1       0                               0D    256
     126     191       0       0       0                        01010500D    257
     126       0       0       2       0                               0D    258
     110     193       0       0       0                        01010000D    259
     110       0       0       1       0                               0D    260
     126     194       0       0       0                        01010500D    261
     126       0       0       2       0                               0D    262
     124     196       0       0       0                        00000000D    263
     124       0       0       3       0                               0D    264
     100     199       0       0       0             263        01010000D    265
     100       0       0       1       0                               0D    266
     102     200       0       0       0                        01010500D    267
     102       0       0       1       0                               0D    268
     102     201       0       0       0                        01010000D    269
     102       0       0       1       0                               0D    270
     142     202       0       0       0                        00010500D    271
     142       0       0       1       0                               0D    272
     144     203       0       0       0                        00000000D    273
     144       0      -1       1       0                               0D    274
     110     204       0       0       0                        01010000D    275
     110       0       0       1       0                               0D    276
     110     205       0       0       0                        01010000D    277
     110       0       0       1       0                               0D    278
     120     206       0       0       0                        01010000D    279
     120       0       0       1       0                               0D    280
     126     207       0       0       0                        01010500D    281
     126       0       0       2       0                               0D    282
     124     209       0       0       0                        00000000D    283
     124       0       0       3       0                               0D    284
     100     212       0       0       0             283        01010000D    285
     100       0       0       1       0                               0D    286
     126     213       0       0       0                        01010500D    287
     126       0       0       2       0                               0D    288
     110     215       0       0       0                        01010000D    289
     110       0       0       1       0                               0D    290
     126     216       0       0       0                        01010500D    291
     126       0       0       2       0                               0D    292
     124     218       0       0       0                        00000000D    293
     124       0       0       3       0                               0D    294
     100     221       0       0       0             293        01010000D    295
     100       0       0       1       0                               0D    296
     126     222       0       0       0                        01010500D    297
     126       0       0       2       0                               0D    298
     110     224       0       0       0                        01010000D    299
     110       0       0       1       0                               0D    300
     102     225       0       0       0                        01010500D    301
     102       0       0       1       0                               0D    302
     102     226       0       0       0                        01010000D    303
     102       0       0       1       0                               0D    304
     142     227       0       0       0                        00010500D    305
     142       0       0       1       0                               0D    306
     144     228       0       0       0                        00000000D    307
     144       0      -1       1       0                               0D    308
     128     229       0       0       0                        01010000D    309
     128       0       0       3       0                               0D    310
     126     232       0       0       0                        01010500D    311
     126       0       0      22       0                               0D    312
     124     254       0       0       0                        00000000D    313
     124       0       0       3       0                               0D    314
     100     257       0       0       0             313        01010000D    315
     100       0       0       1       0                               0D    316
     126     258       0       0       0                        01010500D    317
     126       0       0      22       0                               0D    318
     124     280       0       0       0                        00000000D    319
     124       0       0       3       0                               0D    320
     100     283       0       0       0             319        01010000D    321
     100       0       0       1       0                               0D    322
     102     284       0       0       0                        01010500D    323
     102       0       0       1       0                               0D    324
     102     285       0       0       0                        01010000D    325
     102       0       0       1       0                               0D    326
     142     286       0       0       0                        00010500D    327
     142       0       0       1       0                               0D    328
     126     287       0       0       0                        01010500D    329
     126       0       0      22       0                               0D    330
     124     309       0       0       0                        00000000D    331
     124       0       0       3       0                               0D    332
     100     312       0       0       0             331        01010000D    333
     100       0       0       1       0                               0D    334
     126     313       0       0       0                        01010500D    335
     126       0       0      22       0                               0D    336
     124     335       0       0       0                        00000000D    337
     124       0       0       3       0                               0D    338
     100     338       0       0       0             337        01010000D    339
     100       0       0       1       0                               0D    340
     102     339       0       0       0                        01010500D    341
     102       0       0       1       0                               0D    342
     102     340       0       0       0                        01010000D    343
     102       0       0       1       0                               0D    344
     142     341       0       0       0                        00010500D    345
     142       0       0       1       0                               0D    346
     144     342       0       0       0                        00000000D    347
     144       0      -1       1       0                               0D    348
     128     343       0       0       0                        01010000D    349
     128       0       0       3       0                               0D    350
     126     346       0       0       0                        01010500D    351
     126       0       0      22       0                               0D    352
     124     368       0       0       0                        00000000D    353
     124       0       0       4       0                               0D    354
     100     372       0       0       0             353        01010000D    355
     100       0       0       1       0                               0D    356
     126     373       0       0       0                        01010500D    357
     126       0       0      22       0                               0D    358
     124     395       0       0       0                        00000000D    359
     124       0       0       4       0                               0D    360
     100     399       0       0       0             359        01010000D    361
     100       0       0       1       0                               0D    362
     102     400       0       0       0                        01010500D    363
     102       0       0       1       0                               0D    364
     102     401       0       0       0                        01010000D    365
     102       0       0       1       0                               0D    366
     142     402       0       0       0                        00010500D    367
     142       0       0       1       0                               0D    368
     126     403       0       0       0                        01010500D    369
     126       0       0      22       0                               0D    370
     124     425       0       0       0                        00000000D    371
     124       0       0       3       0                               0D    372
     100     428       0       0       0             371        01010000D    373
     100       0       0       1       0                               0D    374
     126     429       0       0       0                        01010500D    375
     126       0       0      22       0                               0D    376
     124     451       0       0       0                        00000000D    377
     124       0       0       3       0                               0D    378
     100     454       0       0       0             377        01010000D    379
     100       0       0       1       0                               0D    380
     102     455       0       0       0                        01010500D    381
     102       0       0       1       0                               0D    382
     102     456       0       0       0                        01010000D    383
     102       0       0       1       0                               0D    384
     142     457       0       0       0                        00010500D    385
     142       0       0       1       0                               0D    386
     144     458       0       0       0                        00000000D    387
     144       0      -1       1       0                               0D    388
     110     459       0       0       0                        01010000D    389
     110       0       0       1       0                               0D    390
     110     460       0       0       0                        01010000D    391
     110       0       0       1       0                               0D    392
     120     461       0       0       0                        01010000D    393
     120       0       0       1       0                               0D    394
     126     462       0       0       0                        01010500D    395
     126       0       0       2       0                               0D    396
     124     464       0       0       0                        00000000D    397
     124       0       0       3       0                               0D    398
     100     467       0       0       0             397        01010000D    399
     100       0       0       1       0                               0D    400
     126     468       0       0       0                        01010500D    401
     126       0       0       2       0                               0D    402
     110     470       0       0       0                        01010000D    403
     110       0       0       1       0                               0D    404
     126     471       0       0       0                        01010500D    405
     126       0       0       2       0                               0D    406
     124     473       0       0       0                        00000000D    407
     124       0       0       3       0                               0D    408
     100     476       0       0       0             407        01010000D    409
     100       0       0       1       0                               0D    410
     126     477       0       0       0                        01010500D    411
     126       0       0       2       0                               0D    412
     110     479       0       0       0                        01010000D    413
     110       0       0       1       0                               0D    414
     102     480       0       0       0                        01010500D    415
     102       0       0       1       0                               0D    416
     102     481       0       0       0                        01010000D    417
     102       0       0       1       0                               0D    418
     142     482       0       0       0                        00010500D    419
     142       0       0       1       0                               0D    420
     144     483       0       0       0                        00000000D    421
     144       0      -1       1       0                               0D    422
     110     484       0       0       0                        01010000D    423
     110       0       0       1       0                               0D    424
     110     485       0       0       0                        01010000D    425
     110       0       0       1       0                               0D    426
     120     486       0       0       0                        01010000D    427
     120       0       0       1       0                               0D    428
     126     487       0       0       0                        01010500D    429
     126       0       0       2       0                               0D    430
     110     489       0       0       0                        01010000D    431
     110       0       0       1       0                               0D    432
     126     490       0       0       0                        01010500D    433
     126       0       0       2       0                               0D    434
     124     492       0       0       0                        00000000D    435
     124       0       0       3       0                               0D    436
     100     495       0       0       0             435        01010000D    437
     100       0       0       1       0                               0D    438
     126     496       0       0       0                        01010500D    439
     126       0       0       2       0                               0D    440
     110     498       0       0       0                        01010000D    441
     110       0       0       1       0                               0D    442
     126     499       0       0       0                        01010500D    443
     126       0       0       2       0                               0D    444
     124     501       0       0       0                        00000000D    445
     124       0       0       3       0                               0D    446
     100     504       0       0       0             445        01010000D    447
     100       0       0       1       0                               0D    448
     102     505       0       0       0                        01010500D    449
     102       0       0       1       0                               0D    450
     102     506       0       0       0                        01010000D    451
     102       0       0       1       0                               0D    452
     142     507       0       0       0                        00010500D    453
     142       0       0       1       0                               0D    454
     144     508       0       0       0                        00000000D    455
     144       0      -1       1       0                               0D    456
     110     509       0       0       0                        01010000D    457
     110       0       0       1       0                               0D    458
     110     510       0       0       0                        01010000D    459
     110       0       0       1       0                               0D    460
     120     511       0       0       0                        01010000D    461
     120       0       0       1       0                               0D    462
     126     512       0       0       0                        01010500D    463
     126       0       0       2       0                               0D    464
     124     514       0       0       0                        00000000D    465
     124       0       0       3       0                               0D    466
     100     517       0       0       0             465        01010000D    467
     100       0       0       1       0                               0D    468
     126     518       0       0       0                        01010500D    469
     126       0       0       2       0                               0D    470
     110     520       0       0       0                        01010000D    471
     110       0       0       1       0                               0D    472
     126     521       0       0       0                        01010500D    473
     126       0       0       2       0                               0D    474
     124     523       0       0       0                        00000000D    475
     124       0       0       3       0                               0D    476
     100     526       0       0       0             475        01010000D    477
     100       0       0       1       0                               0D    478
     126     527       0       0       0                        01010500D    479
     126       0       0       2       0                               0D    480
     110     529       0       0       0                        01010000D    481
     110       0       0       1       0                               0D    482
     102     530       0       0       0                        01010500D    483
     102       0       0       1       0                               0D    484
     102     531       0       0       0                        01010000D    485
     102       0       0       1       0                               0D    486
     142     532       0       0       0                        00010500D    487
     142       0       0       1       0                               0D    488
     144     533       0       0       0                        00000000D    489
     144       0      -1       1       0                               0D    490
     110     534       0       0       0                        01010000D    491
     110       0       0       1       0                               0D    492
     110     535       0       0       0                        01010000D    493
     110       0       0       1       0                               0D    494
     120     536       0       0       0                        01010000D    495
     120       0       0       1       0                               0D    496
     126     537       0       0       0                        01010500D    497
     126       0       0       2       0                               0D    498
     124     539       0       0       0                        00000000D    499
     124       0       0       3       0                               0D    500
     100     542       0       0       0             499        01010000D    501
     100       0       0       1       0                               0D    502
     126     543       0       0       0                        01010500D    503
     126       0       0       2       0                               0D    504
     110     545       0       0       0                        01010000D    505
     110       0       0       1       0                               0D    506
     126     546       0       0       0                        01010500D    507
     126       0       0       2       0                               0D    508
     124     548       0       0       0                        00000000D    509
     124       0       0       4       0                               0D    510
     100     552       0       0       0             509        01010000D    511
     100       0       0       1       0                               0D    512
     126     553       0       0       0                        01010500D    513
     126       0       0       2       0                               0D    514
     110     555       0       0       0                        01010000D    515
     110       0       0       1       0                               0D    516
     102     556       0       0       0                        01010500D    517
     102       0       0       1       0                               0D    518
     102     557       0       0       0                        01010000D    519
     102       0       0       1       0                               0D    520
     142     558       0       0       0                        00010500D    521
     142       0       0       1       0                               0D    522
     144     559       0       0       0                        00000000D    523
     144       0      -1       1       0                               0D    524
     110     560       0       0       0                        01010000D    525
     110       0       0       1       0                               0D    526
     110     561       0       0       0                        01010000D    527
     110       0       0       1       0                               0D    528
     120     562       0       0       0                        01010000D    529
     120       0       0       1       0                               0D    530
     126     563       0       0       0                        01010500D    531
     126       0       0       2       0                               0D    532
     124     565       0       0       0                        00000000D    533
     124       0       0       3       0                               0D    534
     100     568       0       0       0             533        01010000D    535
     100       0       0       1       0                               0D    536
     126     569       0       0       0                        01010500D    537
     126       0       0       2       0                               0D    538
     110     571       0       0       0                        01010000D    539
     110       0       0       1       0                               0D    540
     126     572       0       0       0                        01010500D    541
     126       0       0       2       0                               0D    542
     124     574       0       0       0                        00000000D    543
     124       0       0       3       0                               0D    544
     100     577       0       0       0             543        01010000D    545
     100       0       0       1       0                               0D    546
     126     578       0       0       0                        01010500D    547
     126       0       0       2       0                               0D    548
     110     580       0       0       0                        01010000D    549
     110       0       0       1       0                               0D    550
     102     581       0       0       0                        01010500D    551
     102       0       0       1       0                               0D    552
     102     582       0       0       0                        01010000D    553
     102       0       0       1       0                               0D    554
     142     583       0       0       0                        00010500D    555
     142       0       0       1       0                               0D    556
     144     584       0       0       0                        00000000D    557
     144       0      -1       1       0                               0D    558
     110     585       0       0       0                        01010000D    559
     110       0       0       1       0                               0D    560
     110     586       0       0       0                        01010000D    561
     110       0       0       1       0                               0D    562
     120     587       0       0       0                        01010000D    563
     120       0       0       1       0                               0D    564
     126     588       0       0       0                        01010500D    565
     126       0       0       2       0                               0D    566
     110     590       0       0       0                        01010000D    567
     110       0       0       1       0                               0D    568
     126     591       0       0       0                        01010500D    569
     126       0       0       2       0                               0D    570
     124     593       0       0       0                        00000000D    571
     124       0       0       4       0                               0D    572
     100     597       0       0       0             571        01010000D    573
     100       0       0       1       0                               0D    574
     126     598       0       0       0                        01010500D    575
     126       0       0       2       0                               0D    576
     110     600       0       0       0                        01010000D    577
     110       0       0       1       0                               0D    578
     126     601       0       0       0                        01010500D    579
     126       0       0       2       0                               0D    580
     124     603       0       0       0                        00000000D    581
     124       0       0       4       0                               0D    582
     100     607       0       0       0             581        01010000D    583
     100       0       0       1       0                               0D    584
     102     608       0       0       0                        01010500D    585
     102       0       0       1       0                               0D    586
     102     609       0       0       0                        01010000D    587
     102       0       0       1       0                               0D    588
     142     610       0       0       0                        00010500D    589
     142       0       0       1       0                               0D    590
     144     611       0       0       0                        00000000D    591
     144       0      -1       1       0                               0D    592
     128     612       0       0       0                        01010000D    593
     128       0       0       3       0                               0D    594
     126     615       0       0       0                        01010500D    595
     126       0       0      22       0                               0D    596
     124     637       0       0       0                        00000000D    597
     124       0       0       3       0                               0D    598
     100     640       0       0       0             597        01010000D    599
     100       0       0       1       0                               0D    600
     126     641       0       0       0                        01010500D    601
     126       0       0      22       0                               0D    602
     124     663       0       0       0                        00000000D    603
     124       0       0       3       0                               0D    604
     100     666       0       0       0             603        01010000D    605
     100       0       0       1       0                               0D    606
     102     667       0       0       0                        01010500D    607
     102       0       0       1       0                               0D    608
     102     668       0       0       0                        01010000D    609
     102       0       0       1       0                               0D    610
     142     669       0       0       0                        00010500D    611
     142       0       0       1       0                               0D    612
     126     670       0       0       0                        01010500D    613
     126       0       0      22       0                               0D    614
     124     692       0       0       0                        00000000D    615
     124       0       0       3       0                               0D    616
     100     695       0       0       0             615        01010000D    617
     100       0       0       1       0                               0D    618
     126     696       0       0       0                        01010500D    619
     126       0       0      22       0                               0D    620
     124     718       0       0       0                        00000000D    621
     124       0       0       3       0                               0D    622
     100     721       0       0       0             621        01010000D    623
     100       0       0       1       0                               0D    624
     102     722       0       0       0                        01010500D    625
     102       0       0       1       0                               0D    626
     102     723       0       0       0                        01010000D    627
     102       0       0       1       0                               0D    628
     142     724       0       0       0                        00010500D    629
     142       0       0       1       0                               0D    630
     126     725       0       0       0                        01010500D    631
     126       0       0      22       0                               0D    632
     124     747       0       0       0                        00000000D    633
     124       0       0       3       0                               0D    634
     100     750       0       0       0             633        01010000D    635
     100       0       0       1       0                               0D    636
     126     751       0       0       0                        01010500D    637
     126       0       0      22       0                               0D    638
     124     773       0       0       0                        00000000D    639
     124       0       0       3       0                               0D    640
     100     776       0       0       0             639        01010000D    641
     100       0       0       1       0                               0D    642
     102     777       0       0       0                        01010500D    643
     102       0       0       1       0                               0D    644
     102     778       0       0       0                        01010000D    645
     102       0       0       1       0                               0D    646
     142     779       0       0       0                        00010500D    647
     142       0       0       1       0                               0D    648
     126     780       0       0       0                        01010500D    649
     126       0       0      22       0                               0D    650
     124     802       0       0       0                        00000000D    651
     124       0       0       4       0                               0D    652
     100     806       0       0       0             651        01010000D    653
     100       0       0       1       0                               0D    654
     126     807       0       0       0                        01010500D    655
     126       0       0      22       0                               0D    656
     124     829       0       0       0                        00000000D    657
     124       0       0       3       0                               0D    658
     100     832       0       0       0             657        01010000D    659
     100       0       0       1       0                               0D    660
     102     833       0       0       0                        01010500D    661
     102       0       0       1       0                               0D    662
     102     834       0       0       0                        01010000D    663
     102       0       0       1       0                               0D    664
     142     835       0       0       0                        00010500D    665
     142       0       0       1       0                               0D    666
     126     836       0       0       0                        01010500D    667
     126       0       0      22       0                               0D    668
     124     858       0       0       0                        00000000D    669
     124       0       0       3       0                               0D    670
     100     861       0       0       0             669        01010000D    671
     100       0       0       1       0                               0D    672
     126     862       0       0       0                        01010500D    673
     126       0       0      22       0                               0D    674
     124     884       0       0       0                        00000000D    675
     124       0       0       3       0                               0D    676
     100     887       0       0       0             675        01010000D    677
     100       0       0       1       0                               0D    678
     102     888       0       0       0                        01010500D    679
     102       0       0       1       0                               0D    680
     102     889       0       0       0                        01010000D    681
     102       0       0       1       0                               0D    682
     142     890       0       0       0                        00010500D    683
     142       0       0       1       0                               0D    684
     126     891       0       0       0                        01010500D    685
     126       0       0      22       0                               0D    686
     124     913       0       0       0                        00000000D    687
     124       0       0       4       0                               0D    688
     100     917       0       0       0             687        01010000D    689
     100       0       0       1       0                               0D    690
     126     918       0       0       0                        01010500D    691
     126       0       0      22       0                               0D    692
     124     940       0       0       0                        00000000D    693
     124       0       0       3       0                               0D    694
     100     943       0       0       0             693        01010000D    695
     100       0       0       1       0                               0D    696
     102     944       0       0       0                        01010500D    697
     102       0       0       1       0                               0D    698
     102     945       0       0       0                        01010000D    699
     102       0       0       1       0                               0D    700
     142     946       0       0       0                        00010500D    701
     142       0       0       1       0                               0D    702
     144     947       0       0       0                        00000000D    703
     144       0      -1       1       0                               0D    704
     128     948       0       0       0                        01010000D    705
     128       0       0       3       0                               0D    706
     126     951       0       0       0                        01010500D    707
     126       0       0      22       0                               0D    708
     124     973       0       0       0                        00000000D    709
     124       0       0       3       0                               0D    710
     100     976       0       0       0             709        01010000D    711
     100       0       0       1       0                               0D    712
     126     977       0       0       0                        01010500D    713
     126       0       0      22       0                               0D    714
     124     999       0       0       0                        00000000D    715
     124       0       0       3       0                               0D    716
     100    1002       0       0       0             715        01010000D    717
     100       0       0       1       0                               0D    718
     102    1003       0       0       0                        01010500D    719
     102       0       0       1       0                               0D    720
     102    1004       0       0       0                        01010000D    721
     102       0       0       1       0                               0D    722
     142    1005       0       0       0                        00010500D    723
     142       0       0       1       0                               0D    724
     126    1006       0       0       0                        01010500D    725
     126       0       0      22       0                               0D    726
     124    1028       0       0       0                        00000000D    727
     124       0       0       4       0                               0D    728
     100    1032       0       0       0             727        01010000D    729
     100       0       0       1       0                               0D    730
     126    1033       0       0       0                        01010500D    731
     126       0       0      22       0                               0D    732
     124    1055       0       0       0                        00000000D    733
     124       0       0       4       0                               0D    734
     100    1059       0       0       0             733        01010000D    735
     100       0       0       1       0                               0D    736
     102    1060       0       0       0                        01010500D    737
     102       0       0       1       0                               0D    738
     102    1061       0       0       0                        01010000D    739
     102       0       0       1       0                               0D    740
     142    1062       0       0       0                        00010500D    741
     142       0       0       1       0                               0D    742
     126    1063       0       0       0                        01010500D    743
     126       0       0      22       0                               0D    744
     124    1085       0       0       0                        00000000D    745
     124       0       0       3       0                               0D    746
     100    1088       0       0       0             745        01010000D    747
     100       0       0       1       0                               0D    748
     126    1089       0       0       0                        01010500D    749
     126       0       0      22       0                               0D    750
     124    1111       0       0       0                        00000000D    751
     124       0       0       3       0                               0D    752
     100    1114       0       0       0             751        01010000D    753
     100       0       0       1       0                               0D    754
     102    1115       0       0       0                        01010500D    755
     102       0       0       1       0                               0D    756
     102    1116       0       0       0                        01010000D    757
     102       0       0       1       0                               0D    758
     142    1117       0       0       0                        00010500D    759
     142       0       0       1       0                               0D    760
     126    1118       0       0       0                        01010500D    761
     126       0       0      22       0                               0D    762
     124    1140       0       0       0                        00000000D    763
     124       0       0       3       0                               0D    764
     100    1143       0       0       0             763        01010000D    765
     100       0       0       1       0                               0D    766
     126    1144       0       0       0                        01010500D    767
     126       0       0      22       0                               0D    768
     124    1166       0       0       0                        00000000D    769
     124       0       0       3       0                               0D    770
     100    1169       0       0       0             769        01010000D    771
     100       0       0       1       0                               0D    772
     102    1170       0       0       0                        01010500D    773
     102       0       0       1       0                               0D    774
     102    1171       0       0       0                        01010000D    775
     102       0       0       1       0                               0D    776
     142    1172       0       0       0                        00010500D    777
     142       0       0       1       0                               0D    778
     126    1173       0       0       0                        01010500D    779
     126       0       0      22       0                               0D    780
     124    1195       0       0       0                        00000000D    781
     124       0       0       3       0                               0D    782
     100    1198       0       0       0             781        01010000D    783
     100       0       0       1       0                               0D    784
     126    1199       0       0       0                        01010500D    785
     126       0       0      22       0                               0D    786
     124    1221       0       0       0                        00000000D    787
     124       0       0       3       0                               0D    788
     100    1224       0       0       0             787        01010000D    789
     100       0       0       1       0                               0D    790
     102    1225       0       0       0                        01010500D    791
     102       0       0       1       0                               0D    792
     102    1226       0       0       0                        01010000D    793
     102       0       0       1       0                               0D    794
     142    1227       0       0       0                        00010500D    795
     142       0       0       1       0                               0D    796
     126    1228       0       0       0                        01010500D    797
     126       0       0      22       0                               0D    798
     124    1250       0       0       0                        00000000D    799
     124       0       0       3       0                               0D    800
     100    1253       0       0       0             799        01010000D    801
     100       0       0       1       0                               0D    802
     126    1254       0       0       0                        01010500D    803
     126       0       0      22       0                               0D    804
     124    1276       0       0       0                        00000000D    805
     124       0       0       3       0                               0D    806
     100    1279       0       0       0             805        01010000D    807
     100       0       0       1       0                               0D    808
     102    1280       0       0       0                        01010500D    809
     102       0       0       1       0                               0D    810
     102    1281       0       0       0                        01010000D    811
     102       0       0       1       0                               0D    812
     142    1282       0       0       0                        00010500D    813
     142       0       0       1       0                               0D    814
     144    1283       0       0       0                        00000000D    815
     144       0      -1       1       0                               0D    816
     110    1284       0       0       0                        01010000D    817
     110       0       0       1       0                               0D    818
     110    1285       0       0       0                        01010000D    819
     110       0       0       1       0                               0D    820
     120    1286       0       0       0                        01010000D    821
     120       0       0       1       0                               0D    822
     126    1287       0       0       0                        01010500D    823
     126       0       0       2       0                               0D    824
     124    1289       0       0       0                        00000000D    825
     124       0       0       3       0                               0D    826
     100    1292       0       0       0             825        01010000D    827
     100       0       0       1       0                               0D    828
     126    1293       0       0       0                        01010500D    829
     126       0       0       2       0                               0D    830
     110    1295       0       0       0                        01010000D    831
     110       0       0       1       0                               0D    832
     126    1296       0       0       0                        01010500D    833
     126       0       0       2       0                               0D    834
     124    1298       0       0       0                        00000000D    835
     124       0       0       4       0                               0D    836
     100    1302       0       0       0             835        01010000D    837
     100       0       0       1       0                               0D    838
     126    1303       0       0       0                        01010500D    839
     126       0       0       2       0                               0D    840
     110    1305       0       0       0                        01010000D    841
     110       0       0       1       0                               0D    842
     102    1306       0       0       0                        01010500D    843
     102       0       0       1       0                               0D    844
     102    1307       0       0       0                        01010000D    845
     102       0       0       1       0                               0D    846
     142    1308       0       0       0                        00010500D    847
     142       0       0       1       0                               0D    848
     144    1309       0       0       0                        00000000D    849
     144       0      -1       1       0                               0D    850
314,66.6666666666667,69.8039215686274,76.8627450980392,;               1P      1
110,-7.,0.,0.,-7.,1000.,0.;                                            3P      2
110,-7.,0.,1.5,-7.,2.,1.5;                                             5P      3
120,3,5,0.,6.28318530717959;                                           7P      4
126,1,1,1,0,1,0,0.,0.,1.,1.,1.,1.,0.,6.283185307,0.,1.,                9P      5
6.283185307,0.,0.,1.,0.,0.,1.;                                         9P      6
110,-7.,0.,1.5,-7.,2.,1.5;                                            11P      7
126,1,1,1,0,1,0,0.,0.,1.,1.,1.,1.,1.,6.283185307,0.,1.,               13P      8
3.141592654,0.,0.,1.,0.,0.,1.;                                        13P      9
124,6.12303176911189E-017,-1.,0.,-5.,6.12303176911189E-017,           15P     10
3.74915180455534E-033,-1.,2.,1.,6.12303176911189E-017,                15P     11
6.12303176911189E-017,7.;                                             15P     12
100,0.,-7.,2.,-5.5,2.,-8.5,2.;                                        17P     13
126,1,1,1,0,1,0,0.,0.,1.,1.,1.,1.,1.,3.141592654,0.,0.,               19P     14
3.141592654,0.,0.,1.,0.,0.,1.;                                        19P     15
110,-7.,2.,-1.5,-7.,0.,-1.5;                                          21P     16
126,1,1,1,0,1,0,0.,0.,1.,1.,1.,1.,0.,3.141592654,0.,0.,               23P     17
6.283185307,0.,0.,1.,0.,0.,1.;                                        23P     18
124,6.12303176911189E-017,-1.,0.,-7.,6.12303176911189E-017,           25P     19
3.74915180455534E-033,1.,4.28612223837832E-016,-1.,                   25P     20
-6.12303176911189E-017,6.12303176911189E-017,-7.;                     25P     21
100,0.,-7.,0.,-5.5,0.,-8.5,0.;                                        27P     22
102,4,9,13,19,23;                                                     29P     23
102,4,11,17,21,27;                                                    31P     24
142,1,7,29,31,1;                                                      33P     25
144,7,1,0,33;                                                         35P     26
110,0.,5.,0.,0.,-995.,0.;                                             37P     27
110,4.5,5.,0.,4.5,2.,0.;                                              39P     28
120,37,39,0.,6.28318530717959;                                        41P     29
126,1,1,1,0,1,0,0.,0.,1.,1.,1.,1.,0.,0.,0.,0.,3.141592654,0.,         43P     30
0.,1.,0.,0.,1.;                                                       43P     31
124,1.,-9.63735264431559E-017,-9.63735264431559E-017,                 45P     32
4.8186763221578E-016,-9.63735264431559E-017,                          45P     33
6.12303176911189E-017,-1.,5.,9.63735264431559E-017,1.,                45P     34
6.12303176911189E-017,-5.;                                            45P     35
100,0.,0.,5.,4.5,5.,-4.5,5.;                                          47P     36
126,1,1,1,0,1,0,0.,0.,1.,1.,1.,1.,0.,3.141592654,0.,1.,               49P     37
3.141592654,0.,0.,1.,0.,0.,1.;                                        49P     38
110,-4.5,5.,0.,-4.5,2.,0.;                                            51P     39
126,1,1,1,0,1,0,0.,0.,1.,1.,1.,1.,1.,3.141592654,0.,1.,0.,0.,         53P     40
0.,1.,0.,0.,1.;                                                       53P     41
124,-1.,7.07934024866192E-015,9.63735264431559E-017,                  55P     42
-1.47369216559828E-014,9.63735264431555E-017,                         55P     43
-6.12303176911196E-017,1.,2.,7.07934024866192E-015,1.,                55P     44
6.12303176911189E-017,-2.;                                            55P     45
100,0.,0.,2.,4.5,2.,-4.5,2.;                                          57P     46
126,1,1,1,0,1,0,0.,0.,1.,1.,1.,1.,1.,0.,0.,0.,0.,0.,0.,1.,0.,         59P     47
0.,1.;                                                                59P     48
110,4.5,2.,0.,4.5,5.,0.;                                              61P     49
102,4,43,49,53,59;                                                    63P     50
102,4,47,51,57,61;                                                    65P     51
142,1,41,63,65,1;                                                     67P     52
144,41,1,0,67;                                                        69P     53
110,0.,0.,-7.,0.,1000.,-7.;                                           71P     54
110,0.,0.,-5.5,0.,2.,-5.5;                                            73P     55
120,71,73,0.,6.28318530717959;                                        75P     56
126,1,1,1,0,1,0,0.,0.,1.,1.,1.,1.,0.,6.283185307,0.,1.,               77P     57
6.283185307,0.,0.,1.,0.,0.,1.;                                        77P     58
110,0.,0.,-5.5,0.,2.,-5.5;                                            79P     59
126,1,1,1,0,1,0,0.,0.,1.,1.,1.,1.,1.,6.283185307,0.,1.,               81P     60
3.141592654,0.,0.,1.,0.,0.,1.;                                        81P     61
124,6.12303176911189E-017,-1.,0.,2.,6.12303176911189E-017,            83P     62
3.74915180455534E-033,-1.,-5.,1.,6.12303176911189E-017,               83P     63
6.12303176911189E-017,-7.;                                            83P     64
100,-7.,0.,2.,1.5,2.,-1.5,2.;                                         85P     65
126,1,1,1,0,1,0,0.,0.,1.,1.,1.,1.,1.,3.141592654,0.,0.,               87P     66
3.141592654,0.,0.,1.,0.,0.,1.;                                        87P     67
110,0.,2.,-8.5,0.,0.,-8.5;                                            89P     68
126,1,1,1,0,1,0,0.,0.,1.,1.,1.,1.,0.,3.141592654,0.,0.,               91P     69
6.283185307,0.,0.,1.,0.,0.,1.;                                        91P     70
124,6.12303176911189E-017,-1.,0.,0.,6.12303176911189E-017,            93P     71
3.74915180455534E-033,1.,7.,-1.,-6.12303176911189E-017,               93P     72
6.12303176911189E-017,-7.;                                            93P     73
100,-7.,0.,0.,1.5,0.,-1.5,0.;                                         95P     74
102,4,77,81,87,91;                                                    97P     75
102,4,79,85,89,95;                                                    99P     76
142,1,75,97,99,1;                                                    101P     77
144,75,1,0,101;                                                      103P     78
110,7.,0.,0.,7.,1000.,0.;                                            105P     79
110,7.,0.,1.5,7.,2.,1.5;                                             107P     80
120,105,107,0.,6.28318530717959;                                     109P     81
126,1,1,1,0,1,0,0.,0.,1.,1.,1.,1.,0.,6.283185307,0.,1.,              111P     82
6.283185307,0.,0.,1.,0.,0.,1.;                                       111P     83
110,7.,0.,1.5,7.,2.,1.5;                                             113P     84
126,1,1,1,0,1,0,0.,0.,1.,1.,1.,1.,1.,6.283185307,0.,1.,              115P     85
3.141592654,0.,0.,1.,0.,0.,1.;                                       115P     86
124,6.12303176911189E-017,-1.,0.,9.,6.12303176911189E-017,           117P     87
3.74915180455534E-033,-1.,2.,1.,6.12303176911189E-017,               117P     88
6.12303176911189E-017,-7.;                                           117P     89
100,0.,7.,2.,8.5,2.,5.5,2.;                                          119P     90
126,1,1,1,0,1,0,0.,0.,1.,1.,1.,1.,1.,3.141592654,0.,0.,              121P     91
3.141592654,0.,0.,1.,0.,0.,1.;                                       121P     92
110,7.,2.,-1.5,7.,0.,-1.5;                                           123P     93
126,1,1,1,0,1,0,0.,0.,1.,1.,1.,1.,0.,3.141592654,0.,0.,              125P     94
6.283185307,0.,0.,1.,0.,0.,1.;                                       125P     95
124,6.12303176911189E-017,-1.,0.,7.,6.12303176911189E-017,           127P     96
3.74915180455534E-033,1.,-4.28612223837832E-016,-1.,                 127P     97
-6.12303176911189E-017,6.12303176911189E-017,7.;                     127P     98
100,0.,7.,0.,8.5,0.,5.5,0.;                                          129P     99
102,4,111,115,121,125;                                               131P    100
102,4,113,119,123,129;                                               133P    101
142,1,109,131,133,1;                                                 135P    102
144,109,1,0,135;                                                     137P    103
110,0.,0.,7.,0.,1000.,7.;                                            139P    104
110,0.,0.,8.5,0.,2.,8.5;                                             141P    105
120,139,141,0.,6.28318530717959;                                     143P    106
126,1,1,1,0,1,0,0.,0.,1.,1.,1.,1.,0.,6.283185307,0.,1.,              145P    107
6.283185307,0.,0.,1.,0.,0.,1.;                                       145P    108
110,0.,0.,8.5,0.,2.,8.5;                                             147P    109
126,1,1,1,0,1,0,0.,0.,1.,1.,1.,1.,1.,6.283185307,0.,1.,              149P    110
3.141592654,0.,0.,1.,0.,0.,1.;                                       149P    111
124,6.12303176911189E-017,-1.,0.,2.,6.12303176911189E-017,           151P    112
3.74915180455534E-033,-1.,9.,1.,6.12303176911189E-017,               151P    113
6.12303176911189E-017,7.;                                            151P    114
100,7.,0.,2.,1.5,2.,-1.5,2.;                                         153P    115
126,1,1,1,0,1,0,0.,0.,1.,1.,1.,1.,1.,3.141592654,0.,0.,              155P    116
3.141592654,0.,0.,1.,0.,0.,1.;                                       155P    117
110,0.,2.,5.5,0.,0.,5.5;                                             157P    118
126,1,1,1,0,1,0,0.,0.,1.,1.,1.,1.,0.,3.141592654,0.,0.,              159P    119
6.283185307,0.,0.,1.,0.,0.,1.;                                       159P    120
124,6.12303176911189E-017,-1.,0.,0.,6.12303176911189E-017,           161P    121
3.74915180455534E-033,1.,-7.,-1.,-6.12303176911189E-017,             161P    122
6.12303176911189E-017,7.;                                            161P    123
100,7.,0.,0.,1.5,0.,-1.5,0.;                                         163P    124
102,4,145,149,155,159;                                               165P    125
102,4,147,153,157,163;                                               167P    126
142,1,143,165,167,1;                                                 169P    127
144,143,1,0,169;                                                     171P    128
110,0.,2.,0.,0.,-998.,0.;                                            173P    129
110,0.,2.,-10.,0.,0.,-10.;                                           175P    130
120,173,175,0.,6.28318530717959;                                     177P    131
126,1,1,1,0,1,0,0.,0.,1.,1.,1.,1.,0.,0.,0.,0.,3.141592654,0.,        179P    132
0.,1.,0.,0.,1.;                                                      179P    133
124,1.40271637621286E-014,1.,0.,-2.,-6.12303176911189E-017,          181P    134
8.58887693460487E-031,-1.,2.,-1.,1.40271637621286E-014,              181P    135
6.12303176911189E-017,-2.80543275242573E-014;                        181P    136
100,0.,0.,2.,10.,2.,-10.,2.;                                         183P    137
126,1,1,1,0,1,0,0.,0.,1.,1.,1.,1.,0.,3.141592654,0.,1.,              185P    138
3.141592654,0.,0.,1.,0.,0.,1.;                                       185P    139
110,0.,2.,10.,0.,0.,10.;                                             187P    140
126,1,1,1,0,1,0,0.,0.,1.,1.,1.,1.,1.,3.141592654,0.,1.,0.,0.,        189P    141
0.,1.,0.,0.,1.;                                                      189P    142
124,1.40271637621286E-014,1.,0.,0.,-6.12303176911189E-017,           191P    143
8.58887693460487E-031,1.,0.,1.,-1.40271637621286E-014,               191P    144
6.12303176911189E-017,0.;                                            191P    145
100,0.,0.,0.,10.,0.,-10.,0.;                                         193P    146
126,1,1,1,0,1,0,0.,0.,1.,1.,1.,1.,1.,0.,0.,0.,0.,0.,0.,1.,0.,        195P    147
0.,1.;                                                               195P    148
110,0.,0.,-10.,0.,2.,-10.;                                           197P    149
102,4,179,185,189,195;                                               199P    150
102,4,183,187,193,197;                                               201P    151
142,1,177,199,201,1;                                                 203P    152
144,177,1,0,203;                                                     205P    153
110,0.,0.,0.,0.,1000.,0.;                                            207P    154
110,0.,0.,1.5,0.,1.5,1.5;                                            209P    155
120,207,209,0.,6.28318530717959;                                     211P    156
126,1,1,1,0,1,0,0.,0.,1.,1.,1.,1.,0.,6.283185307,0.,1.,              213P    157
6.283185307,0.,0.,1.,0.,0.,1.;                                       213P    158
110,0.,0.,1.5,0.,1.5,1.5;                                            215P    159
126,1,1,1,0,1,0,0.,0.,1.,1.,1.,1.,1.,6.283185307,0.,1.,              217P    160
3.141592654,0.,0.,1.,0.,0.,1.;                                       217P    161
124,6.12303176911189E-017,-1.,0.,1.5,6.12303176911189E-017,          219P    162
3.74915180455534E-033,-1.,1.5,1.,6.12303176911189E-017,              219P    163
6.12303176911189E-017,-9.18454765366783E-017;                        219P    164
100,0.,0.,1.5,1.5,1.5,-1.5,1.5;                                      221P    165
126,1,1,1,0,1,0,0.,0.,1.,1.,1.,1.,1.,3.141592654,0.,0.,              223P    166
3.141592654,0.,0.,1.,0.,0.,1.;                                       223P    167
110,0.,1.5,-1.5,0.,0.,-1.5;                                          225P    168
126,1,1,1,0,1,0,0.,0.,1.,1.,1.,1.,0.,3.141592654,0.,0.,              227P    169
6.283185307,0.,0.,1.,0.,0.,1.;                                       227P    170
124,6.12303176911189E-017,-1.,0.,0.,6.12303176911189E-017,           229P    171
3.74915180455534E-033,1.,0.,-1.,-6.12303176911189E-017,              229P    172
6.12303176911189E-017,0.;                                            229P    173
100,0.,0.,0.,1.5,0.,-1.5,0.;                                         231P    174
102,4,213,217,223,227;                                               233P    175
102,4,215,221,225,231;                                               235P    176
142,1,211,233,235,1;                                                 237P    177
144,211,1,0,237;                                                     239P    178
110,0.,1.5,0.,0.,1001.5,0.;                                          241P    179
110,0.,1.5,3.,0.,5.,3.;                                              243P    180
120,241,243,0.,6.28318530717959;                                     245P    181
126,1,1,1,0,1,0,0.,0.,1.,1.,1.,1.,0.,6.283185307,0.,1.,              247P    182
6.283185307,0.,0.,1.,0.,0.,1.;                                       247P    183
110,0.,1.5,3.,0.,5.,3.;                                              249P    184
126,1,1,1,0,1,0,0.,0.,1.,1.,1.,1.,1.,6.283185307,0.,1.,              251P    185
3.141592654,0.,0.,1.,0.,0.,1.;                                       251P    186
124,6.12303176911189E-017,-1.,0.,5.,6.12303176911189E-017,           253P    187
3.74915180455534E-033,-1.,5.,1.,6.12303176911189E-017,               253P    188
6.12303176911189E-017,-3.06151588455594E-016;                        253P    189
100,0.,0.,5.,3.,5.,-3.,5.;                                           255P    190
126,1,1,1,0,1,0,0.,0.,1.,1.,1.,1.,1.,3.141592654,0.,0.,              257P    191
3.141592654,0.,0.,1.,0.,0.,1.;                                       257P    192
110,0.,5.,-3.,0.,1.5,-3.;                                            259P    193
126,1,1,1,0,1,0,0.,0.,1.,1.,1.,1.,0.,3.141592654,0.,0.,              261P    194
6.283185307,0.,0.,1.,0.,0.,1.;                                       261P    195
124,6.12303176911189E-017,-1.,0.,1.5,6.12303176911189E-017,          263P    196
3.74915180455534E-033,1.,1.5,-1.,-6.12303176911189E-017,             263P    197
6.12303176911189E-017,9.18454765366783E-017;                         263P    198
100,0.,0.,1.5,3.,1.5,-3.,1.5;                                        265P    199
102,4,247,251,257,261;                                               267P    200
102,4,249,255,259,265;                                               269P    201
142,1,245,267,269,1;                                                 271P    202
144,245,1,0,271;                                                     273P    203
110,0.,1.5,0.,0.,1001.5,0.;                                          275P    204
110,0.,1.5,3.,0.,5.,3.;                                              277P    205
120,275,277,0.,6.28318530717959;                                     279P    206
126,1,1,1,0,1,0,0.,0.,1.,1.,1.,1.,1.,3.141592654,0.,1.,0.,0.,        281P    207
0.,1.,0.,0.,1.;                                                      281P    208
124,1.40271637621286E-014,1.,0.,-5.,-6.12303176911189E-017,          283P    209
8.58887693460487E-031,-1.,5.,-1.,1.40271637621286E-014,              283P    210
6.12303176911189E-017,-7.01358188106432E-014;                        283P    211
100,0.,0.,5.,3.,5.,-3.,5.;                                           285P    212
126,1,1,1,0,1,0,0.,0.,1.,1.,1.,1.,1.,0.,0.,0.,0.,0.,0.,1.,0.,        287P    213
0.,1.;                                                               287P    214
110,0.,5.,3.,0.,1.5,3.;                                              289P    215
126,1,1,1,0,1,0,0.,0.,1.,1.,1.,1.,0.,0.,0.,0.,3.141592654,0.,        291P    216
0.,1.,0.,0.,1.;                                                      291P    217
124,1.40271637621286E-014,1.,0.,-1.5,-6.12303176911189E-017,         293P    218
8.58887693460487E-031,1.,1.5,1.,-1.40271637621286E-014,              293P    219
6.12303176911189E-017,2.1040745643193E-014;                          293P    220
100,0.,0.,1.5,3.,1.5,-3.,1.5;                                        295P    221
126,1,1,1,0,1,0,0.,0.,1.,1.,1.,1.,0.,3.141592654,0.,1.,              297P    222
3.141592654,0.,0.,1.,0.,0.,1.;                                       297P    223
110,0.,1.5,-3.,0.,5.,-3.;                                            299P    224
102,4,281,287,291,297;                                               301P    225
102,4,285,289,295,299;                                               303P    226
142,1,279,301,303,1;                                                 305P    227
144,279,1,0,305;                                                     307P    228
128,1,1,1,1,0,0,1,0,0,0.,0.,1.,1.,0.,0.,1.,1.,1.,1.,1.,1.,           309P    229
-3.036,1.5,-3.036,-3.036,1.5,3.036,3.036,1.5,-3.036,3.036,1.5,       309P    230
3.036,0.,1.,0.,1.;                                                   309P    231
126,32,2,1,0,1,0,0.,0.,0.,0.0625,0.0625,0.125,0.125,0.1875,          311P    232
0.1875,0.25,0.25,0.3125,0.3125,0.375,0.375,0.4375,0.4375,0.5,        311P    233
0.5,0.5625,0.5625,0.625,0.625,0.6875,0.6875,0.75,0.75,0.8125,        311P    234
0.8125,0.875,0.875,0.9375,0.9375,1.,1.,1.,1.,1.,1.,1.,1.,1.,1.,      311P    235
1.,1.,1.,1.,1.,1.,1.,1.,1.,1.,1.,1.,1.,1.,1.,1.,1.,1.,1.,1.,1.,      311P    236
1.,1.,1.,1.,1.,0.994071146,0.5,0.,0.994071146,0.548661761,0.,        311P    237
0.984577708,0.596388499,0.,0.975084269,0.644115237,0.,               311P    238
0.95646222,0.689072842,0.,0.93784017,0.734030447,0.,                 311P    239
0.910805144,0.774491222,0.,0.883770119,0.814951997,0.,               311P    240
0.849361058,0.849361058,0.,0.814951997,0.883770119,0.,               311P    241
0.774491222,0.910805144,0.,0.734030447,0.93784017,0.,                311P    242
0.689072842,0.95646222,0.,0.644115237,0.975084269,0.,                311P    243
0.596388499,0.984577708,0.,0.548661761,0.994071146,0.,0.5,           311P    244
0.994071146,0.,0.451338239,0.994071146,0.,0.403611501,               311P    245
0.984577708,0.,0.355884763,0.975084269,0.,0.310927158,               311P    246
0.95646222,0.,0.265969553,0.93784017,0.,0.225508778,                 311P    247
0.910805144,0.,0.185048003,0.883770119,0.,0.150638942,               311P    248
0.849361058,0.,0.116229881,0.814951997,0.,0.089194856,               311P    249
0.774491222,0.,0.06215983,0.734030447,0.,0.04353778,                 311P    250
0.689072842,0.,0.024915731,0.644115237,0.,0.015422292,               311P    251
0.596388499,0.,0.005928854,0.548661761,0.,0.005928854,0.5,0.,        311P    252
0.,1.,0.,0.,-1.;                                                     311P    253
124,1.40271637621286E-014,1.,0.,-1.5,-6.12303176911189E-017,         313P    254
8.58887693460487E-031,1.,1.5,1.,-1.40271637621286E-014,              313P    255
6.12303176911189E-017,2.1040745643193E-014;                          313P    256
100,0.,0.,1.5,3.,1.5,-3.,1.5;                                        315P    257
126,32,2,1,0,1,0,0.,0.,0.,0.0625,0.0625,0.125,0.125,0.1875,          317P    258
0.1875,0.25,0.25,0.3125,0.3125,0.375,0.375,0.4375,0.4375,0.5,        317P    259
0.5,0.5625,0.5625,0.625,0.625,0.6875,0.6875,0.75,0.75,0.8125,        317P    260
0.8125,0.875,0.875,0.9375,0.9375,1.,1.,1.,1.,1.,1.,1.,1.,1.,1.,      317P    261
1.,1.,1.,1.,1.,1.,1.,1.,1.,1.,1.,1.,1.,1.,1.,1.,1.,1.,1.,1.,1.,      317P    262
1.,1.,1.,1.,1.,0.005928854,0.5,0.,0.005928854,0.451338239,0.,        317P    263
0.015422292,0.403611501,0.,0.024915731,0.355884763,0.,               317P    264
0.04353778,0.310927158,0.,0.06215983,0.265969553,0.,                 317P    265
0.089194856,0.225508778,0.,0.116229881,0.185048003,0.,               317P    266
0.150638942,0.150638942,0.,0.185048003,0.116229881,0.,               317P    267
0.225508778,0.089194856,0.,0.265969553,0.06215983,0.,                317P    268
0.310927158,0.04353778,0.,0.355884763,0.024915731,0.,                317P    269
0.403611501,0.015422292,0.,0.451338239,0.005928854,0.,0.5,           317P    270
0.005928854,0.,0.548661761,0.005928854,0.,0.596388499,               317P    271
0.015422292,0.,0.644115237,0.024915731,0.,0.689072842,               317P    272
0.04353778,0.,0.734030447,0.06215983,0.,0.774491222,                 317P    273
0.089194856,0.,0.814951997,0.116229881,0.,0.849361058,               317P    274
0.150638942,0.,0.883770119,0.185048003,0.,0.910805144,               317P    275
0.225508778,0.,0.93784017,0.265969553,0.,0.95646222,                 317P    276
0.310927158,0.,0.975084269,0.355884763,0.,0.984577708,               317P    277
0.403611501,0.,0.994071146,0.451338239,0.,0.994071146,0.5,0.,        317P    278
0.,1.,0.,0.,-1.;                                                     317P    279
124,6.12303176911189E-017,-1.,0.,1.5,6.12303176911189E-017,          319P    280
3.74915180455534E-033,1.,1.5,-1.,-6.12303176911189E-017,             319P    281
6.12303176911189E-017,9.18454765366783E-017;                         319P    282
100,0.,0.,1.5,3.,1.5,-3.,1.5;                                        321P    283
102,2,311,317;                                                       323P    284
102,2,315,321;                                                       325P    285
142,1,309,323,325,1;                                                 327P    286
126,32,2,1,0,1,0,0.,0.,0.,0.0625,0.0625,0.125,0.125,0.1875,          329P    287
0.1875,0.25,0.25,0.3125,0.3125,0.375,0.375,0.4375,0.4375,0.5,        329P    288
0.5,0.5625,0.5625,0.625,0.625,0.6875,0.6875,0.75,0.75,0.8125,        329P    289
0.8125,0.875,0.875,0.9375,0.9375,1.,1.,1.,1.,1.,1.,1.,1.,1.,1.,      329P    290
1.,1.,1.,1.,1.,1.,1.,1.,1.,1.,1.,1.,1.,1.,1.,1.,1.,1.,1.,1.,1.,      329P    291
1.,1.,1.,1.,1.,0.252964427,0.5,0.,0.252964427,0.52433088,0.,         329P    292
0.257711146,0.54819425,0.,0.262457865,0.572057619,0.,                329P    293
0.27176889,0.594536421,0.,0.281079915,0.617015223,0.,                329P    294
0.294597428,0.637245611,0.,0.308114941,0.657475999,0.,               329P    295
0.325319471,0.674680529,0.,0.342524001,0.691885059,0.,               329P    296
0.362754389,0.705402572,0.,0.382984777,0.718920085,0.,               329P    297
0.405463579,0.72823111,0.,0.427942381,0.737542135,0.,                329P    298
0.45180575,0.742288854,0.,0.47566912,0.747035573,0.,0.5,             329P    299
0.747035573,0.,0.52433088,0.747035573,0.,0.54819425,                 329P    300
0.742288854,0.,0.572057619,0.737542135,0.,0.594536421,               329P    301
0.72823111,0.,0.617015223,0.718920085,0.,0.637245611,                329P    302
0.705402572,0.,0.657475999,0.691885059,0.,0.674680529,               329P    303
0.674680529,0.,0.691885059,0.657475999,0.,0.705402572,               329P    304
0.637245611,0.,0.718920085,0.617015223,0.,0.72823111,                329P    305
0.594536421,0.,0.737542135,0.572057619,0.,0.742288854,               329P    306
0.54819425,0.,0.747035573,0.52433088,0.,0.747035573,0.5,0.,0.,       329P    307
1.,0.,0.,1.;                                                         329P    308
124,1.40271637621286E-014,1.,0.,-1.5,-6.12303176911189E-017,         331P    309
8.58887693460487E-031,-1.,1.5,-1.,1.40271637621286E-014,             331P    310
6.12303176911189E-017,-2.1040745643193E-014;                         331P    311
100,0.,0.,1.5,1.5,1.5,-1.5,1.5;                                      333P    312
126,32,2,1,0,1,0,0.,0.,0.,0.0625,0.0625,0.125,0.125,0.1875,          335P    313
0.1875,0.25,0.25,0.3125,0.3125,0.375,0.375,0.4375,0.4375,0.5,        335P    314
0.5,0.5625,0.5625,0.625,0.625,0.6875,0.6875,0.75,0.75,0.8125,        335P    315
0.8125,0.875,0.875,0.9375,0.9375,1.,1.,1.,1.,1.,1.,1.,1.,1.,1.,      335P    316
1.,1.,1.,1.,1.,1.,1.,1.,1.,1.,1.,1.,1.,1.,1.,1.,1.,1.,1.,1.,1.,      335P    317
1.,1.,1.,1.,1.,0.747035573,0.5,0.,0.747035573,0.47566912,0.,         335P    318
0.742288854,0.45180575,0.,0.737542135,0.427942381,0.,                335P    319
0.72823111,0.405463579,0.,0.718920085,0.382984777,0.,                335P    320
0.705402572,0.362754389,0.,0.691885059,0.342524001,0.,               335P    321
0.674680529,0.325319471,0.,0.657475999,0.308114941,0.,               335P    322
0.637245611,0.294597428,0.,0.617015223,0.281079915,0.,               335P    323
0.594536421,0.27176889,0.,0.572057619,0.262457865,0.,                335P    324
0.54819425,0.257711146,0.,0.52433088,0.252964427,0.,0.5,             335P    325
0.252964427,0.,0.47566912,0.252964427,0.,0.45180575,                 335P    326
0.257711146,0.,0.427942381,0.262457865,0.,0.405463579,               335P    327
0.27176889,0.,0.382984777,0.281079915,0.,0.362754389,                335P    328
0.294597428,0.,0.342524001,0.308114941,0.,0.325319471,               335P    329
0.325319471,0.,0.308114941,0.342524001,0.,0.294597428,               335P    330
0.362754389,0.,0.281079915,0.382984777,0.,0.27176889,                335P    331
0.405463579,0.,0.262457865,0.427942381,0.,0.257711146,               335P    332
0.45180575,0.,0.252964427,0.47566912,0.,0.252964427,0.5,0.,0.,       335P    333
1.,0.,0.,1.;                                                         335P    334
124,6.12303176911189E-017,-1.,0.,1.5,6.12303176911189E-017,          337P    335
3.74915180455534E-033,-1.,1.5,1.,6.12303176911189E-017,              337P    336
6.12303176911189E-017,-9.18454765366783E-017;                        337P    337
100,0.,0.,1.5,1.5,1.5,-1.5,1.5;                                      339P    338
102,2,329,335;                                                       341P    339
102,2,333,339;                                                       343P    340
142,1,309,341,343,1;                                                 345P    341
144,309,1,1,327,345;                                                 347P    342
128,1,1,1,1,0,0,1,0,0,0.,0.,1.,1.,0.,0.,1.,1.,1.,1.,1.,1.,           349P    343
-4.554,5.,-4.554,-4.554,5.,4.554,4.554,5.,-4.554,4.554,5.,           349P    344
4.554,0.,1.,0.,1.;                                                   349P    345
126,32,2,1,0,1,0,0.,0.,0.,0.0625,0.0625,0.125,0.125,0.1875,          351P    346
0.1875,0.25,0.25,0.3125,0.3125,0.375,0.375,0.4375,0.4375,0.5,        351P    347
0.5,0.5625,0.5625,0.625,0.625,0.6875,0.6875,0.75,0.75,0.8125,        351P    348
0.8125,0.875,0.875,0.9375,0.9375,1.,1.,1.,1.,1.,1.,1.,1.,1.,1.,      351P    349
1.,1.,1.,1.,1.,1.,1.,1.,1.,1.,1.,1.,1.,1.,1.,1.,1.,1.,1.,1.,1.,      351P    350
1.,1.,1.,1.,1.,0.5,0.994071146,0.,0.451338239,0.994071146,0.,        351P    351
0.403611501,0.984577708,0.,0.355884763,0.975084269,0.,               351P    352
0.310927158,0.95646222,0.,0.265969553,0.93784017,0.,                 351P    353
0.225508778,0.910805144,0.,0.185048003,0.883770119,0.,               351P    354
0.150638942,0.849361058,0.,0.116229881,0.814951997,0.,               351P    355
0.089194856,0.774491222,0.,0.06215983,0.734030447,0.,                351P    356
0.04353778,0.689072842,0.,0.024915731,0.644115237,0.,                351P    357
0.015422292,0.596388499,0.,0.005928854,0.548661761,0.,               351P    358
0.005928854,0.5,0.,0.005928854,0.451338239,0.,0.015422292,           351P    359
0.403611501,0.,0.024915731,0.355884763,0.,0.04353778,                351P    360
0.310927158,0.,0.06215983,0.265969553,0.,0.089194856,                351P    361
0.225508778,0.,0.116229881,0.185048003,0.,0.150638942,               351P    362
0.150638942,0.,0.185048003,0.116229881,0.,0.225508778,               351P    363
0.089194856,0.,0.265969553,0.06215983,0.,0.310927158,                351P    364
0.04353778,0.,0.355884763,0.024915731,0.,0.403611501,                351P    365
0.015422292,0.,0.451338239,0.005928854,0.,0.5,0.005928854,0.,        351P    366
0.,1.,0.,0.,-1.;                                                     351P    367
124,1.,-9.63735264431559E-017,9.63735264431559E-017,                 353P    368
4.8186763221578E-016,-9.63735264431559E-017,                         353P    369
6.12303176911189E-017,1.,5.,-9.63735264431559E-017,-1.,              353P    370
6.12303176911189E-017,5.;                                            353P    371
100,0.,0.,5.,4.5,5.,-4.5,5.;                                         355P    372
126,32,2,1,0,1,0,0.,0.,0.,0.0625,0.0625,0.125,0.125,0.1875,          357P    373
0.1875,0.25,0.25,0.3125,0.3125,0.375,0.375,0.4375,0.4375,0.5,        357P    374
0.5,0.5625,0.5625,0.625,0.625,0.6875,0.6875,0.75,0.75,0.8125,        357P    375
0.8125,0.875,0.875,0.9375,0.9375,1.,1.,1.,1.,1.,1.,1.,1.,1.,1.,      357P    376
1.,1.,1.,1.,1.,1.,1.,1.,1.,1.,1.,1.,1.,1.,1.,1.,1.,1.,1.,1.,1.,      357P    377
1.,1.,1.,1.,1.,0.5,0.005928854,0.,0.548661761,0.005928854,0.,        357P    378
0.596388499,0.015422292,0.,0.644115237,0.024915731,0.,               357P    379
0.689072842,0.04353778,0.,0.734030447,0.06215983,0.,                 357P    380
0.774491222,0.089194856,0.,0.814951997,0.116229881,0.,               357P    381
0.849361058,0.150638942,0.,0.883770119,0.185048003,0.,               357P    382
0.910805144,0.225508778,0.,0.93784017,0.265969553,0.,                357P    383
0.95646222,0.310927158,0.,0.975084269,0.355884763,0.,                357P    384
0.984577708,0.403611501,0.,0.994071146,0.451338239,0.,               357P    385
0.994071146,0.5,0.,0.994071146,0.548661761,0.,0.984577708,           357P    386
0.596388499,0.,0.975084269,0.644115237,0.,0.95646222,                357P    387
0.689072842,0.,0.93784017,0.734030447,0.,0.910805144,                357P    388
0.774491222,0.,0.883770119,0.814951997,0.,0.849361058,               357P    389
0.849361058,0.,0.814951997,0.883770119,0.,0.774491222,               357P    390
0.910805144,0.,0.734030447,0.93784017,0.,0.689072842,                357P    391
0.95646222,0.,0.644115237,0.975084269,0.,0.596388499,                357P    392
0.984577708,0.,0.548661761,0.994071146,0.,0.5,0.994071146,0.,        357P    393
0.,1.,0.,0.,-1.;                                                     357P    394
124,-1.,7.07934024866192E-015,9.63735264431559E-017,                 359P    395
-3.53967012433096E-014,9.63735264431555E-017,                        359P    396
-6.12303176911196E-017,1.,5.,7.07934024866192E-015,1.,               359P    397
6.12303176911189E-017,-5.;                                           359P    398
100,0.,0.,5.,4.5,5.,-4.5,5.;                                         361P    399
102,2,351,357;                                                       363P    400
102,2,355,361;                                                       365P    401
142,1,349,363,365,1;                                                 367P    402
126,32,2,1,0,1,0,0.,0.,0.,0.0625,0.0625,0.125,0.125,0.1875,          369P    403
0.1875,0.25,0.25,0.3125,0.3125,0.375,0.375,0.4375,0.4375,0.5,        369P    404
0.5,0.5625,0.5625,0.625,0.625,0.6875,0.6875,0.75,0.75,0.8125,        369P    405
0.8125,0.875,0.875,0.9375,0.9375,1.,1.,1.,1.,1.,1.,1.,1.,1.,1.,      369P    406
1.,1.,1.,1.,1.,1.,1.,1.,1.,1.,1.,1.,1.,1.,1.,1.,1.,1.,1.,1.,1.,      369P    407
1.,1.,1.,1.,1.,0.829380764,0.5,0.,0.829380764,0.467558826,0.,        369P    408
0.823051805,0.435741001,0.,0.816722846,0.403923175,0.,               369P    409
0.804308146,0.373951439,0.,0.791893447,0.343979702,0.,               369P    410
0.773870096,0.317005852,0.,0.755846746,0.290032002,0.,               369P    411
0.732907372,0.267092628,0.,0.709967998,0.244153254,0.,               369P    412
0.682994148,0.226129904,0.,0.656020298,0.208106553,0.,               369P    413
0.626048561,0.195691854,0.,0.596076825,0.183277154,0.,               369P    414
0.564258999,0.176948195,0.,0.532441174,0.170619236,0.,0.5,           369P    415
0.170619236,0.,0.467558826,0.170619236,0.,0.435741001,               369P    416
0.176948195,0.,0.403923175,0.183277154,0.,0.373951439,               369P    417
0.195691854,0.,0.343979702,0.208106553,0.,0.317005852,               369P    418
0.226129904,0.,0.290032002,0.244153254,0.,0.267092628,               369P    419
0.267092628,0.,0.244153254,0.290032002,0.,0.226129904,               369P    420
0.317005852,0.,0.208106553,0.343979702,0.,0.195691854,               369P    421
0.373951439,0.,0.183277154,0.403923175,0.,0.176948195,               369P    422
0.435741001,0.,0.170619236,0.467558826,0.,0.170619236,0.5,0.,        369P    423
0.,1.,0.,0.,1.;                                                      369P    424
124,6.12303176911189E-017,-1.,0.,5.,6.12303176911189E-017,           371P    425
3.74915180455534E-033,-1.,5.,1.,6.12303176911189E-017,               371P    426
6.12303176911189E-017,-3.06151588455594E-016;                        371P    427
100,0.,0.,5.,3.,5.,-3.,5.;                                           373P    428
126,32,2,1,0,1,0,0.,0.,0.,0.0625,0.0625,0.125,0.125,0.1875,          375P    429
0.1875,0.25,0.25,0.3125,0.3125,0.375,0.375,0.4375,0.4375,0.5,        375P    430
0.5,0.5625,0.5625,0.625,0.625,0.6875,0.6875,0.75,0.75,0.8125,        375P    431
0.8125,0.875,0.875,0.9375,0.9375,1.,1.,1.,1.,1.,1.,1.,1.,1.,1.,      375P    432
1.,1.,1.,1.,1.,1.,1.,1.,1.,1.,1.,1.,1.,1.,1.,1.,1.,1.,1.,1.,1.,      375P    433
1.,1.,1.,1.,1.,0.170619236,0.5,0.,0.170619236,0.532441174,0.,        375P    434
0.176948195,0.564258999,0.,0.183277154,0.596076825,0.,               375P    435
0.195691854,0.626048561,0.,0.208106553,0.656020298,0.,               375P    436
0.226129904,0.682994148,0.,0.244153254,0.709967998,0.,               375P    437
0.267092628,0.732907372,0.,0.290032002,0.755846746,0.,               375P    438
0.317005852,0.773870096,0.,0.343979702,0.791893447,0.,               375P    439
0.373951439,0.804308146,0.,0.403923175,0.816722846,0.,               375P    440
0.435741001,0.823051805,0.,0.467558826,0.829380764,0.,0.5,           375P    441
0.829380764,0.,0.532441174,0.829380764,0.,0.564258999,               375P    442
0.823051805,0.,0.596076825,0.816722846,0.,0.626048561,               375P    443
0.804308146,0.,0.656020298,0.791893447,0.,0.682994148,               375P    444
0.773870096,0.,0.709967998,0.755846746,0.,0.732907372,               375P    445
0.732907372,0.,0.755846746,0.709967998,0.,0.773870096,               375P    446
0.682994148,0.,0.791893447,0.656020298,0.,0.804308146,               375P    447
0.626048561,0.,0.816722846,0.596076825,0.,0.823051805,               375P    448
0.564258999,0.,0.829380764,0.532441174,0.,0.829380764,0.5,0.,        375P    449
0.,1.,0.,0.,1.;                                                      375P    450
124,1.40271637621286E-014,1.,0.,-5.,-6.12303176911189E-017,          377P    451
8.58887693460487E-031,-1.,5.,-1.,1.40271637621286E-014,              377P    452
6.12303176911189E-017,-7.01358188106432E-014;                        377P    453
100,0.,0.,5.,3.,5.,-3.,5.;                                           379P    454
102,2,369,375;                                                       381P    455
102,2,373,379;                                                       383P    456
142,1,349,381,383,1;                                                 385P    457
144,349,1,1,367,385;                                                 387P    458
110,0.,0.,0.,0.,1000.,0.;                                            389P    459
110,0.,0.,1.5,0.,1.5,1.5;                                            391P    460
120,389,391,0.,6.28318530717959;                                     393P    461
126,1,1,1,0,1,0,0.,0.,1.,1.,1.,1.,1.,3.141592654,0.,1.,0.,0.,        395P    462
0.,1.,0.,0.,1.;                                                      395P    463
124,1.40271637621286E-014,1.,0.,-1.5,-6.12303176911189E-017,         397P    464
8.58887693460487E-031,-1.,1.5,-1.,1.40271637621286E-014,             397P    465
6.12303176911189E-017,-2.1040745643193E-014;                         397P    466
100,0.,0.,1.5,1.5,1.5,-1.5,1.5;                                      399P    467
126,1,1,1,0,1,0,0.,0.,1.,1.,1.,1.,1.,0.,0.,0.,0.,0.,0.,1.,0.,        401P    468
0.,1.;                                                               401P    469
110,0.,1.5,1.5,0.,0.,1.5;                                            403P    470
126,1,1,1,0,1,0,0.,0.,1.,1.,1.,1.,0.,0.,0.,0.,3.141592654,0.,        405P    471
0.,1.,0.,0.,1.;                                                      405P    472
124,1.40271637621286E-014,1.,0.,0.,-6.12303176911189E-017,           407P    473
8.58887693460487E-031,1.,0.,1.,-1.40271637621286E-014,               407P    474
6.12303176911189E-017,0.;                                            407P    475
100,0.,0.,0.,1.5,0.,-1.5,0.;                                         409P    476
126,1,1,1,0,1,0,0.,0.,1.,1.,1.,1.,0.,3.141592654,0.,1.,              411P    477
3.141592654,0.,0.,1.,0.,0.,1.;                                       411P    478
110,0.,0.,-1.5,0.,1.5,-1.5;                                          413P    479
102,4,395,401,405,411;                                               415P    480
102,4,399,403,409,413;                                               417P    481
142,1,393,415,417,1;                                                 419P    482
144,393,1,0,419;                                                     421P    483
110,0.,2.,0.,0.,-998.,0.;                                            423P    484
110,0.,2.,-10.,0.,0.,-10.;                                           425P    485
120,423,425,0.,6.28318530717959;                                     427P    486
126,1,1,1,0,1,0,0.,0.,1.,1.,1.,1.,1.,3.141592654,0.,0.,              429P    487
3.141592654,0.,0.,1.,0.,0.,1.;                                       429P    488
110,0.,0.,10.,0.,2.,10.;                                             431P    489
126,1,1,1,0,1,0,0.,0.,1.,1.,1.,1.,0.,3.141592654,0.,0.,              433P    490
6.283185307,0.,0.,1.,0.,0.,1.;                                       433P    491
124,6.12303176911189E-017,-1.,0.,2.,6.12303176911189E-017,           435P    492
3.74915180455534E-033,-1.,2.,1.,6.12303176911189E-017,               435P    493
6.12303176911189E-017,-1.22460635382238E-016;                        435P    494
100,0.,0.,2.,10.,2.,-10.,2.;                                         437P    495
126,1,1,1,0,1,0,0.,0.,1.,1.,1.,1.,0.,6.283185307,0.,1.,              439P    496
6.283185307,0.,0.,1.,0.,0.,1.;                                       439P    497
110,0.,2.,-10.,0.,0.,-10.;                                           441P    498
126,1,1,1,0,1,0,0.,0.,1.,1.,1.,1.,1.,6.283185307,0.,1.,              443P    499
3.141592654,0.,0.,1.,0.,0.,1.;                                       443P    500
124,6.12303176911189E-017,-1.,0.,0.,6.12303176911189E-017,           445P    501
3.74915180455534E-033,1.,0.,-1.,-6.12303176911189E-017,              445P    502
6.12303176911189E-017,0.;                                            445P    503
100,0.,0.,0.,10.,0.,-10.,0.;                                         447P    504
102,4,429,433,439,443;                                               449P    505
102,4,431,437,441,447;                                               451P    506
142,1,427,449,451,1;                                                 453P    507
144,427,1,0,453;                                                     455P    508
110,0.,0.,7.,0.,1000.,7.;                                            457P    509
110,0.,0.,8.5,0.,2.,8.5;                                             459P    510
120,457,459,0.,6.28318530717959;                                     461P    511
126,1,1,1,0,1,0,0.,0.,1.,1.,1.,1.,1.,3.141592654,0.,1.,0.,0.,        463P    512
0.,1.,0.,0.,1.;                                                      463P    513
124,1.40271637621286E-014,1.,0.,-2.,-6.12303176911189E-017,          465P    514
8.58887693460487E-031,-1.,9.,-1.,1.40271637621286E-014,              465P    515
6.12303176911189E-017,6.99999999999997;                              465P    516
100,7.,0.,2.,1.5,2.,-1.5,2.;                                         467P    517
126,1,1,1,0,1,0,0.,0.,1.,1.,1.,1.,1.,0.,0.,0.,0.,0.,0.,1.,0.,        469P    518
0.,1.;                                                               469P    519
110,0.,2.,8.5,0.,0.,8.5;                                             471P    520
126,1,1,1,0,1,0,0.,0.,1.,1.,1.,1.,0.,0.,0.,0.,3.141592654,0.,        473P    521
0.,1.,0.,0.,1.;                                                      473P    522
124,1.40271637621286E-014,1.,0.,0.,-6.12303176911189E-017,           475P    523
8.58887693460487E-031,1.,-7.,1.,-1.40271637621286E-014,              475P    524
6.12303176911189E-017,7.;                                            475P    525
100,7.,0.,0.,1.5,0.,-1.5,0.;                                         477P    526
126,1,1,1,0,1,0,0.,0.,1.,1.,1.,1.,0.,3.141592654,0.,1.,              479P    527
3.141592654,0.,0.,1.,0.,0.,1.;                                       479P    528
110,0.,0.,5.5,0.,2.,5.5;                                             481P    529
102,4,463,469,473,479;                                               483P    530
102,4,467,471,477,481;                                               485P    531
142,1,461,483,485,1;                                                 487P    532
144,461,1,0,487;                                                     489P    533
110,7.,0.,0.,7.,1000.,0.;                                            491P    534
110,7.,0.,1.5,7.,2.,1.5;                                             493P    535
120,491,493,0.,6.28318530717959;                                     495P    536
126,1,1,1,0,1,0,0.,0.,1.,1.,1.,1.,1.,3.141592654,0.,1.,0.,0.,        497P    537
0.,1.,0.,0.,1.;                                                      497P    538
124,1.40271637621286E-014,1.,0.,4.9999999999999,                     499P    539
-6.12303176911189E-017,8.58887693460487E-031,-1.,2.,-1.,             499P    540
1.40271637621286E-014,6.12303176911189E-017,6.99999999999997;        499P    541
100,0.,7.,2.,8.5,2.,5.5,2.;                                          501P    542
126,1,1,1,0,1,0,0.,0.,1.,1.,1.,1.,1.,0.,0.,0.,0.,0.,0.,1.,0.,        503P    543
0.,1.;                                                               503P    544
110,7.,2.,1.5,7.,0.,1.5;                                             505P    545
126,1,1,1,0,1,0,0.,0.,1.,1.,1.,1.,0.,0.,0.,0.,3.141592654,0.,        507P    546
0.,1.,0.,0.,1.;                                                      507P    547
124,1.40271637621286E-014,1.,0.,6.9999999999999,                     509P    548
-6.12303176911189E-017,8.58887693460487E-031,1.,                     509P    549
4.28612223837832E-016,1.,-1.40271637621286E-014,                     509P    550
6.12303176911189E-017,-7.;                                           509P    551
100,0.,7.,0.,8.5,0.,5.5,0.;                                          511P    552
126,1,1,1,0,1,0,0.,0.,1.,1.,1.,1.,0.,3.141592654,0.,1.,              513P    553
3.141592654,0.,0.,1.,0.,0.,1.;                                       513P    554
110,7.,0.,-1.5,7.,2.,-1.5;                                           515P    555
102,4,497,503,507,513;                                               517P    556
102,4,501,505,511,515;                                               519P    557
142,1,495,517,519,1;                                                 521P    558
144,495,1,0,521;                                                     523P    559
110,0.,0.,-7.,0.,1000.,-7.;                                          525P    560
110,0.,0.,-5.5,0.,2.,-5.5;                                           527P    561
120,525,527,0.,6.28318530717959;                                     529P    562
126,1,1,1,0,1,0,0.,0.,1.,1.,1.,1.,1.,3.141592654,0.,1.,0.,0.,        531P    563
0.,1.,0.,0.,1.;                                                      531P    564
124,1.40271637621286E-014,1.,0.,-2.,-6.12303176911189E-017,          533P    565
8.58887693460487E-031,-1.,-5.,-1.,1.40271637621286E-014,             533P    566
6.12303176911189E-017,-7.00000000000003;                             533P    567
100,-7.,0.,2.,1.5,2.,-1.5,2.;                                        535P    568
126,1,1,1,0,1,0,0.,0.,1.,1.,1.,1.,1.,0.,0.,0.,0.,0.,0.,1.,0.,        537P    569
0.,1.;                                                               537P    570
110,0.,2.,-5.5,0.,0.,-5.5;                                           539P    571
126,1,1,1,0,1,0,0.,0.,1.,1.,1.,1.,0.,0.,0.,0.,3.141592654,0.,        541P    572
0.,1.,0.,0.,1.;                                                      541P    573
124,1.40271637621286E-014,1.,0.,0.,-6.12303176911189E-017,           543P    574
8.58887693460487E-031,1.,7.,1.,-1.40271637621286E-014,               543P    575
6.12303176911189E-017,-7.;                                           543P    576
100,-7.,0.,0.,1.5,0.,-1.5,0.;                                        545P    577
126,1,1,1,0,1,0,0.,0.,1.,1.,1.,1.,0.,3.141592654,0.,1.,              547P    578
3.141592654,0.,0.,1.,0.,0.,1.;                                       547P    579
110,0.,0.,-8.5,0.,2.,-8.5;                                           549P    580
102,4,531,537,541,547;                                               551P    581
102,4,535,539,545,549;                                               553P    582
142,1,529,551,553,1;                                                 555P    583
144,529,1,0,555;                                                     557P    584
110,0.,5.,0.,0.,-995.,0.;                                            559P    585
110,4.5,5.,0.,4.5,2.,0.;                                             561P    586
120,559,561,0.,6.28318530717959;                                     563P    587
126,1,1,1,0,1,0,0.,0.,1.,1.,1.,1.,1.,3.141592654,0.,0.,              565P    588
3.141592654,0.,0.,1.,0.,0.,1.;                                       565P    589
110,-4.5,2.,0.,-4.5,5.,0.;                                           567P    590
126,1,1,1,0,1,0,0.,0.,1.,1.,1.,1.,0.,3.141592654,0.,0.,              569P    591
6.283185307,0.,0.,1.,0.,0.,1.;                                       569P    592
124,-1.,-2.60871089390818E-017,-9.63735264431559E-017,               571P    593
1.30435544695409E-016,9.63735264431559E-017,                         571P    594
-6.12303176911189E-017,-1.,5.,2.60871089390818E-017,-1.,             571P    595
6.12303176911189E-017,5.;                                            571P    596
100,0.,0.,5.,4.5,5.,-4.5,5.;                                         573P    597
126,1,1,1,0,1,0,0.,0.,1.,1.,1.,1.,0.,6.283185307,0.,1.,              575P    598
6.283185307,0.,0.,1.,0.,0.,1.;                                       575P    599
110,4.5,5.,0.,4.5,2.,0.;                                             577P    600
126,1,1,1,0,1,0,0.,0.,1.,1.,1.,1.,1.,6.283185307,0.,1.,              579P    601
3.141592654,0.,0.,1.,0.,0.,1.;                                       579P    602
124,1.,-1.40623069708807E-014,9.63735264431559E-017,                 581P    603
2.81246139417614E-014,-9.63735264431551E-017,                        581P    604
6.12303176911202E-017,1.,2.,-1.40623069708807E-014,-1.,              581P    605
6.12303176911189E-017,2.;                                            581P    606
100,0.,0.,2.,4.5,2.,-4.5,2.;                                         583P    607
102,4,565,569,575,579;                                               585P    608
102,4,567,573,577,583;                                               587P    609
142,1,563,585,587,1;                                                 589P    610
144,563,1,0,589;                                                     591P    611
128,1,1,1,1,0,0,1,0,0,0.,0.,1.,1.,0.,0.,1.,1.,1.,1.,1.,1.,           593P    612
-10.12,0.,-10.12,-10.12,0.,10.12,10.12,0.,-10.12,10.12,0.,           593P    613
10.12,0.,1.,0.,1.;                                                   593P    614
126,32,2,1,0,1,0,0.,0.,0.,0.0625,0.0625,0.125,0.125,0.1875,          595P    615
0.1875,0.25,0.25,0.3125,0.3125,0.375,0.375,0.4375,0.4375,0.5,        595P    616
0.5,0.5625,0.5625,0.625,0.625,0.6875,0.6875,0.75,0.75,0.8125,        595P    617
0.8125,0.875,0.875,0.9375,0.9375,1.,1.,1.,1.,1.,1.,1.,1.,1.,1.,      595P    618
1.,1.,1.,1.,1.,1.,1.,1.,1.,1.,1.,1.,1.,1.,1.,1.,1.,1.,1.,1.,1.,      595P    619
1.,1.,1.,1.,1.,0.994071146,0.5,0.,0.994071146,0.548661761,0.,        595P    620
0.984577708,0.596388499,0.,0.975084269,0.644115237,0.,               595P    621
0.95646222,0.689072842,0.,0.93784017,0.734030447,0.,                 595P    622
0.910805144,0.774491222,0.,0.883770119,0.814951997,0.,               595P    623
0.849361058,0.849361058,0.,0.814951997,0.883770119,0.,               595P    624
0.774491222,0.910805144,0.,0.734030447,0.93784017,0.,                595P    625
0.689072842,0.95646222,0.,0.644115237,0.975084269,0.,                595P    626
0.596388499,0.984577708,0.,0.548661761,0.994071146,0.,0.5,           595P    627
0.994071146,0.,0.451338239,0.994071146,0.,0.403611501,               595P    628
0.984577708,0.,0.355884763,0.975084269,0.,0.310927158,               595P    629
0.95646222,0.,0.265969553,0.93784017,0.,0.225508778,                 595P    630
0.910805144,0.,0.185048003,0.883770119,0.,0.150638942,               595P    631
0.849361058,0.,0.116229881,0.814951997,0.,0.089194856,               595P    632
0.774491222,0.,0.06215983,0.734030447,0.,0.04353778,                 595P    633
0.689072842,0.,0.024915731,0.644115237,0.,0.015422292,               595P    634
0.596388499,0.,0.005928854,0.548661761,0.,0.005928854,0.5,0.,        595P    635
0.,1.,0.,0.,-1.;                                                     595P    636
124,1.40271637621286E-014,1.,0.,0.,-6.12303176911189E-017,           597P    637
8.58887693460487E-031,1.,0.,1.,-1.40271637621286E-014,               597P    638
6.12303176911189E-017,0.;                                            597P    639
100,0.,0.,0.,10.,0.,-10.,0.;                                         599P    640
126,32,2,1,0,1,0,0.,0.,0.,0.0625,0.0625,0.125,0.125,0.1875,          601P    641
0.1875,0.25,0.25,0.3125,0.3125,0.375,0.375,0.4375,0.4375,0.5,        601P    642
0.5,0.5625,0.5625,0.625,0.625,0.6875,0.6875,0.75,0.75,0.8125,        601P    643
0.8125,0.875,0.875,0.9375,0.9375,1.,1.,1.,1.,1.,1.,1.,1.,1.,1.,      601P    644
1.,1.,1.,1.,1.,1.,1.,1.,1.,1.,1.,1.,1.,1.,1.,1.,1.,1.,1.,1.,1.,      601P    645
1.,1.,1.,1.,1.,0.005928854,0.5,0.,0.005928854,0.451338239,0.,        601P    646
0.015422292,0.403611501,0.,0.024915731,0.355884763,0.,               601P    647
0.04353778,0.310927158,0.,0.06215983,0.265969553,0.,                 601P    648
0.089194856,0.225508778,0.,0.116229881,0.185048003,0.,               601P    649
0.150638942,0.150638942,0.,0.185048003,0.116229881,0.,               601P    650
0.225508778,0.089194856,0.,0.265969553,0.06215983,0.,                601P    651
0.310927158,0.04353778,0.,0.355884763,0.024915731,0.,                601P    652
0.403611501,0.015422292,0.,0.451338239,0.005928854,0.,0.5,           601P    653
0.005928854,0.,0.548661761,0.005928854,0.,0.596388499,               601P    654
0.015422292,0.,0.644115237,0.024915731,0.,0.689072842,               601P    655
0.04353778,0.,0.734030447,0.06215983,0.,0.774491222,                 601P    656
0.089194856,0.,0.814951997,0.116229881,0.,0.849361058,               601P    657
0.150638942,0.,0.883770119,0.185048003,0.,0.910805144,               601P    658
0.225508778,0.,0.93784017,0.265969553,0.,0.95646222,                 601P    659
0.310927158,0.,0.975084269,0.355884763,0.,0.984577708,               601P    660
0.403611501,0.,0.994071146,0.451338239,0.,0.994071146,0.5,0.,        601P    661
0.,1.,0.,0.,-1.;                                                     601P    662
124,6.12303176911189E-017,-1.,0.,0.,6.12303176911189E-017,           603P    663
3.74915180455534E-033,1.,0.,-1.,-6.12303176911189E-017,              603P    664
6.12303176911189E-017,0.;                                            603P    665
100,0.,0.,0.,10.,0.,-10.,0.;                                         605P    666
102,2,595,601;                                                       607P    667
102,2,599,605;                                                       609P    668
142,1,593,607,609,1;                                                 611P    669
126,32,2,1,0,1,0,0.,0.,0.,0.0625,0.0625,0.125,0.125,0.1875,          613P    670
0.1875,0.25,0.25,0.3125,0.3125,0.375,0.375,0.4375,0.4375,0.5,        613P    671
0.5,0.5625,0.5625,0.625,0.625,0.6875,0.6875,0.75,0.75,0.8125,        613P    672
0.8125,0.875,0.875,0.9375,0.9375,1.,1.,1.,1.,1.,1.,1.,1.,1.,1.,      613P    673
1.,1.,1.,1.,1.,1.,1.,1.,1.,1.,1.,1.,1.,1.,1.,1.,1.,1.,1.,1.,1.,      613P    674
1.,1.,1.,1.,1.,0.425889328,0.5,0.,0.425889328,0.507299264,0.,        613P    675
0.427313344,0.514458275,0.,0.42873736,0.521617286,0.,                613P    676
0.431530667,0.528360926,0.,0.434323974,0.535104567,0.,               613P    677
0.438379228,0.541173683,0.,0.442434482,0.5472428,0.,                 613P    678
0.447595841,0.552404159,0.,0.4527572,0.557565518,0.,                 613P    679
0.458826317,0.561620772,0.,0.464895433,0.565676026,0.,               613P    680
0.471639074,0.568469333,0.,0.478382714,0.57126264,0.,                613P    681
0.485541725,0.572686656,0.,0.492700736,0.574110672,0.,0.5,           613P    682
0.574110672,0.,0.507299264,0.574110672,0.,0.514458275,               613P    683
0.572686656,0.,0.521617286,0.57126264,0.,0.528360926,                613P    684
0.568469333,0.,0.535104567,0.565676026,0.,0.541173683,               613P    685
0.561620772,0.,0.5472428,0.557565518,0.,0.552404159,                 613P    686
0.552404159,0.,0.557565518,0.5472428,0.,0.561620772,                 613P    687
0.541173683,0.,0.565676026,0.535104567,0.,0.568469333,               613P    688
0.528360926,0.,0.57126264,0.521617286,0.,0.572686656,                613P    689
0.514458275,0.,0.574110672,0.507299264,0.,0.574110672,0.5,0.,        613P    690
0.,1.,0.,0.,1.;                                                      613P    691
124,1.40271637621286E-014,1.,0.,0.,-6.12303176911189E-017,           615P    692
8.58887693460487E-031,-1.,0.,-1.,1.40271637621286E-014,              615P    693
6.12303176911189E-017,0.;                                            615P    694
100,0.,0.,0.,1.5,0.,-1.5,0.;                                         617P    695
126,32,2,1,0,1,0,0.,0.,0.,0.0625,0.0625,0.125,0.125,0.1875,          619P    696
0.1875,0.25,0.25,0.3125,0.3125,0.375,0.375,0.4375,0.4375,0.5,        619P    697
0.5,0.5625,0.5625,0.625,0.625,0.6875,0.6875,0.75,0.75,0.8125,        619P    698
0.8125,0.875,0.875,0.9375,0.9375,1.,1.,1.,1.,1.,1.,1.,1.,1.,1.,      619P    699
1.,1.,1.,1.,1.,1.,1.,1.,1.,1.,1.,1.,1.,1.,1.,1.,1.,1.,1.,1.,1.,      619P    700
1.,1.,1.,1.,1.,0.574110672,0.5,0.,0.574110672,0.492700736,0.,        619P    701
0.572686656,0.485541725,0.,0.57126264,0.478382714,0.,                619P    702
0.568469333,0.471639074,0.,0.565676026,0.464895433,0.,               619P    703
0.561620772,0.458826317,0.,0.557565518,0.4527572,0.,                 619P    704
0.552404159,0.447595841,0.,0.5472428,0.442434482,0.,                 619P    705
0.541173683,0.438379228,0.,0.535104567,0.434323974,0.,               619P    706
0.528360926,0.431530667,0.,0.521617286,0.42873736,0.,                619P    707
0.514458275,0.427313344,0.,0.507299264,0.425889328,0.,0.5,           619P    708
0.425889328,0.,0.492700736,0.425889328,0.,0.485541725,               619P    709
0.427313344,0.,0.478382714,0.42873736,0.,0.471639074,                619P    710
0.431530667,0.,0.464895433,0.434323974,0.,0.458826317,               619P    711
0.438379228,0.,0.4527572,0.442434482,0.,0.447595841,                 619P    712
0.447595841,0.,0.442434482,0.4527572,0.,0.438379228,                 619P    713
0.458826317,0.,0.434323974,0.464895433,0.,0.431530667,               619P    714
0.471639074,0.,0.42873736,0.478382714,0.,0.427313344,                619P    715
0.485541725,0.,0.425889328,0.492700736,0.,0.425889328,0.5,0.,        619P    716
0.,1.,0.,0.,1.;                                                      619P    717
124,6.12303176911189E-017,-1.,0.,0.,6.12303176911189E-017,           621P    718
3.74915180455534E-033,-1.,0.,1.,6.12303176911189E-017,               621P    719
6.12303176911189E-017,0.;                                            621P    720
100,0.,0.,0.,1.5,0.,-1.5,0.;                                         623P    721
102,2,613,619;                                                       625P    722
102,2,617,623;                                                       627P    723
142,1,593,625,627,1;                                                 629P    724
126,32,2,1,0,1,0,0.,0.,0.,0.0625,0.0625,0.125,0.125,0.1875,          631P    725
0.1875,0.25,0.25,0.3125,0.3125,0.375,0.375,0.4375,0.4375,0.5,        631P    726
0.5,0.5625,0.5625,0.625,0.625,0.6875,0.6875,0.75,0.75,0.8125,        631P    727
0.8125,0.875,0.875,0.9375,0.9375,1.,1.,1.,1.,1.,1.,1.,1.,1.,1.,      631P    728
1.,1.,1.,1.,1.,1.,1.,1.,1.,1.,1.,1.,1.,1.,1.,1.,1.,1.,1.,1.,1.,      631P    729
1.,1.,1.,1.,1.,0.080039526,0.5,0.,0.080039526,0.507299264,0.,        631P    730
0.081463541,0.514458275,0.,0.082887557,0.521617286,0.,               631P    731
0.085680865,0.528360926,0.,0.088474172,0.535104567,0.,               631P    732
0.092529426,0.541173683,0.,0.09658468,0.5472428,0.,0.101746039,      631P    733
0.552404159,0.,0.106907398,0.557565518,0.,0.112976514,               631P    734
0.561620772,0.,0.119045631,0.565676026,0.,0.125789271,               631P    735
0.568469333,0.,0.132532912,0.57126264,0.,0.139691923,                631P    736
0.572686656,0.,0.146850934,0.574110672,0.,0.154150198,               631P    737
0.574110672,0.,0.161449462,0.574110672,0.,0.168608472,               631P    738
0.572686656,0.,0.175767483,0.57126264,0.,0.182511124,                631P    739
0.568469333,0.,0.189254765,0.565676026,0.,0.195323881,               631P    740
0.561620772,0.,0.201392997,0.557565518,0.,0.206554356,               631P    741
0.552404159,0.,0.211715715,0.5472428,0.,0.215770969,                 631P    742
0.541173683,0.,0.219826223,0.535104567,0.,0.222619531,               631P    743
0.528360926,0.,0.225412838,0.521617286,0.,0.226836854,               631P    744
0.514458275,0.,0.22826087,0.507299264,0.,0.22826087,0.5,0.,0.,       631P    745
1.,0.,0.,1.;                                                         631P    746
124,1.40271637621286E-014,1.,0.,0.,-6.12303176911189E-017,           633P    747
8.58887693460487E-031,-1.,-7.,-1.,1.40271637621286E-014,             633P    748
6.12303176911189E-017,-7.;                                           633P    749
100,-7.,0.,0.,1.5,0.,-1.5,0.;                                        635P    750
126,32,2,1,0,1,0,0.,0.,0.,0.0625,0.0625,0.125,0.125,0.1875,          637P    751
0.1875,0.25,0.25,0.3125,0.3125,0.375,0.375,0.4375,0.4375,0.5,        637P    752
0.5,0.5625,0.5625,0.625,0.625,0.6875,0.6875,0.75,0.75,0.8125,        637P    753
0.8125,0.875,0.875,0.9375,0.9375,1.,1.,1.,1.,1.,1.,1.,1.,1.,1.,      637P    754
1.,1.,1.,1.,1.,1.,1.,1.,1.,1.,1.,1.,1.,1.,1.,1.,1.,1.,1.,1.,1.,      637P    755
1.,1.,1.,1.,1.,0.22826087,0.5,0.,0.22826087,0.492700736,0.,          637P    756
0.226836854,0.485541725,0.,0.225412838,0.478382714,0.,               637P    757
0.222619531,0.471639074,0.,0.219826223,0.464895433,0.,               637P    758
0.215770969,0.458826317,0.,0.211715715,0.4527572,0.,                 637P    759
0.206554356,0.447595841,0.,0.201392997,0.442434482,0.,               637P    760
0.195323881,0.438379228,0.,0.189254765,0.434323974,0.,               637P    761
0.182511124,0.431530667,0.,0.175767483,0.42873736,0.,                637P    762
0.168608472,0.427313344,0.,0.161449462,0.425889328,0.,               637P    763
0.154150198,0.425889328,0.,0.146850934,0.425889328,0.,               637P    764
0.139691923,0.427313344,0.,0.132532912,0.42873736,0.,                637P    765
0.125789271,0.431530667,0.,0.119045631,0.434323974,0.,               637P    766
0.112976514,0.438379228,0.,0.106907398,0.442434482,0.,               637P    767
0.101746039,0.447595841,0.,0.09658468,0.4527572,0.,0.092529426,      637P    768
0.458826317,0.,0.088474172,0.464895433,0.,0.085680865,               637P    769
0.471639074,0.,0.082887557,0.478382714,0.,0.081463541,               637P    770
0.485541725,0.,0.080039526,0.492700736,0.,0.080039526,0.5,0.,        637P    771
0.,1.,0.,0.,1.;                                                      637P    772
124,6.12303176911189E-017,-1.,0.,0.,6.12303176911189E-017,           639P    773
3.74915180455534E-033,-1.,-7.,1.,6.12303176911189E-017,              639P    774
6.12303176911189E-017,-7.;                                           639P    775
100,-7.,0.,0.,1.5,0.,-1.5,0.;                                        641P    776
102,2,631,637;                                                       643P    777
102,2,635,641;                                                       645P    778
142,1,593,643,645,1;                                                 647P    779
126,32,2,1,0,1,0,0.,0.,0.,0.0625,0.0625,0.125,0.125,0.1875,          649P    780
0.1875,0.25,0.25,0.3125,0.3125,0.375,0.375,0.4375,0.4375,0.5,        649P    781
0.5,0.5625,0.5625,0.625,0.625,0.6875,0.6875,0.75,0.75,0.8125,        649P    782
0.8125,0.875,0.875,0.9375,0.9375,1.,1.,1.,1.,1.,1.,1.,1.,1.,1.,      649P    783
1.,1.,1.,1.,1.,1.,1.,1.,1.,1.,1.,1.,1.,1.,1.,1.,1.,1.,1.,1.,1.,      649P    784
1.,1.,1.,1.,1.,0.425889328,0.845849802,0.,0.425889328,               649P    785
0.853149066,0.,0.427313344,0.860308077,0.,0.42873736,                649P    786
0.867467088,0.,0.431530667,0.874210729,0.,0.434323974,               649P    787
0.880954369,0.,0.438379228,0.887023486,0.,0.442434482,               649P    788
0.893092602,0.,0.447595841,0.898253961,0.,0.4527572,0.90341532,      649P    789
0.,0.458826317,0.907470574,0.,0.464895433,0.911525828,0.,            649P    790
0.471639074,0.914319135,0.,0.478382714,0.917112443,0.,               649P    791
0.485541725,0.918536459,0.,0.492700736,0.919960474,0.,0.5,           649P    792
0.919960474,0.,0.507299264,0.919960474,0.,0.514458275,               649P    793
0.918536459,0.,0.521617286,0.917112443,0.,0.528360926,               649P    794
0.914319135,0.,0.535104567,0.911525828,0.,0.541173683,               649P    795
0.907470574,0.,0.5472428,0.90341532,0.,0.552404159,0.898253961,      649P    796
0.,0.557565518,0.893092602,0.,0.561620772,0.887023486,0.,            649P    797
0.565676026,0.880954369,0.,0.568469333,0.874210729,0.,               649P    798
0.57126264,0.867467088,0.,0.572686656,0.860308077,0.,                649P    799
0.574110672,0.853149066,0.,0.574110672,0.845849802,0.,0.,1.,0.,      649P    800
0.,1.;                                                               649P    801
124,1.40271637621286E-014,1.,0.,6.9999999999999,                     651P    802
-6.12303176911189E-017,8.58887693460487E-031,-1.,                    651P    803
4.28612223837832E-016,-1.,1.40271637621286E-014,                     651P    804
6.12303176911189E-017,7.;                                            651P    805
100,0.,7.,0.,8.5,0.,5.5,0.;                                          653P    806
126,32,2,1,0,1,0,0.,0.,0.,0.0625,0.0625,0.125,0.125,0.1875,          655P    807
0.1875,0.25,0.25,0.3125,0.3125,0.375,0.375,0.4375,0.4375,0.5,        655P    808
0.5,0.5625,0.5625,0.625,0.625,0.6875,0.6875,0.75,0.75,0.8125,        655P    809
0.8125,0.875,0.875,0.9375,0.9375,1.,1.,1.,1.,1.,1.,1.,1.,1.,1.,      655P    810
1.,1.,1.,1.,1.,1.,1.,1.,1.,1.,1.,1.,1.,1.,1.,1.,1.,1.,1.,1.,1.,      655P    811
1.,1.,1.,1.,1.,0.574110672,0.845849802,0.,0.574110672,               655P    812
0.838550538,0.,0.572686656,0.831391528,0.,0.57126264,                655P    813
0.824232517,0.,0.568469333,0.817488876,0.,0.565676026,               655P    814
0.810745235,0.,0.561620772,0.804676119,0.,0.557565518,               655P    815
0.798607003,0.,0.552404159,0.793445644,0.,0.5472428,                 655P    816
0.788284285,0.,0.541173683,0.784229031,0.,0.535104567,               655P    817
0.780173777,0.,0.528360926,0.777380469,0.,0.521617286,               655P    818
0.774587162,0.,0.514458275,0.773163146,0.,0.507299264,               655P    819
0.77173913,0.,0.5,0.77173913,0.,0.492700736,0.77173913,0.,           655P    820
0.485541725,0.773163146,0.,0.478382714,0.774587162,0.,               655P    821
0.471639074,0.777380469,0.,0.464895433,0.780173777,0.,               655P    822
0.458826317,0.784229031,0.,0.4527572,0.788284285,0.,                 655P    823
0.447595841,0.793445644,0.,0.442434482,0.798607003,0.,               655P    824
0.438379228,0.804676119,0.,0.434323974,0.810745235,0.,               655P    825
0.431530667,0.817488876,0.,0.42873736,0.824232517,0.,                655P    826
0.427313344,0.831391528,0.,0.425889328,0.838550538,0.,               655P    827
0.425889328,0.845849802,0.,0.,1.,0.,0.,1.;                           655P    828
124,6.12303176911189E-017,-1.,0.,7.,6.12303176911189E-017,           657P    829
3.74915180455534E-033,-1.,-4.28612223837832E-016,1.,                 657P    830
6.12303176911189E-017,6.12303176911189E-017,-7.;                     657P    831
100,0.,7.,0.,8.5,0.,5.5,0.;                                          659P    832
102,2,649,655;                                                       661P    833
102,2,653,659;                                                       663P    834
142,1,593,661,663,1;                                                 665P    835
126,32,2,1,0,1,0,0.,0.,0.,0.0625,0.0625,0.125,0.125,0.1875,          667P    836
0.1875,0.25,0.25,0.3125,0.3125,0.375,0.375,0.4375,0.4375,0.5,        667P    837
0.5,0.5625,0.5625,0.625,0.625,0.6875,0.6875,0.75,0.75,0.8125,        667P    838
0.8125,0.875,0.875,0.9375,0.9375,1.,1.,1.,1.,1.,1.,1.,1.,1.,1.,      667P    839
1.,1.,1.,1.,1.,1.,1.,1.,1.,1.,1.,1.,1.,1.,1.,1.,1.,1.,1.,1.,1.,      667P    840
1.,1.,1.,1.,1.,0.77173913,0.5,0.,0.77173913,0.507299264,0.,          667P    841
0.773163146,0.514458275,0.,0.774587162,0.521617286,0.,               667P    842
0.777380469,0.528360926,0.,0.780173777,0.535104567,0.,               667P    843
0.784229031,0.541173683,0.,0.788284285,0.5472428,0.,                 667P    844
0.793445644,0.552404159,0.,0.798607003,0.557565518,0.,               667P    845
0.804676119,0.561620772,0.,0.810745235,0.565676026,0.,               667P    846
0.817488876,0.568469333,0.,0.824232517,0.57126264,0.,                667P    847
0.831391528,0.572686656,0.,0.838550538,0.574110672,0.,               667P    848
0.845849802,0.574110672,0.,0.853149066,0.574110672,0.,               667P    849
0.860308077,0.572686656,0.,0.867467088,0.57126264,0.,                667P    850
0.874210729,0.568469333,0.,0.880954369,0.565676026,0.,               667P    851
0.887023486,0.561620772,0.,0.893092602,0.557565518,0.,               667P    852
0.898253961,0.552404159,0.,0.90341532,0.5472428,0.,0.907470574,      667P    853
0.541173683,0.,0.911525828,0.535104567,0.,0.914319135,               667P    854
0.528360926,0.,0.917112443,0.521617286,0.,0.918536459,               667P    855
0.514458275,0.,0.919960474,0.507299264,0.,0.919960474,0.5,0.,        667P    856
0.,1.,0.,0.,1.;                                                      667P    857
124,1.40271637621286E-014,1.,0.,0.,-6.12303176911189E-017,           669P    858
8.58887693460487E-031,-1.,7.,-1.,1.40271637621286E-014,              669P    859
6.12303176911189E-017,7.;                                            669P    860
100,7.,0.,0.,1.5,0.,-1.5,0.;                                         671P    861
126,32,2,1,0,1,0,0.,0.,0.,0.0625,0.0625,0.125,0.125,0.1875,          673P    862
0.1875,0.25,0.25,0.3125,0.3125,0.375,0.375,0.4375,0.4375,0.5,        673P    863
0.5,0.5625,0.5625,0.625,0.625,0.6875,0.6875,0.75,0.75,0.8125,        673P    864
0.8125,0.875,0.875,0.9375,0.9375,1.,1.,1.,1.,1.,1.,1.,1.,1.,1.,      673P    865
1.,1.,1.,1.,1.,1.,1.,1.,1.,1.,1.,1.,1.,1.,1.,1.,1.,1.,1.,1.,1.,      673P    866
1.,1.,1.,1.,1.,0.919960474,0.5,0.,0.919960474,0.492700736,0.,        673P    867
0.918536459,0.485541725,0.,0.917112443,0.478382714,0.,               673P    868
0.914319135,0.471639074,0.,0.911525828,0.464895433,0.,               673P    869
0.907470574,0.458826317,0.,0.90341532,0.4527572,0.,0.898253961,      673P    870
0.447595841,0.,0.893092602,0.442434482,0.,0.887023486,               673P    871
0.438379228,0.,0.880954369,0.434323974,0.,0.874210729,               673P    872
0.431530667,0.,0.867467088,0.42873736,0.,0.860308077,                673P    873
0.427313344,0.,0.853149066,0.425889328,0.,0.845849802,               673P    874
0.425889328,0.,0.838550538,0.425889328,0.,0.831391528,               673P    875
0.427313344,0.,0.824232517,0.42873736,0.,0.817488876,                673P    876
0.431530667,0.,0.810745235,0.434323974,0.,0.804676119,               673P    877
0.438379228,0.,0.798607003,0.442434482,0.,0.793445644,               673P    878
0.447595841,0.,0.788284285,0.4527572,0.,0.784229031,                 673P    879
0.458826317,0.,0.780173777,0.464895433,0.,0.777380469,               673P    880
0.471639074,0.,0.774587162,0.478382714,0.,0.773163146,               673P    881
0.485541725,0.,0.77173913,0.492700736,0.,0.77173913,0.5,0.,0.,       673P    882
1.,0.,0.,1.;                                                         673P    883
124,6.12303176911189E-017,-1.,0.,0.,6.12303176911189E-017,           675P    884
3.74915180455534E-033,-1.,7.,1.,6.12303176911189E-017,               675P    885
6.12303176911189E-017,7.;                                            675P    886
100,7.,0.,0.,1.5,0.,-1.5,0.;                                         677P    887
102,2,667,673;                                                       679P    888
102,2,671,677;                                                       681P    889
142,1,593,679,681,1;                                                 683P    890
126,32,2,1,0,1,0,0.,0.,0.,0.0625,0.0625,0.125,0.125,0.1875,          685P    891
0.1875,0.25,0.25,0.3125,0.3125,0.375,0.375,0.4375,0.4375,0.5,        685P    892
0.5,0.5625,0.5625,0.625,0.625,0.6875,0.6875,0.75,0.75,0.8125,        685P    893
0.8125,0.875,0.875,0.9375,0.9375,1.,1.,1.,1.,1.,1.,1.,1.,1.,1.,      685P    894
1.,1.,1.,1.,1.,1.,1.,1.,1.,1.,1.,1.,1.,1.,1.,1.,1.,1.,1.,1.,1.,      685P    895
1.,1.,1.,1.,1.,0.425889328,0.154150198,0.,0.425889328,               685P    896
0.161449462,0.,0.427313344,0.168608472,0.,0.42873736,                685P    897
0.175767483,0.,0.431530667,0.182511124,0.,0.434323974,               685P    898
0.189254765,0.,0.438379228,0.195323881,0.,0.442434482,               685P    899
0.201392997,0.,0.447595841,0.206554356,0.,0.4527572,                 685P    900
0.211715715,0.,0.458826317,0.215770969,0.,0.464895433,               685P    901
0.219826223,0.,0.471639074,0.222619531,0.,0.478382714,               685P    902
0.225412838,0.,0.485541725,0.226836854,0.,0.492700736,               685P    903
0.22826087,0.,0.5,0.22826087,0.,0.507299264,0.22826087,0.,           685P    904
0.514458275,0.226836854,0.,0.521617286,0.225412838,0.,               685P    905
0.528360926,0.222619531,0.,0.535104567,0.219826223,0.,               685P    906
0.541173683,0.215770969,0.,0.5472428,0.211715715,0.,                 685P    907
0.552404159,0.206554356,0.,0.557565518,0.201392997,0.,               685P    908
0.561620772,0.195323881,0.,0.565676026,0.189254765,0.,               685P    909
0.568469333,0.182511124,0.,0.57126264,0.175767483,0.,                685P    910
0.572686656,0.168608472,0.,0.574110672,0.161449462,0.,               685P    911
0.574110672,0.154150198,0.,0.,1.,0.,0.,1.;                           685P    912
124,1.40271637621286E-014,1.,0.,-6.9999999999999,                    687P    913
-6.12303176911189E-017,8.58887693460487E-031,-1.,                    687P    914
-4.28612223837832E-016,-1.,1.40271637621286E-014,                    687P    915
6.12303176911189E-017,-7.;                                           687P    916
100,0.,-7.,0.,-5.5,0.,-8.5,0.;                                       689P    917
126,32,2,1,0,1,0,0.,0.,0.,0.0625,0.0625,0.125,0.125,0.1875,          691P    918
0.1875,0.25,0.25,0.3125,0.3125,0.375,0.375,0.4375,0.4375,0.5,        691P    919
0.5,0.5625,0.5625,0.625,0.625,0.6875,0.6875,0.75,0.75,0.8125,        691P    920
0.8125,0.875,0.875,0.9375,0.9375,1.,1.,1.,1.,1.,1.,1.,1.,1.,1.,      691P    921
1.,1.,1.,1.,1.,1.,1.,1.,1.,1.,1.,1.,1.,1.,1.,1.,1.,1.,1.,1.,1.,      691P    922
1.,1.,1.,1.,1.,0.574110672,0.154150198,0.,0.574110672,               691P    923
0.146850934,0.,0.572686656,0.139691923,0.,0.57126264,                691P    924
0.132532912,0.,0.568469333,0.125789271,0.,0.565676026,               691P    925
0.119045631,0.,0.561620772,0.112976514,0.,0.557565518,               691P    926
0.106907398,0.,0.552404159,0.101746039,0.,0.5472428,0.09658468,      691P    927
0.,0.541173683,0.092529426,0.,0.535104567,0.088474172,0.,            691P    928
0.528360926,0.085680865,0.,0.521617286,0.082887557,0.,               691P    929
0.514458275,0.081463541,0.,0.507299264,0.080039526,0.,0.5,           691P    930
0.080039526,0.,0.492700736,0.080039526,0.,0.485541725,               691P    931
0.081463541,0.,0.478382714,0.082887557,0.,0.471639074,               691P    932
0.085680865,0.,0.464895433,0.088474172,0.,0.458826317,               691P    933
0.092529426,0.,0.4527572,0.09658468,0.,0.447595841,0.101746039,      691P    934
0.,0.442434482,0.106907398,0.,0.438379228,0.112976514,0.,            691P    935
0.434323974,0.119045631,0.,0.431530667,0.125789271,0.,               691P    936
0.42873736,0.132532912,0.,0.427313344,0.139691923,0.,                691P    937
0.425889328,0.146850934,0.,0.425889328,0.154150198,0.,0.,1.,0.,      691P    938
0.,1.;                                                               691P    939
124,6.12303176911189E-017,-1.,0.,-7.,6.12303176911189E-017,          693P    940
3.74915180455534E-033,-1.,4.28612223837832E-016,1.,                  693P    941
6.12303176911189E-017,6.12303176911189E-017,7.;                      693P    942
100,0.,-7.,0.,-5.5,0.,-8.5,0.;                                       695P    943
102,2,685,691;                                                       697P    944
102,2,689,695;                                                       699P    945
142,1,593,697,699,1;                                                 701P    946
144,593,1,5,611,629,647,665,683,701;                                 703P    947
128,1,1,1,1,0,0,1,0,0,0.,0.,1.,1.,0.,0.,1.,1.,1.,1.,1.,1.,           705P    948
-10.12,2.,-10.12,-10.12,2.,10.12,10.12,2.,-10.12,10.12,2.,           705P    949
10.12,0.,1.,0.,1.;                                                   705P    950
126,32,2,1,0,1,0,0.,0.,0.,0.0625,0.0625,0.125,0.125,0.1875,          707P    951
0.1875,0.25,0.25,0.3125,0.3125,0.375,0.375,0.4375,0.4375,0.5,        707P    952
0.5,0.5625,0.5625,0.625,0.625,0.6875,0.6875,0.75,0.75,0.8125,        707P    953
0.8125,0.875,0.875,0.9375,0.9375,1.,1.,1.,1.,1.,1.,1.,1.,1.,1.,      707P    954
1.,1.,1.,1.,1.,1.,1.,1.,1.,1.,1.,1.,1.,1.,1.,1.,1.,1.,1.,1.,1.,      707P    955
1.,1.,1.,1.,1.,0.005928854,0.5,0.,0.005928854,0.451338239,0.,        707P    956
0.015422292,0.403611501,0.,0.024915731,0.355884763,0.,               707P    957
0.04353778,0.310927158,0.,0.06215983,0.265969553,0.,                 707P    958
0.089194856,0.225508778,0.,0.116229881,0.185048003,0.,               707P    959
0.150638942,0.150638942,0.,0.185048003,0.116229881,0.,               707P    960
0.225508778,0.089194856,0.,0.265969553,0.06215983,0.,                707P    961
0.310927158,0.04353778,0.,0.355884763,0.024915731,0.,                707P    962
0.403611501,0.015422292,0.,0.451338239,0.005928854,0.,0.5,           707P    963
0.005928854,0.,0.548661761,0.005928854,0.,0.596388499,               707P    964
0.015422292,0.,0.644115237,0.024915731,0.,0.689072842,               707P    965
0.04353778,0.,0.734030447,0.06215983,0.,0.774491222,                 707P    966
0.089194856,0.,0.814951997,0.116229881,0.,0.849361058,               707P    967
0.150638942,0.,0.883770119,0.185048003,0.,0.910805144,               707P    968
0.225508778,0.,0.93784017,0.265969553,0.,0.95646222,                 707P    969
0.310927158,0.,0.975084269,0.355884763,0.,0.984577708,               707P    970
0.403611501,0.,0.994071146,0.451338239,0.,0.994071146,0.5,0.,        707P    971
0.,1.,0.,0.,-1.;                                                     707P    972
124,6.12303176911189E-017,-1.,0.,2.,6.12303176911189E-017,           709P    973
3.74915180455534E-033,1.,2.,-1.,-6.12303176911189E-017,              709P    974
6.12303176911189E-017,1.22460635382238E-016;                         709P    975
100,0.,0.,2.,10.,2.,-10.,2.;                                         711P    976
126,32,2,1,0,1,0,0.,0.,0.,0.0625,0.0625,0.125,0.125,0.1875,          713P    977
0.1875,0.25,0.25,0.3125,0.3125,0.375,0.375,0.4375,0.4375,0.5,        713P    978
0.5,0.5625,0.5625,0.625,0.625,0.6875,0.6875,0.75,0.75,0.8125,        713P    979
0.8125,0.875,0.875,0.9375,0.9375,1.,1.,1.,1.,1.,1.,1.,1.,1.,1.,      713P    980
1.,1.,1.,1.,1.,1.,1.,1.,1.,1.,1.,1.,1.,1.,1.,1.,1.,1.,1.,1.,1.,      713P    981
1.,1.,1.,1.,1.,0.994071146,0.5,0.,0.994071146,0.548661761,0.,        713P    982
0.984577708,0.596388499,0.,0.975084269,0.644115237,0.,               713P    983
0.95646222,0.689072842,0.,0.93784017,0.734030447,0.,                 713P    984
0.910805144,0.774491222,0.,0.883770119,0.814951997,0.,               713P    985
0.849361058,0.849361058,0.,0.814951997,0.883770119,0.,               713P    986
0.774491222,0.910805144,0.,0.734030447,0.93784017,0.,                713P    987
0.689072842,0.95646222,0.,0.644115237,0.975084269,0.,                713P    988
0.596388499,0.984577708,0.,0.548661761,0.994071146,0.,0.5,           713P    989
0.994071146,0.,0.451338239,0.994071146,0.,0.403611501,               713P    990
0.984577708,0.,0.355884763,0.975084269,0.,0.310927158,               713P    991
0.95646222,0.,0.265969553,0.93784017,0.,0.225508778,                 713P    992
0.910805144,0.,0.185048003,0.883770119,0.,0.150638942,               713P    993
0.849361058,0.,0.116229881,0.814951997,0.,0.089194856,               713P    994
0.774491222,0.,0.06215983,0.734030447,0.,0.04353778,                 713P    995
0.689072842,0.,0.024915731,0.644115237,0.,0.015422292,               713P    996
0.596388499,0.,0.005928854,0.548661761,0.,0.005928854,0.5,0.,        713P    997
0.,1.,0.,0.,-1.;                                                     713P    998
124,1.40271637621286E-014,1.,0.,-2.,-6.12303176911189E-017,          715P    999
8.58887693460487E-031,1.,2.,1.,-1.40271637621286E-014,               715P   1000
6.12303176911189E-017,2.80543275242573E-014;                         715P   1001
100,0.,0.,2.,10.,2.,-10.,2.;                                         717P   1002
102,2,707,713;                                                       719P   1003
102,2,711,717;                                                       721P   1004
142,1,705,719,721,1;                                                 723P   1005
126,32,2,1,0,1,0,0.,0.,0.,0.0625,0.0625,0.125,0.125,0.1875,          725P   1006
0.1875,0.25,0.25,0.3125,0.3125,0.375,0.375,0.4375,0.4375,0.5,        725P   1007
0.5,0.5625,0.5625,0.625,0.625,0.6875,0.6875,0.75,0.75,0.8125,        725P   1008
0.8125,0.875,0.875,0.9375,0.9375,1.,1.,1.,1.,1.,1.,1.,1.,1.,1.,      725P   1009
1.,1.,1.,1.,1.,1.,1.,1.,1.,1.,1.,1.,1.,1.,1.,1.,1.,1.,1.,1.,1.,      725P   1010
1.,1.,1.,1.,1.,0.5,0.722332016,0.,0.521897792,0.722332016,0.,        725P   1011
0.543374825,0.718059968,0.,0.564851857,0.713787921,0.,               725P   1012
0.585082779,0.705407999,0.,0.605313701,0.697028077,0.,               725P   1013
0.62352105,0.684862315,0.,0.641728399,0.672696553,0.,                725P   1014
0.657212476,0.657212476,0.,0.672696553,0.641728399,0.,               725P   1015
0.684862315,0.62352105,0.,0.697028077,0.605313701,0.,                725P   1016
0.705407999,0.585082779,0.,0.713787921,0.564851857,0.,               725P   1017
0.718059968,0.543374825,0.,0.722332016,0.521897792,0.,               725P   1018
0.722332016,0.5,0.,0.722332016,0.478102208,0.,0.718059968,           725P   1019
0.456625175,0.,0.713787921,0.435148143,0.,0.705407999,               725P   1020
0.414917221,0.,0.697028077,0.394686299,0.,0.684862315,               725P   1021
0.37647895,0.,0.672696553,0.358271601,0.,0.657212476,                725P   1022
0.342787524,0.,0.641728399,0.327303447,0.,0.62352105,                725P   1023
0.315137685,0.,0.605313701,0.302971923,0.,0.585082779,               725P   1024
0.294592001,0.,0.564851857,0.286212079,0.,0.543374825,               725P   1025
0.281940032,0.,0.521897792,0.277667984,0.,0.5,0.277667984,0.,        725P   1026
0.,1.,0.,0.,1.;                                                      725P   1027
124,1.,-1.40623069708807E-014,-9.63735264431559E-017,                727P   1028
2.81246139417614E-014,-9.63735264431551E-017,                        727P   1029
6.12303176911202E-017,-1.,2.,1.40623069708807E-014,1.,               727P   1030
6.12303176911189E-017,-2.;                                           727P   1031
100,0.,0.,2.,4.5,2.,-4.5,2.;                                         729P   1032
126,32,2,1,0,1,0,0.,0.,0.,0.0625,0.0625,0.125,0.125,0.1875,          731P   1033
0.1875,0.25,0.25,0.3125,0.3125,0.375,0.375,0.4375,0.4375,0.5,        731P   1034
0.5,0.5625,0.5625,0.625,0.625,0.6875,0.6875,0.75,0.75,0.8125,        731P   1035
0.8125,0.875,0.875,0.9375,0.9375,1.,1.,1.,1.,1.,1.,1.,1.,1.,1.,      731P   1036
1.,1.,1.,1.,1.,1.,1.,1.,1.,1.,1.,1.,1.,1.,1.,1.,1.,1.,1.,1.,1.,      731P   1037
1.,1.,1.,1.,1.,0.5,0.277667984,0.,0.478102208,0.277667984,0.,        731P   1038
0.456625175,0.281940032,0.,0.435148143,0.286212079,0.,               731P   1039
0.414917221,0.294592001,0.,0.394686299,0.302971923,0.,               731P   1040
0.37647895,0.315137685,0.,0.358271601,0.327303447,0.,                731P   1041
0.342787524,0.342787524,0.,0.327303447,0.358271601,0.,               731P   1042
0.315137685,0.37647895,0.,0.302971923,0.394686299,0.,                731P   1043
0.294592001,0.414917221,0.,0.286212079,0.435148143,0.,               731P   1044
0.281940032,0.456625175,0.,0.277667984,0.478102208,0.,               731P   1045
0.277667984,0.5,0.,0.277667984,0.521897792,0.,0.281940032,           731P   1046
0.543374825,0.,0.286212079,0.564851857,0.,0.294592001,               731P   1047
0.585082779,0.,0.302971923,0.605313701,0.,0.315137685,               731P   1048
0.62352105,0.,0.327303447,0.641728399,0.,0.342787524,                731P   1049
0.657212476,0.,0.358271601,0.672696553,0.,0.37647895,                731P   1050
0.684862315,0.,0.394686299,0.697028077,0.,0.414917221,               731P   1051
0.705407999,0.,0.435148143,0.713787921,0.,0.456625175,               731P   1052
0.718059968,0.,0.478102208,0.722332016,0.,0.5,0.722332016,0.,        731P   1053
0.,1.,0.,0.,1.;                                                      731P   1054
124,-1.,-2.60871089390818E-017,-9.63735264431559E-017,               733P   1055
-5.26066940780772E-016,9.63735264431559E-017,                        733P   1056
-6.12303176911189E-017,-1.,2.,2.60871089390818E-017,-1.,             733P   1057
6.12303176911189E-017,2.;                                            733P   1058
100,0.,0.,2.,4.5,2.,-4.5,2.;                                         735P   1059
102,2,725,731;                                                       737P   1060
102,2,729,735;                                                       739P   1061
142,1,705,737,739,1;                                                 741P   1062
126,32,2,1,0,1,0,0.,0.,0.,0.0625,0.0625,0.125,0.125,0.1875,          743P   1063
0.1875,0.25,0.25,0.3125,0.3125,0.375,0.375,0.4375,0.4375,0.5,        743P   1064
0.5,0.5625,0.5625,0.625,0.625,0.6875,0.6875,0.75,0.75,0.8125,        743P   1065
0.8125,0.875,0.875,0.9375,0.9375,1.,1.,1.,1.,1.,1.,1.,1.,1.,1.,      743P   1066
1.,1.,1.,1.,1.,1.,1.,1.,1.,1.,1.,1.,1.,1.,1.,1.,1.,1.,1.,1.,1.,      743P   1067
1.,1.,1.,1.,1.,0.22826087,0.5,0.,0.22826087,0.492700736,0.,          743P   1068
0.226836854,0.485541725,0.,0.225412838,0.478382714,0.,               743P   1069
0.222619531,0.471639074,0.,0.219826223,0.464895433,0.,               743P   1070
0.215770969,0.458826317,0.,0.211715715,0.4527572,0.,                 743P   1071
0.206554356,0.447595841,0.,0.201392997,0.442434482,0.,               743P   1072
0.195323881,0.438379228,0.,0.189254765,0.434323974,0.,               743P   1073
0.182511124,0.431530667,0.,0.175767483,0.42873736,0.,                743P   1074
0.168608472,0.427313344,0.,0.161449462,0.425889328,0.,               743P   1075
0.154150198,0.425889328,0.,0.146850934,0.425889328,0.,               743P   1076
0.139691923,0.427313344,0.,0.132532912,0.42873736,0.,                743P   1077
0.125789271,0.431530667,0.,0.119045631,0.434323974,0.,               743P   1078
0.112976514,0.438379228,0.,0.106907398,0.442434482,0.,               743P   1079
0.101746039,0.447595841,0.,0.09658468,0.4527572,0.,0.092529426,      743P   1080
0.458826317,0.,0.088474172,0.464895433,0.,0.085680865,               743P   1081
0.471639074,0.,0.082887557,0.478382714,0.,0.081463541,               743P   1082
0.485541725,0.,0.080039526,0.492700736,0.,0.080039526,0.5,0.,        743P   1083
0.,1.,0.,0.,1.;                                                      743P   1084
124,6.12303176911189E-017,-1.,0.,2.,6.12303176911189E-017,           745P   1085
3.74915180455534E-033,-1.,-5.,1.,6.12303176911189E-017,              745P   1086
6.12303176911189E-017,-7.;                                           745P   1087
100,-7.,0.,2.,1.5,2.,-1.5,2.;                                        747P   1088
126,32,2,1,0,1,0,0.,0.,0.,0.0625,0.0625,0.125,0.125,0.1875,          749P   1089
0.1875,0.25,0.25,0.3125,0.3125,0.375,0.375,0.4375,0.4375,0.5,        749P   1090
0.5,0.5625,0.5625,0.625,0.625,0.6875,0.6875,0.75,0.75,0.8125,        749P   1091
0.8125,0.875,0.875,0.9375,0.9375,1.,1.,1.,1.,1.,1.,1.,1.,1.,1.,      749P   1092
1.,1.,1.,1.,1.,1.,1.,1.,1.,1.,1.,1.,1.,1.,1.,1.,1.,1.,1.,1.,1.,      749P   1093
1.,1.,1.,1.,1.,0.080039526,0.5,0.,0.080039526,0.507299264,0.,        749P   1094
0.081463541,0.514458275,0.,0.082887557,0.521617286,0.,               749P   1095
0.085680865,0.528360926,0.,0.088474172,0.535104567,0.,               749P   1096
0.092529426,0.541173683,0.,0.09658468,0.5472428,0.,0.101746039,      749P   1097
0.552404159,0.,0.106907398,0.557565518,0.,0.112976514,               749P   1098
0.561620772,0.,0.119045631,0.565676026,0.,0.125789271,               749P   1099
0.568469333,0.,0.132532912,0.57126264,0.,0.139691923,                749P   1100
0.572686656,0.,0.146850934,0.574110672,0.,0.154150198,               749P   1101
0.574110672,0.,0.161449462,0.574110672,0.,0.168608472,               749P   1102
0.572686656,0.,0.175767483,0.57126264,0.,0.182511124,                749P   1103
0.568469333,0.,0.189254765,0.565676026,0.,0.195323881,               749P   1104
0.561620772,0.,0.201392997,0.557565518,0.,0.206554356,               749P   1105
0.552404159,0.,0.211715715,0.5472428,0.,0.215770969,                 749P   1106
0.541173683,0.,0.219826223,0.535104567,0.,0.222619531,               749P   1107
0.528360926,0.,0.225412838,0.521617286,0.,0.226836854,               749P   1108
0.514458275,0.,0.22826087,0.507299264,0.,0.22826087,0.5,0.,0.,       749P   1109
1.,0.,0.,1.;                                                         749P   1110
124,1.40271637621286E-014,1.,0.,-2.,-6.12303176911189E-017,          751P   1111
8.58887693460487E-031,-1.,-5.,-1.,1.40271637621286E-014,             751P   1112
6.12303176911189E-017,-7.00000000000003;                             751P   1113
100,-7.,0.,2.,1.5,2.,-1.5,2.;                                        753P   1114
102,2,743,749;                                                       755P   1115
102,2,747,753;                                                       757P   1116
142,1,705,755,757,1;                                                 759P   1117
126,32,2,1,0,1,0,0.,0.,0.,0.0625,0.0625,0.125,0.125,0.1875,          761P   1118
0.1875,0.25,0.25,0.3125,0.3125,0.375,0.375,0.4375,0.4375,0.5,        761P   1119
0.5,0.5625,0.5625,0.625,0.625,0.6875,0.6875,0.75,0.75,0.8125,        761P   1120
0.8125,0.875,0.875,0.9375,0.9375,1.,1.,1.,1.,1.,1.,1.,1.,1.,1.,      761P   1121
1.,1.,1.,1.,1.,1.,1.,1.,1.,1.,1.,1.,1.,1.,1.,1.,1.,1.,1.,1.,1.,      761P   1122
1.,1.,1.,1.,1.,0.574110672,0.845849802,0.,0.574110672,               761P   1123
0.838550538,0.,0.572686656,0.831391528,0.,0.57126264,                761P   1124
0.824232517,0.,0.568469333,0.817488876,0.,0.565676026,               761P   1125
0.810745235,0.,0.561620772,0.804676119,0.,0.557565518,               761P   1126
0.798607003,0.,0.552404159,0.793445644,0.,0.5472428,                 761P   1127
0.788284285,0.,0.541173683,0.784229031,0.,0.535104567,               761P   1128
0.780173777,0.,0.528360926,0.777380469,0.,0.521617286,               761P   1129
0.774587162,0.,0.514458275,0.773163146,0.,0.507299264,               761P   1130
0.77173913,0.,0.5,0.77173913,0.,0.492700736,0.77173913,0.,           761P   1131
0.485541725,0.773163146,0.,0.478382714,0.774587162,0.,               761P   1132
0.471639074,0.777380469,0.,0.464895433,0.780173777,0.,               761P   1133
0.458826317,0.784229031,0.,0.4527572,0.788284285,0.,                 761P   1134
0.447595841,0.793445644,0.,0.442434482,0.798607003,0.,               761P   1135
0.438379228,0.804676119,0.,0.434323974,0.810745235,0.,               761P   1136
0.431530667,0.817488876,0.,0.42873736,0.824232517,0.,                761P   1137
0.427313344,0.831391528,0.,0.425889328,0.838550538,0.,               761P   1138
0.425889328,0.845849802,0.,0.,1.,0.,0.,1.;                           761P   1139
124,6.12303176911189E-017,-1.,0.,9.,6.12303176911189E-017,           763P   1140
3.74915180455534E-033,-1.,2.,1.,6.12303176911189E-017,               763P   1141
6.12303176911189E-017,-7.;                                           763P   1142
100,0.,7.,2.,8.5,2.,5.5,2.;                                          765P   1143
126,32,2,1,0,1,0,0.,0.,0.,0.0625,0.0625,0.125,0.125,0.1875,          767P   1144
0.1875,0.25,0.25,0.3125,0.3125,0.375,0.375,0.4375,0.4375,0.5,        767P   1145
0.5,0.5625,0.5625,0.625,0.625,0.6875,0.6875,0.75,0.75,0.8125,        767P   1146
0.8125,0.875,0.875,0.9375,0.9375,1.,1.,1.,1.,1.,1.,1.,1.,1.,1.,      767P   1147
1.,1.,1.,1.,1.,1.,1.,1.,1.,1.,1.,1.,1.,1.,1.,1.,1.,1.,1.,1.,1.,      767P   1148
1.,1.,1.,1.,1.,0.425889328,0.845849802,0.,0.425889328,               767P   1149
0.853149066,0.,0.427313344,0.860308077,0.,0.42873736,                767P   1150
0.867467088,0.,0.431530667,0.874210729,0.,0.434323974,               767P   1151
0.880954369,0.,0.438379228,0.887023486,0.,0.442434482,               767P   1152
0.893092602,0.,0.447595841,0.898253961,0.,0.4527572,0.90341532,      767P   1153
0.,0.458826317,0.907470574,0.,0.464895433,0.911525828,0.,            767P   1154
0.471639074,0.914319135,0.,0.478382714,0.917112443,0.,               767P   1155
0.485541725,0.918536459,0.,0.492700736,0.919960474,0.,0.5,           767P   1156
0.919960474,0.,0.507299264,0.919960474,0.,0.514458275,               767P   1157
0.918536459,0.,0.521617286,0.917112443,0.,0.528360926,               767P   1158
0.914319135,0.,0.535104567,0.911525828,0.,0.541173683,               767P   1159
0.907470574,0.,0.5472428,0.90341532,0.,0.552404159,0.898253961,      767P   1160
0.,0.557565518,0.893092602,0.,0.561620772,0.887023486,0.,            767P   1161
0.565676026,0.880954369,0.,0.568469333,0.874210729,0.,               767P   1162
0.57126264,0.867467088,0.,0.572686656,0.860308077,0.,                767P   1163
0.574110672,0.853149066,0.,0.574110672,0.845849802,0.,0.,1.,0.,      767P   1164
0.,1.;                                                               767P   1165
124,1.40271637621286E-014,1.,0.,4.9999999999999,                     769P   1166
-6.12303176911189E-017,8.58887693460487E-031,-1.,2.,-1.,             769P   1167
1.40271637621286E-014,6.12303176911189E-017,6.99999999999997;        769P   1168
100,0.,7.,2.,8.5,2.,5.5,2.;                                          771P   1169
102,2,761,767;                                                       773P   1170
102,2,765,771;                                                       775P   1171
142,1,705,773,775,1;                                                 777P   1172
126,32,2,1,0,1,0,0.,0.,0.,0.0625,0.0625,0.125,0.125,0.1875,          779P   1173
0.1875,0.25,0.25,0.3125,0.3125,0.375,0.375,0.4375,0.4375,0.5,        779P   1174
0.5,0.5625,0.5625,0.625,0.625,0.6875,0.6875,0.75,0.75,0.8125,        779P   1175
0.8125,0.875,0.875,0.9375,0.9375,1.,1.,1.,1.,1.,1.,1.,1.,1.,1.,      779P   1176
1.,1.,1.,1.,1.,1.,1.,1.,1.,1.,1.,1.,1.,1.,1.,1.,1.,1.,1.,1.,1.,      779P   1177
1.,1.,1.,1.,1.,0.919960474,0.5,0.,0.919960474,0.492700736,0.,        779P   1178
0.918536459,0.485541725,0.,0.917112443,0.478382714,0.,               779P   1179
0.914319135,0.471639074,0.,0.911525828,0.464895433,0.,               779P   1180
0.907470574,0.458826317,0.,0.90341532,0.4527572,0.,0.898253961,      779P   1181
0.447595841,0.,0.893092602,0.442434482,0.,0.887023486,               779P   1182
0.438379228,0.,0.880954369,0.434323974,0.,0.874210729,               779P   1183
0.431530667,0.,0.867467088,0.42873736,0.,0.860308077,                779P   1184
0.427313344,0.,0.853149066,0.425889328,0.,0.845849802,               779P   1185
0.425889328,0.,0.838550538,0.425889328,0.,0.831391528,               779P   1186
0.427313344,0.,0.824232517,0.42873736,0.,0.817488876,                779P   1187
0.431530667,0.,0.810745235,0.434323974,0.,0.804676119,               779P   1188
0.438379228,0.,0.798607003,0.442434482,0.,0.793445644,               779P   1189
0.447595841,0.,0.788284285,0.4527572,0.,0.784229031,                 779P   1190
0.458826317,0.,0.780173777,0.464895433,0.,0.777380469,               779P   1191
0.471639074,0.,0.774587162,0.478382714,0.,0.773163146,               779P   1192
0.485541725,0.,0.77173913,0.492700736,0.,0.77173913,0.5,0.,0.,       779P   1193
1.,0.,0.,1.;                                                         779P   1194
124,6.12303176911189E-017,-1.,0.,2.,6.12303176911189E-017,           781P   1195
3.74915180455534E-033,-1.,9.,1.,6.12303176911189E-017,               781P   1196
6.12303176911189E-017,7.;                                            781P   1197
100,7.,0.,2.,1.5,2.,-1.5,2.;                                         783P   1198
126,32,2,1,0,1,0,0.,0.,0.,0.0625,0.0625,0.125,0.125,0.1875,          785P   1199
0.1875,0.25,0.25,0.3125,0.3125,0.375,0.375,0.4375,0.4375,0.5,        785P   1200
0.5,0.5625,0.5625,0.625,0.625,0.6875,0.6875,0.75,0.75,0.8125,        785P   1201
0.8125,0.875,0.875,0.9375,0.9375,1.,1.,1.,1.,1.,1.,1.,1.,1.,1.,      785P   1202
1.,1.,1.,1.,1.,1.,1.,1.,1.,1.,1.,1.,1.,1.,1.,1.,1.,1.,1.,1.,1.,      785P   1203
1.,1.,1.,1.,1.,0.77173913,0.5,0.,0.77173913,0.507299264,0.,          785P   1204
0.773163146,0.514458275,0.,0.774587162,0.521617286,0.,               785P   1205
0.777380469,0.528360926,0.,0.780173777,0.535104567,0.,               785P   1206
0.784229031,0.541173683,0.,0.788284285,0.5472428,0.,                 785P   1207
0.793445644,0.552404159,0.,0.798607003,0.557565518,0.,               785P   1208
0.804676119,0.561620772,0.,0.810745235,0.565676026,0.,               785P   1209
0.817488876,0.568469333,0.,0.824232517,0.57126264,0.,                785P   1210
0.831391528,0.572686656,0.,0.838550538,0.574110672,0.,               785P   1211
0.845849802,0.574110672,0.,0.853149066,0.574110672,0.,               785P   1212
0.860308077,0.572686656,0.,0.867467088,0.57126264,0.,                785P   1213
0.874210729,0.568469333,0.,0.880954369,0.565676026,0.,               785P   1214
0.887023486,0.561620772,0.,0.893092602,0.557565518,0.,               785P   1215
0.898253961,0.552404159,0.,0.90341532,0.5472428,0.,0.907470574,      785P   1216
0.541173683,0.,0.911525828,0.535104567,0.,0.914319135,               785P   1217
0.528360926,0.,0.917112443,0.521617286,0.,0.918536459,               785P   1218
0.514458275,0.,0.919960474,0.507299264,0.,0.919960474,0.5,0.,        785P   1219
0.,1.,0.,0.,1.;                                                      785P   1220
124,1.40271637621286E-014,1.,0.,-2.,-6.12303176911189E-017,          787P   1221
8.58887693460487E-031,-1.,9.,-1.,1.40271637621286E-014,              787P   1222
6.12303176911189E-017,6.99999999999997;                              787P   1223
100,7.,0.,2.,1.5,2.,-1.5,2.;                                         789P   1224
102,2,779,785;                                                       791P   1225
102,2,783,789;                                                       793P   1226
142,1,705,791,793,1;                                                 795P   1227
126,32,2,1,0,1,0,0.,0.,0.,0.0625,0.0625,0.125,0.125,0.1875,          797P   1228
0.1875,0.25,0.25,0.3125,0.3125,0.375,0.375,0.4375,0.4375,0.5,        797P   1229
0.5,0.5625,0.5625,0.625,0.625,0.6875,0.6875,0.75,0.75,0.8125,        797P   1230
0.8125,0.875,0.875,0.9375,0.9375,1.,1.,1.,1.,1.,1.,1.,1.,1.,1.,      797P   1231
1.,1.,1.,1.,1.,1.,1.,1.,1.,1.,1.,1.,1.,1.,1.,1.,1.,1.,1.,1.,1.,      797P   1232
1.,1.,1.,1.,1.,0.425889328,0.154150198,0.,0.425889328,               797P   1233
0.161449462,0.,0.427313344,0.168608472,0.,0.42873736,                797P   1234
0.175767483,0.,0.431530667,0.182511124,0.,0.434323974,               797P   1235
0.189254765,0.,0.438379228,0.195323881,0.,0.442434482,               797P   1236
0.201392997,0.,0.447595841,0.206554356,0.,0.4527572,                 797P   1237
0.211715715,0.,0.458826317,0.215770969,0.,0.464895433,               797P   1238
0.219826223,0.,0.471639074,0.222619531,0.,0.478382714,               797P   1239
0.225412838,0.,0.485541725,0.226836854,0.,0.492700736,               797P   1240
0.22826087,0.,0.5,0.22826087,0.,0.507299264,0.22826087,0.,           797P   1241
0.514458275,0.226836854,0.,0.521617286,0.225412838,0.,               797P   1242
0.528360926,0.222619531,0.,0.535104567,0.219826223,0.,               797P   1243
0.541173683,0.215770969,0.,0.5472428,0.211715715,0.,                 797P   1244
0.552404159,0.206554356,0.,0.557565518,0.201392997,0.,               797P   1245
0.561620772,0.195323881,0.,0.565676026,0.189254765,0.,               797P   1246
0.568469333,0.182511124,0.,0.57126264,0.175767483,0.,                797P   1247
0.572686656,0.168608472,0.,0.574110672,0.161449462,0.,               797P   1248
0.574110672,0.154150198,0.,0.,1.,0.,0.,1.;                           797P   1249
124,1.40271637621286E-014,1.,0.,-8.9999999999999,                    799P   1250
-6.12303176911189E-017,8.58887693460487E-031,-1.,2.,-1.,             799P   1251
1.40271637621286E-014,6.12303176911189E-017,-7.00000000000003;       799P   1252
100,0.,-7.,2.,-5.5,2.,-8.5,2.;                                       801P   1253
126,32,2,1,0,1,0,0.,0.,0.,0.0625,0.0625,0.125,0.125,0.1875,          803P   1254
0.1875,0.25,0.25,0.3125,0.3125,0.375,0.375,0.4375,0.4375,0.5,        803P   1255
0.5,0.5625,0.5625,0.625,0.625,0.6875,0.6875,0.75,0.75,0.8125,        803P   1256
0.8125,0.875,0.875,0.9375,0.9375,1.,1.,1.,1.,1.,1.,1.,1.,1.,1.,      803P   1257
1.,1.,1.,1.,1.,1.,1.,1.,1.,1.,1.,1.,1.,1.,1.,1.,1.,1.,1.,1.,1.,      803P   1258
1.,1.,1.,1.,1.,0.574110672,0.154150198,0.,0.574110672,               803P   1259
0.146850934,0.,0.572686656,0.139691923,0.,0.57126264,                803P   1260
0.132532912,0.,0.568469333,0.125789271,0.,0.565676026,               803P   1261
0.119045631,0.,0.561620772,0.112976514,0.,0.557565518,               803P   1262
0.106907398,0.,0.552404159,0.101746039,0.,0.5472428,0.09658468,      803P   1263
0.,0.541173683,0.092529426,0.,0.535104567,0.088474172,0.,            803P   1264
0.528360926,0.085680865,0.,0.521617286,0.082887557,0.,               803P   1265
0.514458275,0.081463541,0.,0.507299264,0.080039526,0.,0.5,           803P   1266
0.080039526,0.,0.492700736,0.080039526,0.,0.485541725,               803P   1267
0.081463541,0.,0.478382714,0.082887557,0.,0.471639074,               803P   1268
0.085680865,0.,0.464895433,0.088474172,0.,0.458826317,               803P   1269
0.092529426,0.,0.4527572,0.09658468,0.,0.447595841,0.101746039,      803P   1270
0.,0.442434482,0.106907398,0.,0.438379228,0.112976514,0.,            803P   1271
0.434323974,0.119045631,0.,0.431530667,0.125789271,0.,               803P   1272
0.42873736,0.132532912,0.,0.427313344,0.139691923,0.,                803P   1273
0.425889328,0.146850934,0.,0.425889328,0.154150198,0.,0.,1.,0.,      803P   1274
0.,1.;                                                               803P   1275
124,6.12303176911189E-017,-1.,0.,-5.,6.12303176911189E-017,          805P   1276
3.74915180455534E-033,-1.,2.,1.,6.12303176911189E-017,               805P   1277
6.12303176911189E-017,7.;                                            805P   1278
100,0.,-7.,2.,-5.5,2.,-8.5,2.;                                       807P   1279
102,2,797,803;                                                       809P   1280
102,2,801,807;                                                       811P   1281
142,1,705,809,811,1;                                                 813P   1282
144,705,1,5,723,741,759,777,795,813;                                 815P   1283
110,-7.,0.,0.,-7.,1000.,0.;                                          817P   1284
110,-7.,0.,1.5,-7.,2.,1.5;                                           819P   1285
120,817,819,0.,6.28318530717959;                                     821P   1286
126,1,1,1,0,1,0,0.,0.,1.,1.,1.,1.,1.,3.141592654,0.,1.,0.,0.,        823P   1287
0.,1.,0.,0.,1.;                                                      823P   1288
124,1.40271637621286E-014,1.,0.,-8.9999999999999,                    825P   1289
-6.12303176911189E-017,8.58887693460487E-031,-1.,2.,-1.,             825P   1290
1.40271637621286E-014,6.12303176911189E-017,-7.00000000000003;       825P   1291
100,0.,-7.,2.,-5.5,2.,-8.5,2.;                                       827P   1292
126,1,1,1,0,1,0,0.,0.,1.,1.,1.,1.,1.,0.,0.,0.,0.,0.,0.,1.,0.,        829P   1293
0.,1.;                                                               829P   1294
110,-7.,2.,1.5,-7.,0.,1.5;                                           831P   1295
126,1,1,1,0,1,0,0.,0.,1.,1.,1.,1.,0.,0.,0.,0.,3.141592654,0.,        833P   1296
0.,1.,0.,0.,1.;                                                      833P   1297
124,1.40271637621286E-014,1.,0.,-6.9999999999999,                    835P   1298
-6.12303176911189E-017,8.58887693460487E-031,1.,                     835P   1299
-4.28612223837832E-016,1.,-1.40271637621286E-014,                    835P   1300
6.12303176911189E-017,7.;                                            835P   1301
100,0.,-7.,0.,-5.5,0.,-8.5,0.;                                       837P   1302
126,1,1,1,0,1,0,0.,0.,1.,1.,1.,1.,0.,3.141592654,0.,1.,              839P   1303
3.141592654,0.,0.,1.,0.,0.,1.;                                       839P   1304
110,-7.,0.,-1.5,-7.,2.,-1.5;                                         841P   1305
102,4,823,829,833,839;                                               843P   1306
102,4,827,831,837,841;                                               845P   1307
142,1,821,843,845,1;                                                 847P   1308
144,821,1,0,847;                                                     849P   1309
S      1G      4D    850P   1309                                        T      1
