SolidWorks IGES file using analytic representation for surfaces         S      1
1H,,1H;,20H∑®¿º÷·≥–3X8X3.SLDPRT,66HE:\Solidworks_Project\÷ßº‹≈‰Ã◊◊ ¡œ\µ•G      1
÷·÷ßº‹\÷·≥–\∑®¿º÷·≥–3X8X3.IGS,15HSolidWorks 2010,15HSolidWorks 2010,32, G      2
308,15,308,15,20H∑®¿º÷·≥–3X8X3.SLDPRT,1.,2,2HMM,50,0.125,13H170620.22121G      3
6,1E-008,499990.,13HAdministrator,,11,0,13H170620.221216;               G      4
     314       1       0       0       0                        00000200D      1
     314       0       6       1       0                               0D      2
     110       2       0       0       0                        01010000D      3
     110       0       0       1       0                               0D      4
     110       3       0       0       0                        01010000D      5
     110       0       0       1       0                               0D      6
     120       4       0       0       0                        01010000D      7
     120       0       0       1       0                               0D      8
     126       5       0       0       0                        01010500D      9
     126       0       0       2       0                               0D     10
     124       7       0       0       0                        00000000D     11
     124       0       0       3       0                               0D     12
     100      10       0       0       0              11        01010000D     13
     100       0       0       1       0                               0D     14
     126      11       0       0       0                        01010500D     15
     126       0       0       2       0                               0D     16
     110      13       0       0       0                        01010000D     17
     110       0       0       1       0                               0D     18
     126      14       0       0       0                        01010500D     19
     126       0       0       2       0                               0D     20
     124      16       0       0       0                        00000000D     21
     124       0       0       3       0                               0D     22
     100      19       0       0       0              21        01010000D     23
     100       0       0       1       0                               0D     24
     126      20       0       0       0                        01010500D     25
     126       0       0       2       0                               0D     26
     110      22       0       0       0                        01010000D     27
     110       0       0       1       0                               0D     28
     102      23       0       0       0                        01010500D     29
     102       0       0       1       0                               0D     30
     102      24       0       0       0                        01010000D     31
     102       0       0       1       0                               0D     32
     142      25       0       0       0                        00010500D     33
     142       0       0       1       0                               0D     34
     144      26       0       0       0                        00000000D     35
     144       0      -1       1       0                               0D     36
     110      27       0       0       0                        01010000D     37
     110       0       0       1       0                               0D     38
     110      28       0       0       0                        01010000D     39
     110       0       0       1       0                               0D     40
     120      29       0       0       0                        01010000D     41
     120       0       0       1       0                               0D     42
     126      30       0       0       0                        01010500D     43
     126       0       0       2       0                               0D     44
     110      32       0       0       0                        01010000D     45
     110       0       0       1       0                               0D     46
     126      33       0       0       0                        01010500D     47
     126       0       0       2       0                               0D     48
     124      35       0       0       0                        00000000D     49
     124       0       0       3       0                               0D     50
     100      38       0       0       0              49        01010000D     51
     100       0       0       1       0                               0D     52
     126      39       0       0       0                        01010500D     53
     126       0       0       2       0                               0D     54
     110      41       0       0       0                        01010000D     55
     110       0       0       1       0                               0D     56
     126      42       0       0       0                        01010500D     57
     126       0       0       2       0                               0D     58
     124      44       0       0       0                        00000000D     59
     124       0       0       3       0                               0D     60
     100      47       0       0       0              59        01010000D     61
     100       0       0       1       0                               0D     62
     102      48       0       0       0                        01010500D     63
     102       0       0       1       0                               0D     64
     102      49       0       0       0                        01010000D     65
     102       0       0       1       0                               0D     66
     142      50       0       0       0                        00010500D     67
     142       0       0       1       0                               0D     68
     144      51       0       0       0                        00000000D     69
     144       0      -1       1       0                               0D     70
     110      52       0       0       0                        01010000D     71
     110       0       0       1       0                               0D     72
     110      53       0       0       0                        01010000D     73
     110       0       0       1       0                               0D     74
     120      54       0       0       0                        01010000D     75
     120       0       0       1       0                               0D     76
     126      55       0       0       0                        01010500D     77
     126       0       0       2       0                               0D     78
     124      57       0       0       0                        00000000D     79
     124       0       0       3       0                               0D     80
     100      60       0       0       0              79        01010000D     81
     100       0       0       1       0                               0D     82
     126      61       0       0       0                        01010500D     83
     126       0       0       2       0                               0D     84
     110      63       0       0       0                        01010000D     85
     110       0       0       1       0                               0D     86
     126      64       0       0       0                        01010500D     87
     126       0       0       2       0                               0D     88
     124      66       0       0       0                        00000000D     89
     124       0       0       3       0                               0D     90
     100      69       0       0       0              89        01010000D     91
     100       0       0       1       0                               0D     92
     126      70       0       0       0                        01010500D     93
     126       0       0       2       0                               0D     94
     110      72       0       0       0                        01010000D     95
     110       0       0       1       0                               0D     96
     102      73       0       0       0                        01010500D     97
     102       0       0       1       0                               0D     98
     102      74       0       0       0                        01010000D     99
     102       0       0       1       0                               0D    100
     142      75       0       0       0                        00010500D    101
     142       0       0       1       0                               0D    102
     144      76       0       0       0                        00000000D    103
     144       0      -1       1       0                               0D    104
     110      77       0       0       0                        01010000D    105
     110       0       0       1       0                               0D    106
     110      78       0       0       0                        01010000D    107
     110       0       0       1       0                               0D    108
     120      79       0       0       0                        01010000D    109
     120       0       0       1       0                               0D    110
     126      80       0       0       0                        01010500D    111
     126       0       0       2       0                               0D    112
     124      82       0       0       0                        00000000D    113
     124       0       0       5       0                               0D    114
     100      87       0       0       0             113        01010000D    115
     100       0       0       1       0                               0D    116
     126      88       0       0       0                        01010500D    117
     126       0       0       2       0                               0D    118
     110      90       0       0       0                        01010000D    119
     110       0       0       1       0                               0D    120
     126      91       0       0       0                        01010500D    121
     126       0       0       2       0                               0D    122
     124      93       0       0       0                        00000000D    123
     124       0       0       3       0                               0D    124
     100      96       0       0       0             123        01010000D    125
     100       0       0       1       0                               0D    126
     126      97       0       0       0                        01010500D    127
     126       0       0       2       0                               0D    128
     110      99       0       0       0                        01010000D    129
     110       0       0       1       0                               0D    130
     102     100       0       0       0                        01010500D    131
     102       0       0       1       0                               0D    132
     102     101       0       0       0                        01010000D    133
     102       0       0       1       0                               0D    134
     142     102       0       0       0                        00010500D    135
     142       0       0       1       0                               0D    136
     144     103       0       0       0                        00000000D    137
     144       0      -1       1       0                               0D    138
     110     104       0       0       0                        01010000D    139
     110       0       0       1       0                               0D    140
     110     105       0       0       0                        01010000D    141
     110       0       0       1       0                               0D    142
     120     106       0       0       0                        01010000D    143
     120       0       0       1       0                               0D    144
     126     107       0       0       0                        01010500D    145
     126       0       0       2       0                               0D    146
     110     109       0       0       0                        01010000D    147
     110       0       0       1       0                               0D    148
     126     110       0       0       0                        01010500D    149
     126       0       0       2       0                               0D    150
     124     112       0       0       0                        00000000D    151
     124       0       0       3       0                               0D    152
     100     115       0       0       0             151        01010000D    153
     100       0       0       1       0                               0D    154
     126     116       0       0       0                        01010500D    155
     126       0       0       2       0                               0D    156
     110     118       0       0       0                        01010000D    157
     110       0       0       1       0                               0D    158
     126     119       0       0       0                        01010500D    159
     126       0       0       2       0                               0D    160
     124     121       0       0       0                        00000000D    161
     124       0       0       3       0                               0D    162
     100     124       0       0       0             161        01010000D    163
     100       0       0       1       0                               0D    164
     102     125       0       0       0                        01010500D    165
     102       0       0       1       0                               0D    166
     102     126       0       0       0                        01010000D    167
     102       0       0       1       0                               0D    168
     142     127       0       0       0                        00010500D    169
     142       0       0       1       0                               0D    170
     144     128       0       0       0                        00000000D    171
     144       0      -1       1       0                               0D    172
     110     129       0       0       0                        01010000D    173
     110       0       0       1       0                               0D    174
     110     130       0       0       0                        01010000D    175
     110       0       0       1       0                               0D    176
     120     131       0       0       0                        01010000D    177
     120       0       0       1       0                               0D    178
     126     132       0       0       0                        01010500D    179
     126       0       0       2       0                               0D    180
     110     134       0       0       0                        01010000D    181
     110       0       0       1       0                               0D    182
     126     135       0       0       0                        01010500D    183
     126       0       0       2       0                               0D    184
     124     137       0       0       0                        00000000D    185
     124       0       0       3       0                               0D    186
     100     140       0       0       0             185        01010000D    187
     100       0       0       1       0                               0D    188
     126     141       0       0       0                        01010500D    189
     126       0       0       2       0                               0D    190
     110     143       0       0       0                        01010000D    191
     110       0       0       1       0                               0D    192
     126     144       0       0       0                        01010500D    193
     126       0       0       2       0                               0D    194
     124     146       0       0       0                        00000000D    195
     124       0       0       3       0                               0D    196
     100     149       0       0       0             195        01010000D    197
     100       0       0       1       0                               0D    198
     102     150       0       0       0                        01010500D    199
     102       0       0       1       0                               0D    200
     102     151       0       0       0                        01010000D    201
     102       0       0       1       0                               0D    202
     142     152       0       0       0                        00010500D    203
     142       0       0       1       0                               0D    204
     144     153       0       0       0                        00000000D    205
     144       0      -1       1       0                               0D    206
     110     154       0       0       0                        01010000D    207
     110       0       0       1       0                               0D    208
     110     155       0       0       0                        01010000D    209
     110       0       0       1       0                               0D    210
     120     156       0       0       0                        01010000D    211
     120       0       0       1       0                               0D    212
     126     157       0       0       0                        01010500D    213
     126       0       0       2       0                               0D    214
     124     159       0       0       0                        00000000D    215
     124       0       0       3       0                               0D    216
     100     162       0       0       0             215        01010000D    217
     100       0       0       1       0                               0D    218
     126     163       0       0       0                        01010500D    219
     126       0       0       2       0                               0D    220
     110     165       0       0       0                        01010000D    221
     110       0       0       1       0                               0D    222
     126     166       0       0       0                        01010500D    223
     126       0       0       2       0                               0D    224
     124     168       0       0       0                        00000000D    225
     124       0       0       4       0                               0D    226
     100     172       0       0       0             225        01010000D    227
     100       0       0       1       0                               0D    228
     126     173       0       0       0                        01010500D    229
     126       0       0       2       0                               0D    230
     110     175       0       0       0                        01010000D    231
     110       0       0       1       0                               0D    232
     102     176       0       0       0                        01010500D    233
     102       0       0       1       0                               0D    234
     102     177       0       0       0                        01010000D    235
     102       0       0       1       0                               0D    236
     142     178       0       0       0                        00010500D    237
     142       0       0       1       0                               0D    238
     144     179       0       0       0                        00000000D    239
     144       0      -1       1       0                               0D    240
     128     180       0       0       0                        01010000D    241
     128       0       0       3       0                               0D    242
     126     183       0       0       0                        01010500D    243
     126       0       0      22       0                               0D    244
     124     205       0       0       0                        00000000D    245
     124       0       0       3       0                               0D    246
     100     208       0       0       0             245        01010000D    247
     100       0       0       1       0                               0D    248
     126     209       0       0       0                        01010500D    249
     126       0       0      22       0                               0D    250
     124     231       0       0       0                        00000000D    251
     124       0       0       3       0                               0D    252
     100     234       0       0       0             251        01010000D    253
     100       0       0       1       0                               0D    254
     102     235       0       0       0                        01010500D    255
     102       0       0       1       0                               0D    256
     102     236       0       0       0                        01010000D    257
     102       0       0       1       0                               0D    258
     142     237       0       0       0                        00010500D    259
     142       0       0       1       0                               0D    260
     126     238       0       0       0                        01010500D    261
     126       0       0      22       0                               0D    262
     124     260       0       0       0                        00000000D    263
     124       0       0       3       0                               0D    264
     100     263       0       0       0             263        01010000D    265
     100       0       0       1       0                               0D    266
     126     264       0       0       0                        01010500D    267
     126       0       0      22       0                               0D    268
     124     286       0       0       0                        00000000D    269
     124       0       0       3       0                               0D    270
     100     289       0       0       0             269        01010000D    271
     100       0       0       1       0                               0D    272
     102     290       0       0       0                        01010500D    273
     102       0       0       1       0                               0D    274
     102     291       0       0       0                        01010000D    275
     102       0       0       1       0                               0D    276
     142     292       0       0       0                        00010500D    277
     142       0       0       1       0                               0D    278
     144     293       0       0       0                        00000000D    279
     144       0      -1       1       0                               0D    280
     110     294       0       0       0                        01010000D    281
     110       0       0       1       0                               0D    282
     110     295       0       0       0                        01010000D    283
     110       0       0       1       0                               0D    284
     120     296       0       0       0                        01010000D    285
     120       0       0       1       0                               0D    286
     126     297       0       0       0                        01010500D    287
     126       0       0       2       0                               0D    288
     110     299       0       0       0                        01010000D    289
     110       0       0       1       0                               0D    290
     126     300       0       0       0                        01010500D    291
     126       0       0       2       0                               0D    292
     124     302       0       0       0                        00000000D    293
     124       0       0       3       0                               0D    294
     100     305       0       0       0             293        01010000D    295
     100       0       0       1       0                               0D    296
     126     306       0       0       0                        01010500D    297
     126       0       0       2       0                               0D    298
     110     308       0       0       0                        01010000D    299
     110       0       0       1       0                               0D    300
     126     309       0       0       0                        01010500D    301
     126       0       0       2       0                               0D    302
     124     311       0       0       0                        00000000D    303
     124       0       0       4       0                               0D    304
     100     315       0       0       0             303        01010000D    305
     100       0       0       1       0                               0D    306
     102     316       0       0       0                        01010500D    307
     102       0       0       1       0                               0D    308
     102     317       0       0       0                        01010000D    309
     102       0       0       1       0                               0D    310
     142     318       0       0       0                        00010500D    311
     142       0       0       1       0                               0D    312
     144     319       0       0       0                        00000000D    313
     144       0      -1       1       0                               0D    314
     110     320       0       0       0                        01010000D    315
     110       0       0       1       0                               0D    316
     110     321       0       0       0                        01010000D    317
     110       0       0       1       0                               0D    318
     120     322       0       0       0                        01010000D    319
     120       0       0       1       0                               0D    320
     126     323       0       0       0                        01010500D    321
     126       0       0       2       0                               0D    322
     124     325       0       0       0                        00000000D    323
     124       0       0       3       0                               0D    324
     100     328       0       0       0             323        01010000D    325
     100       0       0       1       0                               0D    326
     126     329       0       0       0                        01010500D    327
     126       0       0       2       0                               0D    328
     110     331       0       0       0                        01010000D    329
     110       0       0       1       0                               0D    330
     126     332       0       0       0                        01010500D    331
     126       0       0       2       0                               0D    332
     124     334       0       0       0                        00000000D    333
     124       0       0       3       0                               0D    334
     100     337       0       0       0             333        01010000D    335
     100       0       0       1       0                               0D    336
     126     338       0       0       0                        01010500D    337
     126       0       0       2       0                               0D    338
     110     340       0       0       0                        01010000D    339
     110       0       0       1       0                               0D    340
     102     341       0       0       0                        01010500D    341
     102       0       0       1       0                               0D    342
     102     342       0       0       0                        01010000D    343
     102       0       0       1       0                               0D    344
     142     343       0       0       0                        00010500D    345
     142       0       0       1       0                               0D    346
     144     344       0       0       0                        00000000D    347
     144       0      -1       1       0                               0D    348
     128     345       0       0       0                        01010000D    349
     128       0       0      16       0                               0D    350
     126     361       0       0       0                        01010500D    351
     126       0       0       2       0                               0D    352
     124     363       0       0       0                        00000000D    353
     124       0       0       4       0                               0D    354
     100     367       0       0       0             353        01010000D    355
     100       0       0       1       0                               0D    356
     126     368       0       0       0                        01010500D    357
     126       0       0       2       0                               0D    358
     126     370       0       0       0                        01010000D    359
     126       0       0       7       0                               0D    360
     126     377       0       0       0                        01010500D    361
     126       0       0       2       0                               0D    362
     124     379       0       0       0                        00000000D    363
     124       0       0       3       0                               0D    364
     100     382       0       0       0             363        01010000D    365
     100       0       0       1       0                               0D    366
     126     383       0       0       0                        01010500D    367
     126       0       0       2       0                               0D    368
     126     385       0       0       0                        01010000D    369
     126       0       0       6       0                               0D    370
     102     391       0       0       0                        01010500D    371
     102       0       0       1       0                               0D    372
     102     392       0       0       0                        01010000D    373
     102       0       0       1       0                               0D    374
     142     393       0       0       0                        00010500D    375
     142       0       0       1       0                               0D    376
     144     394       0       0       0                        00000000D    377
     144       0      -1       1       0                               0D    378
     128     395       0       0       0                        01010000D    379
     128       0       0      16       0                               0D    380
     126     411       0       0       0                        01010500D    381
     126       0       0       2       0                               0D    382
     126     413       0       0       0                        01010000D    383
     126       0       0       6       0                               0D    384
     126     419       0       0       0                        01010500D    385
     126       0       0       2       0                               0D    386
     124     421       0       0       0                        00000000D    387
     124       0       0       4       0                               0D    388
     100     425       0       0       0             387        01010000D    389
     100       0       0       1       0                               0D    390
     126     426       0       0       0                        01010500D    391
     126       0       0       2       0                               0D    392
     126     428       0       0       0                        01010000D    393
     126       0       0       6       0                               0D    394
     126     434       0       0       0                        01010500D    395
     126       0       0       2       0                               0D    396
     124     436       0       0       0                        00000000D    397
     124       0       0       3       0                               0D    398
     100     439       0       0       0             397        01010000D    399
     100       0       0       1       0                               0D    400
     102     440       0       0       0                        01010500D    401
     102       0       0       1       0                               0D    402
     102     441       0       0       0                        01010000D    403
     102       0       0       1       0                               0D    404
     142     442       0       0       0                        00010500D    405
     142       0       0       1       0                               0D    406
     144     443       0       0       0                        00000000D    407
     144       0      -1       1       0                               0D    408
     128     444       0       0       0                        01010000D    409
     128       0       0       3       0                               0D    410
     126     447       0       0       0                        01010500D    411
     126       0       0      22       0                               0D    412
     124     469       0       0       0                        00000000D    413
     124       0       0       3       0                               0D    414
     100     472       0       0       0             413        01010000D    415
     100       0       0       1       0                               0D    416
     126     473       0       0       0                        01010500D    417
     126       0       0      22       0                               0D    418
     124     495       0       0       0                        00000000D    419
     124       0       0       3       0                               0D    420
     100     498       0       0       0             419        01010000D    421
     100       0       0       1       0                               0D    422
     102     499       0       0       0                        01010500D    423
     102       0       0       1       0                               0D    424
     102     500       0       0       0                        01010000D    425
     102       0       0       1       0                               0D    426
     142     501       0       0       0                        00010500D    427
     142       0       0       1       0                               0D    428
     126     502       0       0       0                        01010500D    429
     126       0       0      22       0                               0D    430
     124     524       0       0       0                        00000000D    431
     124       0       0       3       0                               0D    432
     100     527       0       0       0             431        01010000D    433
     100       0       0       1       0                               0D    434
     126     528       0       0       0                        01010500D    435
     126       0       0      22       0                               0D    436
     124     550       0       0       0                        00000000D    437
     124       0       0       3       0                               0D    438
     100     553       0       0       0             437        01010000D    439
     100       0       0       1       0                               0D    440
     102     554       0       0       0                        01010500D    441
     102       0       0       1       0                               0D    442
     102     555       0       0       0                        01010000D    443
     102       0       0       1       0                               0D    444
     142     556       0       0       0                        00010500D    445
     142       0       0       1       0                               0D    446
     144     557       0       0       0                        00000000D    447
     144       0      -1       1       0                               0D    448
     110     558       0       0       0                        01010000D    449
     110       0       0       1       0                               0D    450
     110     559       0       0       0                        01010000D    451
     110       0       0       1       0                               0D    452
     120     560       0       0       0                        01010000D    453
     120       0       0       1       0                               0D    454
     126     561       0       0       0                        01010500D    455
     126       0       0       2       0                               0D    456
     124     563       0       0       0                        00000000D    457
     124       0       0       3       0                               0D    458
     100     566       0       0       0             457        01010000D    459
     100       0       0       1       0                               0D    460
     126     567       0       0       0                        01010500D    461
     126       0       0       2       0                               0D    462
     110     569       0       0       0                        01010000D    463
     110       0       0       1       0                               0D    464
     126     570       0       0       0                        01010500D    465
     126       0       0       2       0                               0D    466
     124     572       0       0       0                        00000000D    467
     124       0       0       3       0                               0D    468
     100     575       0       0       0             467        01010000D    469
     100       0       0       1       0                               0D    470
     126     576       0       0       0                        01010500D    471
     126       0       0       2       0                               0D    472
     110     578       0       0       0                        01010000D    473
     110       0       0       1       0                               0D    474
     102     579       0       0       0                        01010500D    475
     102       0       0       1       0                               0D    476
     102     580       0       0       0                        01010000D    477
     102       0       0       1       0                               0D    478
     142     581       0       0       0                        00010500D    479
     142       0       0       1       0                               0D    480
     144     582       0       0       0                        00000000D    481
     144       0      -1       1       0                               0D    482
     110     583       0       0       0                        01010000D    483
     110       0       0       1       0                               0D    484
     110     584       0       0       0                        01010000D    485
     110       0       0       1       0                               0D    486
     120     585       0       0       0                        01010000D    487
     120       0       0       1       0                               0D    488
     126     586       0       0       0                        01010500D    489
     126       0       0       2       0                               0D    490
     110     588       0       0       0                        01010000D    491
     110       0       0       1       0                               0D    492
     126     589       0       0       0                        01010500D    493
     126       0       0       2       0                               0D    494
     124     591       0       0       0                        00000000D    495
     124       0       0       4       0                               0D    496
     100     595       0       0       0             495        01010000D    497
     100       0       0       1       0                               0D    498
     126     596       0       0       0                        01010500D    499
     126       0       0       2       0                               0D    500
     110     598       0       0       0                        01010000D    501
     110       0       0       1       0                               0D    502
     126     599       0       0       0                        01010500D    503
     126       0       0       2       0                               0D    504
     124     601       0       0       0                        00000000D    505
     124       0       0       3       0                               0D    506
     100     604       0       0       0             505        01010000D    507
     100       0       0       1       0                               0D    508
     102     605       0       0       0                        01010500D    509
     102       0       0       1       0                               0D    510
     102     606       0       0       0                        01010000D    511
     102       0       0       1       0                               0D    512
     142     607       0       0       0                        00010500D    513
     142       0       0       1       0                               0D    514
     144     608       0       0       0                        00000000D    515
     144       0      -1       1       0                               0D    516
     128     609       0       0       0                        01010000D    517
     128       0       0       3       0                               0D    518
     126     612       0       0       0                        01010500D    519
     126       0       0      22       0                               0D    520
     124     634       0       0       0                        00000000D    521
     124       0       0       3       0                               0D    522
     100     637       0       0       0             521        01010000D    523
     100       0       0       1       0                               0D    524
     126     638       0       0       0                        01010500D    525
     126       0       0      22       0                               0D    526
     124     660       0       0       0                        00000000D    527
     124       0       0       3       0                               0D    528
     100     663       0       0       0             527        01010000D    529
     100       0       0       1       0                               0D    530
     102     664       0       0       0                        01010500D    531
     102       0       0       1       0                               0D    532
     102     665       0       0       0                        01010000D    533
     102       0       0       1       0                               0D    534
     142     666       0       0       0                        00010500D    535
     142       0       0       1       0                               0D    536
     126     667       0       0       0                        01010500D    537
     126       0       0      22       0                               0D    538
     124     689       0       0       0                        00000000D    539
     124       0       0       3       0                               0D    540
     100     692       0       0       0             539        01010000D    541
     100       0       0       1       0                               0D    542
     126     693       0       0       0                        01010500D    543
     126       0       0      22       0                               0D    544
     124     715       0       0       0                        00000000D    545
     124       0       0       3       0                               0D    546
     100     718       0       0       0             545        01010000D    547
     100       0       0       1       0                               0D    548
     102     719       0       0       0                        01010500D    549
     102       0       0       1       0                               0D    550
     102     720       0       0       0                        01010000D    551
     102       0       0       1       0                               0D    552
     142     721       0       0       0                        00010500D    553
     142       0       0       1       0                               0D    554
     144     722       0       0       0                        00000000D    555
     144       0      -1       1       0                               0D    556
     128     723       0       0       0                        01010000D    557
     128       0       0      16       0                               0D    558
     126     739       0       0       0                        01010500D    559
     126       0       0       2       0                               0D    560
     124     741       0       0       0                        00000000D    561
     124       0       0       3       0                               0D    562
     100     744       0       0       0             561        01010000D    563
     100       0       0       1       0                               0D    564
     126     745       0       0       0                        01010500D    565
     126       0       0       2       0                               0D    566
     126     747       0       0       0                        01010000D    567
     126       0       0       6       0                               0D    568
     126     753       0       0       0                        01010500D    569
     126       0       0       2       0                               0D    570
     124     755       0       0       0                        00000000D    571
     124       0       0       5       0                               0D    572
     100     760       0       0       0             571        01010000D    573
     100       0       0       1       0                               0D    574
     126     761       0       0       0                        01010500D    575
     126       0       0       2       0                               0D    576
     126     763       0       0       0                        01010000D    577
     126       0       0       6       0                               0D    578
     102     769       0       0       0                        01010500D    579
     102       0       0       1       0                               0D    580
     102     770       0       0       0                        01010000D    581
     102       0       0       1       0                               0D    582
     142     771       0       0       0                        00010500D    583
     142       0       0       1       0                               0D    584
     144     772       0       0       0                        00000000D    585
     144       0      -1       1       0                               0D    586
     128     773       0       0       0                        01010000D    587
     128       0       0      16       0                               0D    588
     126     789       0       0       0                        01010500D    589
     126       0       0       2       0                               0D    590
     126     791       0       0       0                        01010000D    591
     126       0       0       6       0                               0D    592
     126     797       0       0       0                        01010500D    593
     126       0       0       2       0                               0D    594
     124     799       0       0       0                        00000000D    595
     124       0       0       3       0                               0D    596
     100     802       0       0       0             595        01010000D    597
     100       0       0       1       0                               0D    598
     126     803       0       0       0                        01010500D    599
     126       0       0       2       0                               0D    600
     126     805       0       0       0                        01010000D    601
     126       0       0       7       0                               0D    602
     126     812       0       0       0                        01010500D    603
     126       0       0       2       0                               0D    604
     124     814       0       0       0                        00000000D    605
     124       0       0       4       0                               0D    606
     100     818       0       0       0             605        01010000D    607
     100       0       0       1       0                               0D    608
     102     819       0       0       0                        01010500D    609
     102       0       0       1       0                               0D    610
     102     820       0       0       0                        01010000D    611
     102       0       0       1       0                               0D    612
     142     821       0       0       0                        00010500D    613
     142       0       0       1       0                               0D    614
     144     822       0       0       0                        00000000D    615
     144       0      -1       1       0                               0D    616
     110     823       0       0       0                        01010000D    617
     110       0       0       1       0                               0D    618
     110     824       0       0       0                        01010000D    619
     110       0       0       1       0                               0D    620
     120     825       0       0       0                        01010000D    621
     120       0       0       1       0                               0D    622
     126     826       0       0       0                        01010500D    623
     126       0       0       2       0                               0D    624
     110     828       0       0       0                        01010000D    625
     110       0       0       1       0                               0D    626
     126     829       0       0       0                        01010500D    627
     126       0       0       2       0                               0D    628
     124     831       0       0       0                        00000000D    629
     124       0       0       3       0                               0D    630
     100     834       0       0       0             629        01010000D    631
     100       0       0       1       0                               0D    632
     126     835       0       0       0                        01010500D    633
     126       0       0       2       0                               0D    634
     110     837       0       0       0                        01010000D    635
     110       0       0       1       0                               0D    636
     126     838       0       0       0                        01010500D    637
     126       0       0       2       0                               0D    638
     124     840       0       0       0                        00000000D    639
     124       0       0       3       0                               0D    640
     100     843       0       0       0             639        01010000D    641
     100       0       0       1       0                               0D    642
     102     844       0       0       0                        01010500D    643
     102       0       0       1       0                               0D    644
     102     845       0       0       0                        01010000D    645
     102       0       0       1       0                               0D    646
     142     846       0       0       0                        00010500D    647
     142       0       0       1       0                               0D    648
     144     847       0       0       0                        00000000D    649
     144       0      -1       1       0                               0D    650
     110     848       0       0       0                        01010000D    651
     110       0       0       1       0                               0D    652
     110     849       0       0       0                        01010000D    653
     110       0       0       1       0                               0D    654
     120     850       0       0       0                        01010000D    655
     120       0       0       1       0                               0D    656
     126     851       0       0       0                        01010500D    657
     126       0       0       2       0                               0D    658
     124     853       0       0       0                        00000000D    659
     124       0       0       3       0                               0D    660
     100     856       0       0       0             659        01010000D    661
     100       0       0       1       0                               0D    662
     126     857       0       0       0                        01010500D    663
     126       0       0       2       0                               0D    664
     110     859       0       0       0                        01010000D    665
     110       0       0       1       0                               0D    666
     126     860       0       0       0                        01010500D    667
     126       0       0       2       0                               0D    668
     124     862       0       0       0                        00000000D    669
     124       0       0       3       0                               0D    670
     100     865       0       0       0             669        01010000D    671
     100       0       0       1       0                               0D    672
     126     866       0       0       0                        01010500D    673
     126       0       0       2       0                               0D    674
     110     868       0       0       0                        01010000D    675
     110       0       0       1       0                               0D    676
     102     869       0       0       0                        01010500D    677
     102       0       0       1       0                               0D    678
     102     870       0       0       0                        01010000D    679
     102       0       0       1       0                               0D    680
     142     871       0       0       0                        00010500D    681
     142       0       0       1       0                               0D    682
     144     872       0       0       0                        00000000D    683
     144       0      -1       1       0                               0D    684
     128     873       0       0       0                        01010000D    685
     128       0       0       3       0                               0D    686
     126     876       0       0       0                        01010500D    687
     126       0       0      22       0                               0D    688
     124     898       0       0       0                        00000000D    689
     124       0       0       3       0                               0D    690
     100     901       0       0       0             689        01010000D    691
     100       0       0       1       0                               0D    692
     126     902       0       0       0                        01010500D    693
     126       0       0      22       0                               0D    694
     124     924       0       0       0                        00000000D    695
     124       0       0       3       0                               0D    696
     100     927       0       0       0             695        01010000D    697
     100       0       0       1       0                               0D    698
     102     928       0       0       0                        01010500D    699
     102       0       0       1       0                               0D    700
     102     929       0       0       0                        01010000D    701
     102       0       0       1       0                               0D    702
     142     930       0       0       0                        00010500D    703
     142       0       0       1       0                               0D    704
     126     931       0       0       0                        01010500D    705
     126       0       0      22       0                               0D    706
     124     953       0       0       0                        00000000D    707
     124       0       0       3       0                               0D    708
     100     956       0       0       0             707        01010000D    709
     100       0       0       1       0                               0D    710
     126     957       0       0       0                        01010500D    711
     126       0       0      22       0                               0D    712
     124     979       0       0       0                        00000000D    713
     124       0       0       3       0                               0D    714
     100     982       0       0       0             713        01010000D    715
     100       0       0       1       0                               0D    716
     102     983       0       0       0                        01010500D    717
     102       0       0       1       0                               0D    718
     102     984       0       0       0                        01010000D    719
     102       0       0       1       0                               0D    720
     142     985       0       0       0                        00010500D    721
     142       0       0       1       0                               0D    722
     144     986       0       0       0                        00000000D    723
     144       0      -1       1       0                               0D    724
     128     987       0       0       0                        01010000D    725
     128       0       0       3       0                               0D    726
     126     990       0       0       0                        01010500D    727
     126       0       0      22       0                               0D    728
     124    1012       0       0       0                        00000000D    729
     124       0       0       3       0                               0D    730
     100    1015       0       0       0             729        01010000D    731
     100       0       0       1       0                               0D    732
     126    1016       0       0       0                        01010500D    733
     126       0       0      22       0                               0D    734
     124    1038       0       0       0                        00000000D    735
     124       0       0       3       0                               0D    736
     100    1041       0       0       0             735        01010000D    737
     100       0       0       1       0                               0D    738
     102    1042       0       0       0                        01010500D    739
     102       0       0       1       0                               0D    740
     102    1043       0       0       0                        01010000D    741
     102       0       0       1       0                               0D    742
     142    1044       0       0       0                        00010500D    743
     142       0       0       1       0                               0D    744
     126    1045       0       0       0                        01010500D    745
     126       0       0      21       0                               0D    746
     124    1066       0       0       0                        00000000D    747
     124       0       0       3       0                               0D    748
     100    1069       0       0       0             747        01010000D    749
     100       0       0       1       0                               0D    750
     126    1070       0       0       0                        01010500D    751
     126       0       0      21       0                               0D    752
     124    1091       0       0       0                        00000000D    753
     124       0       0       3       0                               0D    754
     100    1094       0       0       0             753        01010000D    755
     100       0       0       1       0                               0D    756
     102    1095       0       0       0                        01010500D    757
     102       0       0       1       0                               0D    758
     102    1096       0       0       0                        01010000D    759
     102       0       0       1       0                               0D    760
     142    1097       0       0       0                        00010500D    761
     142       0       0       1       0                               0D    762
     144    1098       0       0       0                        00000000D    763
     144       0      -1       1       0                               0D    764
     110    1099       0       0       0                        01010000D    765
     110       0       0       1       0                               0D    766
     110    1100       0       0       0                        01010000D    767
     110       0       0       1       0                               0D    768
     120    1101       0       0       0                        01010000D    769
     120       0       0       1       0                               0D    770
     126    1102       0       0       0                        01010500D    771
     126       0       0       2       0                               0D    772
     110    1104       0       0       0                        01010000D    773
     110       0       0       1       0                               0D    774
     126    1105       0       0       0                        01010500D    775
     126       0       0       2       0                               0D    776
     124    1107       0       0       0                        00000000D    777
     124       0       0       3       0                               0D    778
     100    1110       0       0       0             777        01010000D    779
     100       0       0       1       0                               0D    780
     126    1111       0       0       0                        01010500D    781
     126       0       0       2       0                               0D    782
     110    1113       0       0       0                        01010000D    783
     110       0       0       1       0                               0D    784
     126    1114       0       0       0                        01010500D    785
     126       0       0       2       0                               0D    786
     124    1116       0       0       0                        00000000D    787
     124       0       0       3       0                               0D    788
     100    1119       0       0       0             787        01010000D    789
     100       0       0       1       0                               0D    790
     102    1120       0       0       0                        01010500D    791
     102       0       0       1       0                               0D    792
     102    1121       0       0       0                        01010000D    793
     102       0       0       1       0                               0D    794
     142    1122       0       0       0                        00010500D    795
     142       0       0       1       0                               0D    796
     144    1123       0       0       0                        00000000D    797
     144       0      -1       1       0                               0D    798
314,64.7058823529412,61.9607843137255,58.8235294117647,;               1P      1
110,0.,0.,0.,0.,1000.,0.;                                              3P      2
110,0.,0.,4.75,0.,0.7,4.75;                                            5P      3
120,3,5,0.,6.28318530717959;                                           7P      4
126,1,1,1,0,1,0,0.,0.,1.,1.,1.,1.,0.,0.,0.,0.,3.141592654,0.,          9P      5
0.,1.,0.,0.,1.;                                                        9P      6
124,1.40271637621286E-014,1.,0.,0.,-6.12303176911189E-017,            11P      7
8.58887693460487E-031,1.,0.,1.,-1.40271637621286E-014,                11P      8
6.12303176911189E-017,0.;                                             11P      9
100,0.,0.,0.,4.75,0.,-4.75,0.;                                        13P     10
126,1,1,1,0,1,0,0.,0.,1.,1.,1.,1.,0.,3.141592654,0.,1.,               15P     11
3.141592654,0.,0.,1.,0.,0.,1.;                                        15P     12
110,0.,0.,-4.75,0.,0.7,-4.75;                                         17P     13
126,1,1,1,0,1,0,0.,0.,1.,1.,1.,1.,1.,3.141592654,0.,1.,0.,0.,         19P     14
0.,1.,0.,0.,1.;                                                       19P     15
124,1.40271637621286E-014,1.,0.,-0.7,-6.12303176911189E-017,          21P     16
8.58887693460487E-031,-1.,0.7,-1.,1.40271637621286E-014,              21P     17
6.12303176911189E-017,-9.81901463349005E-015;                         21P     18
100,0.,0.,0.7,4.75,0.7,-4.75,0.7;                                     23P     19
126,1,1,1,0,1,0,0.,0.,1.,1.,1.,1.,1.,0.,0.,0.,0.,0.,0.,1.,0.,         25P     20
0.,1.;                                                                25P     21
110,0.,0.7,4.75,0.,0.,4.75;                                           27P     22
102,4,9,15,19,25;                                                     29P     23
102,4,13,17,23,27;                                                    31P     24
142,1,7,29,31,1;                                                      33P     25
144,7,1,0,33;                                                         35P     26
110,0.,0.9,0.,0.,-999.1,0.;                                           37P     27
110,0.,0.9,-3.2,0.,0.,-3.2;                                           39P     28
120,37,39,0.,6.28318530717959;                                        41P     29
126,1,1,1,0,1,0,0.,0.,1.,1.,1.,1.,0.,6.283185307,0.,1.,               43P     30
6.283185307,0.,0.,1.,0.,0.,1.;                                        43P     31
110,0.,0.9,-3.2,0.,0.,-3.2;                                           45P     32
126,1,1,1,0,1,0,0.,0.,1.,1.,1.,1.,1.,6.283185307,0.,1.,               47P     33
3.141592654,0.,0.,1.,0.,0.,1.;                                        47P     34
124,6.12303176911189E-017,-1.,0.,0.,6.12303176911189E-017,            49P     35
3.74915180455534E-033,1.,0.,-1.,-6.12303176911189E-017,               49P     36
6.12303176911189E-017,0.;                                             49P     37
100,0.,0.,0.,3.2,0.,-3.2,0.;                                          51P     38
126,1,1,1,0,1,0,0.,0.,1.,1.,1.,1.,1.,3.141592654,0.,0.,               53P     39
3.141592654,0.,0.,1.,0.,0.,1.;                                        53P     40
110,0.,0.,3.2,0.,0.9,3.2;                                             55P     41
126,1,1,1,0,1,0,0.,0.,1.,1.,1.,1.,0.,3.141592654,0.,0.,               57P     42
6.283185307,0.,0.,1.,0.,0.,1.;                                        57P     43
124,-4.10206918265025E-010,-1.,0.,0.9,6.12303176911189E-017,          59P     44
-2.51170999244623E-026,-1.,0.9,1.,-4.10206918265025E-010,             59P     45
6.12303176911189E-017,3.69186226438522E-010;                          59P     46
100,0.,0.,0.9,3.2,0.9,-3.2,0.900000002;                               61P     47
102,4,43,47,53,57;                                                    63P     48
102,4,45,51,55,61;                                                    65P     49
142,1,41,63,65,1;                                                     67P     50
144,41,1,0,67;                                                        69P     51
110,0.,3.,0.,0.,-997.,0.;                                             71P     52
110,0.,3.,-4.,0.,0.7,-4.;                                             73P     53
120,71,73,0.,6.28318530717959;                                        75P     54
126,1,1,1,0,1,0,0.,0.,1.,1.,1.,1.,0.,0.,0.,0.,3.141592654,0.,         77P     55
0.,1.,0.,0.,1.;                                                       77P     56
124,1.40271637621286E-014,1.,0.,-3.,-6.12303176911189E-017,           79P     57
8.58887693460487E-031,-1.,3.,-1.,1.40271637621286E-014,               79P     58
6.12303176911189E-017,-4.20814912863859E-014;                         79P     59
100,0.,0.,3.,4.,3.,-4.,3.;                                            81P     60
126,1,1,1,0,1,0,0.,0.,1.,1.,1.,1.,0.,3.141592654,0.,1.,               83P     61
3.141592654,0.,0.,1.,0.,0.,1.;                                        83P     62
110,0.,3.,4.,0.,0.7,4.;                                               85P     63
126,1,1,1,0,1,0,0.,0.,1.,1.,1.,1.,1.,3.141592654,0.,1.,0.,0.,         87P     64
0.,1.,0.,0.,1.;                                                       87P     65
124,1.40271637621286E-014,1.,0.,-0.7,-6.12303176911189E-017,          89P     66
8.58887693460487E-031,1.,0.7,1.,-1.40271637621286E-014,               89P     67
6.12303176911189E-017,9.81901463349005E-015;                          89P     68
100,0.,0.,0.7,4.,0.7,-4.,0.7;                                         91P     69
126,1,1,1,0,1,0,0.,0.,1.,1.,1.,1.,1.,0.,0.,0.,0.,0.,0.,1.,0.,         93P     70
0.,1.;                                                                93P     71
110,0.,0.7,-4.,0.,3.,-4.;                                             95P     72
102,4,77,83,87,93;                                                    97P     73
102,4,81,85,91,95;                                                    99P     74
142,1,75,97,99,1;                                                    101P     75
144,75,1,0,101;                                                      103P     76
110,0.,0.9,0.,0.,-999.1,0.;                                          105P     77
110,0.,0.9,-2.3,0.,0.,-2.3;                                          107P     78
120,105,107,0.,6.28318530717959;                                     109P     79
126,1,1,1,0,1,0,0.,0.,1.,1.,1.,1.,0.,0.,0.,0.,3.141592654,0.,        111P     80
0.,1.,0.,0.,1.;                                                      111P     81
124,1.39800245372366E-014,1.,4.71392248920165E-017,                  113P     82
-0.899999999671488,-6.12303176911182E-017,                           113P     83
4.71392248920174E-017,-1.,0.899999999671488,-1.,                     113P     84
1.39800245372366E-014,6.12303176911189E-017,                         113P     85
-1.25820220789204E-014;                                              113P     86
100,0.,0.,0.9,2.3,0.9,-2.3,0.9;                                      115P     87
126,1,1,1,0,1,0,0.,0.,1.,1.,1.,1.,0.,3.141592654,0.,1.,              117P     88
3.141592654,0.,0.,1.,0.,0.,1.;                                       117P     89
110,0.,0.9,2.3,0.,0.,2.3;                                            119P     90
126,1,1,1,0,1,0,0.,0.,1.,1.,1.,1.,1.,3.141592654,0.,1.,0.,0.,        121P     91
0.,1.,0.,0.,1.;                                                      121P     92
124,1.40271637621286E-014,1.,0.,0.,-6.12303176911189E-017,           123P     93
8.58887693460487E-031,1.,0.,1.,-1.40271637621286E-014,               123P     94
6.12303176911189E-017,0.;                                            123P     95
100,0.,0.,0.,2.3,0.,-2.3,0.;                                         125P     96
126,1,1,1,0,1,0,0.,0.,1.,1.,1.,1.,1.,0.,0.,0.,0.,0.,0.,1.,0.,        127P     97
0.,1.;                                                               127P     98
110,0.,0.,-2.3,0.,0.9,-2.3;                                          129P     99
102,4,111,117,121,127;                                               131P    100
102,4,115,119,125,129;                                               133P    101
142,1,109,131,133,1;                                                 135P    102
144,109,1,0,135;                                                     137P    103
110,0.,3.,0.,0.,-997.,0.;                                            139P    104
110,0.,3.,-3.2,0.,2.1,-3.2;                                          141P    105
120,139,141,0.,6.28318530717959;                                     143P    106
126,1,1,1,0,1,0,0.,0.,1.,1.,1.,1.,0.,6.283185307,0.,1.,              145P    107
6.283185307,0.,0.,1.,0.,0.,1.;                                       145P    108
110,0.,3.,-3.2,0.,2.1,-3.2;                                          147P    109
126,1,1,1,0,1,0,0.,0.,1.,1.,1.,1.,1.,6.283185307,0.,1.,              149P    110
3.141592654,0.,0.,1.,0.,0.,1.;                                       149P    111
124,-1.79587172742393E-010,-1.,0.,2.1,6.12303176911189E-017,         151P    112
-1.09961796402666E-026,1.,2.1,-1.,1.79587172742393E-010,             151P    113
6.12303176911189E-017,-3.77133062759026E-010;                        151P    114
100,0.,0.,2.1,3.2,2.1,-3.2,2.100000002;                              153P    115
126,1,1,1,0,1,0,0.,0.,1.,1.,1.,1.,1.,3.141592654,0.,0.,              155P    116
3.141592654,0.,0.,1.,0.,0.,1.;                                       155P    117
110,0.,2.1,3.2,0.,3.,3.2;                                            157P    118
126,1,1,1,0,1,0,0.,0.,1.,1.,1.,1.,0.,3.141592654,0.,0.,              159P    119
6.283185307,0.,0.,1.,0.,0.,1.;                                       159P    120
124,6.12303176911189E-017,-1.,0.,3.,6.12303176911189E-017,           161P    121
3.74915180455534E-033,-1.,3.,1.,6.12303176911189E-017,               161P    122
6.12303176911189E-017,-1.83690953073357E-016;                        161P    123
100,0.,0.,3.,3.2,3.,-3.2,3.;                                         163P    124
102,4,145,149,155,159;                                               165P    125
102,4,147,153,157,163;                                               167P    126
142,1,143,165,167,1;                                                 169P    127
144,143,1,0,169;                                                     171P    128
110,0.,3.,0.,0.,-997.,0.;                                            173P    129
110,0.,3.,-1.5,0.,0.,-1.5;                                           175P    130
120,173,175,0.,6.28318530717959;                                     177P    131
126,1,1,1,0,1,0,0.,0.,1.,1.,1.,1.,0.,6.283185307,0.,1.,              179P    132
6.283185307,0.,0.,1.,0.,0.,1.;                                       179P    133
110,0.,3.,-1.5,0.,0.,-1.5;                                           181P    134
126,1,1,1,0,1,0,0.,0.,1.,1.,1.,1.,1.,6.283185307,0.,1.,              183P    135
3.141592654,0.,0.,1.,0.,0.,1.;                                       183P    136
124,6.12303176911189E-017,-1.,0.,0.,6.12303176911189E-017,           185P    137
3.74915180455534E-033,1.,0.,-1.,-6.12303176911189E-017,              185P    138
6.12303176911189E-017,0.;                                            185P    139
100,0.,0.,0.,1.5,0.,-1.5,0.;                                         187P    140
126,1,1,1,0,1,0,0.,0.,1.,1.,1.,1.,1.,3.141592654,0.,0.,              189P    141
3.141592654,0.,0.,1.,0.,0.,1.;                                       189P    142
110,0.,0.,1.5,0.,3.,1.5;                                             191P    143
126,1,1,1,0,1,0,0.,0.,1.,1.,1.,1.,0.,3.141592654,0.,0.,              193P    144
6.283185307,0.,0.,1.,0.,0.,1.;                                       193P    145
124,6.12303176911189E-017,-1.,0.,3.,6.12303176911189E-017,           195P    146
3.74915180455534E-033,-1.,3.,1.,6.12303176911189E-017,               195P    147
6.12303176911189E-017,-1.83690953073357E-016;                        195P    148
100,0.,0.,3.,1.5,3.,-1.5,3.;                                         197P    149
102,4,179,183,189,193;                                               199P    150
102,4,181,187,191,197;                                               201P    151
142,1,177,199,201,1;                                                 203P    152
144,177,1,0,203;                                                     205P    153
110,0.,3.,0.,0.,-997.,0.;                                            207P    154
110,0.,3.,-2.3,0.,2.1,-2.3;                                          209P    155
120,207,209,0.,6.28318530717959;                                     211P    156
126,1,1,1,0,1,0,0.,0.,1.,1.,1.,1.,0.,0.,0.,0.,3.141592654,0.,        213P    157
0.,1.,0.,0.,1.;                                                      213P    158
124,1.40271637621286E-014,1.,0.,-3.,-6.12303176911189E-017,          215P    159
8.58887693460487E-031,-1.,3.,-1.,1.40271637621286E-014,              215P    160
6.12303176911189E-017,-4.20814912863859E-014;                        215P    161
100,0.,0.,3.,2.3,3.,-2.3,3.;                                         217P    162
126,1,1,1,0,1,0,0.,0.,1.,1.,1.,1.,0.,3.141592654,0.,1.,              219P    163
3.141592654,0.,0.,1.,0.,0.,1.;                                       219P    164
110,0.,3.,2.3,0.,2.1,2.3;                                            221P    165
126,1,1,1,0,1,0,0.,0.,1.,1.,1.,1.,1.,3.141592654,0.,1.,0.,0.,        223P    166
0.,1.,0.,0.,1.;                                                      223P    167
124,1.40271637621286E-014,1.,0.,-2.10000000032851,                   225P    168
-6.12303176911189E-017,8.58887693460487E-031,1.,                     225P    169
2.10000000032851,1.,-1.40271637621286E-014,                          225P    170
6.12303176911189E-017,2.94570439050783E-014;                         225P    171
100,0.,0.,2.1,2.3,2.1,-2.3,2.1;                                      227P    172
126,1,1,1,0,1,0,0.,0.,1.,1.,1.,1.,1.,0.,0.,0.,0.,0.,0.,1.,0.,        229P    173
0.,1.;                                                               229P    174
110,0.,2.1,-2.3,0.,3.,-2.3;                                          231P    175
102,4,213,219,223,229;                                               233P    176
102,4,217,221,227,231;                                               235P    177
142,1,211,233,235,1;                                                 237P    178
144,211,1,0,237;                                                     239P    179
128,1,1,1,1,0,0,1,0,0,0.,0.,1.,1.,0.,0.,1.,1.,1.,1.,1.,1.,           241P    180
-2.3276,3.,-2.3276,-2.3276,3.,2.3276,2.3276,3.,-2.3276,2.3276,       241P    181
3.,2.3276,0.,1.,0.,1.;                                               241P    182
126,32,2,1,0,1,0,0.,0.,0.,0.0625,0.0625,0.125,0.125,0.1875,          243P    183
0.1875,0.25,0.25,0.3125,0.3125,0.375,0.375,0.4375,0.4375,0.5,        243P    184
0.5,0.5625,0.5625,0.625,0.625,0.6875,0.6875,0.75,0.75,0.8125,        243P    185
0.8125,0.875,0.875,0.9375,0.9375,1.,1.,1.,1.,1.,1.,1.,1.,1.,1.,      243P    186
1.,1.,1.,1.,1.,1.,1.,1.,1.,1.,1.,1.,1.,1.,1.,1.,1.,1.,1.,1.,1.,      243P    187
1.,1.,1.,1.,1.,0.005928854,0.5,0.,0.005928854,0.451338239,0.,        243P    188
0.015422292,0.403611501,0.,0.024915731,0.355884763,0.,               243P    189
0.04353778,0.310927158,0.,0.06215983,0.265969553,0.,                 243P    190
0.089194856,0.225508778,0.,0.116229881,0.185048003,0.,               243P    191
0.150638942,0.150638942,0.,0.185048003,0.116229881,0.,               243P    192
0.225508778,0.089194856,0.,0.265969553,0.06215983,0.,                243P    193
0.310927158,0.04353778,0.,0.355884763,0.024915731,0.,                243P    194
0.403611501,0.015422292,0.,0.451338239,0.005928854,0.,0.5,           243P    195
0.005928854,0.,0.548661761,0.005928854,0.,0.596388499,               243P    196
0.015422292,0.,0.644115237,0.024915731,0.,0.689072842,               243P    197
0.04353778,0.,0.734030447,0.06215983,0.,0.774491222,                 243P    198
0.089194856,0.,0.814951997,0.116229881,0.,0.849361058,               243P    199
0.150638942,0.,0.883770119,0.185048003,0.,0.910805144,               243P    200
0.225508778,0.,0.93784017,0.265969553,0.,0.95646222,                 243P    201
0.310927158,0.,0.975084269,0.355884763,0.,0.984577708,               243P    202
0.403611501,0.,0.994071146,0.451338239,0.,0.994071146,0.5,0.,        243P    203
0.,1.,0.,0.,-1.;                                                     243P    204
124,6.12303176911189E-017,-1.,0.,3.,6.12303176911189E-017,           245P    205
3.74915180455534E-033,1.,3.,-1.,-6.12303176911189E-017,              245P    206
6.12303176911189E-017,1.83690953073357E-016;                         245P    207
100,0.,0.,3.,2.3,3.,-2.3,3.;                                         247P    208
126,32,2,1,0,1,0,0.,0.,0.,0.0625,0.0625,0.125,0.125,0.1875,          249P    209
0.1875,0.25,0.25,0.3125,0.3125,0.375,0.375,0.4375,0.4375,0.5,        249P    210
0.5,0.5625,0.5625,0.625,0.625,0.6875,0.6875,0.75,0.75,0.8125,        249P    211
0.8125,0.875,0.875,0.9375,0.9375,1.,1.,1.,1.,1.,1.,1.,1.,1.,1.,      249P    212
1.,1.,1.,1.,1.,1.,1.,1.,1.,1.,1.,1.,1.,1.,1.,1.,1.,1.,1.,1.,1.,      249P    213
1.,1.,1.,1.,1.,0.994071146,0.5,0.,0.994071146,0.548661761,0.,        249P    214
0.984577708,0.596388499,0.,0.975084269,0.644115237,0.,               249P    215
0.95646222,0.689072842,0.,0.93784017,0.734030447,0.,                 249P    216
0.910805144,0.774491222,0.,0.883770119,0.814951997,0.,               249P    217
0.849361058,0.849361058,0.,0.814951997,0.883770119,0.,               249P    218
0.774491222,0.910805144,0.,0.734030447,0.93784017,0.,                249P    219
0.689072842,0.95646222,0.,0.644115237,0.975084269,0.,                249P    220
0.596388499,0.984577708,0.,0.548661761,0.994071146,0.,0.5,           249P    221
0.994071146,0.,0.451338239,0.994071146,0.,0.403611501,               249P    222
0.984577708,0.,0.355884763,0.975084269,0.,0.310927158,               249P    223
0.95646222,0.,0.265969553,0.93784017,0.,0.225508778,                 249P    224
0.910805144,0.,0.185048003,0.883770119,0.,0.150638942,               249P    225
0.849361058,0.,0.116229881,0.814951997,0.,0.089194856,               249P    226
0.774491222,0.,0.06215983,0.734030447,0.,0.04353778,                 249P    227
0.689072842,0.,0.024915731,0.644115237,0.,0.015422292,               249P    228
0.596388499,0.,0.005928854,0.548661761,0.,0.005928854,0.5,0.,        249P    229
0.,1.,0.,0.,-1.;                                                     249P    230
124,1.40271637621286E-014,1.,0.,-3.,-6.12303176911189E-017,          251P    231
8.58887693460487E-031,1.,3.,1.,-1.40271637621286E-014,               251P    232
6.12303176911189E-017,4.20814912863859E-014;                         251P    233
100,0.,0.,3.,2.3,3.,-2.3,3.;                                         253P    234
102,2,243,249;                                                       255P    235
102,2,247,253;                                                       257P    236
142,1,241,255,257,1;                                                 259P    237
126,32,2,1,0,1,0,0.,0.,0.,0.0625,0.0625,0.125,0.125,0.1875,          261P    238
0.1875,0.25,0.25,0.3125,0.3125,0.375,0.375,0.4375,0.4375,0.5,        261P    239
0.5,0.5625,0.5625,0.625,0.625,0.6875,0.6875,0.75,0.75,0.8125,        261P    240
0.8125,0.875,0.875,0.9375,0.9375,1.,1.,1.,1.,1.,1.,1.,1.,1.,1.,      261P    241
1.,1.,1.,1.,1.,1.,1.,1.,1.,1.,1.,1.,1.,1.,1.,1.,1.,1.,1.,1.,1.,      261P    242
1.,1.,1.,1.,1.,0.822220313,0.5,0.,0.822220313,0.468264069,0.,        261P    243
0.81602894,0.437137935,0.,0.809837567,0.406011802,0.,                261P    244
0.797692752,0.376691625,0.,0.785547937,0.347371448,0.,               261P    245
0.767916399,0.320983986,0.,0.75028486,0.294596524,0.,                261P    246
0.727844168,0.272155832,0.,0.705403476,0.24971514,0.,                261P    247
0.679016014,0.232083601,0.,0.652628552,0.214452063,0.,               261P    248
0.623308375,0.202307248,0.,0.593988198,0.190162433,0.,               261P    249
0.562862065,0.18397106,0.,0.531735931,0.177779687,0.,0.5,            261P    250
0.177779687,0.,0.468264069,0.177779687,0.,0.437137935,               261P    251
0.18397106,0.,0.406011802,0.190162433,0.,0.376691625,                261P    252
0.202307248,0.,0.347371448,0.214452063,0.,0.320983986,               261P    253
0.232083601,0.,0.294596524,0.24971514,0.,0.272155832,                261P    254
0.272155832,0.,0.24971514,0.294596524,0.,0.232083601,                261P    255
0.320983986,0.,0.214452063,0.347371448,0.,0.202307248,               261P    256
0.376691625,0.,0.190162433,0.406011802,0.,0.18397106,                261P    257
0.437137935,0.,0.177779687,0.468264069,0.,0.177779687,0.5,0.,        261P    258
0.,1.,0.,0.,1.;                                                      261P    259
124,6.12303176911189E-017,-1.,0.,3.,6.12303176911189E-017,           263P    260
3.74915180455534E-033,-1.,3.,1.,6.12303176911189E-017,               263P    261
6.12303176911189E-017,-1.83690953073357E-016;                        263P    262
100,0.,0.,3.,1.5,3.,-1.5,3.;                                         265P    263
126,32,2,1,0,1,0,0.,0.,0.,0.0625,0.0625,0.125,0.125,0.1875,          267P    264
0.1875,0.25,0.25,0.3125,0.3125,0.375,0.375,0.4375,0.4375,0.5,        267P    265
0.5,0.5625,0.5625,0.625,0.625,0.6875,0.6875,0.75,0.75,0.8125,        267P    266
0.8125,0.875,0.875,0.9375,0.9375,1.,1.,1.,1.,1.,1.,1.,1.,1.,1.,      267P    267
1.,1.,1.,1.,1.,1.,1.,1.,1.,1.,1.,1.,1.,1.,1.,1.,1.,1.,1.,1.,1.,      267P    268
1.,1.,1.,1.,1.,0.177779687,0.5,0.,0.177779687,0.531735931,0.,        267P    269
0.18397106,0.562862065,0.,0.190162433,0.593988198,0.,                267P    270
0.202307248,0.623308375,0.,0.214452063,0.652628552,0.,               267P    271
0.232083601,0.679016014,0.,0.24971514,0.705403476,0.,                267P    272
0.272155832,0.727844168,0.,0.294596524,0.75028486,0.,                267P    273
0.320983986,0.767916399,0.,0.347371448,0.785547937,0.,               267P    274
0.376691625,0.797692752,0.,0.406011802,0.809837567,0.,               267P    275
0.437137935,0.81602894,0.,0.468264069,0.822220313,0.,0.5,            267P    276
0.822220313,0.,0.531735931,0.822220313,0.,0.562862065,               267P    277
0.81602894,0.,0.593988198,0.809837567,0.,0.623308375,                267P    278
0.797692752,0.,0.652628552,0.785547937,0.,0.679016014,               267P    279
0.767916399,0.,0.705403476,0.75028486,0.,0.727844168,                267P    280
0.727844168,0.,0.75028486,0.705403476,0.,0.767916399,                267P    281
0.679016014,0.,0.785547937,0.652628552,0.,0.797692752,               267P    282
0.623308375,0.,0.809837567,0.593988198,0.,0.81602894,                267P    283
0.562862065,0.,0.822220313,0.531735931,0.,0.822220313,0.5,0.,        267P    284
0.,1.,0.,0.,1.;                                                      267P    285
124,1.40271637621286E-014,1.,0.,-3.,-6.12303176911189E-017,          269P    286
8.58887693460487E-031,-1.,3.,-1.,1.40271637621286E-014,              269P    287
6.12303176911189E-017,-4.20814912863859E-014;                        269P    288
100,0.,0.,3.,1.5,3.,-1.5,3.;                                         271P    289
102,2,261,267;                                                       273P    290
102,2,265,271;                                                       275P    291
142,1,241,273,275,1;                                                 277P    292
144,241,1,1,259,277;                                                 279P    293
110,0.,3.,0.,0.,-997.,0.;                                            281P    294
110,0.,3.,-2.3,0.,2.1,-2.3;                                          283P    295
120,281,283,0.,6.28318530717959;                                     285P    296
126,1,1,1,0,1,0,0.,0.,1.,1.,1.,1.,1.,3.141592654,0.,0.,              287P    297
3.141592654,0.,0.,1.,0.,0.,1.;                                       287P    298
110,0.,2.1,2.3,0.,3.,2.3;                                            289P    299
126,1,1,1,0,1,0,0.,0.,1.,1.,1.,1.,0.,3.141592654,0.,0.,              291P    300
6.283185307,0.,0.,1.,0.,0.,1.;                                       291P    301
124,6.12303176911189E-017,-1.,0.,3.,6.12303176911189E-017,           293P    302
3.74915180455534E-033,-1.,3.,1.,6.12303176911189E-017,               293P    303
6.12303176911189E-017,-1.83690953073357E-016;                        293P    304
100,0.,0.,3.,2.3,3.,-2.3,3.;                                         295P    305
126,1,1,1,0,1,0,0.,0.,1.,1.,1.,1.,0.,6.283185307,0.,1.,              297P    306
6.283185307,0.,0.,1.,0.,0.,1.;                                       297P    307
110,0.,3.,-2.3,0.,2.1,-2.3;                                          299P    308
126,1,1,1,0,1,0,0.,0.,1.,1.,1.,1.,1.,6.283185307,0.,1.,              301P    309
3.141592654,0.,0.,1.,0.,0.,1.;                                       301P    310
124,-8.97936667783403E-011,-1.,0.,2.10000000032851,                  303P    311
6.12303176911189E-017,-5.49809474348824E-027,1.,                     303P    312
2.10000000032851,-1.,8.97936667783403E-011,                          303P    313
6.12303176911189E-017,-1.88566700264013E-010;                        303P    314
100,0.,0.,2.1,2.3,2.1,-2.3,2.100000001;                              305P    315
102,4,287,291,297,301;                                               307P    316
102,4,289,295,299,305;                                               309P    317
142,1,285,307,309,1;                                                 311P    318
144,285,1,0,311;                                                     313P    319
110,0.,3.,0.,0.,-997.,0.;                                            315P    320
110,0.,3.,-1.5,0.,0.,-1.5;                                           317P    321
120,315,317,0.,6.28318530717959;                                     319P    322
126,1,1,1,0,1,0,0.,0.,1.,1.,1.,1.,1.,3.141592654,0.,1.,0.,0.,        321P    323
0.,1.,0.,0.,1.;                                                      321P    324
124,1.40271637621286E-014,1.,0.,0.,-6.12303176911189E-017,           323P    325
8.58887693460487E-031,1.,0.,1.,-1.40271637621286E-014,               323P    326
6.12303176911189E-017,0.;                                            323P    327
100,0.,0.,0.,1.5,0.,-1.5,0.;                                         325P    328
126,1,1,1,0,1,0,0.,0.,1.,1.,1.,1.,1.,0.,0.,0.,0.,0.,0.,1.,0.,        327P    329
0.,1.;                                                               327P    330
110,0.,0.,-1.5,0.,3.,-1.5;                                           329P    331
126,1,1,1,0,1,0,0.,0.,1.,1.,1.,1.,0.,0.,0.,0.,3.141592654,0.,        331P    332
0.,1.,0.,0.,1.;                                                      331P    333
124,1.40271637621286E-014,1.,0.,-3.,-6.12303176911189E-017,          333P    334
8.58887693460487E-031,-1.,3.,-1.,1.40271637621286E-014,              333P    335
6.12303176911189E-017,-4.20814912863859E-014;                        333P    336
100,0.,0.,3.,1.5,3.,-1.5,3.;                                         335P    337
126,1,1,1,0,1,0,0.,0.,1.,1.,1.,1.,0.,3.141592654,0.,1.,              337P    338
3.141592654,0.,0.,1.,0.,0.,1.;                                       337P    339
110,0.,3.,1.5,0.,0.,1.5;                                             339P    340
102,4,321,327,331,337;                                               341P    341
102,4,325,329,335,339;                                               343P    342
142,1,319,341,343,1;                                                 345P    343
144,319,1,0,345;                                                     347P    344
128,3,3,3,3,0,0,0,0,0,0.0725163251581836,0.0725163251581836,         349P    345
0.0725163251581836,0.0725163251581836,0.927483675349995,             349P    346
0.927483675349995,0.927483675349995,0.927483675349995,0.,0.,0.,      349P    347
0.,1.,1.,1.,1.,0.96450182336397,0.835901580291788,                   349P    348
0.835901580368225,0.964501823593284,0.32150060778799,                349P    349
0.278633860097263,0.278633860122742,0.321500607864428,               349P    350
0.32150060778799,0.278633860097263,0.278633860122742,                349P    351
0.321500607864428,0.96450182336397,0.835901580291788,                349P    352
0.835901580368225,0.964501823593284,0.,2.1,2.3,0.,2.307692308,       349P    353
2.576923077,0.,2.307692308,2.923076923,0.,2.1,3.2,4.6,2.1,2.3,       349P    354
5.153846154,2.307692308,2.576923077,5.846153847,2.307692308,         349P    355
2.923076923,6.400000001,2.1,3.2,4.6,2.1,-2.3,5.153846154,            349P    356
2.307692308,-2.576923077,5.846153847,2.307692308,-2.923076923,       349P    357
6.400000001,2.1,-3.2,0.,2.1,-2.3,0.,2.307692308,-2.576923077,        349P    358
0.,2.307692308,-2.923076923,0.,2.1,-3.2,0.0725163251581836,          349P    359
0.927483675349995,0.,1.;                                             349P    360
126,1,1,1,0,1,0,0.,0.,1.,1.,1.,1.,0.072516325,1.,0.,                 351P    361
0.072516325,0.,0.,0.,1.,0.,0.,1.;                                    351P    362
124,1.40271637621286E-014,1.,0.,-2.10000000032851,                   353P    363
-6.12303176911189E-017,8.58887693460487E-031,-1.,                    353P    364
2.10000000032851,-1.,1.40271637621286E-014,                          353P    365
6.12303176911189E-017,-2.94570439050783E-014;                        353P    366
100,0.,0.,2.1,2.3,2.1,-2.3,2.1;                                      355P    367
126,1,1,1,0,1,0,0.,0.,1.,1.,1.,1.,0.072516325,0.,0.,                 357P    368
0.927483675,0.,0.,0.,1.,0.,0.,1.;                                    357P    369
126,3,3,1,0,0,0,0.0725163250000005,0.0725163250000005,               359P    370
0.0725163250000005,0.0725163250000005,0.927483675451646,             359P    371
0.927483675451646,0.927483675451646,0.927483675451646,               359P    372
0.964501823435349,0.835901580276498,0.835901580344433,               359P    373
0.964501823639153,0.,2.1,2.3,0.,2.307692308,2.576923077,0.,          359P    374
2.307692308,2.923076923,0.,2.1,3.2,0.0725163250000005,               359P    375
0.927483675451646,-1.,0.,0.;                                         359P    376
126,1,1,1,0,1,0,0.,0.,1.,1.,1.,1.,0.927483675,0.,0.,                 361P    377
0.927483675,1.,0.,0.,1.,0.,0.,1.;                                    361P    378
124,-4.1019295233158E-010,1.,0.,-2.1,-6.12303176911189E-017,         363P    379
-2.51162447859206E-026,1.,2.1,1.,4.1019295233158E-010,               363P    380
6.12303176911189E-017,-8.61405199896318E-010;                        363P    381
100,0.,0.,2.1,3.2,2.1,-3.2,2.099999998;                              365P    382
126,1,1,1,0,1,0,0.,0.,1.,1.,1.,1.,0.927483675,1.,0.,                 367P    383
0.072516325,1.,0.,0.,1.,0.,0.,1.;                                    367P    384
126,3,3,1,0,0,0,0.0725163250000006,0.0725163250000006,               369P    385
0.0725163250000006,0.0725163250000006,0.927483675,0.927483675,       369P    386
0.927483675,0.927483675,0.964501823435349,0.835901580344432,         369P    387
0.835901580344432,0.96450182343535,0.,2.1,-3.2,0.,2.307692308,       369P    388
-2.923076923,0.,2.307692308,-2.576923077,0.,2.1,-2.3,                369P    389
0.0725163250000006,0.927483675,-1.,0.,0.;                            369P    390
102,4,351,357,361,367;                                               371P    391
102,4,355,359,365,369;                                               373P    392
142,1,349,371,373,1;                                                 375P    393
144,349,1,0,375;                                                     377P    394
128,3,3,3,3,0,0,0,0,0,0.0725163251581841,0.0725163251581841,         379P    395
0.0725163251581841,0.0725163251581841,0.927483675293462,             379P    396
0.927483675293462,0.927483675293462,0.927483675293462,0.,0.,0.,      379P    397
0.,1.,1.,1.,1.,0.964501823363969,0.835901580300291,                  379P    398
0.835901580368225,0.964501823567773,0.32150060778799,                379P    399
0.278633860100097,0.278633860122742,0.321500607855924,               379P    400
0.32150060778799,0.278633860100097,0.278633860122742,                379P    401
0.321500607855924,0.964501823363969,0.835901580300291,               379P    402
0.835901580368225,0.964501823567773,0.,2.1,-2.3,0.,2.307692308,      379P    403
-2.576923077,0.,2.307692308,-2.923076923,0.,2.1,-3.2,-4.6,2.1,       379P    404
-2.3,-5.153846154,2.307692308,-2.576923077,-5.846153847,             379P    405
2.307692308,-2.923076923,-6.400000001,2.1,-3.2,-4.6,2.1,2.3,         379P    406
-5.153846154,2.307692308,2.576923077,-5.846153847,2.307692308,       379P    407
2.923076923,-6.400000001,2.1,3.2,0.,2.1,2.3,0.,2.307692308,          379P    408
2.576923077,0.,2.307692308,2.923076923,0.,2.1,3.2,                   379P    409
0.0725163251581841,0.927483675293462,0.,1.;                          379P    410
126,1,1,1,0,1,0,0.,0.,1.,1.,1.,1.,0.927483675,1.,0.,                 381P    411
0.072516325,1.,0.,0.,1.,0.,0.,1.;                                    381P    412
126,3,3,1,0,0,0,0.072516324548354,0.072516324548354,                 383P    413
0.072516324548354,0.072516324548354,0.927483675,0.927483675,         383P    414
0.927483675,0.927483675,0.964501823639153,0.835901580344432,         383P    415
0.835901580276498,0.96450182343535,0.,2.1,3.2,0.,2.307692308,        383P    416
2.923076923,0.,2.307692308,2.576923077,0.,2.1,2.3,                   383P    417
0.072516324548354,0.927483675,1.,0.,0.;                              383P    418
126,1,1,1,0,1,0,0.,0.,1.,1.,1.,1.,0.072516325,1.,0.,                 385P    419
0.072516325,0.,0.,0.,1.,0.,0.,1.;                                    385P    420
124,6.12303176911189E-017,-1.,0.,2.10000000032851,                   387P    421
6.12303176911189E-017,3.74915180455534E-033,-1.,                     387P    422
2.10000000032851,1.,6.12303176911189E-017,                           387P    423
6.12303176911189E-017,-1.28583667171465E-016;                        387P    424
100,0.,0.,2.1,2.3,2.1,-2.3,2.100000001;                              389P    425
126,1,1,1,0,1,0,0.,0.,1.,1.,1.,1.,0.072516325,0.,0.,                 391P    426
0.927483675,0.,0.,0.,1.,0.,0.,1.;                                    391P    427
126,3,3,1,0,0,0,0.0725163249999996,0.0725163249999996,               393P    428
0.0725163249999996,0.0725163249999996,0.927483675,0.927483675,       393P    429
0.927483675,0.927483675,0.96450182343535,0.835901580344432,          393P    430
0.835901580344432,0.964501823435349,0.,2.1,-2.3,0.,2.307692308,      393P    431
-2.576923077,0.,2.307692308,-2.923076923,0.,2.1,-3.2,                393P    432
0.0725163249999996,0.927483675,1.,0.,0.;                             393P    433
126,1,1,1,0,1,0,0.,0.,1.,1.,1.,1.,0.927483675,0.,0.,                 395P    434
0.927483675,1.,0.,0.,1.,0.,0.,1.;                                    395P    435
124,-1.79587172742393E-010,-1.,0.,2.1,6.12303176911189E-017,         397P    436
-1.09961796402666E-026,1.,2.1,-1.,1.79587172742393E-010,             397P    437
6.12303176911189E-017,-3.77133062759026E-010;                        397P    438
100,0.,0.,2.1,3.2,2.1,-3.2,2.100000002;                              399P    439
102,4,381,385,391,395;                                               401P    440
102,4,383,389,393,399;                                               403P    441
142,1,379,401,403,1;                                                 405P    442
144,379,1,0,405;                                                     407P    443
128,1,1,1,1,0,0,1,0,0,0.,0.,1.,1.,0.,0.,1.,1.,1.,1.,1.,1.,           409P    444
-2.3276,0.,2.3276,-2.3276,0.,-2.3276,2.3276,0.,2.3276,2.3276,        409P    445
0.,-2.3276,0.,1.,0.,1.;                                              409P    446
126,32,2,1,0,1,0,0.,0.,0.,0.0625,0.0625,0.125,0.125,0.1875,          411P    447
0.1875,0.25,0.25,0.3125,0.3125,0.375,0.375,0.4375,0.4375,0.5,        411P    448
0.5,0.5625,0.5625,0.625,0.625,0.6875,0.6875,0.75,0.75,0.8125,        411P    449
0.8125,0.875,0.875,0.9375,0.9375,1.,1.,1.,1.,1.,1.,1.,1.,1.,1.,      411P    450
1.,1.,1.,1.,1.,1.,1.,1.,1.,1.,1.,1.,1.,1.,1.,1.,1.,1.,1.,1.,1.,      411P    451
1.,1.,1.,1.,1.,0.994071146,0.5,0.,0.994071146,0.548661761,0.,        411P    452
0.984577708,0.596388499,0.,0.975084269,0.644115237,0.,               411P    453
0.95646222,0.689072842,0.,0.93784017,0.734030447,0.,                 411P    454
0.910805144,0.774491222,0.,0.883770119,0.814951997,0.,               411P    455
0.849361058,0.849361058,0.,0.814951997,0.883770119,0.,               411P    456
0.774491222,0.910805144,0.,0.734030447,0.93784017,0.,                411P    457
0.689072842,0.95646222,0.,0.644115237,0.975084269,0.,                411P    458
0.596388499,0.984577708,0.,0.548661761,0.994071146,0.,0.5,           411P    459
0.994071146,0.,0.451338239,0.994071146,0.,0.403611501,               411P    460
0.984577708,0.,0.355884763,0.975084269,0.,0.310927158,               411P    461
0.95646222,0.,0.265969553,0.93784017,0.,0.225508778,                 411P    462
0.910805144,0.,0.185048003,0.883770119,0.,0.150638942,               411P    463
0.849361058,0.,0.116229881,0.814951997,0.,0.089194856,               411P    464
0.774491222,0.,0.06215983,0.734030447,0.,0.04353778,                 411P    465
0.689072842,0.,0.024915731,0.644115237,0.,0.015422292,               411P    466
0.596388499,0.,0.005928854,0.548661761,0.,0.005928854,0.5,0.,        411P    467
0.,1.,0.,0.,-1.;                                                     411P    468
124,1.40271637621286E-014,1.,0.,0.,-6.12303176911189E-017,           413P    469
8.58887693460487E-031,-1.,0.,-1.,1.40271637621286E-014,              413P    470
6.12303176911189E-017,0.;                                            413P    471
100,0.,0.,0.,2.3,0.,-2.3,0.;                                         415P    472
126,32,2,1,0,1,0,0.,0.,0.,0.0625,0.0625,0.125,0.125,0.1875,          417P    473
0.1875,0.25,0.25,0.3125,0.3125,0.375,0.375,0.4375,0.4375,0.5,        417P    474
0.5,0.5625,0.5625,0.625,0.625,0.6875,0.6875,0.75,0.75,0.8125,        417P    475
0.8125,0.875,0.875,0.9375,0.9375,1.,1.,1.,1.,1.,1.,1.,1.,1.,1.,      417P    476
1.,1.,1.,1.,1.,1.,1.,1.,1.,1.,1.,1.,1.,1.,1.,1.,1.,1.,1.,1.,1.,      417P    477
1.,1.,1.,1.,1.,0.005928854,0.5,0.,0.005928854,0.451338239,0.,        417P    478
0.015422292,0.403611501,0.,0.024915731,0.355884763,0.,               417P    479
0.04353778,0.310927158,0.,0.06215983,0.265969553,0.,                 417P    480
0.089194856,0.225508778,0.,0.116229881,0.185048003,0.,               417P    481
0.150638942,0.150638942,0.,0.185048003,0.116229881,0.,               417P    482
0.225508778,0.089194856,0.,0.265969553,0.06215983,0.,                417P    483
0.310927158,0.04353778,0.,0.355884763,0.024915731,0.,                417P    484
0.403611501,0.015422292,0.,0.451338239,0.005928854,0.,0.5,           417P    485
0.005928854,0.,0.548661761,0.005928854,0.,0.596388499,               417P    486
0.015422292,0.,0.644115237,0.024915731,0.,0.689072842,               417P    487
0.04353778,0.,0.734030447,0.06215983,0.,0.774491222,                 417P    488
0.089194856,0.,0.814951997,0.116229881,0.,0.849361058,               417P    489
0.150638942,0.,0.883770119,0.185048003,0.,0.910805144,               417P    490
0.225508778,0.,0.93784017,0.265969553,0.,0.95646222,                 417P    491
0.310927158,0.,0.975084269,0.355884763,0.,0.984577708,               417P    492
0.403611501,0.,0.994071146,0.451338239,0.,0.994071146,0.5,0.,        417P    493
0.,1.,0.,0.,-1.;                                                     417P    494
124,6.12303176911189E-017,-1.,0.,0.,6.12303176911189E-017,           419P    495
3.74915180455534E-033,-1.,0.,1.,6.12303176911189E-017,               419P    496
6.12303176911189E-017,0.;                                            419P    497
100,0.,0.,0.,2.3,0.,-2.3,0.;                                         421P    498
102,2,411,417;                                                       423P    499
102,2,415,421;                                                       425P    500
142,1,409,423,425,1;                                                 427P    501
126,32,2,1,0,1,0,0.,0.,0.,0.0625,0.0625,0.125,0.125,0.1875,          429P    502
0.1875,0.25,0.25,0.3125,0.3125,0.375,0.375,0.4375,0.4375,0.5,        429P    503
0.5,0.5625,0.5625,0.625,0.625,0.6875,0.6875,0.75,0.75,0.8125,        429P    504
0.8125,0.875,0.875,0.9375,0.9375,1.,1.,1.,1.,1.,1.,1.,1.,1.,1.,      429P    505
1.,1.,1.,1.,1.,1.,1.,1.,1.,1.,1.,1.,1.,1.,1.,1.,1.,1.,1.,1.,1.,      429P    506
1.,1.,1.,1.,1.,0.822220313,0.5,0.,0.822220313,0.468264069,0.,        429P    507
0.81602894,0.437137935,0.,0.809837567,0.406011802,0.,                429P    508
0.797692752,0.376691625,0.,0.785547937,0.347371448,0.,               429P    509
0.767916399,0.320983986,0.,0.75028486,0.294596524,0.,                429P    510
0.727844168,0.272155832,0.,0.705403476,0.24971514,0.,                429P    511
0.679016014,0.232083601,0.,0.652628552,0.214452063,0.,               429P    512
0.623308375,0.202307248,0.,0.593988198,0.190162433,0.,               429P    513
0.562862065,0.18397106,0.,0.531735931,0.177779687,0.,0.5,            429P    514
0.177779687,0.,0.468264069,0.177779687,0.,0.437137935,               429P    515
0.18397106,0.,0.406011802,0.190162433,0.,0.376691625,                429P    516
0.202307248,0.,0.347371448,0.214452063,0.,0.320983986,               429P    517
0.232083601,0.,0.294596524,0.24971514,0.,0.272155832,                429P    518
0.272155832,0.,0.24971514,0.294596524,0.,0.232083601,                429P    519
0.320983986,0.,0.214452063,0.347371448,0.,0.202307248,               429P    520
0.376691625,0.,0.190162433,0.406011802,0.,0.18397106,                429P    521
0.437137935,0.,0.177779687,0.468264069,0.,0.177779687,0.5,0.,        429P    522
0.,1.,0.,0.,1.;                                                      429P    523
124,6.12303176911189E-017,-1.,0.,0.,6.12303176911189E-017,           431P    524
3.74915180455534E-033,1.,0.,-1.,-6.12303176911189E-017,              431P    525
6.12303176911189E-017,0.;                                            431P    526
100,0.,0.,0.,1.5,0.,-1.5,0.;                                         433P    527
126,32,2,1,0,1,0,0.,0.,0.,0.0625,0.0625,0.125,0.125,0.1875,          435P    528
0.1875,0.25,0.25,0.3125,0.3125,0.375,0.375,0.4375,0.4375,0.5,        435P    529
0.5,0.5625,0.5625,0.625,0.625,0.6875,0.6875,0.75,0.75,0.8125,        435P    530
0.8125,0.875,0.875,0.9375,0.9375,1.,1.,1.,1.,1.,1.,1.,1.,1.,1.,      435P    531
1.,1.,1.,1.,1.,1.,1.,1.,1.,1.,1.,1.,1.,1.,1.,1.,1.,1.,1.,1.,1.,      435P    532
1.,1.,1.,1.,1.,0.177779687,0.5,0.,0.177779687,0.531735931,0.,        435P    533
0.18397106,0.562862065,0.,0.190162433,0.593988198,0.,                435P    534
0.202307248,0.623308375,0.,0.214452063,0.652628552,0.,               435P    535
0.232083601,0.679016014,0.,0.24971514,0.705403476,0.,                435P    536
0.272155832,0.727844168,0.,0.294596524,0.75028486,0.,                435P    537
0.320983986,0.767916399,0.,0.347371448,0.785547937,0.,               435P    538
0.376691625,0.797692752,0.,0.406011802,0.809837567,0.,               435P    539
0.437137935,0.81602894,0.,0.468264069,0.822220313,0.,0.5,            435P    540
0.822220313,0.,0.531735931,0.822220313,0.,0.562862065,               435P    541
0.81602894,0.,0.593988198,0.809837567,0.,0.623308375,                435P    542
0.797692752,0.,0.652628552,0.785547937,0.,0.679016014,               435P    543
0.767916399,0.,0.705403476,0.75028486,0.,0.727844168,                435P    544
0.727844168,0.,0.75028486,0.705403476,0.,0.767916399,                435P    545
0.679016014,0.,0.785547937,0.652628552,0.,0.797692752,               435P    546
0.623308375,0.,0.809837567,0.593988198,0.,0.81602894,                435P    547
0.562862065,0.,0.822220313,0.531735931,0.,0.822220313,0.5,0.,        435P    548
0.,1.,0.,0.,1.;                                                      435P    549
124,1.40271637621286E-014,1.,0.,0.,-6.12303176911189E-017,           437P    550
8.58887693460487E-031,1.,0.,1.,-1.40271637621286E-014,               437P    551
6.12303176911189E-017,0.;                                            437P    552
100,0.,0.,0.,1.5,0.,-1.5,0.;                                         439P    553
102,2,429,435;                                                       441P    554
102,2,433,439;                                                       443P    555
142,1,409,441,443,1;                                                 445P    556
144,409,1,1,427,445;                                                 447P    557
110,0.,3.,0.,0.,-997.,0.;                                            449P    558
110,0.,3.,-3.2,0.,2.1,-3.2;                                          451P    559
120,449,451,0.,6.28318530717959;                                     453P    560
126,1,1,1,0,1,0,0.,0.,1.,1.,1.,1.,1.,3.141592654,0.,1.,0.,0.,        455P    561
0.,1.,0.,0.,1.;                                                      455P    562
124,-4.1019295233158E-010,1.,0.,-2.1,-6.12303176911189E-017,         457P    563
-2.51162447859206E-026,1.,2.1,1.,4.1019295233158E-010,               457P    564
6.12303176911189E-017,-8.61405199896318E-010;                        457P    565
100,0.,0.,2.1,3.2,2.1,-3.2,2.099999998;                              459P    566
126,1,1,1,0,1,0,0.,0.,1.,1.,1.,1.,1.,0.,0.,0.,0.,0.,0.,1.,0.,        461P    567
0.,1.;                                                               461P    568
110,0.,2.1,-3.2,0.,3.,-3.2;                                          463P    569
126,1,1,1,0,1,0,0.,0.,1.,1.,1.,1.,0.,0.,0.,0.,3.141592654,0.,        465P    570
0.,1.,0.,0.,1.;                                                      465P    571
124,1.40271637621286E-014,1.,0.,-3.,-6.12303176911189E-017,          467P    572
8.58887693460487E-031,-1.,3.,-1.,1.40271637621286E-014,              467P    573
6.12303176911189E-017,-4.20814912863859E-014;                        467P    574
100,0.,0.,3.,3.2,3.,-3.2,3.;                                         469P    575
126,1,1,1,0,1,0,0.,0.,1.,1.,1.,1.,0.,3.141592654,0.,1.,              471P    576
3.141592654,0.,0.,1.,0.,0.,1.;                                       471P    577
110,0.,3.,3.2,0.,2.1,3.2;                                            473P    578
102,4,455,461,465,471;                                               475P    579
102,4,459,463,469,473;                                               477P    580
142,1,453,475,477,1;                                                 479P    581
144,453,1,0,479;                                                     481P    582
110,0.,0.9,0.,0.,-999.1,0.;                                          483P    583
110,0.,0.9,-2.3,0.,0.,-2.3;                                          485P    584
120,483,485,0.,6.28318530717959;                                     487P    585
126,1,1,1,0,1,0,0.,0.,1.,1.,1.,1.,1.,3.141592654,0.,0.,              489P    586
3.141592654,0.,0.,1.,0.,0.,1.;                                       489P    587
110,0.,0.,2.3,0.,0.9,2.3;                                            491P    588
126,1,1,1,0,1,0,0.,0.,1.,1.,1.,1.,0.,3.141592654,0.,0.,              493P    589
6.283185307,0.,0.,1.,0.,0.,1.;                                       493P    590
124,1.40910927991023E-017,-1.,-4.71392248920165E-017,                495P    591
0.899999999671488,6.12303176911189E-017,4.71392248920165E-017,       495P    592
-1.,0.899999999671488,1.,1.40910927991023E-017,                      495P    593
6.12303176911189E-017,-1.2681983514563E-017;                         495P    594
100,0.,0.,0.9,2.3,0.9,-2.3,0.9;                                      497P    595
126,1,1,1,0,1,0,0.,0.,1.,1.,1.,1.,0.,6.283185307,0.,1.,              499P    596
6.283185307,0.,0.,1.,0.,0.,1.;                                       499P    597
110,0.,0.9,-2.3,0.,0.,-2.3;                                          501P    598
126,1,1,1,0,1,0,0.,0.,1.,1.,1.,1.,1.,6.283185307,0.,1.,              503P    599
3.141592654,0.,0.,1.,0.,0.,1.;                                       503P    600
124,6.12303176911189E-017,-1.,0.,0.,6.12303176911189E-017,           505P    601
3.74915180455534E-033,1.,0.,-1.,-6.12303176911189E-017,              505P    602
6.12303176911189E-017,0.;                                            505P    603
100,0.,0.,0.,2.3,0.,-2.3,0.;                                         507P    604
102,4,489,493,499,503;                                               509P    605
102,4,491,497,501,507;                                               511P    606
142,1,487,509,511,1;                                                 513P    607
144,487,1,0,513;                                                     515P    608
128,1,1,1,1,0,0,1,0,0,0.,0.,1.,1.,0.,0.,1.,1.,1.,1.,1.,1.,           517P    609
-4.048,3.,-4.048,-4.048,3.,4.048,4.048,3.,-4.048,4.048,3.,           517P    610
4.048,0.,1.,0.,1.;                                                   517P    611
126,32,2,1,0,1,0,0.,0.,0.,0.0625,0.0625,0.125,0.125,0.1875,          519P    612
0.1875,0.25,0.25,0.3125,0.3125,0.375,0.375,0.4375,0.4375,0.5,        519P    613
0.5,0.5625,0.5625,0.625,0.625,0.6875,0.6875,0.75,0.75,0.8125,        519P    614
0.8125,0.875,0.875,0.9375,0.9375,1.,1.,1.,1.,1.,1.,1.,1.,1.,1.,      519P    615
1.,1.,1.,1.,1.,1.,1.,1.,1.,1.,1.,1.,1.,1.,1.,1.,1.,1.,1.,1.,1.,      519P    616
1.,1.,1.,1.,1.,0.005928854,0.5,0.,0.005928854,0.451338239,0.,        519P    617
0.015422292,0.403611501,0.,0.024915731,0.355884763,0.,               519P    618
0.04353778,0.310927158,0.,0.06215983,0.265969553,0.,                 519P    619
0.089194856,0.225508778,0.,0.116229881,0.185048003,0.,               519P    620
0.150638942,0.150638942,0.,0.185048003,0.116229881,0.,               519P    621
0.225508778,0.089194856,0.,0.265969553,0.06215983,0.,                519P    622
0.310927158,0.04353778,0.,0.355884763,0.024915731,0.,                519P    623
0.403611501,0.015422292,0.,0.451338239,0.005928854,0.,0.5,           519P    624
0.005928854,0.,0.548661761,0.005928854,0.,0.596388499,               519P    625
0.015422292,0.,0.644115237,0.024915731,0.,0.689072842,               519P    626
0.04353778,0.,0.734030447,0.06215983,0.,0.774491222,                 519P    627
0.089194856,0.,0.814951997,0.116229881,0.,0.849361058,               519P    628
0.150638942,0.,0.883770119,0.185048003,0.,0.910805144,               519P    629
0.225508778,0.,0.93784017,0.265969553,0.,0.95646222,                 519P    630
0.310927158,0.,0.975084269,0.355884763,0.,0.984577708,               519P    631
0.403611501,0.,0.994071146,0.451338239,0.,0.994071146,0.5,0.,        519P    632
0.,1.,0.,0.,-1.;                                                     519P    633
124,6.12303176911189E-017,-1.,0.,3.,6.12303176911189E-017,           521P    634
3.74915180455534E-033,1.,3.,-1.,-6.12303176911189E-017,              521P    635
6.12303176911189E-017,1.83690953073357E-016;                         521P    636
100,0.,0.,3.,4.,3.,-4.,3.;                                           523P    637
126,32,2,1,0,1,0,0.,0.,0.,0.0625,0.0625,0.125,0.125,0.1875,          525P    638
0.1875,0.25,0.25,0.3125,0.3125,0.375,0.375,0.4375,0.4375,0.5,        525P    639
0.5,0.5625,0.5625,0.625,0.625,0.6875,0.6875,0.75,0.75,0.8125,        525P    640
0.8125,0.875,0.875,0.9375,0.9375,1.,1.,1.,1.,1.,1.,1.,1.,1.,1.,      525P    641
1.,1.,1.,1.,1.,1.,1.,1.,1.,1.,1.,1.,1.,1.,1.,1.,1.,1.,1.,1.,1.,      525P    642
1.,1.,1.,1.,1.,0.994071146,0.5,0.,0.994071146,0.548661761,0.,        525P    643
0.984577708,0.596388499,0.,0.975084269,0.644115237,0.,               525P    644
0.95646222,0.689072842,0.,0.93784017,0.734030447,0.,                 525P    645
0.910805144,0.774491222,0.,0.883770119,0.814951997,0.,               525P    646
0.849361058,0.849361058,0.,0.814951997,0.883770119,0.,               525P    647
0.774491222,0.910805144,0.,0.734030447,0.93784017,0.,                525P    648
0.689072842,0.95646222,0.,0.644115237,0.975084269,0.,                525P    649
0.596388499,0.984577708,0.,0.548661761,0.994071146,0.,0.5,           525P    650
0.994071146,0.,0.451338239,0.994071146,0.,0.403611501,               525P    651
0.984577708,0.,0.355884763,0.975084269,0.,0.310927158,               525P    652
0.95646222,0.,0.265969553,0.93784017,0.,0.225508778,                 525P    653
0.910805144,0.,0.185048003,0.883770119,0.,0.150638942,               525P    654
0.849361058,0.,0.116229881,0.814951997,0.,0.089194856,               525P    655
0.774491222,0.,0.06215983,0.734030447,0.,0.04353778,                 525P    656
0.689072842,0.,0.024915731,0.644115237,0.,0.015422292,               525P    657
0.596388499,0.,0.005928854,0.548661761,0.,0.005928854,0.5,0.,        525P    658
0.,1.,0.,0.,-1.;                                                     525P    659
124,1.40271637621286E-014,1.,0.,-3.,-6.12303176911189E-017,          527P    660
8.58887693460487E-031,1.,3.,1.,-1.40271637621286E-014,               527P    661
6.12303176911189E-017,4.20814912863859E-014;                         527P    662
100,0.,0.,3.,4.,3.,-4.,3.;                                           529P    663
102,2,519,525;                                                       531P    664
102,2,523,529;                                                       533P    665
142,1,517,531,533,1;                                                 535P    666
126,32,2,1,0,1,0,0.,0.,0.,0.0625,0.0625,0.125,0.125,0.1875,          537P    667
0.1875,0.25,0.25,0.3125,0.3125,0.375,0.375,0.4375,0.4375,0.5,        537P    668
0.5,0.5625,0.5625,0.625,0.625,0.6875,0.6875,0.75,0.75,0.8125,        537P    669
0.8125,0.875,0.875,0.9375,0.9375,1.,1.,1.,1.,1.,1.,1.,1.,1.,1.,      537P    670
1.,1.,1.,1.,1.,1.,1.,1.,1.,1.,1.,1.,1.,1.,1.,1.,1.,1.,1.,1.,1.,      537P    671
1.,1.,1.,1.,1.,0.104743083,0.5,0.,0.104743083,0.538929408,0.,        537P    672
0.112337834,0.577110799,0.,0.119932585,0.61529219,0.,                537P    673
0.134830224,0.651258274,0.,0.149727864,0.687224357,0.,               537P    674
0.171355884,0.719592977,0.,0.192983905,0.751961598,0.,               537P    675
0.220511154,0.779488846,0.,0.248038402,0.807016095,0.,               537P    676
0.280407023,0.828644116,0.,0.312775643,0.850272136,0.,               537P    677
0.348741726,0.865169776,0.,0.38470781,0.880067415,0.,                537P    678
0.422889201,0.887662166,0.,0.461070592,0.895256917,0.,0.5,           537P    679
0.895256917,0.,0.538929408,0.895256917,0.,0.577110799,               537P    680
0.887662166,0.,0.61529219,0.880067415,0.,0.651258274,                537P    681
0.865169776,0.,0.687224357,0.850272136,0.,0.719592977,               537P    682
0.828644116,0.,0.751961598,0.807016095,0.,0.779488846,               537P    683
0.779488846,0.,0.807016095,0.751961598,0.,0.828644116,               537P    684
0.719592977,0.,0.850272136,0.687224357,0.,0.865169776,               537P    685
0.651258274,0.,0.880067415,0.61529219,0.,0.887662166,                537P    686
0.577110799,0.,0.895256917,0.538929408,0.,0.895256917,0.5,0.,        537P    687
0.,1.,0.,0.,1.;                                                      537P    688
124,1.40271637621286E-014,1.,0.,-3.,-6.12303176911189E-017,          539P    689
8.58887693460487E-031,-1.,3.,-1.,1.40271637621286E-014,              539P    690
6.12303176911189E-017,-4.20814912863859E-014;                        539P    691
100,0.,0.,3.,3.2,3.,-3.2,3.;                                         541P    692
126,32,2,1,0,1,0,0.,0.,0.,0.0625,0.0625,0.125,0.125,0.1875,          543P    693
0.1875,0.25,0.25,0.3125,0.3125,0.375,0.375,0.4375,0.4375,0.5,        543P    694
0.5,0.5625,0.5625,0.625,0.625,0.6875,0.6875,0.75,0.75,0.8125,        543P    695
0.8125,0.875,0.875,0.9375,0.9375,1.,1.,1.,1.,1.,1.,1.,1.,1.,1.,      543P    696
1.,1.,1.,1.,1.,1.,1.,1.,1.,1.,1.,1.,1.,1.,1.,1.,1.,1.,1.,1.,1.,      543P    697
1.,1.,1.,1.,1.,0.895256917,0.5,0.,0.895256917,0.461070592,0.,        543P    698
0.887662166,0.422889201,0.,0.880067415,0.38470781,0.,                543P    699
0.865169776,0.348741726,0.,0.850272136,0.312775643,0.,               543P    700
0.828644116,0.280407023,0.,0.807016095,0.248038402,0.,               543P    701
0.779488846,0.220511154,0.,0.751961598,0.192983905,0.,               543P    702
0.719592977,0.171355884,0.,0.687224357,0.149727864,0.,               543P    703
0.651258274,0.134830224,0.,0.61529219,0.119932585,0.,                543P    704
0.577110799,0.112337834,0.,0.538929408,0.104743083,0.,0.5,           543P    705
0.104743083,0.,0.461070592,0.104743083,0.,0.422889201,               543P    706
0.112337834,0.,0.38470781,0.119932585,0.,0.348741726,                543P    707
0.134830224,0.,0.312775643,0.149727864,0.,0.280407023,               543P    708
0.171355884,0.,0.248038402,0.192983905,0.,0.220511154,               543P    709
0.220511154,0.,0.192983905,0.248038402,0.,0.171355884,               543P    710
0.280407023,0.,0.149727864,0.312775643,0.,0.134830224,               543P    711
0.348741726,0.,0.119932585,0.38470781,0.,0.112337834,                543P    712
0.422889201,0.,0.104743083,0.461070592,0.,0.104743083,0.5,0.,        543P    713
0.,1.,0.,0.,1.;                                                      543P    714
124,6.12303176911189E-017,-1.,0.,3.,6.12303176911189E-017,           545P    715
3.74915180455534E-033,-1.,3.,1.,6.12303176911189E-017,               545P    716
6.12303176911189E-017,-1.83690953073357E-016;                        545P    717
100,0.,0.,3.,3.2,3.,-3.2,3.;                                         547P    718
102,2,537,543;                                                       549P    719
102,2,541,547;                                                       551P    720
142,1,517,549,551,1;                                                 553P    721
144,517,1,1,535,553;                                                 555P    722
128,3,3,3,3,0,0,0,0,0,0.0725163246404608,0.0725163246404608,         557P    723
0.0725163246404608,0.0725163246404608,0.927483674841816,             557P    724
0.927483674841816,0.927483674841816,0.927483674841816,0.,0.,0.,      557P    725
0.,1.,1.,1.,1.,0.96450182359759,0.835901580368226,                   557P    726
0.835901580290352,0.964501823363969,0.321500607865863,               557P    727
0.278633860122742,0.278633860096784,0.32150060778799,                557P    728
0.321500607865863,0.278633860122742,0.278633860096784,               557P    729
0.32150060778799,0.96450182359759,0.835901580368226,                 557P    730
0.835901580290352,0.964501823363969,0.,0.9,3.2,0.,0.692307692,       557P    731
2.923076923,0.,0.692307692,2.576923077,0.,0.9,2.3,6.400000001,       557P    732
0.9,3.2,5.846153847,0.692307692,2.923076923,5.153846154,             557P    733
0.692307692,2.576923077,4.6,0.9,2.3,6.400000001,0.9,-3.2,            557P    734
5.846153847,0.692307692,-2.923076923,5.153846154,0.692307692,        557P    735
-2.576923077,4.6,0.9,-2.3,0.,0.9,-3.2,0.,0.692307692,                557P    736
-2.923076923,0.,0.692307692,-2.576923077,0.,0.9,-2.3,                557P    737
0.0725163246404608,0.927483674841816,0.,1.;                          557P    738
126,1,1,1,0,1,0,0.,0.,1.,1.,1.,1.,0.072516325,1.,0.,                 559P    739
0.072516325,0.,0.,0.,1.,0.,0.,1.;                                    559P    740
124,-1.79572984764344E-010,1.,0.,-0.9,-6.12303176911189E-017,        561P    741
-1.09953109058632E-026,-1.,0.9,-1.,-1.79572984764344E-010,           561P    742
6.12303176911189E-017,1.6161568628791E-010;                          561P    743
100,0.,0.,0.9,3.2,0.9,-3.2,0.899999998;                              563P    744
126,1,1,1,0,1,0,0.,0.,1.,1.,1.,1.,0.072516325,0.,0.,                 565P    745
0.927483675,0.,0.,0.,1.,0.,0.,1.;                                    565P    746
126,3,3,1,0,0,0,0.0725163249999997,0.0725163249999997,               567P    747
0.0725163249999997,0.0725163249999997,0.927483675,0.927483675,       567P    748
0.927483675,0.927483675,0.964501823435349,0.835901580344432,         567P    749
0.835901580344432,0.96450182343535,0.,0.9,3.2,0.,0.692307692,        567P    750
2.923076923,0.,0.692307692,2.576923077,0.,0.9,2.3,                   567P    751
0.0725163249999997,0.927483675,-1.,0.,0.;                            567P    752
126,1,1,1,0,1,0,0.,0.,1.,1.,1.,1.,0.927483675,0.,0.,                 569P    753
0.927483675,1.,0.,0.,1.,0.,0.,1.;                                    569P    754
124,1.39800245372366E-014,1.,-4.71392248920165E-017,                 571P    755
-0.899999999671488,-6.12303176911182E-017,                           571P    756
4.71392248920174E-017,1.,0.899999999671488,1.,                       571P    757
-1.39800245372366E-014,6.12303176911189E-017,                        571P    758
1.25820220789204E-014;                                               571P    759
100,0.,0.,0.9,2.3,0.9,-2.3,0.9;                                      573P    760
126,1,1,1,0,1,0,0.,0.,1.,1.,1.,1.,0.927483675,1.,0.,                 575P    761
0.072516325,1.,0.,0.,1.,0.,0.,1.;                                    575P    762
126,3,3,1,0,0,0,0.072516325,0.072516325,0.072516325,                 577P    763
0.072516325,0.927483675,0.927483675,0.927483675,0.927483675,         577P    764
0.96450182343535,0.835901580344432,0.835901580344432,                577P    765
0.96450182343535,0.,0.9,-2.3,0.,0.692307692,-2.576923077,0.,         577P    766
0.692307692,-2.923076923,0.,0.9,-3.2,0.072516325,0.927483675,        577P    767
-1.,0.,0.;                                                           577P    768
102,4,559,565,569,575;                                               579P    769
102,4,563,567,573,577;                                               581P    770
142,1,557,579,581,1;                                                 583P    771
144,557,1,0,583;                                                     585P    772
128,3,3,3,3,0,0,0,0,0,0.0725163247065381,0.0725163247065381,         587P    773
0.0725163247065381,0.0725163247065381,0.927483674841816,             587P    774
0.927483674841816,0.927483674841816,0.927483674841816,0.,0.,0.,      587P    775
0.,1.,1.,1.,1.,0.964501823567773,0.835901580368225,                  587P    776
0.835901580300291,0.96450182336397,0.321500607855924,                587P    777
0.278633860122742,0.278633860100097,0.32150060778799,                587P    778
0.321500607855924,0.278633860122742,0.278633860100097,               587P    779
0.32150060778799,0.964501823567773,0.835901580368225,                587P    780
0.835901580300291,0.96450182336397,0.,0.9,-3.2,0.,0.692307692,       587P    781
-2.923076923,0.,0.692307692,-2.576923077,0.,0.9,-2.3,                587P    782
-6.400000001,0.9,-3.2,-5.846153847,0.692307692,-2.923076923,         587P    783
-5.153846154,0.692307692,-2.576923077,-4.6,0.9,-2.3,                 587P    784
-6.400000001,0.9,3.2,-5.846153847,0.692307692,2.923076923,           587P    785
-5.153846154,0.692307692,2.576923077,-4.6,0.9,2.3,0.,0.9,3.2,        587P    786
0.,0.692307692,2.923076923,0.,0.692307692,2.576923077,0.,0.9,        587P    787
2.3,0.0725163247065381,0.927483674841816,0.,1.;                      587P    788
126,1,1,1,0,1,0,0.,0.,1.,1.,1.,1.,0.927483675,1.,0.,                 589P    789
0.072516325,1.,0.,0.,1.,0.,0.,1.;                                    589P    790
126,3,3,1,0,0,0,0.072516325,0.072516325,0.072516325,                 591P    791
0.072516325,0.927483675,0.927483675,0.927483675,0.927483675,         591P    792
0.96450182343535,0.835901580344432,0.835901580344432,                591P    793
0.964501823435349,0.,0.9,2.3,0.,0.692307692,2.576923077,0.,          591P    794
0.692307692,2.923076923,0.,0.9,3.2,0.072516325,0.927483675,1.,       591P    795
0.,0.;                                                               591P    796
126,1,1,1,0,1,0,0.,0.,1.,1.,1.,1.,0.072516325,1.,0.,                 593P    797
0.072516325,0.,0.,0.,1.,0.,0.,1.;                                    593P    798
124,-4.10206918265025E-010,-1.,0.,0.9,6.12303176911189E-017,         595P    799
-2.51170999244623E-026,-1.,0.9,1.,-4.10206918265025E-010,            595P    800
6.12303176911189E-017,3.69186226438522E-010;                         595P    801
100,0.,0.,0.9,3.2,0.9,-3.2,0.900000002;                              597P    802
126,1,1,1,0,1,0,0.,0.,1.,1.,1.,1.,0.072516325,0.,0.,                 599P    803
0.927483675,0.,0.,0.,1.,0.,0.,1.;                                    599P    804
126,3,3,1,0,0,0,0.0725163250000002,0.0725163250000002,               601P    805
0.0725163250000002,0.0725163250000002,0.927483675000001,             601P    806
0.927483675000001,0.927483675000001,0.927483675000001,               601P    807
0.964501823435349,0.835901580344432,0.835901580344432,               601P    808
0.96450182343535,0.,0.9,-3.2,0.,0.692307692,-2.923076923,0.,         601P    809
0.692307692,-2.576923077,0.,0.9,-2.3,0.0725163250000002,             601P    810
0.927483675000001,1.,0.,0.;                                          601P    811
126,1,1,1,0,1,0,0.,0.,1.,1.,1.,1.,0.927483675,0.,0.,                 603P    812
0.927483675,1.,0.,0.,1.,0.,0.,1.;                                    603P    813
124,1.40910927991023E-017,-1.,4.71392248920165E-017,                 605P    814
0.899999999671488,6.12303176911189E-017,4.71392248920165E-017,       605P    815
1.,0.899999999671488,-1.,-1.40910927991023E-017,                     605P    816
6.12303176911189E-017,1.2681983514563E-017;                          605P    817
100,0.,0.,0.9,2.3,0.9,-2.3,0.9;                                      607P    818
102,4,589,593,599,603;                                               609P    819
102,4,591,597,601,607;                                               611P    820
142,1,587,609,611,1;                                                 613P    821
144,587,1,0,613;                                                     615P    822
110,0.,3.,0.,0.,-997.,0.;                                            617P    823
110,0.,3.,-4.,0.,0.7,-4.;                                            619P    824
120,617,619,0.,6.28318530717959;                                     621P    825
126,1,1,1,0,1,0,0.,0.,1.,1.,1.,1.,1.,3.141592654,0.,0.,              623P    826
3.141592654,0.,0.,1.,0.,0.,1.;                                       623P    827
110,0.,0.7,4.,0.,3.,4.;                                              625P    828
126,1,1,1,0,1,0,0.,0.,1.,1.,1.,1.,0.,3.141592654,0.,0.,              627P    829
6.283185307,0.,0.,1.,0.,0.,1.;                                       627P    830
124,6.12303176911189E-017,-1.,0.,3.,6.12303176911189E-017,           629P    831
3.74915180455534E-033,-1.,3.,1.,6.12303176911189E-017,               629P    832
6.12303176911189E-017,-1.83690953073357E-016;                        629P    833
100,0.,0.,3.,4.,3.,-4.,3.;                                           631P    834
126,1,1,1,0,1,0,0.,0.,1.,1.,1.,1.,0.,6.283185307,0.,1.,              633P    835
6.283185307,0.,0.,1.,0.,0.,1.;                                       633P    836
110,0.,3.,-4.,0.,0.7,-4.;                                            635P    837
126,1,1,1,0,1,0,0.,0.,1.,1.,1.,1.,1.,6.283185307,0.,1.,              637P    838
3.141592654,0.,0.,1.,0.,0.,1.;                                       637P    839
124,6.12303176911189E-017,-1.,0.,0.7,6.12303176911189E-017,          639P    840
3.74915180455534E-033,1.,0.7,-1.,-6.12303176911189E-017,             639P    841
6.12303176911189E-017,4.28612223837832E-017;                         639P    842
100,0.,0.,0.7,4.,0.7,-4.,0.7;                                        641P    843
102,4,623,627,633,637;                                               643P    844
102,4,625,631,635,641;                                               645P    845
142,1,621,643,645,1;                                                 647P    846
144,621,1,0,647;                                                     649P    847
110,0.,0.9,0.,0.,-999.1,0.;                                          651P    848
110,0.,0.9,-3.2,0.,0.,-3.2;                                          653P    849
120,651,653,0.,6.28318530717959;                                     655P    850
126,1,1,1,0,1,0,0.,0.,1.,1.,1.,1.,1.,3.141592654,0.,1.,0.,0.,        657P    851
0.,1.,0.,0.,1.;                                                      657P    852
124,1.40271637621286E-014,1.,0.,0.,-6.12303176911189E-017,           659P    853
8.58887693460487E-031,1.,0.,1.,-1.40271637621286E-014,               659P    854
6.12303176911189E-017,0.;                                            659P    855
100,0.,0.,0.,3.2,0.,-3.2,0.;                                         661P    856
126,1,1,1,0,1,0,0.,0.,1.,1.,1.,1.,1.,0.,0.,0.,0.,0.,0.,1.,0.,        663P    857
0.,1.;                                                               663P    858
110,0.,0.,-3.2,0.,0.9,-3.2;                                          665P    859
126,1,1,1,0,1,0,0.,0.,1.,1.,1.,1.,0.,0.,0.,0.,3.141592654,0.,        667P    860
0.,1.,0.,0.,1.;                                                      667P    861
124,-1.79572984764344E-010,1.,0.,-0.9,-6.12303176911189E-017,        669P    862
-1.09953109058632E-026,-1.,0.9,-1.,-1.79572984764344E-010,           669P    863
6.12303176911189E-017,1.6161568628791E-010;                          669P    864
100,0.,0.,0.9,3.2,0.9,-3.2,0.899999998;                              671P    865
126,1,1,1,0,1,0,0.,0.,1.,1.,1.,1.,0.,3.141592654,0.,1.,              673P    866
3.141592654,0.,0.,1.,0.,0.,1.;                                       673P    867
110,0.,0.9,3.2,0.,0.,3.2;                                            675P    868
102,4,657,663,667,673;                                               677P    869
102,4,661,665,671,675;                                               679P    870
142,1,655,677,679,1;                                                 681P    871
144,655,1,0,681;                                                     683P    872
128,1,1,1,1,0,0,1,0,0,0.,0.,1.,1.,0.,0.,1.,1.,1.,1.,1.,1.,           685P    873
-4.807,0.7,4.807,-4.807,0.7,-4.807,4.807,0.7,4.807,4.807,0.7,        685P    874
-4.807,0.,1.,0.,1.;                                                  685P    875
126,32,2,1,0,1,0,0.,0.,0.,0.0625,0.0625,0.125,0.125,0.1875,          687P    876
0.1875,0.25,0.25,0.3125,0.3125,0.375,0.375,0.4375,0.4375,0.5,        687P    877
0.5,0.5625,0.5625,0.625,0.625,0.6875,0.6875,0.75,0.75,0.8125,        687P    878
0.8125,0.875,0.875,0.9375,0.9375,1.,1.,1.,1.,1.,1.,1.,1.,1.,1.,      687P    879
1.,1.,1.,1.,1.,1.,1.,1.,1.,1.,1.,1.,1.,1.,1.,1.,1.,1.,1.,1.,1.,      687P    880
1.,1.,1.,1.,1.,0.005928854,0.5,0.,0.005928854,0.451338239,0.,        687P    881
0.015422292,0.403611501,0.,0.024915731,0.355884763,0.,               687P    882
0.04353778,0.310927158,0.,0.06215983,0.265969553,0.,                 687P    883
0.089194856,0.225508778,0.,0.116229881,0.185048003,0.,               687P    884
0.150638942,0.150638942,0.,0.185048003,0.116229881,0.,               687P    885
0.225508778,0.089194856,0.,0.265969553,0.06215983,0.,                687P    886
0.310927158,0.04353778,0.,0.355884763,0.024915731,0.,                687P    887
0.403611501,0.015422292,0.,0.451338239,0.005928854,0.,0.5,           687P    888
0.005928854,0.,0.548661761,0.005928854,0.,0.596388499,               687P    889
0.015422292,0.,0.644115237,0.024915731,0.,0.689072842,               687P    890
0.04353778,0.,0.734030447,0.06215983,0.,0.774491222,                 687P    891
0.089194856,0.,0.814951997,0.116229881,0.,0.849361058,               687P    892
0.150638942,0.,0.883770119,0.185048003,0.,0.910805144,               687P    893
0.225508778,0.,0.93784017,0.265969553,0.,0.95646222,                 687P    894
0.310927158,0.,0.975084269,0.355884763,0.,0.984577708,               687P    895
0.403611501,0.,0.994071146,0.451338239,0.,0.994071146,0.5,0.,        687P    896
0.,1.,0.,0.,-1.;                                                     687P    897
124,6.12303176911189E-017,-1.,0.,0.7,6.12303176911189E-017,          689P    898
3.74915180455534E-033,-1.,0.7,1.,6.12303176911189E-017,              689P    899
6.12303176911189E-017,-4.28612223837832E-017;                        689P    900
100,0.,0.,0.7,4.75,0.7,-4.75,0.7;                                    691P    901
126,32,2,1,0,1,0,0.,0.,0.,0.0625,0.0625,0.125,0.125,0.1875,          693P    902
0.1875,0.25,0.25,0.3125,0.3125,0.375,0.375,0.4375,0.4375,0.5,        693P    903
0.5,0.5625,0.5625,0.625,0.625,0.6875,0.6875,0.75,0.75,0.8125,        693P    904
0.8125,0.875,0.875,0.9375,0.9375,1.,1.,1.,1.,1.,1.,1.,1.,1.,1.,      693P    905
1.,1.,1.,1.,1.,1.,1.,1.,1.,1.,1.,1.,1.,1.,1.,1.,1.,1.,1.,1.,1.,      693P    906
1.,1.,1.,1.,1.,0.994071146,0.5,0.,0.994071146,0.548661761,0.,        693P    907
0.984577708,0.596388499,0.,0.975084269,0.644115237,0.,               693P    908
0.95646222,0.689072842,0.,0.93784017,0.734030447,0.,                 693P    909
0.910805144,0.774491222,0.,0.883770119,0.814951997,0.,               693P    910
0.849361058,0.849361058,0.,0.814951997,0.883770119,0.,               693P    911
0.774491222,0.910805144,0.,0.734030447,0.93784017,0.,                693P    912
0.689072842,0.95646222,0.,0.644115237,0.975084269,0.,                693P    913
0.596388499,0.984577708,0.,0.548661761,0.994071146,0.,0.5,           693P    914
0.994071146,0.,0.451338239,0.994071146,0.,0.403611501,               693P    915
0.984577708,0.,0.355884763,0.975084269,0.,0.310927158,               693P    916
0.95646222,0.,0.265969553,0.93784017,0.,0.225508778,                 693P    917
0.910805144,0.,0.185048003,0.883770119,0.,0.150638942,               693P    918
0.849361058,0.,0.116229881,0.814951997,0.,0.089194856,               693P    919
0.774491222,0.,0.06215983,0.734030447,0.,0.04353778,                 693P    920
0.689072842,0.,0.024915731,0.644115237,0.,0.015422292,               693P    921
0.596388499,0.,0.005928854,0.548661761,0.,0.005928854,0.5,0.,        693P    922
0.,1.,0.,0.,-1.;                                                     693P    923
124,1.40271637621286E-014,1.,0.,-0.7,-6.12303176911189E-017,         695P    924
8.58887693460487E-031,-1.,0.7,-1.,1.40271637621286E-014,             695P    925
6.12303176911189E-017,-9.81901463349005E-015;                        695P    926
100,0.,0.,0.7,4.75,0.7,-4.75,0.7;                                    697P    927
102,2,687,693;                                                       699P    928
102,2,691,697;                                                       701P    929
142,1,685,699,701,1;                                                 703P    930
126,32,2,1,0,1,0,0.,0.,0.,0.0625,0.0625,0.125,0.125,0.1875,          705P    931
0.1875,0.25,0.25,0.3125,0.3125,0.375,0.375,0.4375,0.4375,0.5,        705P    932
0.5,0.5625,0.5625,0.625,0.625,0.6875,0.6875,0.75,0.75,0.8125,        705P    933
0.8125,0.875,0.875,0.9375,0.9375,1.,1.,1.,1.,1.,1.,1.,1.,1.,1.,      705P    934
1.,1.,1.,1.,1.,1.,1.,1.,1.,1.,1.,1.,1.,1.,1.,1.,1.,1.,1.,1.,1.,      705P    935
1.,1.,1.,1.,1.,0.083940087,0.5,0.,0.083940087,0.540978325,0.,        705P    936
0.091934562,0.581169262,0.,0.099929036,0.6213602,0.,                 705P    937
0.115610762,0.659219235,0.,0.131292488,0.697078271,0.,               705P    938
0.154058826,0.731150503,0.,0.176825163,0.765222734,0.,               705P    939
0.205801214,0.794198786,0.,0.234777266,0.823174837,0.,               705P    940
0.268849497,0.845941174,0.,0.302921729,0.868707512,0.,               705P    941
0.340780765,0.884389238,0.,0.3786398,0.900070964,0.,                 705P    942
0.418830738,0.908065438,0.,0.459021675,0.916059913,0.,0.5,           705P    943
0.916059913,0.,0.540978325,0.916059913,0.,0.581169262,               705P    944
0.908065438,0.,0.6213602,0.900070964,0.,0.659219235,                 705P    945
0.884389238,0.,0.697078271,0.868707512,0.,0.731150503,               705P    946
0.845941174,0.,0.765222734,0.823174837,0.,0.794198786,               705P    947
0.794198786,0.,0.823174837,0.765222734,0.,0.845941174,               705P    948
0.731150503,0.,0.868707512,0.697078271,0.,0.884389238,               705P    949
0.659219235,0.,0.900070964,0.6213602,0.,0.908065438,                 705P    950
0.581169262,0.,0.916059913,0.540978325,0.,0.916059913,0.5,0.,        705P    951
0.,1.,0.,0.,1.;                                                      705P    952
124,1.40271637621286E-014,1.,0.,-0.7,-6.12303176911189E-017,         707P    953
8.58887693460487E-031,1.,0.7,1.,-1.40271637621286E-014,              707P    954
6.12303176911189E-017,9.81901463349005E-015;                         707P    955
100,0.,0.,0.7,4.,0.7,-4.,0.7;                                        709P    956
126,32,2,1,0,1,0,0.,0.,0.,0.0625,0.0625,0.125,0.125,0.1875,          711P    957
0.1875,0.25,0.25,0.3125,0.3125,0.375,0.375,0.4375,0.4375,0.5,        711P    958
0.5,0.5625,0.5625,0.625,0.625,0.6875,0.6875,0.75,0.75,0.8125,        711P    959
0.8125,0.875,0.875,0.9375,0.9375,1.,1.,1.,1.,1.,1.,1.,1.,1.,1.,      711P    960
1.,1.,1.,1.,1.,1.,1.,1.,1.,1.,1.,1.,1.,1.,1.,1.,1.,1.,1.,1.,1.,      711P    961
1.,1.,1.,1.,1.,0.916059913,0.5,0.,0.916059913,0.459021675,0.,        711P    962
0.908065438,0.418830738,0.,0.900070964,0.3786398,0.,                 711P    963
0.884389238,0.340780765,0.,0.868707512,0.302921729,0.,               711P    964
0.845941174,0.268849497,0.,0.823174837,0.234777266,0.,               711P    965
0.794198786,0.205801214,0.,0.765222734,0.176825163,0.,               711P    966
0.731150503,0.154058826,0.,0.697078271,0.131292488,0.,               711P    967
0.659219235,0.115610762,0.,0.6213602,0.099929036,0.,                 711P    968
0.581169262,0.091934562,0.,0.540978325,0.083940087,0.,0.5,           711P    969
0.083940087,0.,0.459021675,0.083940087,0.,0.418830738,               711P    970
0.091934562,0.,0.3786398,0.099929036,0.,0.340780765,                 711P    971
0.115610762,0.,0.302921729,0.131292488,0.,0.268849497,               711P    972
0.154058826,0.,0.234777266,0.176825163,0.,0.205801214,               711P    973
0.205801214,0.,0.176825163,0.234777266,0.,0.154058826,               711P    974
0.268849497,0.,0.131292488,0.302921729,0.,0.115610762,               711P    975
0.340780765,0.,0.099929036,0.3786398,0.,0.091934562,                 711P    976
0.418830738,0.,0.083940087,0.459021675,0.,0.083940087,0.5,0.,        711P    977
0.,1.,0.,0.,1.;                                                      711P    978
124,6.12303176911189E-017,-1.,0.,0.7,6.12303176911189E-017,          713P    979
3.74915180455534E-033,1.,0.7,-1.,-6.12303176911189E-017,             713P    980
6.12303176911189E-017,4.28612223837832E-017;                         713P    981
100,0.,0.,0.7,4.,0.7,-4.,0.7;                                        715P    982
102,2,705,711;                                                       717P    983
102,2,709,715;                                                       719P    984
142,1,685,717,719,1;                                                 721P    985
144,685,1,1,703,721;                                                 723P    986
128,1,1,1,1,0,0,1,0,0,0.,0.,1.,1.,0.,0.,1.,1.,1.,1.,1.,1.,           725P    987
-4.807,0.,4.807,-4.807,0.,-4.807,4.807,0.,4.807,4.807,0.,            725P    988
-4.807,0.,1.,0.,1.;                                                  725P    989
126,32,2,1,0,1,0,0.,0.,0.,0.0625,0.0625,0.125,0.125,0.1875,          727P    990
0.1875,0.25,0.25,0.3125,0.3125,0.375,0.375,0.4375,0.4375,0.5,        727P    991
0.5,0.5625,0.5625,0.625,0.625,0.6875,0.6875,0.75,0.75,0.8125,        727P    992
0.8125,0.875,0.875,0.9375,0.9375,1.,1.,1.,1.,1.,1.,1.,1.,1.,1.,      727P    993
1.,1.,1.,1.,1.,1.,1.,1.,1.,1.,1.,1.,1.,1.,1.,1.,1.,1.,1.,1.,1.,      727P    994
1.,1.,1.,1.,1.,0.005928854,0.5,0.,0.005928854,0.451338239,0.,        727P    995
0.015422292,0.403611501,0.,0.024915731,0.355884763,0.,               727P    996
0.04353778,0.310927158,0.,0.06215983,0.265969553,0.,                 727P    997
0.089194856,0.225508778,0.,0.116229881,0.185048003,0.,               727P    998
0.150638942,0.150638942,0.,0.185048003,0.116229881,0.,               727P    999
0.225508778,0.089194856,0.,0.265969553,0.06215983,0.,                727P   1000
0.310927158,0.04353778,0.,0.355884763,0.024915731,0.,                727P   1001
0.403611501,0.015422292,0.,0.451338239,0.005928854,0.,0.5,           727P   1002
0.005928854,0.,0.548661761,0.005928854,0.,0.596388499,               727P   1003
0.015422292,0.,0.644115237,0.024915731,0.,0.689072842,               727P   1004
0.04353778,0.,0.734030447,0.06215983,0.,0.774491222,                 727P   1005
0.089194856,0.,0.814951997,0.116229881,0.,0.849361058,               727P   1006
0.150638942,0.,0.883770119,0.185048003,0.,0.910805144,               727P   1007
0.225508778,0.,0.93784017,0.265969553,0.,0.95646222,                 727P   1008
0.310927158,0.,0.975084269,0.355884763,0.,0.984577708,               727P   1009
0.403611501,0.,0.994071146,0.451338239,0.,0.994071146,0.5,0.,        727P   1010
0.,1.,0.,0.,-1.;                                                     727P   1011
124,6.12303176911189E-017,-1.,0.,0.,6.12303176911189E-017,           729P   1012
3.74915180455534E-033,-1.,0.,1.,6.12303176911189E-017,               729P   1013
6.12303176911189E-017,0.;                                            729P   1014
100,0.,0.,0.,4.75,0.,-4.75,0.;                                       731P   1015
126,32,2,1,0,1,0,0.,0.,0.,0.0625,0.0625,0.125,0.125,0.1875,          733P   1016
0.1875,0.25,0.25,0.3125,0.3125,0.375,0.375,0.4375,0.4375,0.5,        733P   1017
0.5,0.5625,0.5625,0.625,0.625,0.6875,0.6875,0.75,0.75,0.8125,        733P   1018
0.8125,0.875,0.875,0.9375,0.9375,1.,1.,1.,1.,1.,1.,1.,1.,1.,1.,      733P   1019
1.,1.,1.,1.,1.,1.,1.,1.,1.,1.,1.,1.,1.,1.,1.,1.,1.,1.,1.,1.,1.,      733P   1020
1.,1.,1.,1.,1.,0.994071146,0.5,0.,0.994071146,0.548661761,0.,        733P   1021
0.984577708,0.596388499,0.,0.975084269,0.644115237,0.,               733P   1022
0.95646222,0.689072842,0.,0.93784017,0.734030447,0.,                 733P   1023
0.910805144,0.774491222,0.,0.883770119,0.814951997,0.,               733P   1024
0.849361058,0.849361058,0.,0.814951997,0.883770119,0.,               733P   1025
0.774491222,0.910805144,0.,0.734030447,0.93784017,0.,                733P   1026
0.689072842,0.95646222,0.,0.644115237,0.975084269,0.,                733P   1027
0.596388499,0.984577708,0.,0.548661761,0.994071146,0.,0.5,           733P   1028
0.994071146,0.,0.451338239,0.994071146,0.,0.403611501,               733P   1029
0.984577708,0.,0.355884763,0.975084269,0.,0.310927158,               733P   1030
0.95646222,0.,0.265969553,0.93784017,0.,0.225508778,                 733P   1031
0.910805144,0.,0.185048003,0.883770119,0.,0.150638942,               733P   1032
0.849361058,0.,0.116229881,0.814951997,0.,0.089194856,               733P   1033
0.774491222,0.,0.06215983,0.734030447,0.,0.04353778,                 733P   1034
0.689072842,0.,0.024915731,0.644115237,0.,0.015422292,               733P   1035
0.596388499,0.,0.005928854,0.548661761,0.,0.005928854,0.5,0.,        733P   1036
0.,1.,0.,0.,-1.;                                                     733P   1037
124,1.40271637621286E-014,1.,0.,0.,-6.12303176911189E-017,           735P   1038
8.58887693460487E-031,-1.,0.,-1.,1.40271637621286E-014,              735P   1039
6.12303176911189E-017,0.;                                            735P   1040
100,0.,0.,0.,4.75,0.,-4.75,0.;                                       737P   1041
102,2,727,733;                                                       739P   1042
102,2,731,737;                                                       741P   1043
142,1,725,739,741,1;                                                 743P   1044
126,32,2,1,0,1,0,0.,0.,0.,0.0625,0.0625,0.125,0.125,0.1875,          745P   1045
0.1875,0.25,0.25,0.3125,0.3125,0.375,0.375,0.4375,0.4375,0.5,        745P   1046
0.5,0.5625,0.5625,0.625,0.625,0.6875,0.6875,0.75,0.75,0.8125,        745P   1047
0.8125,0.875,0.875,0.9375,0.9375,1.,1.,1.,1.,1.,1.,1.,1.,1.,1.,      745P   1048
1.,1.,1.,1.,1.,1.,1.,1.,1.,1.,1.,1.,1.,1.,1.,1.,1.,1.,1.,1.,1.,      745P   1049
1.,1.,1.,1.,1.,0.83284793,0.5,0.,0.83284793,0.46721734,0.,           745P   1050
0.82645235,0.43506459,0.,0.820056771,0.40291184,0.,0.80751139,       745P   1051
0.372624612,0.,0.794966009,0.342337383,0.,0.776752939,               745P   1052
0.315079598,0.,0.758539869,0.287821813,0.,0.735359028,               745P   1053
0.264640972,0.,0.712178187,0.241460131,0.,0.684920402,               745P   1054
0.223247061,0.,0.657662617,0.205033991,0.,0.627375388,               745P   1055
0.19248861,0.,0.59708816,0.179943229,0.,0.56493541,0.17354765,       745P   1056
0.,0.53278266,0.16715207,0.,0.5,0.16715207,0.,0.46721734,            745P   1057
0.16715207,0.,0.43506459,0.17354765,0.,0.40291184,0.179943229,       745P   1058
0.,0.372624612,0.19248861,0.,0.342337383,0.205033991,0.,             745P   1059
0.315079598,0.223247061,0.,0.287821813,0.241460131,0.,               745P   1060
0.264640972,0.264640972,0.,0.241460131,0.287821813,0.,               745P   1061
0.223247061,0.315079598,0.,0.205033991,0.342337383,0.,               745P   1062
0.19248861,0.372624612,0.,0.179943229,0.40291184,0.,0.17354765,      745P   1063
0.43506459,0.,0.16715207,0.46721734,0.,0.16715207,0.5,0.,0.,1.,      745P   1064
0.,0.,1.;                                                            745P   1065
124,6.12303176911189E-017,-1.,0.,0.,6.12303176911189E-017,           747P   1066
3.74915180455534E-033,1.,0.,-1.,-6.12303176911189E-017,              747P   1067
6.12303176911189E-017,0.;                                            747P   1068
100,0.,0.,0.,3.2,0.,-3.2,0.;                                         749P   1069
126,32,2,1,0,1,0,0.,0.,0.,0.0625,0.0625,0.125,0.125,0.1875,          751P   1070
0.1875,0.25,0.25,0.3125,0.3125,0.375,0.375,0.4375,0.4375,0.5,        751P   1071
0.5,0.5625,0.5625,0.625,0.625,0.6875,0.6875,0.75,0.75,0.8125,        751P   1072
0.8125,0.875,0.875,0.9375,0.9375,1.,1.,1.,1.,1.,1.,1.,1.,1.,1.,      751P   1073
1.,1.,1.,1.,1.,1.,1.,1.,1.,1.,1.,1.,1.,1.,1.,1.,1.,1.,1.,1.,1.,      751P   1074
1.,1.,1.,1.,1.,0.16715207,0.5,0.,0.16715207,0.53278266,0.,           751P   1075
0.17354765,0.56493541,0.,0.179943229,0.59708816,0.,0.19248861,       751P   1076
0.627375388,0.,0.205033991,0.657662617,0.,0.223247061,               751P   1077
0.684920402,0.,0.241460131,0.712178187,0.,0.264640972,               751P   1078
0.735359028,0.,0.287821813,0.758539869,0.,0.315079598,               751P   1079
0.776752939,0.,0.342337383,0.794966009,0.,0.372624612,               751P   1080
0.80751139,0.,0.40291184,0.820056771,0.,0.43506459,0.82645235,       751P   1081
0.,0.46721734,0.83284793,0.,0.5,0.83284793,0.,0.53278266,            751P   1082
0.83284793,0.,0.56493541,0.82645235,0.,0.59708816,0.820056771,       751P   1083
0.,0.627375388,0.80751139,0.,0.657662617,0.794966009,0.,             751P   1084
0.684920402,0.776752939,0.,0.712178187,0.758539869,0.,               751P   1085
0.735359028,0.735359028,0.,0.758539869,0.712178187,0.,               751P   1086
0.776752939,0.684920402,0.,0.794966009,0.657662617,0.,               751P   1087
0.80751139,0.627375388,0.,0.820056771,0.59708816,0.,0.82645235,      751P   1088
0.56493541,0.,0.83284793,0.53278266,0.,0.83284793,0.5,0.,0.,1.,      751P   1089
0.,0.,1.;                                                            751P   1090
124,1.40271637621286E-014,1.,0.,0.,-6.12303176911189E-017,           753P   1091
8.58887693460487E-031,1.,0.,1.,-1.40271637621286E-014,               753P   1092
6.12303176911189E-017,0.;                                            753P   1093
100,0.,0.,0.,3.2,0.,-3.2,0.;                                         755P   1094
102,2,745,751;                                                       757P   1095
102,2,749,755;                                                       759P   1096
142,1,725,757,759,1;                                                 761P   1097
144,725,1,1,743,761;                                                 763P   1098
110,0.,0.,0.,0.,1000.,0.;                                            765P   1099
110,0.,0.,4.75,0.,0.7,4.75;                                          767P   1100
120,765,767,0.,6.28318530717959;                                     769P   1101
126,1,1,1,0,1,0,0.,0.,1.,1.,1.,1.,1.,3.141592654,0.,0.,              771P   1102
3.141592654,0.,0.,1.,0.,0.,1.;                                       771P   1103
110,0.,0.7,-4.75,0.,0.,-4.75;                                        773P   1104
126,1,1,1,0,1,0,0.,0.,1.,1.,1.,1.,0.,3.141592654,0.,0.,              775P   1105
6.283185307,0.,0.,1.,0.,0.,1.;                                       775P   1106
124,6.12303176911189E-017,-1.,0.,0.,6.12303176911189E-017,           777P   1107
3.74915180455534E-033,1.,0.,-1.,-6.12303176911189E-017,              777P   1108
6.12303176911189E-017,0.;                                            777P   1109
100,0.,0.,0.,4.75,0.,-4.75,0.;                                       779P   1110
126,1,1,1,0,1,0,0.,0.,1.,1.,1.,1.,0.,6.283185307,0.,1.,              781P   1111
6.283185307,0.,0.,1.,0.,0.,1.;                                       781P   1112
110,0.,0.,4.75,0.,0.7,4.75;                                          783P   1113
126,1,1,1,0,1,0,0.,0.,1.,1.,1.,1.,1.,6.283185307,0.,1.,              785P   1114
3.141592654,0.,0.,1.,0.,0.,1.;                                       785P   1115
124,6.12303176911189E-017,-1.,0.,0.7,6.12303176911189E-017,          787P   1116
3.74915180455534E-033,-1.,0.7,1.,6.12303176911189E-017,              787P   1117
6.12303176911189E-017,-4.28612223837832E-017;                        787P   1118
100,0.,0.,0.7,4.75,0.7,-4.75,0.7;                                    789P   1119
102,4,771,775,781,785;                                               791P   1120
102,4,773,779,783,789;                                               793P   1121
142,1,769,791,793,1;                                                 795P   1122
144,769,1,0,795;                                                     797P   1123
S      1G      4D    798P   1123                                        T      1
