SolidWorks IGES file using analytic representation for surfaces         S      1
1H,,1H;,14HL型支架.SLDPRT,62HE:\Solidworks_Project\支架配套资料\单轴支架G      1
\L型2.0\L型支架.IGS,15HSolidWorks 2010,15HSolidWorks 2010,32,308,15,    G      2
308,15,14HL型支架.SLDPRT,1.,2,2HMM,50,0.125,13H170620.121746,1E-008,    G      3
499990.,13HAdministrator,,11,0,13H170620.121746;                        G      4
     314       1       0       0       0                        00000200D      1
     314       0       6       1       0                               0D      2
     110       2       0       0       0                        01010000D      3
     110       0       0       1       0                               0D      4
     110       3       0       0       0                        01010000D      5
     110       0       0       1       0                               0D      6
     120       4       0       0       0                        01010000D      7
     120       0       0       1       0                               0D      8
     126       5       0       0       0                        01010500D      9
     126       0       0       2       0                               0D     10
     110       7       0       0       0                        01010000D     11
     110       0       0       1       0                               0D     12
     126       8       0       0       0                        01010500D     13
     126       0       0       2       0                               0D     14
     124      10       0       0       0                        00000000D     15
     124       0       0       3       0                               0D     16
     100      13       0       0       0              15        01010000D     17
     100       0       0       1       0                               0D     18
     126      14       0       0       0                        01010500D     19
     126       0       0       2       0                               0D     20
     110      16       0       0       0                        01010000D     21
     110       0       0       1       0                               0D     22
     126      17       0       0       0                        01010500D     23
     126       0       0       2       0                               0D     24
     124      19       0       0       0                        00000000D     25
     124       0       0       3       0                               0D     26
     100      22       0       0       0              25        01010000D     27
     100       0       0       1       0                               0D     28
     102      23       0       0       0                        01010500D     29
     102       0       0       1       0                               0D     30
     102      24       0       0       0                        01010000D     31
     102       0       0       1       0                               0D     32
     142      25       0       0       0                        00010500D     33
     142       0       0       1       0                               0D     34
     144      26       0       0       0                        00000000D     35
     144       0      -1       1       0                               0D     36
     110      27       0       0       0                        01010000D     37
     110       0       0       1       0                               0D     38
     110      28       0       0       0                        01010000D     39
     110       0       0       1       0                               0D     40
     120      29       0       0       0                        01010000D     41
     120       0       0       1       0                               0D     42
     126      30       0       0       0                        01010500D     43
     126       0       0       2       0                               0D     44
     110      32       0       0       0                        01010000D     45
     110       0       0       1       0                               0D     46
     126      33       0       0       0                        01010500D     47
     126       0       0       2       0                               0D     48
     124      35       0       0       0                        00000000D     49
     124       0       0       3       0                               0D     50
     100      38       0       0       0              49        01010000D     51
     100       0       0       1       0                               0D     52
     126      39       0       0       0                        01010500D     53
     126       0       0       2       0                               0D     54
     110      41       0       0       0                        01010000D     55
     110       0       0       1       0                               0D     56
     126      42       0       0       0                        01010500D     57
     126       0       0       2       0                               0D     58
     124      44       0       0       0                        00000000D     59
     124       0       0       3       0                               0D     60
     100      47       0       0       0              59        01010000D     61
     100       0       0       1       0                               0D     62
     102      48       0       0       0                        01010500D     63
     102       0       0       1       0                               0D     64
     102      49       0       0       0                        01010000D     65
     102       0       0       1       0                               0D     66
     142      50       0       0       0                        00010500D     67
     142       0       0       1       0                               0D     68
     144      51       0       0       0                        00000000D     69
     144       0      -1       1       0                               0D     70
     110      52       0       0       0                        01010000D     71
     110       0       0       1       0                               0D     72
     110      53       0       0       0                        01010000D     73
     110       0       0       1       0                               0D     74
     120      54       0       0       0                        01010000D     75
     120       0       0       1       0                               0D     76
     126      55       0       0       0                        01010500D     77
     126       0       0       2       0                               0D     78
     110      57       0       0       0                        01010000D     79
     110       0       0       1       0                               0D     80
     126      58       0       0       0                        01010500D     81
     126       0       0       2       0                               0D     82
     124      60       0       0       0                        00000000D     83
     124       0       0       3       0                               0D     84
     100      63       0       0       0              83        01010000D     85
     100       0       0       1       0                               0D     86
     126      64       0       0       0                        01010500D     87
     126       0       0       2       0                               0D     88
     110      66       0       0       0                        01010000D     89
     110       0       0       1       0                               0D     90
     126      67       0       0       0                        01010500D     91
     126       0       0       2       0                               0D     92
     124      69       0       0       0                        00000000D     93
     124       0       0       3       0                               0D     94
     100      72       0       0       0              93        01010000D     95
     100       0       0       1       0                               0D     96
     102      73       0       0       0                        01010500D     97
     102       0       0       1       0                               0D     98
     102      74       0       0       0                        01010000D     99
     102       0       0       1       0                               0D    100
     142      75       0       0       0                        00010500D    101
     142       0       0       1       0                               0D    102
     144      76       0       0       0                        00000000D    103
     144       0      -1       1       0                               0D    104
     110      77       0       0       0                        01010000D    105
     110       0       0       1       0                               0D    106
     110      78       0       0       0                        01010000D    107
     110       0       0       1       0                               0D    108
     120      79       0       0       0                        01010000D    109
     120       0       0       1       0                               0D    110
     126      80       0       0       0                        01010500D    111
     126       0       0       2       0                               0D    112
     110      82       0       0       0                        01010000D    113
     110       0       0       1       0                               0D    114
     126      83       0       0       0                        01010500D    115
     126       0       0       2       0                               0D    116
     124      85       0       0       0                        00000000D    117
     124       0       0       3       0                               0D    118
     100      88       0       0       0             117        01010000D    119
     100       0       0       1       0                               0D    120
     126      89       0       0       0                        01010500D    121
     126       0       0       2       0                               0D    122
     110      91       0       0       0                        01010000D    123
     110       0       0       1       0                               0D    124
     126      92       0       0       0                        01010500D    125
     126       0       0       2       0                               0D    126
     124      94       0       0       0                        00000000D    127
     124       0       0       3       0                               0D    128
     100      97       0       0       0             127        01010000D    129
     100       0       0       1       0                               0D    130
     102      98       0       0       0                        01010500D    131
     102       0       0       1       0                               0D    132
     102      99       0       0       0                        01010000D    133
     102       0       0       1       0                               0D    134
     142     100       0       0       0                        00010500D    135
     142       0       0       1       0                               0D    136
     144     101       0       0       0                        00000000D    137
     144       0      -1       1       0                               0D    138
     110     102       0       0       0                        01010000D    139
     110       0       0       1       0                               0D    140
     110     103       0       0       0                        01010000D    141
     110       0       0       1       0                               0D    142
     120     104       0       0       0                        01010000D    143
     120       0       0       1       0                               0D    144
     126     105       0       0       0                        01010500D    145
     126       0       0       2       0                               0D    146
     110     107       0       0       0                        01010000D    147
     110       0       0       1       0                               0D    148
     126     108       0       0       0                        01010500D    149
     126       0       0       2       0                               0D    150
     124     110       0       0       0                        00000000D    151
     124       0       0       3       0                               0D    152
     100     113       0       0       0             151        01010000D    153
     100       0       0       1       0                               0D    154
     126     114       0       0       0                        01010500D    155
     126       0       0       2       0                               0D    156
     110     116       0       0       0                        01010000D    157
     110       0       0       1       0                               0D    158
     126     117       0       0       0                        01010500D    159
     126       0       0       2       0                               0D    160
     124     119       0       0       0                        00000000D    161
     124       0       0       3       0                               0D    162
     100     122       0       0       0             161        01010000D    163
     100       0       0       1       0                               0D    164
     102     123       0       0       0                        01010500D    165
     102       0       0       1       0                               0D    166
     102     124       0       0       0                        01010000D    167
     102       0       0       1       0                               0D    168
     142     125       0       0       0                        00010500D    169
     142       0       0       1       0                               0D    170
     144     126       0       0       0                        00000000D    171
     144       0      -1       1       0                               0D    172
     110     127       0       0       0                        01010000D    173
     110       0       0       1       0                               0D    174
     110     128       0       0       0                        01010000D    175
     110       0       0       1       0                               0D    176
     120     129       0       0       0                        01010000D    177
     120       0       0       1       0                               0D    178
     126     130       0       0       0                        01010500D    179
     126       0       0       2       0                               0D    180
     110     132       0       0       0                        01010000D    181
     110       0       0       1       0                               0D    182
     126     133       0       0       0                        01010500D    183
     126       0       0       2       0                               0D    184
     124     135       0       0       0                        00000000D    185
     124       0       0       3       0                               0D    186
     100     138       0       0       0             185        01010000D    187
     100       0       0       1       0                               0D    188
     126     139       0       0       0                        01010500D    189
     126       0       0       2       0                               0D    190
     110     141       0       0       0                        01010000D    191
     110       0       0       1       0                               0D    192
     126     142       0       0       0                        01010500D    193
     126       0       0       2       0                               0D    194
     124     144       0       0       0                        00000000D    195
     124       0       0       3       0                               0D    196
     100     147       0       0       0             195        01010000D    197
     100       0       0       1       0                               0D    198
     102     148       0       0       0                        01010500D    199
     102       0       0       1       0                               0D    200
     102     149       0       0       0                        01010000D    201
     102       0       0       1       0                               0D    202
     142     150       0       0       0                        00010500D    203
     142       0       0       1       0                               0D    204
     144     151       0       0       0                        00000000D    205
     144       0      -1       1       0                               0D    206
     110     152       0       0       0                        01010000D    207
     110       0       0       1       0                               0D    208
     110     153       0       0       0                        01010000D    209
     110       0       0       1       0                               0D    210
     120     154       0       0       0                        01010000D    211
     120       0       0       1       0                               0D    212
     126     155       0       0       0                        01010500D    213
     126       0       0       2       0                               0D    214
     110     157       0       0       0                        01010000D    215
     110       0       0       1       0                               0D    216
     126     158       0       0       0                        01010500D    217
     126       0       0       2       0                               0D    218
     124     160       0       0       0                        00000000D    219
     124       0       0       3       0                               0D    220
     100     163       0       0       0             219        01010000D    221
     100       0       0       1       0                               0D    222
     126     164       0       0       0                        01010500D    223
     126       0       0       2       0                               0D    224
     110     166       0       0       0                        01010000D    225
     110       0       0       1       0                               0D    226
     126     167       0       0       0                        01010500D    227
     126       0       0       2       0                               0D    228
     124     169       0       0       0                        00000000D    229
     124       0       0       3       0                               0D    230
     100     172       0       0       0             229        01010000D    231
     100       0       0       1       0                               0D    232
     102     173       0       0       0                        01010500D    233
     102       0       0       1       0                               0D    234
     102     174       0       0       0                        01010000D    235
     102       0       0       1       0                               0D    236
     142     175       0       0       0                        00010500D    237
     142       0       0       1       0                               0D    238
     144     176       0       0       0                        00000000D    239
     144       0      -1       1       0                               0D    240
     110     177       0       0       0                        01010000D    241
     110       0       0       1       0                               0D    242
     110     178       0       0       0                        01010000D    243
     110       0       0       1       0                               0D    244
     120     179       0       0       0                        01010000D    245
     120       0       0       1       0                               0D    246
     126     180       0       0       0                        01010500D    247
     126       0       0       2       0                               0D    248
     110     182       0       0       0                        01010000D    249
     110       0       0       1       0                               0D    250
     126     183       0       0       0                        01010500D    251
     126       0       0       2       0                               0D    252
     124     185       0       0       0                        00000000D    253
     124       0       0       3       0                               0D    254
     100     188       0       0       0             253        01010000D    255
     100       0       0       1       0                               0D    256
     126     189       0       0       0                        01010500D    257
     126       0       0       2       0                               0D    258
     110     191       0       0       0                        01010000D    259
     110       0       0       1       0                               0D    260
     126     192       0       0       0                        01010500D    261
     126       0       0       2       0                               0D    262
     124     194       0       0       0                        00000000D    263
     124       0       0       3       0                               0D    264
     100     197       0       0       0             263        01010000D    265
     100       0       0       1       0                               0D    266
     102     198       0       0       0                        01010500D    267
     102       0       0       1       0                               0D    268
     102     199       0       0       0                        01010000D    269
     102       0       0       1       0                               0D    270
     142     200       0       0       0                        00010500D    271
     142       0       0       1       0                               0D    272
     144     201       0       0       0                        00000000D    273
     144       0      -1       1       0                               0D    274
     110     202       0       0       0                        01010000D    275
     110       0       0       1       0                               0D    276
     110     203       0       0       0                        01010000D    277
     110       0       0       1       0                               0D    278
     120     204       0       0       0                        01010000D    279
     120       0       0       1       0                               0D    280
     126     205       0       0       0                        01010500D    281
     126       0       0       2       0                               0D    282
     110     207       0       0       0                        01010000D    283
     110       0       0       1       0                               0D    284
     126     208       0       0       0                        01010500D    285
     126       0       0       2       0                               0D    286
     124     210       0       0       0                        00000000D    287
     124       0       0       3       0                               0D    288
     100     213       0       0       0             287        01010000D    289
     100       0       0       1       0                               0D    290
     126     214       0       0       0                        01010500D    291
     126       0       0       2       0                               0D    292
     110     216       0       0       0                        01010000D    293
     110       0       0       1       0                               0D    294
     126     217       0       0       0                        01010500D    295
     126       0       0       2       0                               0D    296
     124     219       0       0       0                        00000000D    297
     124       0       0       3       0                               0D    298
     100     222       0       0       0             297        01010000D    299
     100       0       0       1       0                               0D    300
     102     223       0       0       0                        01010500D    301
     102       0       0       1       0                               0D    302
     102     224       0       0       0                        01010000D    303
     102       0       0       1       0                               0D    304
     142     225       0       0       0                        00010500D    305
     142       0       0       1       0                               0D    306
     144     226       0       0       0                        00000000D    307
     144       0      -1       1       0                               0D    308
     110     227       0       0       0                        01010000D    309
     110       0       0       1       0                               0D    310
     110     228       0       0       0                        01010000D    311
     110       0       0       1       0                               0D    312
     120     229       0       0       0                        01010000D    313
     120       0       0       1       0                               0D    314
     126     230       0       0       0                        01010500D    315
     126       0       0       2       0                               0D    316
     110     232       0       0       0                        01010000D    317
     110       0       0       1       0                               0D    318
     126     233       0       0       0                        01010500D    319
     126       0       0       2       0                               0D    320
     124     235       0       0       0                        00000000D    321
     124       0       0       3       0                               0D    322
     100     238       0       0       0             321        01010000D    323
     100       0       0       1       0                               0D    324
     126     239       0       0       0                        01010500D    325
     126       0       0       2       0                               0D    326
     110     241       0       0       0                        01010000D    327
     110       0       0       1       0                               0D    328
     126     242       0       0       0                        01010500D    329
     126       0       0       2       0                               0D    330
     124     244       0       0       0                        00000000D    331
     124       0       0       3       0                               0D    332
     100     247       0       0       0             331        01010000D    333
     100       0       0       1       0                               0D    334
     102     248       0       0       0                        01010500D    335
     102       0       0       1       0                               0D    336
     102     249       0       0       0                        01010000D    337
     102       0       0       1       0                               0D    338
     142     250       0       0       0                        00010500D    339
     142       0       0       1       0                               0D    340
     144     251       0       0       0                        00000000D    341
     144       0      -1       1       0                               0D    342
     110     252       0       0       0                        01010000D    343
     110       0       0       1       0                               0D    344
     110     253       0       0       0                        01010000D    345
     110       0       0       1       0                               0D    346
     120     254       0       0       0                        01010000D    347
     120       0       0       1       0                               0D    348
     126     255       0       0       0                        01010500D    349
     126       0       0       2       0                               0D    350
     124     257       0       0       0                        00000000D    351
     124       0       0       4       0                               0D    352
     100     261       0       0       0             351        01010000D    353
     100       0       0       1       0                               0D    354
     126     262       0       0       0                        01010500D    355
     126       0       0       2       0                               0D    356
     110     264       0       0       0                        01010000D    357
     110       0       0       1       0                               0D    358
     126     265       0       0       0                        01010500D    359
     126       0       0       2       0                               0D    360
     124     267       0       0       0                        00000000D    361
     124       0       0       4       0                               0D    362
     100     271       0       0       0             361        01010000D    363
     100       0       0       1       0                               0D    364
     126     272       0       0       0                        01010500D    365
     126       0       0       2       0                               0D    366
     110     274       0       0       0                        01010000D    367
     110       0       0       1       0                               0D    368
     102     275       0       0       0                        01010500D    369
     102       0       0       1       0                               0D    370
     102     276       0       0       0                        01010000D    371
     102       0       0       1       0                               0D    372
     142     277       0       0       0                        00010500D    373
     142       0       0       1       0                               0D    374
     144     278       0       0       0                        00000000D    375
     144       0      -1       1       0                               0D    376
     128     279       0       0       0                        01010000D    377
     128       0       0      15       0                               0D    378
     126     294       0       0       0                        01010500D    379
     126       0       0       2       0                               0D    380
     124     296       0       0       0                        00000000D    381
     124       0       0       4       0                               0D    382
     100     300       0       0       0             381        01010000D    383
     100       0       0       1       0                               0D    384
     126     301       0       0       0                        01010500D    385
     126       0       0       2       0                               0D    386
     126     303       0       0       0                        01010000D    387
     126       0       0       3       0                               0D    388
     126     306       0       0       0                        01010500D    389
     126       0       0       2       0                               0D    390
     124     308       0       0       0                        00000000D    391
     124       0       0       2       0                               0D    392
     100     310       0       0       0             391        01010000D    393
     100       0       0       1       0                               0D    394
     126     311       0       0       0                        01010500D    395
     126       0       0       2       0                               0D    396
     124     313       0       0       0                        00000000D    397
     124       0       0       4       0                               0D    398
     100     317       0       0       0             397        01010000D    399
     100       0       0       1       0                               0D    400
     102     318       0       0       0                        01010500D    401
     102       0       0       1       0                               0D    402
     102     319       0       0       0                        01010000D    403
     102       0       0       1       0                               0D    404
     142     320       0       0       0                        00010500D    405
     142       0       0       1       0                               0D    406
     144     321       0       0       0                        00000000D    407
     144       0      -1       1       0                               0D    408
     128     322       0       0       0                        01010000D    409
     128       0       0      15       0                               0D    410
     126     337       0       0       0                        01010500D    411
     126       0       0       2       0                               0D    412
     124     339       0       0       0                        00000000D    413
     124       0       0       3       0                               0D    414
     100     342       0       0       0             413        01010000D    415
     100       0       0       1       0                               0D    416
     126     343       0       0       0                        01010500D    417
     126       0       0       2       0                               0D    418
     126     345       0       0       0                        01010000D    419
     126       0       0      57       0                               0D    420
     126     402       0       0       0                        01010500D    421
     126       0       0       2       0                               0D    422
     124     404       0       0       0                        00000000D    423
     124       0       0       4       0                               0D    424
     100     408       0       0       0             423        01010000D    425
     100       0       0       1       0                               0D    426
     126     409       0       0       0                        01010500D    427
     126       0       0       2       0                               0D    428
     124     411       0       0       0                        00000000D    429
     124       0       0       4       0                               0D    430
     100     415       0       0       0             429        01010000D    431
     100       0       0       1       0                               0D    432
     102     416       0       0       0                        01010500D    433
     102       0       0       1       0                               0D    434
     102     417       0       0       0                        01010000D    435
     102       0       0       1       0                               0D    436
     142     418       0       0       0                        00010500D    437
     142       0       0       1       0                               0D    438
     144     419       0       0       0                        00000000D    439
     144       0      -1       1       0                               0D    440
     110     420       0       0       0                        01010000D    441
     110       0       0       1       0                               0D    442
     110     421       0       0       0                        01010000D    443
     110       0       0       1       0                               0D    444
     120     422       0       0       0                        01010000D    445
     120       0       0       1       0                               0D    446
     126     423       0       0       0                        01010500D    447
     126       0       0       2       0                               0D    448
     110     425       0       0       0                        01010000D    449
     110       0       0       1       0                               0D    450
     126     426       0       0       0                        01010500D    451
     126       0       0       2       0                               0D    452
     124     428       0       0       0                        00000000D    453
     124       0       0       3       0                               0D    454
     100     431       0       0       0             453        01010000D    455
     100       0       0       1       0                               0D    456
     126     432       0       0       0                        01010500D    457
     126       0       0       2       0                               0D    458
     110     434       0       0       0                        01010000D    459
     110       0       0       1       0                               0D    460
     126     435       0       0       0                        01010500D    461
     126       0       0       2       0                               0D    462
     124     437       0       0       0                        00000000D    463
     124       0       0       2       0                               0D    464
     100     439       0       0       0             463        01010000D    465
     100       0       0       1       0                               0D    466
     102     440       0       0       0                        01010500D    467
     102       0       0       1       0                               0D    468
     102     441       0       0       0                        01010000D    469
     102       0       0       1       0                               0D    470
     142     442       0       0       0                        00010500D    471
     142       0       0       1       0                               0D    472
     144     443       0       0       0                        00000000D    473
     144       0      -1       1       0                               0D    474
     128     444       0       0       0                        01010000D    475
     128       0       0      15       0                               0D    476
     126     459       0       0       0                        01010500D    477
     126       0       0       2       0                               0D    478
     124     461       0       0       0                        00000000D    479
     124       0       0       3       0                               0D    480
     100     464       0       0       0             479        01010000D    481
     100       0       0       1       0                               0D    482
     126     465       0       0       0                        01010500D    483
     126       0       0       2       0                               0D    484
     100     467       0       0       0                        01010000D    485
     100       0       0       1       0                               0D    486
     126     468       0       0       0                        01010500D    487
     126       0       0       2       0                               0D    488
     124     470       0       0       0                        00000000D    489
     124       0       0       4       0                               0D    490
     100     474       0       0       0             489        01010000D    491
     100       0       0       1       0                               0D    492
     126     475       0       0       0                        01010500D    493
     126       0       0       2       0                               0D    494
     126     477       0       0       0                        01010000D    495
     126       0       0       5       0                               0D    496
     102     482       0       0       0                        01010500D    497
     102       0       0       1       0                               0D    498
     102     483       0       0       0                        01010000D    499
     102       0       0       1       0                               0D    500
     142     484       0       0       0                        00010500D    501
     142       0       0       1       0                               0D    502
     144     485       0       0       0                        00000000D    503
     144       0      -1       1       0                               0D    504
     110     486       0       0       0                        01010000D    505
     110       0       0       1       0                               0D    506
     110     487       0       0       0                        01010000D    507
     110       0       0       1       0                               0D    508
     120     488       0       0       0                        01010000D    509
     120       0       0       1       0                               0D    510
     126     489       0       0       0                        01010500D    511
     126       0       0       2       0                               0D    512
     110     491       0       0       0                        01010000D    513
     110       0       0       1       0                               0D    514
     126     492       0       0       0                        01010500D    515
     126       0       0       2       0                               0D    516
     124     494       0       0       0                        00000000D    517
     124       0       0       3       0                               0D    518
     100     497       0       0       0             517        01010000D    519
     100       0       0       1       0                               0D    520
     126     498       0       0       0                        01010500D    521
     126       0       0       2       0                               0D    522
     110     500       0       0       0                        01010000D    523
     110       0       0       1       0                               0D    524
     126     501       0       0       0                        01010500D    525
     126       0       0       2       0                               0D    526
     124     503       0       0       0                        00000000D    527
     124       0       0       4       0                               0D    528
     100     507       0       0       0             527        01010000D    529
     100       0       0       1       0                               0D    530
     102     508       0       0       0                        01010500D    531
     102       0       0       1       0                               0D    532
     102     509       0       0       0                        01010000D    533
     102       0       0       1       0                               0D    534
     142     510       0       0       0                        00010500D    535
     142       0       0       1       0                               0D    536
     144     511       0       0       0                        00000000D    537
     144       0      -1       1       0                               0D    538
     110     512       0       0       0                        01010000D    539
     110       0       0       1       0                               0D    540
     110     513       0       0       0                        01010000D    541
     110       0       0       1       0                               0D    542
     120     514       0       0       0                        01010000D    543
     120       0       0       1       0                               0D    544
     126     515       0       0       0                        01010500D    545
     126       0       0       2       0                               0D    546
     110     517       0       0       0                        01010000D    547
     110       0       0       1       0                               0D    548
     126     518       0       0       0                        01010500D    549
     126       0       0       2       0                               0D    550
     124     520       0       0       0                        00000000D    551
     124       0       0       3       0                               0D    552
     100     523       0       0       0             551        01010000D    553
     100       0       0       1       0                               0D    554
     126     524       0       0       0                        01010500D    555
     126       0       0       2       0                               0D    556
     110     526       0       0       0                        01010000D    557
     110       0       0       1       0                               0D    558
     126     527       0       0       0                        01010500D    559
     126       0       0       2       0                               0D    560
     124     529       0       0       0                        00000000D    561
     124       0       0       3       0                               0D    562
     100     532       0       0       0             561        01010000D    563
     100       0       0       1       0                               0D    564
     102     533       0       0       0                        01010500D    565
     102       0       0       1       0                               0D    566
     102     534       0       0       0                        01010000D    567
     102       0       0       1       0                               0D    568
     142     535       0       0       0                        00010500D    569
     142       0       0       1       0                               0D    570
     144     536       0       0       0                        00000000D    571
     144       0      -1       1       0                               0D    572
     110     537       0       0       0                        01010000D    573
     110       0       0       1       0                               0D    574
     110     538       0       0       0                        01010000D    575
     110       0       0       1       0                               0D    576
     120     539       0       0       0                        01010000D    577
     120       0       0       1       0                               0D    578
     126     540       0       0       0                        01010500D    579
     126       0       0       2       0                               0D    580
     110     542       0       0       0                        01010000D    581
     110       0       0       1       0                               0D    582
     126     543       0       0       0                        01010500D    583
     126       0       0       2       0                               0D    584
     124     545       0       0       0                        00000000D    585
     124       0       0       2       0                               0D    586
     100     547       0       0       0             585        01010000D    587
     100       0       0       1       0                               0D    588
     126     548       0       0       0                        01010500D    589
     126       0       0       2       0                               0D    590
     110     550       0       0       0                        01010000D    591
     110       0       0       1       0                               0D    592
     126     551       0       0       0                        01010500D    593
     126       0       0       2       0                               0D    594
     124     553       0       0       0                        00000000D    595
     124       0       0       4       0                               0D    596
     100     557       0       0       0             595        01010000D    597
     100       0       0       1       0                               0D    598
     102     558       0       0       0                        01010500D    599
     102       0       0       1       0                               0D    600
     102     559       0       0       0                        01010000D    601
     102       0       0       1       0                               0D    602
     142     560       0       0       0                        00010500D    603
     142       0       0       1       0                               0D    604
     144     561       0       0       0                        00000000D    605
     144       0      -1       1       0                               0D    606
     128     562       0       0       0                        01010000D    607
     128       0       0      15       0                               0D    608
     126     577       0       0       0                        01010500D    609
     126       0       0       2       0                               0D    610
     124     579       0       0       0                        00000000D    611
     124       0       0       2       0                               0D    612
     100     581       0       0       0             611        01010000D    613
     100       0       0       1       0                               0D    614
     126     582       0       0       0                        01010500D    615
     126       0       0       2       0                               0D    616
     126     584       0       0       0                        01010000D    617
     126       0       0       4       0                               0D    618
     126     588       0       0       0                        01010500D    619
     126       0       0       2       0                               0D    620
     124     590       0       0       0                        00000000D    621
     124       0       0       3       0                               0D    622
     100     593       0       0       0             621        01010000D    623
     100       0       0       1       0                               0D    624
     126     594       0       0       0                        01010500D    625
     126       0       0       2       0                               0D    626
     124     596       0       0       0                        00000000D    627
     124       0       0       4       0                               0D    628
     100     600       0       0       0             627        01010000D    629
     100       0       0       1       0                               0D    630
     102     601       0       0       0                        01010500D    631
     102       0       0       1       0                               0D    632
     102     602       0       0       0                        01010000D    633
     102       0       0       1       0                               0D    634
     142     603       0       0       0                        00010500D    635
     142       0       0       1       0                               0D    636
     144     604       0       0       0                        00000000D    637
     144       0      -1       1       0                               0D    638
     128     605       0       0       0                        01010000D    639
     128       0       0       3       0                               0D    640
     126     608       0       0       0                        01010500D    641
     126       0       0       2       0                               0D    642
     110     610       0       0       0                        01010000D    643
     110       0       0       1       0                               0D    644
     126     611       0       0       0                        01010500D    645
     126       0       0       2       0                               0D    646
     110     613       0       0       0                        01010000D    647
     110       0       0       1       0                               0D    648
     126     614       0       0       0                        01010500D    649
     126       0       0      29       0                               0D    650
     126     643       0       0       0                        01010000D    651
     126       0       0       3       0                               0D    652
     126     646       0       0       0                        01010500D    653
     126       0       0       2       0                               0D    654
     110     648       0       0       0                        01010000D    655
     110       0       0       1       0                               0D    656
     102     649       0       0       0                        01010500D    657
     102       0       0       1       0                               0D    658
     102     650       0       0       0                        01010000D    659
     102       0       0       1       0                               0D    660
     142     651       0       0       0                        00010500D    661
     142       0       0       1       0                               0D    662
     126     652       0       0       0                        01010500D    663
     126       0       0      22       0                               0D    664
     124     674       0       0       0                        00000000D    665
     124       0       0       3       0                               0D    666
     100     677       0       0       0             665        01010000D    667
     100       0       0       1       0                               0D    668
     126     678       0       0       0                        01010500D    669
     126       0       0      22       0                               0D    670
     124     700       0       0       0                        00000000D    671
     124       0       0       2       0                               0D    672
     100     702       0       0       0             671        01010000D    673
     100       0       0       1       0                               0D    674
     102     703       0       0       0                        01010500D    675
     102       0       0       1       0                               0D    676
     102     704       0       0       0                        01010000D    677
     102       0       0       1       0                               0D    678
     142     705       0       0       0                        00010500D    679
     142       0       0       1       0                               0D    680
     126     706       0       0       0                        01010500D    681
     126       0       0      22       0                               0D    682
     124     728       0       0       0                        00000000D    683
     124       0       0       3       0                               0D    684
     100     731       0       0       0             683        01010000D    685
     100       0       0       1       0                               0D    686
     126     732       0       0       0                        01010500D    687
     126       0       0      22       0                               0D    688
     124     754       0       0       0                        00000000D    689
     124       0       0       2       0                               0D    690
     100     756       0       0       0             689        01010000D    691
     100       0       0       1       0                               0D    692
     102     757       0       0       0                        01010500D    693
     102       0       0       1       0                               0D    694
     102     758       0       0       0                        01010000D    695
     102       0       0       1       0                               0D    696
     142     759       0       0       0                        00010500D    697
     142       0       0       1       0                               0D    698
     126     760       0       0       0                        01010500D    699
     126       0       0      22       0                               0D    700
     124     782       0       0       0                        00000000D    701
     124       0       0       3       0                               0D    702
     100     785       0       0       0             701        01010000D    703
     100       0       0       1       0                               0D    704
     126     786       0       0       0                        01010500D    705
     126       0       0      22       0                               0D    706
     124     808       0       0       0                        00000000D    707
     124       0       0       2       0                               0D    708
     100     810       0       0       0             707        01010000D    709
     100       0       0       1       0                               0D    710
     102     811       0       0       0                        01010500D    711
     102       0       0       1       0                               0D    712
     102     812       0       0       0                        01010000D    713
     102       0       0       1       0                               0D    714
     142     813       0       0       0                        00010500D    715
     142       0       0       1       0                               0D    716
     126     814       0       0       0                        01010500D    717
     126       0       0      22       0                               0D    718
     124     836       0       0       0                        00000000D    719
     124       0       0       3       0                               0D    720
     100     839       0       0       0             719        01010000D    721
     100       0       0       1       0                               0D    722
     126     840       0       0       0                        01010500D    723
     126       0       0      22       0                               0D    724
     124     862       0       0       0                        00000000D    725
     124       0       0       2       0                               0D    726
     100     864       0       0       0             725        01010000D    727
     100       0       0       1       0                               0D    728
     102     865       0       0       0                        01010500D    729
     102       0       0       1       0                               0D    730
     102     866       0       0       0                        01010000D    731
     102       0       0       1       0                               0D    732
     142     867       0       0       0                        00010500D    733
     142       0       0       1       0                               0D    734
     126     868       0       0       0                        01010500D    735
     126       0       0      22       0                               0D    736
     124     890       0       0       0                        00000000D    737
     124       0       0       3       0                               0D    738
     100     893       0       0       0             737        01010000D    739
     100       0       0       1       0                               0D    740
     126     894       0       0       0                        01010500D    741
     126       0       0      22       0                               0D    742
     124     916       0       0       0                        00000000D    743
     124       0       0       2       0                               0D    744
     100     918       0       0       0             743        01010000D    745
     100       0       0       1       0                               0D    746
     102     919       0       0       0                        01010500D    747
     102       0       0       1       0                               0D    748
     102     920       0       0       0                        01010000D    749
     102       0       0       1       0                               0D    750
     142     921       0       0       0                        00010500D    751
     142       0       0       1       0                               0D    752
     144     922       0       0       0                        00000000D    753
     144       0      -1       1       0                               0D    754
     128     923       0       0       0                        01010000D    755
     128       0       0      15       0                               0D    756
     126     938       0       0       0                        01010500D    757
     126       0       0       2       0                               0D    758
     124     940       0       0       0                        00000000D    759
     124       0       0       3       0                               0D    760
     100     943       0       0       0             759        01010000D    761
     100       0       0       1       0                               0D    762
     126     944       0       0       0                        01010500D    763
     126       0       0       2       0                               0D    764
     100     946       0       0       0                        01010000D    765
     100       0       0       1       0                               0D    766
     126     947       0       0       0                        01010500D    767
     126       0       0       2       0                               0D    768
     124     949       0       0       0                        00000000D    769
     124       0       0       3       0                               0D    770
     100     952       0       0       0             769        01010000D    771
     100       0       0       1       0                               0D    772
     126     953       0       0       0                        01010500D    773
     126       0       0       2       0                               0D    774
     126     955       0       0       0                        01010000D    775
     126       0       0       4       0                               0D    776
     102     959       0       0       0                        01010500D    777
     102       0       0       1       0                               0D    778
     102     960       0       0       0                        01010000D    779
     102       0       0       1       0                               0D    780
     142     961       0       0       0                        00010500D    781
     142       0       0       1       0                               0D    782
     144     962       0       0       0                        00000000D    783
     144       0      -1       1       0                               0D    784
     128     963       0       0       0                        01010000D    785
     128       0       0      15       0                               0D    786
     126     978       0       0       0                        01010500D    787
     126       0       0       2       0                               0D    788
     124     980       0       0       0                        00000000D    789
     124       0       0       4       0                               0D    790
     100     984       0       0       0             789        01010000D    791
     100       0       0       1       0                               0D    792
     126     985       0       0       0                        01010500D    793
     126       0       0       2       0                               0D    794
     126     987       0       0       0                        01010000D    795
     126       0       0       4       0                               0D    796
     126     991       0       0       0                        01010500D    797
     126       0       0       2       0                               0D    798
     124     993       0       0       0                        00000000D    799
     124       0       0       3       0                               0D    800
     100     996       0       0       0             799        01010000D    801
     100       0       0       1       0                               0D    802
     126     997       0       0       0                        01010500D    803
     126       0       0       2       0                               0D    804
     124     999       0       0       0                        00000000D    805
     124       0       0       4       0                               0D    806
     100    1003       0       0       0             805        01010000D    807
     100       0       0       1       0                               0D    808
     102    1004       0       0       0                        01010500D    809
     102       0       0       1       0                               0D    810
     102    1005       0       0       0                        01010000D    811
     102       0       0       1       0                               0D    812
     142    1006       0       0       0                        00010500D    813
     142       0       0       1       0                               0D    814
     144    1007       0       0       0                        00000000D    815
     144       0      -1       1       0                               0D    816
     128    1008       0       0       0                        01010000D    817
     128       0       0       3       0                               0D    818
     126    1011       0       0       0                        01010500D    819
     126       0       0       2       0                               0D    820
     110    1013       0       0       0                        01010000D    821
     110       0       0       1       0                               0D    822
     126    1014       0       0       0                        01010500D    823
     126       0       0       2       0                               0D    824
     110    1016       0       0       0                        01010000D    825
     110       0       0       1       0                               0D    826
     126    1017       0       0       0                        01010500D    827
     126       0       0      29       0                               0D    828
     126    1046       0       0       0                        01010000D    829
     126       0       0      54       0                               0D    830
     126    1100       0       0       0                        01010500D    831
     126       0       0       2       0                               0D    832
     110    1102       0       0       0                        01010000D    833
     110       0       0       1       0                               0D    834
     102    1103       0       0       0                        01010500D    835
     102       0       0       1       0                               0D    836
     102    1104       0       0       0                        01010000D    837
     102       0       0       1       0                               0D    838
     142    1105       0       0       0                        00010500D    839
     142       0       0       1       0                               0D    840
     126    1106       0       0       0                        01010500D    841
     126       0       0      22       0                               0D    842
     124    1128       0       0       0                        00000000D    843
     124       0       0       3       0                               0D    844
     100    1131       0       0       0             843        01010000D    845
     100       0       0       1       0                               0D    846
     126    1132       0       0       0                        01010500D    847
     126       0       0      22       0                               0D    848
     124    1154       0       0       0                        00000000D    849
     124       0       0       2       0                               0D    850
     100    1156       0       0       0             849        01010000D    851
     100       0       0       1       0                               0D    852
     102    1157       0       0       0                        01010500D    853
     102       0       0       1       0                               0D    854
     102    1158       0       0       0                        01010000D    855
     102       0       0       1       0                               0D    856
     142    1159       0       0       0                        00010500D    857
     142       0       0       1       0                               0D    858
     126    1160       0       0       0                        01010500D    859
     126       0       0      22       0                               0D    860
     124    1182       0       0       0                        00000000D    861
     124       0       0       3       0                               0D    862
     100    1185       0       0       0             861        01010000D    863
     100       0       0       1       0                               0D    864
     126    1186       0       0       0                        01010500D    865
     126       0       0      22       0                               0D    866
     124    1208       0       0       0                        00000000D    867
     124       0       0       2       0                               0D    868
     100    1210       0       0       0             867        01010000D    869
     100       0       0       1       0                               0D    870
     102    1211       0       0       0                        01010500D    871
     102       0       0       1       0                               0D    872
     102    1212       0       0       0                        01010000D    873
     102       0       0       1       0                               0D    874
     142    1213       0       0       0                        00010500D    875
     142       0       0       1       0                               0D    876
     126    1214       0       0       0                        01010500D    877
     126       0       0      22       0                               0D    878
     124    1236       0       0       0                        00000000D    879
     124       0       0       3       0                               0D    880
     100    1239       0       0       0             879        01010000D    881
     100       0       0       1       0                               0D    882
     126    1240       0       0       0                        01010500D    883
     126       0       0      22       0                               0D    884
     124    1262       0       0       0                        00000000D    885
     124       0       0       2       0                               0D    886
     100    1264       0       0       0             885        01010000D    887
     100       0       0       1       0                               0D    888
     102    1265       0       0       0                        01010500D    889
     102       0       0       1       0                               0D    890
     102    1266       0       0       0                        01010000D    891
     102       0       0       1       0                               0D    892
     142    1267       0       0       0                        00010500D    893
     142       0       0       1       0                               0D    894
     126    1268       0       0       0                        01010500D    895
     126       0       0      22       0                               0D    896
     124    1290       0       0       0                        00000000D    897
     124       0       0       3       0                               0D    898
     100    1293       0       0       0             897        01010000D    899
     100       0       0       1       0                               0D    900
     126    1294       0       0       0                        01010500D    901
     126       0       0      22       0                               0D    902
     124    1316       0       0       0                        00000000D    903
     124       0       0       2       0                               0D    904
     100    1318       0       0       0             903        01010000D    905
     100       0       0       1       0                               0D    906
     102    1319       0       0       0                        01010500D    907
     102       0       0       1       0                               0D    908
     102    1320       0       0       0                        01010000D    909
     102       0       0       1       0                               0D    910
     142    1321       0       0       0                        00010500D    911
     142       0       0       1       0                               0D    912
     126    1322       0       0       0                        01010500D    913
     126       0       0      22       0                               0D    914
     124    1344       0       0       0                        00000000D    915
     124       0       0       3       0                               0D    916
     100    1347       0       0       0             915        01010000D    917
     100       0       0       1       0                               0D    918
     126    1348       0       0       0                        01010500D    919
     126       0       0      22       0                               0D    920
     124    1370       0       0       0                        00000000D    921
     124       0       0       2       0                               0D    922
     100    1372       0       0       0             921        01010000D    923
     100       0       0       1       0                               0D    924
     102    1373       0       0       0                        01010500D    925
     102       0       0       1       0                               0D    926
     102    1374       0       0       0                        01010000D    927
     102       0       0       1       0                               0D    928
     142    1375       0       0       0                        00010500D    929
     142       0       0       1       0                               0D    930
     144    1376       0       0       0                        00000000D    931
     144       0      -1       1       0                               0D    932
     128    1377       0       0       0                        01010000D    933
     128       0       0       2       0                               0D    934
     126    1379       0       0       0                        01010500D    935
     126       0       0      11       0                               0D    936
     126    1390       0       0       0                        01010000D    937
     126       0       0       4       0                               0D    938
     126    1394       0       0       0                        01010500D    939
     126       0       0       2       0                               0D    940
     110    1396       0       0       0                        01010000D    941
     110       0       0       1       0                               0D    942
     126    1397       0       0       0                        01010500D    943
     126       0       0       2       0                               0D    944
     110    1399       0       0       0                        01010000D    945
     110       0       0       1       0                               0D    946
     126    1400       0       0       0                        01010500D    947
     126       0       0       2       0                               0D    948
     110    1402       0       0       0                        01010000D    949
     110       0       0       1       0                               0D    950
     126    1403       0       0       0                        01010500D    951
     126       0       0       9       0                               0D    952
     126    1412       0       0       0                        01010000D    953
     126       0       0       7       0                               0D    954
     126    1419       0       0       0                        01010500D    955
     126       0       0       2       0                               0D    956
     110    1421       0       0       0                        01010000D    957
     110       0       0       1       0                               0D    958
     126    1422       0       0       0                        01010500D    959
     126       0       0       2       0                               0D    960
     110    1424       0       0       0                        01010000D    961
     110       0       0       1       0                               0D    962
     126    1425       0       0       0                        01010500D    963
     126       0       0       2       0                               0D    964
     110    1427       0       0       0                        01010000D    965
     110       0       0       1       0                               0D    966
     102    1428       0       0       0                        01010500D    967
     102       0       0       1       0                               0D    968
     102    1429       0       0       0                        01010000D    969
     102       0       0       1       0                               0D    970
     142    1430       0       0       0                        00010500D    971
     142       0       0       1       0                               0D    972
     144    1431       0       0       0                        00000000D    973
     144       0      -1       1       0                               0D    974
     110    1432       0       0       0                        01010000D    975
     110       0       0       1       0                               0D    976
     110    1433       0       0       0                        01010000D    977
     110       0       0       1       0                               0D    978
     120    1434       0       0       0                        01010000D    979
     120       0       0       1       0                               0D    980
     126    1435       0       0       0                        01010500D    981
     126       0       0       2       0                               0D    982
     124    1437       0       0       0                        00000000D    983
     124       0       0       4       0                               0D    984
     100    1441       0       0       0             983        01010000D    985
     100       0       0       1       0                               0D    986
     126    1442       0       0       0                        01010500D    987
     126       0       0       2       0                               0D    988
     110    1444       0       0       0                        01010000D    989
     110       0       0       1       0                               0D    990
     126    1445       0       0       0                        01010500D    991
     126       0       0       2       0                               0D    992
     124    1447       0       0       0                        00000000D    993
     124       0       0       4       0                               0D    994
     100    1451       0       0       0             993        01010000D    995
     100       0       0       1       0                               0D    996
     126    1452       0       0       0                        01010500D    997
     126       0       0       2       0                               0D    998
     110    1454       0       0       0                        01010000D    999
     110       0       0       1       0                               0D   1000
     102    1455       0       0       0                        01010500D   1001
     102       0       0       1       0                               0D   1002
     102    1456       0       0       0                        01010000D   1003
     102       0       0       1       0                               0D   1004
     142    1457       0       0       0                        00010500D   1005
     142       0       0       1       0                               0D   1006
     144    1458       0       0       0                        00000000D   1007
     144       0      -1       1       0                               0D   1008
     128    1459       0       0       0                        01010000D   1009
     128       0       0       2       0                               0D   1010
     126    1461       0       0       0                        01010500D   1011
     126       0       0       2       0                               0D   1012
     110    1463       0       0       0                        01010000D   1013
     110       0       0       1       0                               0D   1014
     126    1464       0       0       0                        01010500D   1015
     126       0       0       2       0                               0D   1016
     110    1466       0       0       0                        01010000D   1017
     110       0       0       1       0                               0D   1018
     126    1467       0       0       0                        01010500D   1019
     126       0       0      11       0                               0D   1020
     126    1478       0       0       0                        01010000D   1021
     126       0       0       4       0                               0D   1022
     126    1482       0       0       0                        01010500D   1023
     126       0       0       2       0                               0D   1024
     110    1484       0       0       0                        01010000D   1025
     110       0       0       1       0                               0D   1026
     126    1485       0       0       0                        01010500D   1027
     126       0       0       2       0                               0D   1028
     110    1487       0       0       0                        01010000D   1029
     110       0       0       1       0                               0D   1030
     126    1488       0       0       0                        01010500D   1031
     126       0       0       2       0                               0D   1032
     110    1490       0       0       0                        01010000D   1033
     110       0       0       1       0                               0D   1034
     126    1491       0       0       0                        01010500D   1035
     126       0       0       9       0                               0D   1036
     126    1500       0       0       0                        01010000D   1037
     126       0       0       4       0                               0D   1038
     126    1504       0       0       0                        01010500D   1039
     126       0       0       2       0                               0D   1040
     110    1506       0       0       0                        01010000D   1041
     110       0       0       1       0                               0D   1042
     102    1507       0       0       0                        01010500D   1043
     102       0       0       1       0                               0D   1044
     102    1508       0       0       0                        01010000D   1045
     102       0       0       1       0                               0D   1046
     142    1509       0       0       0                        00010500D   1047
     142       0       0       1       0                               0D   1048
     144    1510       0       0       0                        00000000D   1049
     144       0      -1       1       0                               0D   1050
     110    1511       0       0       0                        01010000D   1051
     110       0       0       1       0                               0D   1052
     110    1512       0       0       0                        01010000D   1053
     110       0       0       1       0                               0D   1054
     120    1513       0       0       0                        01010000D   1055
     120       0       0       1       0                               0D   1056
     126    1514       0       0       0                        01010500D   1057
     126       0       0       2       0                               0D   1058
     110    1516       0       0       0                        01010000D   1059
     110       0       0       1       0                               0D   1060
     126    1517       0       0       0                        01010500D   1061
     126       0       0       2       0                               0D   1062
     124    1519       0       0       0                        00000000D   1063
     124       0       0       3       0                               0D   1064
     100    1522       0       0       0            1063        01010000D   1065
     100       0       0       1       0                               0D   1066
     126    1523       0       0       0                        01010500D   1067
     126       0       0       2       0                               0D   1068
     110    1525       0       0       0                        01010000D   1069
     110       0       0       1       0                               0D   1070
     126    1526       0       0       0                        01010500D   1071
     126       0       0       2       0                               0D   1072
     124    1528       0       0       0                        00000000D   1073
     124       0       0       2       0                               0D   1074
     100    1530       0       0       0            1073        01010000D   1075
     100       0       0       1       0                               0D   1076
     102    1531       0       0       0                        01010500D   1077
     102       0       0       1       0                               0D   1078
     102    1532       0       0       0                        01010000D   1079
     102       0       0       1       0                               0D   1080
     142    1533       0       0       0                        00010500D   1081
     142       0       0       1       0                               0D   1082
     144    1534       0       0       0                        00000000D   1083
     144       0      -1       1       0                               0D   1084
     110    1535       0       0       0                        01010000D   1085
     110       0       0       1       0                               0D   1086
     110    1536       0       0       0                        01010000D   1087
     110       0       0       1       0                               0D   1088
     120    1537       0       0       0                        01010000D   1089
     120       0       0       1       0                               0D   1090
     126    1538       0       0       0                        01010500D   1091
     126       0       0       2       0                               0D   1092
     100    1540       0       0       0                        01010000D   1093
     100       0       0       1       0                               0D   1094
     126    1541       0       0       0                        01010500D   1095
     126       0       0       2       0                               0D   1096
     110    1543       0       0       0                        01010000D   1097
     110       0       0       1       0                               0D   1098
     126    1544       0       0       0                        01010500D   1099
     126       0       0       2       0                               0D   1100
     124    1546       0       0       0                        00000000D   1101
     124       0       0       4       0                               0D   1102
     100    1550       0       0       0            1101        01010000D   1103
     100       0       0       1       0                               0D   1104
     126    1551       0       0       0                        01010500D   1105
     126       0       0       2       0                               0D   1106
     110    1553       0       0       0                        01010000D   1107
     110       0       0       1       0                               0D   1108
     102    1554       0       0       0                        01010500D   1109
     102       0       0       1       0                               0D   1110
     102    1555       0       0       0                        01010000D   1111
     102       0       0       1       0                               0D   1112
     142    1556       0       0       0                        00010500D   1113
     142       0       0       1       0                               0D   1114
     144    1557       0       0       0                        00000000D   1115
     144       0      -1       1       0                               0D   1116
     110    1558       0       0       0                        01010000D   1117
     110       0       0       1       0                               0D   1118
     110    1559       0       0       0                        01010000D   1119
     110       0       0       1       0                               0D   1120
     120    1560       0       0       0                        01010000D   1121
     120       0       0       1       0                               0D   1122
     126    1561       0       0       0                        01010500D   1123
     126       0       0       2       0                               0D   1124
     110    1563       0       0       0                        01010000D   1125
     110       0       0       1       0                               0D   1126
     126    1564       0       0       0                        01010500D   1127
     126       0       0       2       0                               0D   1128
     124    1566       0       0       0                        00000000D   1129
     124       0       0       3       0                               0D   1130
     100    1569       0       0       0            1129        01010000D   1131
     100       0       0       1       0                               0D   1132
     126    1570       0       0       0                        01010500D   1133
     126       0       0       2       0                               0D   1134
     110    1572       0       0       0                        01010000D   1135
     110       0       0       1       0                               0D   1136
     126    1573       0       0       0                        01010500D   1137
     126       0       0       2       0                               0D   1138
     124    1575       0       0       0                        00000000D   1139
     124       0       0       4       0                               0D   1140
     100    1579       0       0       0            1139        01010000D   1141
     100       0       0       1       0                               0D   1142
     102    1580       0       0       0                        01010500D   1143
     102       0       0       1       0                               0D   1144
     102    1581       0       0       0                        01010000D   1145
     102       0       0       1       0                               0D   1146
     142    1582       0       0       0                        00010500D   1147
     142       0       0       1       0                               0D   1148
     144    1583       0       0       0                        00000000D   1149
     144       0      -1       1       0                               0D   1150
     128    1584       0       0       0                        01010000D   1151
     128       0       0      14       0                               0D   1152
     126    1598       0       0       0                        01010500D   1153
     126       0       0       2       0                               0D   1154
     124    1600       0       0       0                        00000000D   1155
     124       0       0       2       0                               0D   1156
     100    1602       0       0       0            1155        01010000D   1157
     100       0       0       1       0                               0D   1158
     126    1603       0       0       0                        01010500D   1159
     126       0       0       2       0                               0D   1160
     126    1605       0       0       0                        01010000D   1161
     126       0       0       3       0                               0D   1162
     126    1608       0       0       0                        01010500D   1163
     126       0       0       2       0                               0D   1164
     124    1610       0       0       0                        00000000D   1165
     124       0       0       3       0                               0D   1166
     100    1613       0       0       0            1165        01010000D   1167
     100       0       0       1       0                               0D   1168
     126    1614       0       0       0                        01010500D   1169
     126       0       0       2       0                               0D   1170
     124    1616       0       0       0                        00000000D   1171
     124       0       0       4       0                               0D   1172
     100    1620       0       0       0            1171        01010000D   1173
     100       0       0       1       0                               0D   1174
     102    1621       0       0       0                        01010500D   1175
     102       0       0       1       0                               0D   1176
     102    1622       0       0       0                        01010000D   1177
     102       0       0       1       0                               0D   1178
     142    1623       0       0       0                        00010500D   1179
     142       0       0       1       0                               0D   1180
     144    1624       0       0       0                        00000000D   1181
     144       0      -1       1       0                               0D   1182
     110    1625       0       0       0                        01010000D   1183
     110       0       0       1       0                               0D   1184
     110    1626       0       0       0                        01010000D   1185
     110       0       0       1       0                               0D   1186
     120    1627       0       0       0                        01010000D   1187
     120       0       0       1       0                               0D   1188
     126    1628       0       0       0                        01010500D   1189
     126       0       0       2       0                               0D   1190
     100    1630       0       0       0                        01010000D   1191
     100       0       0       1       0                               0D   1192
     126    1631       0       0       0                        01010500D   1193
     126       0       0       2       0                               0D   1194
     110    1633       0       0       0                        01010000D   1195
     110       0       0       1       0                               0D   1196
     126    1634       0       0       0                        01010500D   1197
     126       0       0       2       0                               0D   1198
     124    1636       0       0       0                        00000000D   1199
     124       0       0       4       0                               0D   1200
     100    1640       0       0       0            1199        01010000D   1201
     100       0       0       1       0                               0D   1202
     126    1641       0       0       0                        01010500D   1203
     126       0       0       2       0                               0D   1204
     110    1643       0       0       0                        01010000D   1205
     110       0       0       1       0                               0D   1206
     102    1644       0       0       0                        01010500D   1207
     102       0       0       1       0                               0D   1208
     102    1645       0       0       0                        01010000D   1209
     102       0       0       1       0                               0D   1210
     142    1646       0       0       0                        00010500D   1211
     142       0       0       1       0                               0D   1212
     144    1647       0       0       0                        00000000D   1213
     144       0      -1       1       0                               0D   1214
     110    1648       0       0       0                        01010000D   1215
     110       0       0       1       0                               0D   1216
     110    1649       0       0       0                        01010000D   1217
     110       0       0       1       0                               0D   1218
     120    1650       0       0       0                        01010000D   1219
     120       0       0       1       0                               0D   1220
     126    1651       0       0       0                        01010500D   1221
     126       0       0       2       0                               0D   1222
     110    1653       0       0       0                        01010000D   1223
     110       0       0       1       0                               0D   1224
     126    1654       0       0       0                        01010500D   1225
     126       0       0       2       0                               0D   1226
     124    1656       0       0       0                        00000000D   1227
     124       0       0       3       0                               0D   1228
     100    1659       0       0       0            1227        01010000D   1229
     100       0       0       1       0                               0D   1230
     126    1660       0       0       0                        01010500D   1231
     126       0       0       2       0                               0D   1232
     110    1662       0       0       0                        01010000D   1233
     110       0       0       1       0                               0D   1234
     126    1663       0       0       0                        01010500D   1235
     126       0       0       2       0                               0D   1236
     124    1665       0       0       0                        00000000D   1237
     124       0       0       3       0                               0D   1238
     100    1668       0       0       0            1237        01010000D   1239
     100       0       0       1       0                               0D   1240
     102    1669       0       0       0                        01010500D   1241
     102       0       0       1       0                               0D   1242
     102    1670       0       0       0                        01010000D   1243
     102       0       0       1       0                               0D   1244
     142    1671       0       0       0                        00010500D   1245
     142       0       0       1       0                               0D   1246
     144    1672       0       0       0                        00000000D   1247
     144       0      -1       1       0                               0D   1248
     128    1673       0       0       0                        01010000D   1249
     128       0       0      14       0                               0D   1250
     126    1687       0       0       0                        01010500D   1251
     126       0       0       2       0                               0D   1252
     124    1689       0       0       0                        00000000D   1253
     124       0       0       3       0                               0D   1254
     100    1692       0       0       0            1253        01010000D   1255
     100       0       0       1       0                               0D   1256
     126    1693       0       0       0                        01010500D   1257
     126       0       0       2       0                               0D   1258
     126    1695       0       0       0                        01010000D   1259
     126       0       0      57       0                               0D   1260
     126    1752       0       0       0                        01010500D   1261
     126       0       0       2       0                               0D   1262
     124    1754       0       0       0                        00000000D   1263
     124       0       0       4       0                               0D   1264
     100    1758       0       0       0            1263        01010000D   1265
     100       0       0       1       0                               0D   1266
     126    1759       0       0       0                        01010500D   1267
     126       0       0       2       0                               0D   1268
     124    1761       0       0       0                        00000000D   1269
     124       0       0       4       0                               0D   1270
     100    1765       0       0       0            1269        01010000D   1271
     100       0       0       1       0                               0D   1272
     102    1766       0       0       0                        01010500D   1273
     102       0       0       1       0                               0D   1274
     102    1767       0       0       0                        01010000D   1275
     102       0       0       1       0                               0D   1276
     142    1768       0       0       0                        00010500D   1277
     142       0       0       1       0                               0D   1278
     144    1769       0       0       0                        00000000D   1279
     144       0      -1       1       0                               0D   1280
     110    1770       0       0       0                        01010000D   1281
     110       0       0       1       0                               0D   1282
     110    1771       0       0       0                        01010000D   1283
     110       0       0       1       0                               0D   1284
     120    1772       0       0       0                        01010000D   1285
     120       0       0       1       0                               0D   1286
     126    1773       0       0       0                        01010500D   1287
     126       0       0       2       0                               0D   1288
     110    1775       0       0       0                        01010000D   1289
     110       0       0       1       0                               0D   1290
     126    1776       0       0       0                        01010500D   1291
     126       0       0       2       0                               0D   1292
     124    1778       0       0       0                        00000000D   1293
     124       0       0       3       0                               0D   1294
     100    1781       0       0       0            1293        01010000D   1295
     100       0       0       1       0                               0D   1296
     126    1782       0       0       0                        01010500D   1297
     126       0       0       2       0                               0D   1298
     110    1784       0       0       0                        01010000D   1299
     110       0       0       1       0                               0D   1300
     126    1785       0       0       0                        01010500D   1301
     126       0       0       2       0                               0D   1302
     124    1787       0       0       0                        00000000D   1303
     124       0       0       4       0                               0D   1304
     100    1791       0       0       0            1303        01010000D   1305
     100       0       0       1       0                               0D   1306
     102    1792       0       0       0                        01010500D   1307
     102       0       0       1       0                               0D   1308
     102    1793       0       0       0                        01010000D   1309
     102       0       0       1       0                               0D   1310
     142    1794       0       0       0                        00010500D   1311
     142       0       0       1       0                               0D   1312
     144    1795       0       0       0                        00000000D   1313
     144       0      -1       1       0                               0D   1314
     128    1796       0       0       0                        01010000D   1315
     128       0       0       3       0                               0D   1316
     126    1799       0       0       0                        01010500D   1317
     126       0       0      29       0                               0D   1318
     126    1828       0       0       0                        01010000D   1319
     126       0       0       3       0                               0D   1320
     126    1831       0       0       0                        01010500D   1321
     126       0       0       2       0                               0D   1322
     110    1833       0       0       0                        01010000D   1323
     110       0       0       1       0                               0D   1324
     126    1834       0       0       0                        01010500D   1325
     126       0       0       2       0                               0D   1326
     110    1836       0       0       0                        01010000D   1327
     110       0       0       1       0                               0D   1328
     126    1837       0       0       0                        01010500D   1329
     126       0       0       2       0                               0D   1330
     110    1839       0       0       0                        01010000D   1331
     110       0       0       1       0                               0D   1332
     102    1840       0       0       0                        01010500D   1333
     102       0       0       1       0                               0D   1334
     102    1841       0       0       0                        01010000D   1335
     102       0       0       1       0                               0D   1336
     142    1842       0       0       0                        00010500D   1337
     142       0       0       1       0                               0D   1338
     126    1843       0       0       0                        01010500D   1339
     126       0       0      22       0                               0D   1340
     124    1865       0       0       0                        00000000D   1341
     124       0       0       3       0                               0D   1342
     100    1868       0       0       0            1341        01010000D   1343
     100       0       0       1       0                               0D   1344
     126    1869       0       0       0                        01010500D   1345
     126       0       0      22       0                               0D   1346
     124    1891       0       0       0                        00000000D   1347
     124       0       0       3       0                               0D   1348
     100    1894       0       0       0            1347        01010000D   1349
     100       0       0       1       0                               0D   1350
     102    1895       0       0       0                        01010500D   1351
     102       0       0       1       0                               0D   1352
     102    1896       0       0       0                        01010000D   1353
     102       0       0       1       0                               0D   1354
     142    1897       0       0       0                        00010500D   1355
     142       0       0       1       0                               0D   1356
     126    1898       0       0       0                        01010500D   1357
     126       0       0      22       0                               0D   1358
     124    1920       0       0       0                        00000000D   1359
     124       0       0       3       0                               0D   1360
     100    1923       0       0       0            1359        01010000D   1361
     100       0       0       1       0                               0D   1362
     126    1924       0       0       0                        01010500D   1363
     126       0       0      22       0                               0D   1364
     124    1946       0       0       0                        00000000D   1365
     124       0       0       3       0                               0D   1366
     100    1949       0       0       0            1365        01010000D   1367
     100       0       0       1       0                               0D   1368
     102    1950       0       0       0                        01010500D   1369
     102       0       0       1       0                               0D   1370
     102    1951       0       0       0                        01010000D   1371
     102       0       0       1       0                               0D   1372
     142    1952       0       0       0                        00010500D   1373
     142       0       0       1       0                               0D   1374
     126    1953       0       0       0                        01010500D   1375
     126       0       0      22       0                               0D   1376
     124    1975       0       0       0                        00000000D   1377
     124       0       0       3       0                               0D   1378
     100    1978       0       0       0            1377        01010000D   1379
     100       0       0       1       0                               0D   1380
     126    1979       0       0       0                        01010500D   1381
     126       0       0      22       0                               0D   1382
     124    2001       0       0       0                        00000000D   1383
     124       0       0       3       0                               0D   1384
     100    2004       0       0       0            1383        01010000D   1385
     100       0       0       1       0                               0D   1386
     102    2005       0       0       0                        01010500D   1387
     102       0       0       1       0                               0D   1388
     102    2006       0       0       0                        01010000D   1389
     102       0       0       1       0                               0D   1390
     142    2007       0       0       0                        00010500D   1391
     142       0       0       1       0                               0D   1392
     126    2008       0       0       0                        01010500D   1393
     126       0       0      22       0                               0D   1394
     124    2030       0       0       0                        00000000D   1395
     124       0       0       3       0                               0D   1396
     100    2033       0       0       0            1395        01010000D   1397
     100       0       0       1       0                               0D   1398
     126    2034       0       0       0                        01010500D   1399
     126       0       0      22       0                               0D   1400
     124    2056       0       0       0                        00000000D   1401
     124       0       0       3       0                               0D   1402
     100    2059       0       0       0            1401        01010000D   1403
     100       0       0       1       0                               0D   1404
     102    2060       0       0       0                        01010500D   1405
     102       0       0       1       0                               0D   1406
     102    2061       0       0       0                        01010000D   1407
     102       0       0       1       0                               0D   1408
     142    2062       0       0       0                        00010500D   1409
     142       0       0       1       0                               0D   1410
     126    2063       0       0       0                        01010500D   1411
     126       0       0      22       0                               0D   1412
     124    2085       0       0       0                        00000000D   1413
     124       0       0       3       0                               0D   1414
     100    2088       0       0       0            1413        01010000D   1415
     100       0       0       1       0                               0D   1416
     126    2089       0       0       0                        01010500D   1417
     126       0       0      22       0                               0D   1418
     124    2111       0       0       0                        00000000D   1419
     124       0       0       3       0                               0D   1420
     100    2114       0       0       0            1419        01010000D   1421
     100       0       0       1       0                               0D   1422
     102    2115       0       0       0                        01010500D   1423
     102       0       0       1       0                               0D   1424
     102    2116       0       0       0                        01010000D   1425
     102       0       0       1       0                               0D   1426
     142    2117       0       0       0                        00010500D   1427
     142       0       0       1       0                               0D   1428
     144    2118       0       0       0                        00000000D   1429
     144       0      -1       1       0                               0D   1430
     128    2119       0       0       0                        01010000D   1431
     128       0       0       3       0                               0D   1432
     126    2122       0       0       0                        01010500D   1433
     126       0       0      29       0                               0D   1434
     126    2151       0       0       0                        01010000D   1435
     126       0       0      55       0                               0D   1436
     126    2206       0       0       0                        01010500D   1437
     126       0       0       2       0                               0D   1438
     110    2208       0       0       0                        01010000D   1439
     110       0       0       1       0                               0D   1440
     126    2209       0       0       0                        01010500D   1441
     126       0       0       2       0                               0D   1442
     110    2211       0       0       0                        01010000D   1443
     110       0       0       1       0                               0D   1444
     126    2212       0       0       0                        01010500D   1445
     126       0       0       2       0                               0D   1446
     110    2214       0       0       0                        01010000D   1447
     110       0       0       1       0                               0D   1448
     102    2215       0       0       0                        01010500D   1449
     102       0       0       1       0                               0D   1450
     102    2216       0       0       0                        01010000D   1451
     102       0       0       1       0                               0D   1452
     142    2217       0       0       0                        00010500D   1453
     142       0       0       1       0                               0D   1454
     126    2218       0       0       0                        01010500D   1455
     126       0       0      22       0                               0D   1456
     124    2240       0       0       0                        00000000D   1457
     124       0       0       3       0                               0D   1458
     100    2243       0       0       0            1457        01010000D   1459
     100       0       0       1       0                               0D   1460
     126    2244       0       0       0                        01010500D   1461
     126       0       0      22       0                               0D   1462
     124    2266       0       0       0                        00000000D   1463
     124       0       0       3       0                               0D   1464
     100    2269       0       0       0            1463        01010000D   1465
     100       0       0       1       0                               0D   1466
     102    2270       0       0       0                        01010500D   1467
     102       0       0       1       0                               0D   1468
     102    2271       0       0       0                        01010000D   1469
     102       0       0       1       0                               0D   1470
     142    2272       0       0       0                        00010500D   1471
     142       0       0       1       0                               0D   1472
     126    2273       0       0       0                        01010500D   1473
     126       0       0      22       0                               0D   1474
     124    2295       0       0       0                        00000000D   1475
     124       0       0       3       0                               0D   1476
     100    2298       0       0       0            1475        01010000D   1477
     100       0       0       1       0                               0D   1478
     126    2299       0       0       0                        01010500D   1479
     126       0       0      22       0                               0D   1480
     124    2321       0       0       0                        00000000D   1481
     124       0       0       3       0                               0D   1482
     100    2324       0       0       0            1481        01010000D   1483
     100       0       0       1       0                               0D   1484
     102    2325       0       0       0                        01010500D   1485
     102       0       0       1       0                               0D   1486
     102    2326       0       0       0                        01010000D   1487
     102       0       0       1       0                               0D   1488
     142    2327       0       0       0                        00010500D   1489
     142       0       0       1       0                               0D   1490
     126    2328       0       0       0                        01010500D   1491
     126       0       0      22       0                               0D   1492
     124    2350       0       0       0                        00000000D   1493
     124       0       0       3       0                               0D   1494
     100    2353       0       0       0            1493        01010000D   1495
     100       0       0       1       0                               0D   1496
     126    2354       0       0       0                        01010500D   1497
     126       0       0      22       0                               0D   1498
     124    2376       0       0       0                        00000000D   1499
     124       0       0       3       0                               0D   1500
     100    2379       0       0       0            1499        01010000D   1501
     100       0       0       1       0                               0D   1502
     102    2380       0       0       0                        01010500D   1503
     102       0       0       1       0                               0D   1504
     102    2381       0       0       0                        01010000D   1505
     102       0       0       1       0                               0D   1506
     142    2382       0       0       0                        00010500D   1507
     142       0       0       1       0                               0D   1508
     126    2383       0       0       0                        01010500D   1509
     126       0       0      22       0                               0D   1510
     124    2405       0       0       0                        00000000D   1511
     124       0       0       3       0                               0D   1512
     100    2408       0       0       0            1511        01010000D   1513
     100       0       0       1       0                               0D   1514
     126    2409       0       0       0                        01010500D   1515
     126       0       0      22       0                               0D   1516
     124    2431       0       0       0                        00000000D   1517
     124       0       0       3       0                               0D   1518
     100    2434       0       0       0            1517        01010000D   1519
     100       0       0       1       0                               0D   1520
     102    2435       0       0       0                        01010500D   1521
     102       0       0       1       0                               0D   1522
     102    2436       0       0       0                        01010000D   1523
     102       0       0       1       0                               0D   1524
     142    2437       0       0       0                        00010500D   1525
     142       0       0       1       0                               0D   1526
     126    2438       0       0       0                        01010500D   1527
     126       0       0      22       0                               0D   1528
     124    2460       0       0       0                        00000000D   1529
     124       0       0       3       0                               0D   1530
     100    2463       0       0       0            1529        01010000D   1531
     100       0       0       1       0                               0D   1532
     126    2464       0       0       0                        01010500D   1533
     126       0       0      22       0                               0D   1534
     124    2486       0       0       0                        00000000D   1535
     124       0       0       3       0                               0D   1536
     100    2489       0       0       0            1535        01010000D   1537
     100       0       0       1       0                               0D   1538
     102    2490       0       0       0                        01010500D   1539
     102       0       0       1       0                               0D   1540
     102    2491       0       0       0                        01010000D   1541
     102       0       0       1       0                               0D   1542
     142    2492       0       0       0                        00010500D   1543
     142       0       0       1       0                               0D   1544
     144    2493       0       0       0                        00000000D   1545
     144       0      -1       1       0                               0D   1546
     110    2494       0       0       0                        01010000D   1547
     110       0       0       1       0                               0D   1548
     110    2495       0       0       0                        01010000D   1549
     110       0       0       1       0                               0D   1550
     120    2496       0       0       0                        01010000D   1551
     120       0       0       1       0                               0D   1552
     126    2497       0       0       0                        01010500D   1553
     126       0       0       2       0                               0D   1554
     124    2499       0       0       0                        00000000D   1555
     124       0       0       3       0                               0D   1556
     100    2502       0       0       0            1555        01010000D   1557
     100       0       0       1       0                               0D   1558
     126    2503       0       0       0                        01010500D   1559
     126       0       0       2       0                               0D   1560
     110    2505       0       0       0                        01010000D   1561
     110       0       0       1       0                               0D   1562
     126    2506       0       0       0                        01010500D   1563
     126       0       0       2       0                               0D   1564
     124    2508       0       0       0                        00000000D   1565
     124       0       0       3       0                               0D   1566
     100    2511       0       0       0            1565        01010000D   1567
     100       0       0       1       0                               0D   1568
     126    2512       0       0       0                        01010500D   1569
     126       0       0       2       0                               0D   1570
     110    2514       0       0       0                        01010000D   1571
     110       0       0       1       0                               0D   1572
     102    2515       0       0       0                        01010500D   1573
     102       0       0       1       0                               0D   1574
     102    2516       0       0       0                        01010000D   1575
     102       0       0       1       0                               0D   1576
     142    2517       0       0       0                        00010500D   1577
     142       0       0       1       0                               0D   1578
     144    2518       0       0       0                        00000000D   1579
     144       0      -1       1       0                               0D   1580
     110    2519       0       0       0                        01010000D   1581
     110       0       0       1       0                               0D   1582
     110    2520       0       0       0                        01010000D   1583
     110       0       0       1       0                               0D   1584
     120    2521       0       0       0                        01010000D   1585
     120       0       0       1       0                               0D   1586
     126    2522       0       0       0                        01010500D   1587
     126       0       0       2       0                               0D   1588
     124    2524       0       0       0                        00000000D   1589
     124       0       0       3       0                               0D   1590
     100    2527       0       0       0            1589        01010000D   1591
     100       0       0       1       0                               0D   1592
     126    2528       0       0       0                        01010500D   1593
     126       0       0       2       0                               0D   1594
     110    2530       0       0       0                        01010000D   1595
     110       0       0       1       0                               0D   1596
     126    2531       0       0       0                        01010500D   1597
     126       0       0       2       0                               0D   1598
     124    2533       0       0       0                        00000000D   1599
     124       0       0       3       0                               0D   1600
     100    2536       0       0       0            1599        01010000D   1601
     100       0       0       1       0                               0D   1602
     126    2537       0       0       0                        01010500D   1603
     126       0       0       2       0                               0D   1604
     110    2539       0       0       0                        01010000D   1605
     110       0       0       1       0                               0D   1606
     102    2540       0       0       0                        01010500D   1607
     102       0       0       1       0                               0D   1608
     102    2541       0       0       0                        01010000D   1609
     102       0       0       1       0                               0D   1610
     142    2542       0       0       0                        00010500D   1611
     142       0       0       1       0                               0D   1612
     144    2543       0       0       0                        00000000D   1613
     144       0      -1       1       0                               0D   1614
     110    2544       0       0       0                        01010000D   1615
     110       0       0       1       0                               0D   1616
     110    2545       0       0       0                        01010000D   1617
     110       0       0       1       0                               0D   1618
     120    2546       0       0       0                        01010000D   1619
     120       0       0       1       0                               0D   1620
     126    2547       0       0       0                        01010500D   1621
     126       0       0       2       0                               0D   1622
     124    2549       0       0       0                        00000000D   1623
     124       0       0       3       0                               0D   1624
     100    2552       0       0       0            1623        01010000D   1625
     100       0       0       1       0                               0D   1626
     126    2553       0       0       0                        01010500D   1627
     126       0       0       2       0                               0D   1628
     110    2555       0       0       0                        01010000D   1629
     110       0       0       1       0                               0D   1630
     126    2556       0       0       0                        01010500D   1631
     126       0       0       2       0                               0D   1632
     124    2558       0       0       0                        00000000D   1633
     124       0       0       3       0                               0D   1634
     100    2561       0       0       0            1633        01010000D   1635
     100       0       0       1       0                               0D   1636
     126    2562       0       0       0                        01010500D   1637
     126       0       0       2       0                               0D   1638
     110    2564       0       0       0                        01010000D   1639
     110       0       0       1       0                               0D   1640
     102    2565       0       0       0                        01010500D   1641
     102       0       0       1       0                               0D   1642
     102    2566       0       0       0                        01010000D   1643
     102       0       0       1       0                               0D   1644
     142    2567       0       0       0                        00010500D   1645
     142       0       0       1       0                               0D   1646
     144    2568       0       0       0                        00000000D   1647
     144       0      -1       1       0                               0D   1648
     110    2569       0       0       0                        01010000D   1649
     110       0       0       1       0                               0D   1650
     110    2570       0       0       0                        01010000D   1651
     110       0       0       1       0                               0D   1652
     120    2571       0       0       0                        01010000D   1653
     120       0       0       1       0                               0D   1654
     126    2572       0       0       0                        01010500D   1655
     126       0       0       2       0                               0D   1656
     124    2574       0       0       0                        00000000D   1657
     124       0       0       3       0                               0D   1658
     100    2577       0       0       0            1657        01010000D   1659
     100       0       0       1       0                               0D   1660
     126    2578       0       0       0                        01010500D   1661
     126       0       0       2       0                               0D   1662
     110    2580       0       0       0                        01010000D   1663
     110       0       0       1       0                               0D   1664
     126    2581       0       0       0                        01010500D   1665
     126       0       0       2       0                               0D   1666
     124    2583       0       0       0                        00000000D   1667
     124       0       0       3       0                               0D   1668
     100    2586       0       0       0            1667        01010000D   1669
     100       0       0       1       0                               0D   1670
     126    2587       0       0       0                        01010500D   1671
     126       0       0       2       0                               0D   1672
     110    2589       0       0       0                        01010000D   1673
     110       0       0       1       0                               0D   1674
     102    2590       0       0       0                        01010500D   1675
     102       0       0       1       0                               0D   1676
     102    2591       0       0       0                        01010000D   1677
     102       0       0       1       0                               0D   1678
     142    2592       0       0       0                        00010500D   1679
     142       0       0       1       0                               0D   1680
     144    2593       0       0       0                        00000000D   1681
     144       0      -1       1       0                               0D   1682
     110    2594       0       0       0                        01010000D   1683
     110       0       0       1       0                               0D   1684
     110    2595       0       0       0                        01010000D   1685
     110       0       0       1       0                               0D   1686
     120    2596       0       0       0                        01010000D   1687
     120       0       0       1       0                               0D   1688
     126    2597       0       0       0                        01010500D   1689
     126       0       0       2       0                               0D   1690
     124    2599       0       0       0                        00000000D   1691
     124       0       0       3       0                               0D   1692
     100    2602       0       0       0            1691        01010000D   1693
     100       0       0       1       0                               0D   1694
     126    2603       0       0       0                        01010500D   1695
     126       0       0       2       0                               0D   1696
     110    2605       0       0       0                        01010000D   1697
     110       0       0       1       0                               0D   1698
     126    2606       0       0       0                        01010500D   1699
     126       0       0       2       0                               0D   1700
     124    2608       0       0       0                        00000000D   1701
     124       0       0       3       0                               0D   1702
     100    2611       0       0       0            1701        01010000D   1703
     100       0       0       1       0                               0D   1704
     126    2612       0       0       0                        01010500D   1705
     126       0       0       2       0                               0D   1706
     110    2614       0       0       0                        01010000D   1707
     110       0       0       1       0                               0D   1708
     102    2615       0       0       0                        01010500D   1709
     102       0       0       1       0                               0D   1710
     102    2616       0       0       0                        01010000D   1711
     102       0       0       1       0                               0D   1712
     142    2617       0       0       0                        00010500D   1713
     142       0       0       1       0                               0D   1714
     144    2618       0       0       0                        00000000D   1715
     144       0      -1       1       0                               0D   1716
     110    2619       0       0       0                        01010000D   1717
     110       0       0       1       0                               0D   1718
     110    2620       0       0       0                        01010000D   1719
     110       0       0       1       0                               0D   1720
     120    2621       0       0       0                        01010000D   1721
     120       0       0       1       0                               0D   1722
     126    2622       0       0       0                        01010500D   1723
     126       0       0       2       0                               0D   1724
     124    2624       0       0       0                        00000000D   1725
     124       0       0       2       0                               0D   1726
     100    2626       0       0       0            1725        01010000D   1727
     100       0       0       1       0                               0D   1728
     126    2627       0       0       0                        01010500D   1729
     126       0       0       2       0                               0D   1730
     110    2629       0       0       0                        01010000D   1731
     110       0       0       1       0                               0D   1732
     126    2630       0       0       0                        01010500D   1733
     126       0       0       2       0                               0D   1734
     124    2632       0       0       0                        00000000D   1735
     124       0       0       2       0                               0D   1736
     100    2634       0       0       0            1735        01010000D   1737
     100       0       0       1       0                               0D   1738
     126    2635       0       0       0                        01010500D   1739
     126       0       0       2       0                               0D   1740
     110    2637       0       0       0                        01010000D   1741
     110       0       0       1       0                               0D   1742
     102    2638       0       0       0                        01010500D   1743
     102       0       0       1       0                               0D   1744
     102    2639       0       0       0                        01010000D   1745
     102       0       0       1       0                               0D   1746
     142    2640       0       0       0                        00010500D   1747
     142       0       0       1       0                               0D   1748
     144    2641       0       0       0                        00000000D   1749
     144       0      -1       1       0                               0D   1750
     110    2642       0       0       0                        01010000D   1751
     110       0       0       1       0                               0D   1752
     110    2643       0       0       0                        01010000D   1753
     110       0       0       1       0                               0D   1754
     120    2644       0       0       0                        01010000D   1755
     120       0       0       1       0                               0D   1756
     126    2645       0       0       0                        01010500D   1757
     126       0       0       2       0                               0D   1758
     124    2647       0       0       0                        00000000D   1759
     124       0       0       2       0                               0D   1760
     100    2649       0       0       0            1759        01010000D   1761
     100       0       0       1       0                               0D   1762
     126    2650       0       0       0                        01010500D   1763
     126       0       0       2       0                               0D   1764
     110    2652       0       0       0                        01010000D   1765
     110       0       0       1       0                               0D   1766
     126    2653       0       0       0                        01010500D   1767
     126       0       0       2       0                               0D   1768
     124    2655       0       0       0                        00000000D   1769
     124       0       0       2       0                               0D   1770
     100    2657       0       0       0            1769        01010000D   1771
     100       0       0       1       0                               0D   1772
     126    2658       0       0       0                        01010500D   1773
     126       0       0       2       0                               0D   1774
     110    2660       0       0       0                        01010000D   1775
     110       0       0       1       0                               0D   1776
     102    2661       0       0       0                        01010500D   1777
     102       0       0       1       0                               0D   1778
     102    2662       0       0       0                        01010000D   1779
     102       0       0       1       0                               0D   1780
     142    2663       0       0       0                        00010500D   1781
     142       0       0       1       0                               0D   1782
     144    2664       0       0       0                        00000000D   1783
     144       0      -1       1       0                               0D   1784
     110    2665       0       0       0                        01010000D   1785
     110       0       0       1       0                               0D   1786
     110    2666       0       0       0                        01010000D   1787
     110       0       0       1       0                               0D   1788
     120    2667       0       0       0                        01010000D   1789
     120       0       0       1       0                               0D   1790
     126    2668       0       0       0                        01010500D   1791
     126       0       0       2       0                               0D   1792
     124    2670       0       0       0                        00000000D   1793
     124       0       0       2       0                               0D   1794
     100    2672       0       0       0            1793        01010000D   1795
     100       0       0       1       0                               0D   1796
     126    2673       0       0       0                        01010500D   1797
     126       0       0       2       0                               0D   1798
     110    2675       0       0       0                        01010000D   1799
     110       0       0       1       0                               0D   1800
     126    2676       0       0       0                        01010500D   1801
     126       0       0       2       0                               0D   1802
     124    2678       0       0       0                        00000000D   1803
     124       0       0       2       0                               0D   1804
     100    2680       0       0       0            1803        01010000D   1805
     100       0       0       1       0                               0D   1806
     126    2681       0       0       0                        01010500D   1807
     126       0       0       2       0                               0D   1808
     110    2683       0       0       0                        01010000D   1809
     110       0       0       1       0                               0D   1810
     102    2684       0       0       0                        01010500D   1811
     102       0       0       1       0                               0D   1812
     102    2685       0       0       0                        01010000D   1813
     102       0       0       1       0                               0D   1814
     142    2686       0       0       0                        00010500D   1815
     142       0       0       1       0                               0D   1816
     144    2687       0       0       0                        00000000D   1817
     144       0      -1       1       0                               0D   1818
     110    2688       0       0       0                        01010000D   1819
     110       0       0       1       0                               0D   1820
     110    2689       0       0       0                        01010000D   1821
     110       0       0       1       0                               0D   1822
     120    2690       0       0       0                        01010000D   1823
     120       0       0       1       0                               0D   1824
     126    2691       0       0       0                        01010500D   1825
     126       0       0       2       0                               0D   1826
     124    2693       0       0       0                        00000000D   1827
     124       0       0       2       0                               0D   1828
     100    2695       0       0       0            1827        01010000D   1829
     100       0       0       1       0                               0D   1830
     126    2696       0       0       0                        01010500D   1831
     126       0       0       2       0                               0D   1832
     110    2698       0       0       0                        01010000D   1833
     110       0       0       1       0                               0D   1834
     126    2699       0       0       0                        01010500D   1835
     126       0       0       2       0                               0D   1836
     124    2701       0       0       0                        00000000D   1837
     124       0       0       2       0                               0D   1838
     100    2703       0       0       0            1837        01010000D   1839
     100       0       0       1       0                               0D   1840
     126    2704       0       0       0                        01010500D   1841
     126       0       0       2       0                               0D   1842
     110    2706       0       0       0                        01010000D   1843
     110       0       0       1       0                               0D   1844
     102    2707       0       0       0                        01010500D   1845
     102       0       0       1       0                               0D   1846
     102    2708       0       0       0                        01010000D   1847
     102       0       0       1       0                               0D   1848
     142    2709       0       0       0                        00010500D   1849
     142       0       0       1       0                               0D   1850
     144    2710       0       0       0                        00000000D   1851
     144       0      -1       1       0                               0D   1852
     110    2711       0       0       0                        01010000D   1853
     110       0       0       1       0                               0D   1854
     110    2712       0       0       0                        01010000D   1855
     110       0       0       1       0                               0D   1856
     120    2713       0       0       0                        01010000D   1857
     120       0       0       1       0                               0D   1858
     126    2714       0       0       0                        01010500D   1859
     126       0       0       2       0                               0D   1860
     124    2716       0       0       0                        00000000D   1861
     124       0       0       2       0                               0D   1862
     100    2718       0       0       0            1861        01010000D   1863
     100       0       0       1       0                               0D   1864
     126    2719       0       0       0                        01010500D   1865
     126       0       0       2       0                               0D   1866
     110    2721       0       0       0                        01010000D   1867
     110       0       0       1       0                               0D   1868
     126    2722       0       0       0                        01010500D   1869
     126       0       0       2       0                               0D   1870
     124    2724       0       0       0                        00000000D   1871
     124       0       0       2       0                               0D   1872
     100    2726       0       0       0            1871        01010000D   1873
     100       0       0       1       0                               0D   1874
     126    2727       0       0       0                        01010500D   1875
     126       0       0       2       0                               0D   1876
     110    2729       0       0       0                        01010000D   1877
     110       0       0       1       0                               0D   1878
     102    2730       0       0       0                        01010500D   1879
     102       0       0       1       0                               0D   1880
     102    2731       0       0       0                        01010000D   1881
     102       0       0       1       0                               0D   1882
     142    2732       0       0       0                        00010500D   1883
     142       0       0       1       0                               0D   1884
     144    2733       0       0       0                        00000000D   1885
     144       0      -1       1       0                               0D   1886
314,66.6666666666667,69.8039215686274,76.8627450980392,;               1P      1
110,2.,31.5,12.5,1002.,31.5,12.5;                                      3P      2
110,0.,31.5,11.,2.,31.5,11.;                                           5P      3
120,3,5,0.,6.28318530717959;                                           7P      4
126,1,1,1,0,1,0,0.,0.,1.,1.,1.,1.,0.,6.283185307,0.,1.,                9P      5
6.283185307,0.,0.,1.,0.,0.,1.;                                         9P      6
110,0.,31.5,11.,2.,31.5,11.;                                          11P      7
126,1,1,1,0,1,0,0.,0.,1.,1.,1.,1.,1.,6.283185307,0.,1.,               13P      8
3.141592654,0.,0.,1.,0.,0.,1.;                                        13P      9
124,-6.12303176911189E-017,4.27569270827966E-031,-1.,14.5,            15P     10
-6.98296672221876E-015,-1.,0.,63.,-1.,6.98296672221876E-015,          15P     11
6.12303176911189E-017,14.4999999999998;                               15P     12
100,12.5,2.,31.5,3.5,31.5,0.5,31.5;                                   17P     13
126,1,1,1,0,1,0,0.,0.,1.,1.,1.,1.,1.,3.141592654,0.,0.,               19P     14
3.141592654,0.,0.,1.,0.,0.,1.;                                        19P     15
110,2.,31.5,14.,0.,31.5,14.;                                          21P     16
126,1,1,1,0,1,0,0.,0.,1.,1.,1.,1.,0.,3.141592654,0.,0.,               23P     17
6.283185307,0.,0.,1.,0.,0.,1.;                                        23P     18
124,-6.12303176911189E-017,4.27569270827966E-031,1.,-12.5,            25P     19
-6.98296672221876E-015,-1.,0.,63.,1.,-6.98296672221876E-015,          25P     20
6.12303176911189E-017,12.5000000000002;                               25P     21
100,12.5,0.,31.5,1.5,31.5,-1.5,31.5;                                  27P     22
102,4,9,13,19,23;                                                     29P     23
102,4,11,17,21,27;                                                    31P     24
142,1,7,29,31,1;                                                      33P     25
144,7,1,0,33;                                                         35P     26
110,2.,24.5,19.5,1002.,24.5,19.5;                                     37P     27
110,0.,24.5,18.,2.,24.5,18.;                                          39P     28
120,37,39,0.,6.28318530717959;                                        41P     29
126,1,1,1,0,1,0,0.,0.,1.,1.,1.,1.,0.,6.283185307,0.,1.,               43P     30
6.283185307,0.,0.,1.,0.,0.,1.;                                        43P     31
110,0.,24.5,18.,2.,24.5,18.;                                          45P     32
126,1,1,1,0,1,0,0.,0.,1.,1.,1.,1.,1.,6.283185307,0.,1.,               47P     33
3.141592654,0.,0.,1.,0.,0.,1.;                                        47P     34
124,-6.12303176911189E-017,4.27569270827966E-031,-1.,21.5,            49P     35
-6.98296672221876E-015,-1.,0.,49.,-1.,6.98296672221876E-015,          49P     36
6.12303176911189E-017,21.4999999999998;                               49P     37
100,19.5,2.,24.5,3.5,24.5,0.5,24.5;                                   51P     38
126,1,1,1,0,1,0,0.,0.,1.,1.,1.,1.,1.,3.141592654,0.,0.,               53P     39
3.141592654,0.,0.,1.,0.,0.,1.;                                        53P     40
110,2.,24.5,21.,0.,24.5,21.;                                          55P     41
126,1,1,1,0,1,0,0.,0.,1.,1.,1.,1.,0.,3.141592654,0.,0.,               57P     42
6.283185307,0.,0.,1.,0.,0.,1.;                                        57P     43
124,-6.12303176911189E-017,4.27569270827966E-031,1.,-19.5,            59P     44
-6.98296672221876E-015,-1.,0.,49.,1.,-6.98296672221876E-015,          59P     45
6.12303176911189E-017,19.5000000000002;                               59P     46
100,19.5,0.,24.5,1.5,24.5,-1.5,24.5;                                  61P     47
102,4,43,47,53,57;                                                    63P     48
102,4,45,51,55,61;                                                    65P     49
142,1,41,63,65,1;                                                     67P     50
144,41,1,0,67;                                                        69P     51
110,2.,24.5,5.5,1002.,24.5,5.5;                                       71P     52
110,0.,24.5,4.,2.,24.5,4.;                                            73P     53
120,71,73,0.,6.28318530717959;                                        75P     54
126,1,1,1,0,1,0,0.,0.,1.,1.,1.,1.,0.,6.283185307,0.,1.,               77P     55
6.283185307,0.,0.,1.,0.,0.,1.;                                        77P     56
110,0.,24.5,4.,2.,24.5,4.;                                            79P     57
126,1,1,1,0,1,0,0.,0.,1.,1.,1.,1.,1.,6.283185307,0.,1.,               81P     58
3.141592654,0.,0.,1.,0.,0.,1.;                                        81P     59
124,-6.12303176911189E-017,4.27569270827966E-031,-1.,7.5,             83P     60
-6.98296672221876E-015,-1.,0.,49.,-1.,6.98296672221876E-015,          83P     61
6.12303176911189E-017,7.49999999999983;                               83P     62
100,5.5,2.,24.5,3.5,24.5,0.5,24.5;                                    85P     63
126,1,1,1,0,1,0,0.,0.,1.,1.,1.,1.,1.,3.141592654,0.,0.,               87P     64
3.141592654,0.,0.,1.,0.,0.,1.;                                        87P     65
110,2.,24.5,7.,0.,24.5,7.;                                            89P     66
126,1,1,1,0,1,0,0.,0.,1.,1.,1.,1.,0.,3.141592654,0.,0.,               91P     67
6.283185307,0.,0.,1.,0.,0.,1.;                                        91P     68
124,-6.12303176911189E-017,4.27569270827966E-031,1.,-5.5,             93P     69
-6.98296672221876E-015,-1.,0.,49.,1.,-6.98296672221876E-015,          93P     70
6.12303176911189E-017,5.50000000000017;                               93P     71
100,5.5,0.,24.5,1.5,24.5,-1.5,24.5;                                   95P     72
102,4,77,81,87,91;                                                    97P     73
102,4,79,85,89,95;                                                    99P     74
142,1,75,97,99,1;                                                    101P     75
144,75,1,0,101;                                                      103P     76
110,2.,17.5,12.5,1002.,17.5,12.5;                                    105P     77
110,0.,17.5,11.,2.,17.5,11.;                                         107P     78
120,105,107,0.,6.28318530717959;                                     109P     79
126,1,1,1,0,1,0,0.,0.,1.,1.,1.,1.,0.,6.283185307,0.,1.,              111P     80
6.283185307,0.,0.,1.,0.,0.,1.;                                       111P     81
110,0.,17.5,11.,2.,17.5,11.;                                         113P     82
126,1,1,1,0,1,0,0.,0.,1.,1.,1.,1.,1.,6.283185307,0.,1.,              115P     83
3.141592654,0.,0.,1.,0.,0.,1.;                                       115P     84
124,-6.12303176911189E-017,4.27569270827966E-031,-1.,14.5,           117P     85
-6.98296672221876E-015,-1.,0.,35.,-1.,6.98296672221876E-015,         117P     86
6.12303176911189E-017,14.4999999999999;                              117P     87
100,12.5,2.,17.5,3.5,17.5,0.5,17.5;                                  119P     88
126,1,1,1,0,1,0,0.,0.,1.,1.,1.,1.,1.,3.141592654,0.,0.,              121P     89
3.141592654,0.,0.,1.,0.,0.,1.;                                       121P     90
110,2.,17.5,14.,0.,17.5,14.;                                         123P     91
126,1,1,1,0,1,0,0.,0.,1.,1.,1.,1.,0.,3.141592654,0.,0.,              125P     92
6.283185307,0.,0.,1.,0.,0.,1.;                                       125P     93
124,-6.12303176911189E-017,4.27569270827966E-031,1.,-12.5,           127P     94
-6.98296672221876E-015,-1.,0.,35.,1.,-6.98296672221876E-015,         127P     95
6.12303176911189E-017,12.5000000000001;                              127P     96
100,12.5,0.,17.5,1.5,17.5,-1.5,17.5;                                 129P     97
102,4,111,115,121,125;                                               131P     98
102,4,113,119,123,129;                                               133P     99
142,1,109,131,133,1;                                                 135P    100
144,109,1,0,135;                                                     137P    101
110,2.,24.5,12.5,1002.,24.5,12.5;                                    139P    102
110,0.,24.5,8.5,2.,24.5,8.5;                                         141P    103
120,139,141,0.,6.28318530717959;                                     143P    104
126,1,1,1,0,1,0,0.,0.,1.,1.,1.,1.,0.,6.283185307,0.,1.,              145P    105
6.283185307,0.,0.,1.,0.,0.,1.;                                       145P    106
110,0.,24.5,8.5,2.,24.5,8.5;                                         147P    107
126,1,1,1,0,1,0,0.,0.,1.,1.,1.,1.,1.,6.283185307,0.,1.,              149P    108
3.141592654,0.,0.,1.,0.,0.,1.;                                       149P    109
124,-6.12303176911189E-017,4.27569270827966E-031,-1.,14.5,           151P    110
-6.98296672221876E-015,-1.,0.,49.,-1.,6.98296672221876E-015,         151P    111
6.12303176911189E-017,14.4999999999998;                              151P    112
100,12.5,2.,24.5,6.,24.5,-2.,24.5;                                   153P    113
126,1,1,1,0,1,0,0.,0.,1.,1.,1.,1.,1.,3.141592654,0.,0.,              155P    114
3.141592654,0.,0.,1.,0.,0.,1.;                                       155P    115
110,2.,24.5,16.5,0.,24.5,16.5;                                       157P    116
126,1,1,1,0,1,0,0.,0.,1.,1.,1.,1.,0.,3.141592654,0.,0.,              159P    117
6.283185307,0.,0.,1.,0.,0.,1.;                                       159P    118
124,-6.12303176911189E-017,4.27569270827966E-031,1.,-12.5,           161P    119
-6.98296672221876E-015,-1.,0.,49.,1.,-6.98296672221876E-015,         161P    120
6.12303176911189E-017,12.5000000000002;                              161P    121
100,12.5,0.,24.5,4.,24.5,-4.,24.5;                                   163P    122
102,4,145,149,155,159;                                               165P    123
102,4,147,153,157,163;                                               167P    124
142,1,143,165,167,1;                                                 169P    125
144,143,1,0,169;                                                     171P    126
110,16.,2.,19.5,16.,1002.,19.5;                                      173P    127
110,16.,0.,21.,16.,2.,21.;                                           175P    128
120,173,175,0.,6.28318530717959;                                     177P    129
126,1,1,1,0,1,0,0.,0.,1.,1.,1.,1.,0.,6.283185307,0.,1.,              179P    130
6.283185307,0.,0.,1.,0.,0.,1.;                                       179P    131
110,16.,0.,21.,16.,2.,21.;                                           181P    132
126,1,1,1,0,1,0,0.,0.,1.,1.,1.,1.,1.,6.283185307,0.,1.,              183P    133
3.141592654,0.,0.,1.,0.,0.,1.;                                       183P    134
124,6.12303176911189E-017,-1.,0.,18.,6.12303176911189E-017,          185P    135
3.74915180455534E-033,-1.,21.5,1.,6.12303176911189E-017,             185P    136
6.12303176911189E-017,3.5;                                           185P    137
100,19.5,16.,2.,17.5,2.,14.5,2.;                                     187P    138
126,1,1,1,0,1,0,0.,0.,1.,1.,1.,1.,1.,3.141592654,0.,0.,              189P    139
3.141592654,0.,0.,1.,0.,0.,1.;                                       189P    140
110,16.,2.,18.,16.,0.,18.;                                           191P    141
126,1,1,1,0,1,0,0.,0.,1.,1.,1.,1.,0.,3.141592654,0.,0.,              193P    142
6.283185307,0.,0.,1.,0.,0.,1.;                                       193P    143
124,6.12303176911189E-017,-1.,0.,16.,6.12303176911189E-017,          195P    144
3.74915180455534E-033,1.,-19.5,-1.,-6.12303176911189E-017,           195P    145
6.12303176911189E-017,35.5;                                          195P    146
100,19.5,16.,0.,17.5,0.,14.5,0.;                                     197P    147
102,4,179,183,189,193;                                               199P    148
102,4,181,187,191,197;                                               201P    149
142,1,177,199,201,1;                                                 203P    150
144,177,1,0,203;                                                     205P    151
110,16.,2.,5.5,16.,1002.,5.5;                                        207P    152
110,16.,0.,7.,16.,2.,7.;                                             209P    153
120,207,209,0.,6.28318530717959;                                     211P    154
126,1,1,1,0,1,0,0.,0.,1.,1.,1.,1.,0.,6.283185307,0.,1.,              213P    155
6.283185307,0.,0.,1.,0.,0.,1.;                                       213P    156
110,16.,0.,7.,16.,2.,7.;                                             215P    157
126,1,1,1,0,1,0,0.,0.,1.,1.,1.,1.,1.,6.283185307,0.,1.,              217P    158
3.141592654,0.,0.,1.,0.,0.,1.;                                       217P    159
124,6.12303176911189E-017,-1.,0.,18.,6.12303176911189E-017,          219P    160
3.74915180455534E-033,-1.,7.5,1.,6.12303176911189E-017,              219P    161
6.12303176911189E-017,-10.5;                                         219P    162
100,5.5,16.,2.,17.5,2.,14.5,2.;                                      221P    163
126,1,1,1,0,1,0,0.,0.,1.,1.,1.,1.,1.,3.141592654,0.,0.,              223P    164
3.141592654,0.,0.,1.,0.,0.,1.;                                       223P    165
110,16.,2.,4.,16.,0.,4.;                                             225P    166
126,1,1,1,0,1,0,0.,0.,1.,1.,1.,1.,0.,3.141592654,0.,0.,              227P    167
6.283185307,0.,0.,1.,0.,0.,1.;                                       227P    168
124,6.12303176911189E-017,-1.,0.,16.,6.12303176911189E-017,          229P    169
3.74915180455534E-033,1.,-5.5,-1.,-6.12303176911189E-017,            229P    170
6.12303176911189E-017,21.5;                                          229P    171
100,5.5,16.,0.,17.5,0.,14.5,0.;                                      231P    172
102,4,213,217,223,227;                                               233P    173
102,4,215,221,225,231;                                               235P    174
142,1,211,233,235,1;                                                 237P    175
144,211,1,0,237;                                                     239P    176
110,9.,2.,12.5,9.,1002.,12.5;                                        241P    177
110,9.,0.,14.,9.,2.,14.;                                             243P    178
120,241,243,0.,6.28318530717959;                                     245P    179
126,1,1,1,0,1,0,0.,0.,1.,1.,1.,1.,0.,6.283185307,0.,1.,              247P    180
6.283185307,0.,0.,1.,0.,0.,1.;                                       247P    181
110,9.,0.,14.,9.,2.,14.;                                             249P    182
126,1,1,1,0,1,0,0.,0.,1.,1.,1.,1.,1.,6.283185307,0.,1.,              251P    183
3.141592654,0.,0.,1.,0.,0.,1.;                                       251P    184
124,6.12303176911189E-017,-1.,0.,11.,6.12303176911189E-017,          253P    185
3.74915180455534E-033,-1.,14.5,1.,6.12303176911189E-017,             253P    186
6.12303176911189E-017,3.5;                                           253P    187
100,12.5,9.,2.,10.5,2.,7.5,2.;                                       255P    188
126,1,1,1,0,1,0,0.,0.,1.,1.,1.,1.,1.,3.141592654,0.,0.,              257P    189
3.141592654,0.,0.,1.,0.,0.,1.;                                       257P    190
110,9.,2.,11.,9.,0.,11.;                                             259P    191
126,1,1,1,0,1,0,0.,0.,1.,1.,1.,1.,0.,3.141592654,0.,0.,              261P    192
6.283185307,0.,0.,1.,0.,0.,1.;                                       261P    193
124,6.12303176911189E-017,-1.,0.,9.,6.12303176911189E-017,           263P    194
3.74915180455534E-033,1.,-12.5,-1.,-6.12303176911189E-017,           263P    195
6.12303176911189E-017,21.5;                                          263P    196
100,12.5,9.,0.,10.5,0.,7.5,0.;                                       265P    197
102,4,247,251,257,261;                                               267P    198
102,4,249,255,259,265;                                               269P    199
142,1,245,267,269,1;                                                 271P    200
144,245,1,0,271;                                                     273P    201
110,16.,2.,12.5,16.,1002.,12.5;                                      275P    202
110,16.,0.,16.5,16.,2.,16.5;                                         277P    203
120,275,277,0.,6.28318530717959;                                     279P    204
126,1,1,1,0,1,0,0.,0.,1.,1.,1.,1.,0.,6.283185307,0.,1.,              281P    205
6.283185307,0.,0.,1.,0.,0.,1.;                                       281P    206
110,16.,0.,16.5,16.,2.,16.5;                                         283P    207
126,1,1,1,0,1,0,0.,0.,1.,1.,1.,1.,1.,6.283185307,0.,1.,              285P    208
3.141592654,0.,0.,1.,0.,0.,1.;                                       285P    209
124,6.12303176911189E-017,-1.,0.,18.,6.12303176911189E-017,          287P    210
3.74915180455534E-033,-1.,14.5,1.,6.12303176911189E-017,             287P    211
6.12303176911189E-017,-3.5;                                          287P    212
100,12.5,16.,2.,20.,2.,12.,2.;                                       289P    213
126,1,1,1,0,1,0,0.,0.,1.,1.,1.,1.,1.,3.141592654,0.,0.,              291P    214
3.141592654,0.,0.,1.,0.,0.,1.;                                       291P    215
110,16.,2.,8.5,16.,0.,8.5;                                           293P    216
126,1,1,1,0,1,0,0.,0.,1.,1.,1.,1.,0.,3.141592654,0.,0.,              295P    217
6.283185307,0.,0.,1.,0.,0.,1.;                                       295P    218
124,6.12303176911189E-017,-1.,0.,16.,6.12303176911189E-017,          297P    219
3.74915180455534E-033,1.,-12.5,-1.,-6.12303176911189E-017,           297P    220
6.12303176911189E-017,28.5;                                          297P    221
100,12.5,16.,0.,20.,0.,12.,0.;                                       299P    222
102,4,281,285,291,295;                                               301P    223
102,4,283,289,293,299;                                               303P    224
142,1,279,301,303,1;                                                 305P    225
144,279,1,0,305;                                                     307P    226
110,23.,2.,12.5,23.,1002.,12.5;                                      309P    227
110,23.,0.,14.,23.,2.,14.;                                           311P    228
120,309,311,0.,6.28318530717959;                                     313P    229
126,1,1,1,0,1,0,0.,0.,1.,1.,1.,1.,0.,6.283185307,0.,1.,              315P    230
6.283185307,0.,0.,1.,0.,0.,1.;                                       315P    231
110,23.,0.,14.,23.,2.,14.;                                           317P    232
126,1,1,1,0,1,0,0.,0.,1.,1.,1.,1.,1.,6.283185307,0.,1.,              319P    233
3.141592654,0.,0.,1.,0.,0.,1.;                                       319P    234
124,6.12303176911189E-017,-1.,0.,25.,6.12303176911189E-017,          321P    235
3.74915180455534E-033,-1.,14.5,1.,6.12303176911189E-017,             321P    236
6.12303176911189E-017,-10.5;                                         321P    237
100,12.5,23.,2.,24.5,2.,21.5,2.;                                     323P    238
126,1,1,1,0,1,0,0.,0.,1.,1.,1.,1.,1.,3.141592654,0.,0.,              325P    239
3.141592654,0.,0.,1.,0.,0.,1.;                                       325P    240
110,23.,2.,11.,23.,0.,11.;                                           327P    241
126,1,1,1,0,1,0,0.,0.,1.,1.,1.,1.,0.,3.141592654,0.,0.,              329P    242
6.283185307,0.,0.,1.,0.,0.,1.;                                       329P    243
124,6.12303176911189E-017,-1.,0.,23.,6.12303176911189E-017,          331P    244
3.74915180455534E-033,1.,-12.5,-1.,-6.12303176911189E-017,           331P    245
6.12303176911189E-017,35.5;                                          331P    246
100,12.5,23.,0.,24.5,0.,21.5,0.;                                     333P    247
102,4,315,319,325,329;                                               335P    248
102,4,317,323,327,333;                                               337P    249
142,1,313,335,337,1;                                                 339P    250
144,313,1,0,339;                                                     341P    251
110,0.25,24.5,12.5,1000.25,24.5,12.5;                                343P    252
110,0.25,24.5,0.,1.75,24.5,0.;                                       345P    253
120,343,345,0.,6.28318530717959;                                     347P    254
126,1,1,1,0,1,0,0.,0.,1.,1.,1.,1.,0.,0.,0.,0.,3.141592654,0.,        349P    255
0.,1.,0.,0.,1.;                                                      349P    256
124,6.12303176911188E-017,-4.3368086898967E-018,1.,                  351P    257
-12.2500000002175,1.39615966357476E-014,1.,                          351P    258
4.33680868989584E-018,-4.59113541151199E-015,-1.,                    351P    259
1.39615966357476E-014,6.12303176911189E-017,12.7499999997821;        351P    260
100,12.5,0.25,24.5,12.75,24.5,-12.25,24.5;                           353P    261
126,1,1,1,0,1,0,0.,0.,1.,1.,1.,1.,0.,3.141592654,0.,1.,              355P    262
3.141592654,0.,0.,1.,0.,0.,1.;                                       355P    263
110,0.25,24.499999997,25.,1.75,24.499999997,25.;                     357P    264
126,1,1,1,0,1,0,0.,0.,1.,1.,1.,1.,1.,3.141592654,0.,1.,0.,0.,        359P    265
0.,1.,0.,0.,1.;                                                      359P    266
124,6.12303176911186E-017,-1.73472347595842E-017,-1.,                361P    267
14.2500000002175,1.39485862096779E-014,1.,                           361P    268
-1.73472347595834E-017,-2.32778477513444E-014,1.,                    361P    269
-1.39485862096779E-014,6.12303176911189E-017,10.7499999997828;       361P    270
100,12.5,1.75,24.5,14.25,24.5,-10.75,24.5;                           363P    271
126,1,1,1,0,1,0,0.,0.,1.,1.,1.,1.,1.,0.,0.,0.,0.,0.,0.,1.,0.,        365P    272
0.,1.;                                                               365P    273
110,1.75,24.499999995,0.,0.25,24.499999995,0.;                       367P    274
102,4,349,355,359,365;                                               369P    275
102,4,353,357,363,367;                                               371P    276
142,1,347,369,371,1;                                                 373P    277
144,347,1,0,373;                                                     375P    278
128,3,3,3,3,0,0,0,0,0,0.0631414570000591,0.0631414570000591,         377P    279
0.0631414570000591,0.0631414570000591,0.936858543076237,             377P    280
0.936858543076237,0.936858543076237,0.936858543076237,0.,0.,0.,      377P    281
0.,1.,1.,1.,1.,0.956578302165956,0.769794770379678,                  377P    282
0.769794770395989,0.956578302214887,0.318859434055318,               377P    283
0.256598256793226,0.256598256798663,0.318859434071629,               377P    284
0.318859434055318,0.256598256793226,0.256598256798663,               377P    285
0.318859434071629,0.956578302165956,0.769794770379678,               377P    286
0.769794770395989,0.956578302214887,1.75,24.5,25.,1.896446609,       377P    287
24.5,25.,2.,24.5,24.896446609,2.,24.5,24.75,1.75,49.5,25.,           377P    288
1.896446609,49.5,25.,2.,49.292893219,24.896446609,2.,49.,24.75,      377P    289
1.75,49.5,0.,1.896446609,49.5,0.,2.,49.292893219,0.103553391,        377P    290
2.,49.,0.25,1.75,24.5,0.,1.896446609,24.5,0.,2.,24.5,                377P    291
0.103553391,2.,24.5,0.25,0.0631414570000591,0.936858543076237,       377P    292
0.,1.;                                                               377P    293
126,1,1,1,0,1,0,0.,0.,1.,1.,1.,1.,0.063141457,0.,0.,                 379P    294
0.936858543,0.,0.,0.,1.,0.,0.,1.;                                    379P    295
124,-1.49999889902986E-008,1.,0.,-22.74999997375,                    381P    296
-6.12303176911189E-017,-9.18454091239271E-025,1.,                    381P    297
-0.250000000000002,1.,1.49999889902986E-008,                         381P    298
6.12303176911189E-017,22.9999996325003;                              381P    299
100,24.75,1.75,24.5,2.,24.5,1.749999996,24.75;                       383P    300
126,1,1,1,0,1,0,0.,0.,1.,1.,1.,1.,0.936858543,0.,0.,                 385P    301
0.936858543,1.,0.,0.,1.,0.,0.,1.;                                    385P    302
126,3,3,1,0,0,0,0.,0.,0.,0.,1.,1.,1.,1.,0.956578302214887,           387P    303
0.318859434071629,0.318859434071629,0.956578302214887,2.,24.5,       387P    304
24.75,2.,49.,24.75,2.,49.,0.25,2.,24.5,0.25,0.,1.,1.,0.,0.;          387P    305
126,1,1,1,0,1,0,0.,0.,1.,1.,1.,1.,0.936858543,1.,0.,                 389P    306
0.063141457,1.,0.,0.,1.,0.,0.,1.;                                    389P    307
124,1.,0.,0.,0.,0.,6.12303176911189E-017,1.,24.25,0.,-1.,            391P    308
6.12303176911189E-017,24.75;                                         391P    309
100,0.25,1.75,24.5,2.,24.5,1.749999996,24.75;                        393P    310
126,1,1,1,0,1,0,0.,0.,1.,1.,1.,1.,0.063141457,1.,0.,                 395P    311
0.063141457,0.,0.,0.,1.,0.,0.,1.;                                    395P    312
124,6.12303176911189E-017,-1.73472347595834E-017,1.,                 397P    313
-10.7499999997825,-1.73472347595834E-017,1.,                         397P    314
1.73472347595834E-017,6.07153216660886E-017,-1.,                     397P    315
-1.73472347595834E-017,6.12303176911189E-017,14.2500000002175;       397P    316
100,12.5,1.75,24.5,14.25,24.5,-10.75,24.5;                           399P    317
102,4,379,385,389,395;                                               401P    318
102,4,383,387,393,399;                                               403P    319
142,1,377,401,403,1;                                                 405P    320
144,377,1,0,405;                                                     407P    321
128,3,3,3,3,0,0,0,0,0,0.0631414569237597,0.0631414569237597,         409P    322
0.0631414569237597,0.0631414569237597,0.936858542999941,             409P    323
0.936858542999941,0.936858542999941,0.936858542999941,0.,0.,0.,      409P    324
0.,1.,1.,1.,1.,0.956578302214889,0.769794770395989,                  409P    325
0.769794770379678,0.956578302165956,0.318859434071629,               409P    326
0.256598256798663,0.256598256793226,0.318859434055318,               409P    327
0.318859434071629,0.256598256798663,0.256598256793226,               409P    328
0.318859434055318,0.956578302214889,0.769794770395989,               409P    329
0.769794770379678,0.956578302165956,0.,24.5,24.75,0.,24.5,           409P    330
24.896446609,0.103553391,24.5,25.,0.25,24.5,25.,0.,49.,24.75,        409P    331
0.,49.292893219,24.896446609,0.103553391,49.5,25.,0.25,49.5,         409P    332
25.,0.,49.,0.25,0.,49.292893219,0.103553391,0.103553391,49.5,        409P    333
0.,0.25,49.5,0.,0.,24.5,0.25,0.,24.5,0.103553391,0.103553391,        409P    334
24.5,0.,0.25,24.5,0.,0.0631414569237597,0.936858542999941,0.,        409P    335
1.;                                                                  409P    336
126,1,1,1,0,1,0,0.,0.,1.,1.,1.,1.,0.936858543,1.,0.,                 411P    337
0.063141457,1.,0.,0.,1.,0.,0.,1.;                                    411P    338
124,-3.04739415125932E-015,-1.,0.,24.75,6.12303176911189E-017,       413P    339
-1.86592912011666E-031,1.,24.25,-1.,3.04739415125932E-015,           413P    340
6.12303176911189E-017,0.499999999999925;                             413P    341
100,0.25,0.25,24.5,0.5,24.5,0.25,24.75;                              415P    342
126,1,1,1,0,1,0,0.,0.,1.,1.,1.,1.,0.063141457,1.,0.,                 417P    343
0.063141457,0.,0.,0.,1.,0.,0.,1.;                                    417P    344
126,64,3,1,0,1,0,0.,0.,0.,0.,0.0312500000000006,                     419P    345
0.046875000000001,0.046875000000001,0.0625000000000015,              419P    346
0.0625000000000015,0.0937500000000024,0.109375000000003,             419P    347
0.109375000000003,0.125000000000003,0.125000000000003,               419P    348
0.156250000000004,0.171875000000004,0.171875000000004,               419P    349
0.187500000000005,0.187500000000005,0.218750000000005,               419P    350
0.234375000000005,0.234375000000005,0.250000000000006,               419P    351
0.250000000000006,0.281250000000006,0.296875000000006,               419P    352
0.296875000000006,0.312500000000006,0.312500000000006,               419P    353
0.375000000000006,0.375000000000006,0.437500000000006,               419P    354
0.437500000000006,0.500000000000006,0.500000000000006,               419P    355
0.562500000000006,0.562500000000006,0.625000000000006,               419P    356
0.625000000000006,0.656250000000006,0.656250000000006,               419P    357
0.671875000000006,0.671875000000006,0.687500000000006,               419P    358
0.687500000000006,0.718750000000006,0.734375000000006,               419P    359
0.734375000000006,0.750000000000006,0.750000000000006,               419P    360
0.781250000000005,0.796875000000005,0.796875000000005,               419P    361
0.812500000000005,0.812500000000005,0.843750000000004,               419P    362
0.859375000000004,0.859375000000004,0.875000000000004,               419P    363
0.875000000000004,0.906250000000003,0.921875000000002,               419P    364
0.921875000000002,0.937500000000002,0.937500000000002,1.,1.,1.,      419P    365
1.,1.,1.,1.,1.,1.,1.,1.,1.,1.,1.,1.,1.,1.,1.,1.,1.,1.,1.,1.,1.,      419P    366
1.,1.,1.,1.,1.,1.,1.,1.,1.,1.,1.,1.,1.,1.,1.,1.,1.,1.,1.,1.,1.,      419P    367
1.,1.,1.,1.,1.,1.,1.,1.,1.,1.,1.,1.,1.,1.,1.,1.,1.,1.,1.,1.,1.,      419P    368
1.,1.,1.,0.,24.5,0.25,0.,24.772473566,0.250022243,0.,                419P    369
25.180092014,0.263589811,0.,25.586072613,0.297458682,0.,             419P    370
25.856362379,0.32454933,0.,25.973298212,0.337935252,0.,              419P    371
26.431722159,0.399350735,0.,26.886420858,0.477757591,0.,             419P    372
27.335531686,0.581651508,0.,27.633697155,0.65657791,0.,              419P    373
27.763112297,0.691316851,0.,28.263775406,0.837366298,0.,             419P    374
28.756354152,1.003986527,0.,29.236806352,1.201462929,0.,             419P    375
29.554413031,1.339970792,0.,29.693122839,1.403513491,0.,             419P    376
30.217686907,1.659265153,0.,30.72772175,1.938545479,0.,              419P    377
31.215962756,2.253118799,0.,31.536613684,2.470677234,0.,             419P    378
31.678005911,2.570993025,0.,32.193988178,2.95801395,0.,              419P    379
32.686910818,3.369675098,0.,33.145244019,3.818296579,0.,             419P    380
33.443112944,4.125590973,0.,33.57914094,4.272959063,0.,              419P    381
34.330696516,5.134191144,0.,34.849648751,5.874253782,0.,             419P    382
35.767998308,7.596334453,0.,36.12360745,8.502147291,0.,              419P    383
36.622546396,10.467083478,0.,36.750045866,11.478434768,0.,           419P    384
36.749954134,13.521565232,0.,36.618823244,14.547937738,0.,           419P    385
36.127330602,16.482831492,0.,35.754759568,17.428660894,0.,           419P    386
35.08585551,18.682728376,0.,34.830638199,19.099236445,0.,            419P    387
34.440107947,19.663015229,0.,34.304950185,19.846953823,0.,           419P    388
34.024672637,20.206855674,0.,33.870828507,20.39281471,0.,            419P    389
33.446699151,20.878754142,0.,32.999702966,21.339874543,0.,           419P    390
32.518406538,21.763766397,0.,32.189919976,22.038087957,0.,           419P    391
32.005628723,22.183288779,0.,31.538742554,22.533422442,0.,           419P    392
31.05754666,22.859893767,0.,30.55488618,23.150871587,0.,             419P    393
30.215009285,23.336969355,0.,30.024244462,23.435063772,0.,           419P    394
29.55544366,23.663580322,0.,29.078796068,23.871434103,0.,            419P    395
28.590378291,24.048293729,0.,28.262150843,24.159312557,0.,           419P    396
28.078008067,24.216837693,0.,27.633983865,24.346324615,0.,           419P    397
27.186485039,24.458767192,0.,26.733774275,24.545643249,0.,           419P    398
26.430808891,24.597879171,0.,26.260972444,24.623536189,0.,           419P    399
25.586641198,24.713819848,0.,25.0446058,24.749955541,0.,24.5,        419P    400
24.75,0.,1.,-1.,0.,0.;                                               419P    401
126,1,1,1,0,1,0,0.,0.,1.,1.,1.,1.,0.063141457,0.,0.,                 421P    402
0.936858543,0.,0.,0.,1.,0.,0.,1.;                                    421P    403
124,-1.,6.98296672221876E-015,0.,0.499999999999829,                  423P    404
-4.27569270827966E-031,-6.12303176911189E-017,1.,-0.25,              423P    405
6.98296672221876E-015,1.,6.12303176911189E-017,                      423P    406
0.249999999999997;                                                   423P    407
100,24.75,0.25,24.5,0.5,24.5,0.25,24.75;                             425P    408
126,1,1,1,0,1,0,0.,0.,1.,1.,1.,1.,0.936858543,0.,0.,                 427P    409
0.936858543,1.,0.,0.,1.,0.,0.,1.;                                    427P    410
124,6.12303176911188E-017,-4.3368086898967E-018,-1.,                 429P    411
12.7499999997825,1.39615966357476E-014,1.,                           429P    412
-4.33680868989584E-018,-2.38749449593525E-015,1.,                    429P    413
-1.39615966357476E-014,6.12303176911189E-017,12.2500000002179;       429P    414
100,12.5,0.25,24.5,12.75,24.5,-12.25,24.5;                           431P    415
102,4,411,417,421,427;                                               433P    416
102,4,415,419,425,431;                                               435P    417
142,1,409,433,435,1;                                                 437P    418
144,409,1,0,437;                                                     439P    419
110,1.75,3.,0.25,1.75,1003.,0.25;                                    441P    420
110,1.75,3.,0.5,1.75,24.5,0.5;                                       443P    421
120,441,443,0.,6.28318530717959;                                     445P    422
126,1,1,1,0,1,0,0.,0.,1.,1.,1.,1.,0.,3.141592669,0.,1.,              447P    423
3.141592669,0.,0.,1.,0.,0.,1.;                                       447P    424
110,1.749999996,3.000000003,0.,1.749999996,24.5,0.;                  449P    425
126,1,1,1,0,1,0,0.,0.,1.,1.,1.,1.,1.,3.141592669,0.,1.,              451P    426
1.570796327,0.,0.,1.,0.,0.,1.;                                       451P    427
124,-1.49999889902986E-008,1.,0.,-22.74999997375,                    453P    428
-6.12303176911189E-017,-9.18454091239271E-025,-1.,24.75,-1.,         453P    429
-1.49999889902986E-008,6.12303176911189E-017,2.00000036749973;       453P    430
100,0.25,1.75,24.5,2.,24.5,1.749999996,24.75;                        455P    431
126,1,1,1,0,1,0,0.,0.,1.,1.,1.,1.,0.999999999,1.570796327,0.,        457P    432
0.,1.570796327,0.,0.,1.,0.,0.,1.;                                    457P    433
110,2.,24.499999987,0.25,2.,3.,0.25;                                 459P    434
126,1,1,1,0,1,0,0.,0.,1.,1.,1.,1.,0.,1.570796327,0.,0.,              461P    435
3.141592653,0.,0.,1.,0.,0.,1.;                                       461P    436
124,1.,0.,0.,0.,0.,6.12303176911189E-017,1.,2.75,0.,-1.,             463P    437
6.12303176911189E-017,3.25;                                          463P    438
100,0.25,1.75,3.,2.,3.,1.75,3.25;                                    465P    439
102,4,447,451,457,461;                                               467P    440
102,4,449,455,459,465;                                               469P    441
142,1,445,467,469,1;                                                 471P    442
144,445,1,0,471;                                                     473P    443
128,3,3,3,3,0,0,0,0,0,0.0631414568656906,0.0631414568656906,         475P    444
0.0631414568656906,0.0631414568656906,0.936858543169034,             475P    445
0.936858543169034,0.936858543169034,0.936858543169034,0.,0.,0.,      475P    446
0.,1.,1.,1.,1.,0.956578302252131,0.769794770359838,                  475P    447
0.769794770367262,0.956578302274402,0.769794770256308,               475P    448
0.619482991615535,0.619482991621509,0.76979477027423,                475P    449
0.769794770256308,0.619482991615535,0.619482991621509,               475P    450
0.76979477027423,0.956578302252131,0.769794770359838,                475P    451
0.769794770367262,0.956578302274402,3.,2.,0.25,3.,2.,                475P    452
0.103553391,3.,1.896446609,0.,3.,1.75,0.,2.414213562,2.,0.25,        475P    453
2.414213562,2.,0.103553391,2.35355339,1.896446609,0.,                475P    454
2.267766953,1.75,0.,2.,2.414213562,0.25,2.,2.414213562,              475P    455
0.103553391,1.896446609,2.35355339,0.,1.75,2.267766953,0.,2.,        475P    456
3.,0.25,2.,3.,0.103553391,1.896446609,3.,0.,1.75,3.,0.,              475P    457
0.0631414568656906,0.936858543169034,0.,1.;                          475P    458
126,1,1,1,0,1,0,0.,0.,1.,1.,1.,1.,0.936858543,1.,0.,                 477P    459
0.063141457,1.,0.,0.,1.,0.,0.,1.;                                    477P    460
124,3.847027524827E-010,1.,0.,-1.25000000067323,                     479P    461
-6.12303176911189E-017,2.35554717511636E-026,-1.,3.25,-1.,           479P    462
3.847027524827E-010,6.12303176911189E-017,1.99999999884589;          479P    463
100,0.25,1.75,3.,2.,3.,1.75,3.25;                                    481P    464
126,1,1,1,0,1,0,0.,0.,1.,1.,1.,1.,0.063141457,1.,0.,                 483P    465
0.063141457,0.,0.,0.,1.,0.,0.,1.;                                    483P    466
100,0.25,3.,3.,2.,3.,3.,2.;                                          485P    467
126,1,1,1,0,1,0,0.,0.,1.,1.,1.,1.,0.063141457,0.,0.,                 487P    468
0.936858543,0.,0.,0.,1.,0.,0.,1.;                                    487P    469
124,-2.66381233564177E-026,-6.12303176911189E-017,-1.,3.25,1.,       489P    470
-4.35047936396408E-010,0.,-1.24999999923867,                         489P    471
-4.35047936396408E-010,-1.,6.12303176911189E-017,                    489P    472
2.00000000130514;                                                    489P    473
100,0.25,3.,1.75,3.25,1.75,3.,2.;                                    491P    474
126,1,1,1,0,1,0,0.,0.,1.,1.,1.,1.,0.936858543,0.,0.,                 493P    475
0.936858543,1.,0.,0.,1.,0.,0.,1.;                                    493P    476
126,7,3,1,0,1,0,0.,0.,0.,0.,0.25,0.25,0.5,0.5,1.,1.,1.,1.,1.,        495P    477
1.,1.,1.,1.,1.,1.,1.,3.,1.75,0.,2.840535306,1.75013069,0.,           495P    478
2.697621459,1.775239856,0.,2.382141768,1.900289391,0.,               495P    479
2.238617182,1.993508017,0.,1.871115207,2.361333536,0.,               495P    480
1.750260782,2.681799251,0.,1.75,3.,0.,0.,1.,0.,0.,1.;                495P    481
102,4,477,483,487,493;                                               497P    482
102,4,481,485,491,495;                                               499P    483
142,1,475,497,499,1;                                                 501P    484
144,475,1,0,501;                                                     503P    485
110,0.25,24.5,0.25,0.25,-975.5,0.25;                                 505P    486
110,0.25,24.5,0.,0.25,2.,0.;                                         507P    487
120,505,507,0.,6.28318530717959;                                     509P    488
126,1,1,1,0,1,0,0.,0.,1.,1.,1.,1.,1.,4.71238898,0.,-1E-009,          511P    489
4.71238898,0.,0.,1.,0.,0.,1.;                                        511P    490
110,0.,2.,0.25,0.,24.500000013,0.25;                                 513P    491
126,1,1,1,0,1,0,0.,0.,1.,1.,1.,1.,0.,4.712388981,0.,0.,              515P    492
6.283185307,0.,0.,1.,0.,0.,1.;                                       515P    493
124,-1.,1.40883940798198E-014,0.,0.499999999999655,                  517P    494
-8.62636845265042E-031,-6.12303176911189E-017,-1.,24.75,             517P    495
-1.40883940798198E-014,-1.,6.12303176911189E-017,24.75;              517P    496
100,0.25,0.25,24.5,0.5,24.5,0.25,24.75;                              519P    497
126,1,1,1,0,1,0,0.,0.,1.,1.,1.,1.,0.,6.283185307,0.,1.,              521P    498
6.283185307,0.,0.,1.,0.,0.,1.;                                       521P    499
110,0.25,24.5,0.,0.25,1.999999989,0.;                                523P    500
126,1,1,1,0,1,0,0.,0.,1.,1.,1.,1.,1.,6.283185307,0.,1.,              525P    501
4.71238898,0.,0.,1.,0.,0.,1.;                                        525P    502
124,-3.8468999635625E-010,-1.,0.,2.25000000009617,                   527P    503
6.12303176911189E-017,-2.35546906894885E-026,1.,                     527P    504
1.75000000000016,-1.,3.8468999635625E-010,                           527P    505
6.12303176911189E-017,0.499999999230464;                             527P    506
100,0.25,0.25,2.,0.5,2.,0.25,2.25;                                   529P    507
102,4,511,515,521,525;                                               531P    508
102,4,513,519,523,529;                                               533P    509
142,1,509,531,533,1;                                                 535P    510
144,509,1,0,535;                                                     537P    511
110,0.25,2.,24.75,0.25,1002.,24.75;                                  539P    512
110,0.25,2.,25.,0.25,24.5,25.;                                       541P    513
120,539,541,0.,6.28318530717959;                                     543P    514
126,1,1,1,0,1,0,0.,0.,1.,1.,1.,1.,0.,6.283185307,0.,1.,              545P    515
6.283185307,0.,0.,1.,0.,0.,1.;                                       545P    516
110,0.25,1.999999989,25.,0.25,24.5,25.;                              547P    517
126,1,1,1,0,1,0,0.,0.,1.,1.,1.,1.,1.,6.283185307,0.,1.,              549P    518
4.71238898,0.,0.,1.,0.,0.,1.;                                        549P    519
124,7.27364132466213E-016,-1.,0.,24.75,6.12303176911189E-017,        551P    520
4.45367369080313E-032,-1.,49.25,1.,7.27364132466213E-016,            551P    521
6.12303176911189E-017,24.5;                                          551P    522
100,24.75,0.25,24.5,0.5,24.5,0.25,24.75;                             553P    523
126,1,1,1,0,1,0,0.,0.,1.,1.,1.,1.,1.000000001,4.71238898,0.,0.,      555P    524
4.71238898,0.,0.,1.,0.,0.,1.;                                        555P    525
110,0.,24.500000013,24.75,0.,2.,24.75;                               557P    526
126,1,1,1,0,1,0,0.,0.,1.,1.,1.,1.,0.,4.71238898,0.,0.,               559P    527
6.283185307,0.,0.,1.,0.,0.,1.;                                       559P    528
124,-1.,6.98296672221876E-015,0.,0.499999999999986,                  561P    529
-4.27569270827966E-031,-6.12303176911189E-017,1.,-22.75,             561P    530
6.98296672221876E-015,1.,6.12303176911189E-017,22.75;                561P    531
100,24.75,0.25,2.,0.5,2.,0.25,2.25;                                  563P    532
102,4,545,549,555,559;                                               565P    533
102,4,547,553,557,563;                                               567P    534
142,1,543,565,567,1;                                                 569P    535
144,543,1,0,569;                                                     571P    536
110,1.75,24.5,24.75,1.75,-975.5,24.75;                               573P    537
110,1.75,24.5,24.5,1.75,3.,24.5;                                     575P    538
120,573,575,0.,6.28318530717959;                                     577P    539
126,1,1,1,0,1,0,0.,0.,1.,1.,1.,1.,1.,1.570796327,0.,1E-009,          579P    540
1.570796327,0.,0.,1.,0.,0.,1.;                                       579P    541
110,2.,3.,24.75,2.,24.499999987,24.75;                               581P    542
126,1,1,1,0,1,0,0.,0.,1.,1.,1.,1.,0.,1.570796327,0.,0.,              583P    543
3.141592669,0.,0.,1.,0.,0.,1.;                                       583P    544
124,1.,0.,0.,0.,0.,6.12303176911189E-017,-1.,49.25,0.,1.,            585P    545
6.12303176911189E-017,0.249999999999997;                             585P    546
100,24.75,1.75,24.5,2.,24.5,1.749999996,24.75;                       587P    547
126,1,1,1,0,1,0,0.,0.,1.,1.,1.,1.,0.,3.141592669,0.,1.,              589P    548
3.141592669,0.,0.,1.,0.,0.,1.;                                       589P    549
110,1.749999996,24.5,25.,1.749999996,3.000000003,25.;                591P    550
126,1,1,1,0,1,0,0.,0.,1.,1.,1.,1.,1.,3.141592654,0.,1.,              593P    551
1.570796327,0.,0.,1.,0.,0.,1.;                                       593P    552
124,-2.05094791654427E-010,1.,0.,-1.24999999964109,                  595P    553
-6.12303176911189E-017,-1.25580192497944E-026,1.,                    595P    554
-21.7499999999999,1.,2.05094791654427E-010,                          595P    555
6.12303176911189E-017,22.9999999993846;                              595P    556
100,24.75,1.75,3.,2.,3.,1.75,3.25;                                   597P    557
102,4,579,583,589,593;                                               599P    558
102,4,581,587,591,597;                                               601P    559
142,1,577,599,601,1;                                                 603P    560
144,577,1,0,603;                                                     605P    561
128,3,3,3,3,0,0,0,0,0,0.0631414562091345,0.0631414562091345,         607P    562
0.0631414562091345,0.0631414562091345,0.936858543268647,             607P    563
0.936858543268647,0.936858543268647,0.936858543268647,0.,0.,0.,      607P    564
0.,1.,1.,1.,1.,0.956578302673208,0.769794770338545,                  607P    565
0.769794770226905,0.956578302338288,0.769794770595165,               607P    566
0.619482991598399,0.619482991508558,0.769794770325642,               607P    567
0.769794770595165,0.619482991598399,0.619482991508558,               607P    568
0.769794770325642,0.956578302673208,0.769794770338545,               607P    569
0.769794770226905,0.956578302338288,3.,1.75,25.,3.,1.896446609,      607P    570
25.,3.,2.,24.896446609,3.,2.,24.75,2.267766953,1.75,25.,             607P    571
2.35355339,1.896446609,25.,2.414213562,2.,24.896446609,              607P    572
2.414213562,2.,24.75,1.75,2.267766953,25.,1.896446609,               607P    573
2.35355339,25.,2.,2.414213562,24.896446609,2.,2.414213562,           607P    574
24.75,1.75,3.,25.,1.896446609,3.,25.,2.,3.,24.896446609,2.,3.,       607P    575
24.75,0.0631414562091345,0.936858543268647,0.,1.;                    607P    576
126,1,1,1,0,1,0,0.,0.,1.,1.,1.,1.,0.936858543,1.,0.,                 609P    577
0.063141456,1.,0.,0.,1.,0.,0.,1.;                                    609P    578
124,1.,0.,0.,0.,0.,-7.04419703990988E-015,-1.,27.7499999999999,      611P    579
0.,1.,-7.04419703990988E-015,21.75;                                  611P    580
100,24.75,1.75,3.,2.,3.,1.75,3.25;                                   613P    581
126,1,1,1,0,1,0,0.,0.,1.,1.,1.,1.,0.063141456,1.,0.,                 615P    582
0.063141456,0.,0.,0.,1.,0.,0.,1.;                                    615P    583
126,3,3,1,0,0,0,0.,0.,0.,0.,1.,1.,1.,1.,0.956578302274402,           617P    584
0.76979477027423,0.76979477027423,0.956578302274402,1.75,3.,         617P    585
25.,1.75,2.267766953,25.,2.267766953,1.75,25.,3.,1.75,25.,0.,        617P    586
1.,0.,0.,-1.;                                                        617P    587
126,1,1,1,0,1,0,0.,0.,1.,1.,1.,1.,0.063141456,0.,0.,                 619P    588
0.936858543,0.,0.,0.,1.,0.,0.,1.;                                    619P    589
124,6.12303176911189E-017,-8.55138541655932E-031,-1.,27.75,          621P    590
1.39659334444375E-014,1.,0.,-4.18846001718622E-014,1.,               621P    591
-1.39659334444375E-014,6.12303176911189E-017,21.75;                  621P    592
100,24.75,3.,1.75,3.25,1.75,3.,2.;                                   623P    593
126,1,1,1,0,1,0,0.,0.,1.,1.,1.,1.,0.936858543,0.,0.,                 625P    594
0.936858543,1.,0.,0.,1.,0.,0.,1.;                                    625P    595
124,1.79572230843219E-010,-1.,2.17513507180168E-010,                 627P    596
5.99999999407782,-1.,-1.79572230843217E-010,                         627P    597
6.98298625345049E-015,6.00000000053854,-6.98294719406477E-015,       627P    598
-2.17513507180169E-010,-1.,49.5000000010876;                         627P    599
100,24.75,3.,3.,4.,3.,3.,4.;                                         629P    600
102,4,609,615,619,625;                                               631P    601
102,4,613,617,623,629;                                               633P    602
142,1,607,631,633,1;                                                 635P    603
144,607,1,0,635;                                                     637P    604
128,1,1,1,1,0,0,1,0,0,0.,0.,1.,1.,0.,0.,1.,1.,1.,1.,1.,1.,2.,        639P    605
36.952517278,0.25,2.,3.,0.25,2.,36.952517278,24.75,2.,3.,24.75,      639P    606
0.,1.,0.,1.;                                                         639P    607
126,1,1,1,0,1,0,0.,0.,1.,1.,1.,1.,1.,0.,0.,1.,1.,0.,0.,1.,0.,        641P    608
0.,1.;                                                               641P    609
110,2.,3.,0.25,2.,3.,24.75;                                          643P    610
126,1,1,1,0,1,0,0.,0.,1.,1.,1.,1.,1.,1.,0.,0.366762711,1.,0.,        645P    611
0.,1.,0.,0.,1.;                                                      645P    612
110,2.,3.,24.75,2.,24.499999987,24.75;                               647P    613
126,44,2,1,0,1,0,0.,0.,0.,0.0625,0.0625,0.125,0.125,0.1875,          649P    614
0.1875,0.25,0.25,0.3125,0.3125,0.34375,0.34375,0.375,0.375,          649P    615
0.40625,0.40625,0.4375,0.4375,0.46875,0.46875,0.5,0.5,0.53125,       649P    616
0.53125,0.5625,0.5625,0.59375,0.59375,0.625,0.625,0.65625,           649P    617
0.65625,0.6875,0.6875,0.75,0.75,0.8125,0.8125,0.875,0.875,           649P    618
0.9375,0.9375,1.,1.,1.,1.,1.,1.,1.,1.,1.,1.,1.,1.,1.,1.,1.,1.,       649P    619
1.,1.,1.,1.,1.,1.,1.,1.,1.,1.,1.,1.,1.,1.,1.,1.,1.,1.,1.,1.,1.,      649P    620
1.,1.,1.,1.,1.,1.,1.,1.,1.,1.,1.,0.366762711,1.,0.,0.342687303,      649P    621
0.999997276,0.,0.318869172,0.995575221,0.,0.291865346,               649P    622
0.990561712,0.,0.265739274,0.98,0.,0.236247315,0.968077596,0.,       649P    623
0.208660221,0.949438202,0.,0.177760358,0.928560516,0.,               649P    624
0.150283917,0.9,0.,0.119889571,0.868406455,0.,0.094928609,           649P    625
0.828767123,0.,0.081647315,0.807675725,0.,0.070163651,               649P    626
0.784697509,0.,0.058246446,0.760851798,0.,0.048411543,               649P    627
0.735294118,0.,0.038268522,0.70893574,0.,0.030471754,                649P    628
0.681132075,0.,0.022484987,0.652650867,0.,0.017066197,               649P    629
0.623076923,0.,0.011555498,0.593001369,0.,0.008772487,               649P    630
0.562256809,0.,0.005963709,0.531227595,0.,0.005964721,0.5,0.,        649P    631
0.005965734,0.468727595,0.,0.008772487,0.437743191,0.,               649P    632
0.011561479,0.406954858,0.,0.017066197,0.376923077,0.,               649P    633
0.022494653,0.347307356,0.,0.030471754,0.318867925,0.,               649P    634
0.038281456,0.291025293,0.,0.048411543,0.264705882,0.,               649P    635
0.058262124,0.239112668,0.,0.070163651,0.215302491,0.,               649P    636
0.081665899,0.192291112,0.,0.094928609,0.171232877,0.,               649P    637
0.119912285,0.131564352,0.,0.150283917,0.1,0.,0.177786217,           649P    638
0.07141766,0.,0.208660221,0.050561798,0.,0.236275304,                649P    639
0.031907386,0.,0.265739274,0.02,0.,0.291894872,0.009429639,0.,       649P    640
0.318869172,0.004424779,0.,0.342702383,2.722E-006,0.,                649P    641
0.366762711,0.,0.,0.,1.,0.,0.,-1.;                                   649P    642
126,3,3,1,0,0,0,0.,0.,0.,0.,1.,1.,1.,1.,0.956578302214887,           651P    643
0.318859434071629,0.318859434071629,0.956578302214887,2.,24.5,       651P    644
24.75,2.,49.,24.75,2.,49.,0.25,2.,24.5,0.25,0.,1.,1.,0.,0.;          651P    645
126,1,1,1,0,1,0,0.,0.,1.,1.,1.,1.,0.366762711,0.,0.,1.,0.,0.,        653P    646
0.,1.,0.,0.,1.;                                                      653P    647
110,2.,24.499999987,0.25,2.,3.,0.25;                                 655P    648
102,4,641,645,649,653;                                               657P    649
102,4,643,647,651,655;                                               659P    650
142,1,639,657,659,1;                                                 661P    651
126,32,2,1,0,1,0,0.,0.,0.,0.0625,0.0625,0.125,0.125,0.1875,          663P    652
0.1875,0.25,0.25,0.3125,0.3125,0.375,0.375,0.4375,0.4375,0.5,        663P    653
0.5,0.5625,0.5625,0.625,0.625,0.6875,0.6875,0.75,0.75,0.8125,        663P    654
0.8125,0.875,0.875,0.9375,0.9375,1.,1.,1.,1.,1.,1.,1.,1.,1.,1.,      663P    655
1.,1.,1.,1.,1.,1.,1.,1.,1.,1.,1.,1.,1.,1.,1.,1.,1.,1.,1.,1.,1.,      663P    656
1.,1.,1.,1.,1.,0.160592431,0.56122449,0.,0.164943716,                663P    657
0.56122449,0.,0.169211393,0.560048078,0.,0.173479071,                663P    658
0.558871667,0.,0.177499134,0.556564053,0.,0.181519198,               663P    659
0.554256439,0.,0.18513716,0.550906303,0.,0.188755122,                663P    660
0.547556167,0.,0.191831946,0.543292252,0.,0.194908769,               663P    661
0.539028337,0.,0.197326214,0.534014504,0.,0.199743659,               663P    662
0.529000671,0.,0.201408824,0.523429598,0.,0.203073989,               663P    663
0.517858525,0.,0.203922883,0.511944305,0.,0.204771776,               663P    664
0.506030086,0.,0.204771776,0.5,0.,0.204771776,0.493969914,0.,        663P    665
0.203922883,0.488055695,0.,0.203073989,0.482141475,0.,               663P    666
0.201408824,0.476570402,0.,0.199743659,0.470999329,0.,               663P    667
0.197326214,0.465985496,0.,0.194908769,0.460971663,0.,               663P    668
0.191831946,0.456707748,0.,0.188755122,0.452443833,0.,               663P    669
0.18513716,0.449093697,0.,0.181519198,0.445743561,0.,                663P    670
0.177499134,0.443435947,0.,0.173479071,0.441128333,0.,               663P    671
0.169211393,0.439951922,0.,0.164943716,0.43877551,0.,                663P    672
0.160592431,0.43877551,0.,0.,1.,0.,0.,1.;                            663P    673
124,-6.12303176911189E-017,4.27569270827966E-031,1.,-10.5,           665P    674
-6.98296672221876E-015,-1.,0.,63.,1.,-6.98296672221876E-015,         665P    675
6.12303176911189E-017,10.5000000000002;                              665P    676
100,12.5,2.,31.5,3.5,31.5,0.5,31.5;                                  667P    677
126,32,2,1,0,1,0,0.,0.,0.,0.0625,0.0625,0.125,0.125,0.1875,          669P    678
0.1875,0.25,0.25,0.3125,0.3125,0.375,0.375,0.4375,0.4375,0.5,        669P    679
0.5,0.5625,0.5625,0.625,0.625,0.6875,0.6875,0.75,0.75,0.8125,        669P    680
0.8125,0.875,0.875,0.9375,0.9375,1.,1.,1.,1.,1.,1.,1.,1.,1.,1.,      669P    681
1.,1.,1.,1.,1.,1.,1.,1.,1.,1.,1.,1.,1.,1.,1.,1.,1.,1.,1.,1.,1.,      669P    682
1.,1.,1.,1.,1.,0.160592431,0.43877551,0.,0.156241145,                669P    683
0.43877551,0.,0.151973468,0.439951922,0.,0.147705791,                669P    684
0.441128333,0.,0.143685727,0.443435947,0.,0.139665663,               669P    685
0.445743561,0.,0.136047701,0.449093697,0.,0.132429739,               669P    686
0.452443833,0.,0.129352916,0.456707748,0.,0.126276092,               669P    687
0.460971663,0.,0.123858647,0.465985496,0.,0.121441202,               669P    688
0.470999329,0.,0.119776037,0.476570402,0.,0.118110872,               669P    689
0.482141475,0.,0.117261979,0.488055695,0.,0.116413085,               669P    690
0.493969914,0.,0.116413085,0.5,0.,0.116413085,0.506030086,0.,        669P    691
0.117261979,0.511944305,0.,0.118110872,0.517858525,0.,               669P    692
0.119776037,0.523429598,0.,0.121441202,0.529000671,0.,               669P    693
0.123858647,0.534014504,0.,0.126276092,0.539028337,0.,               669P    694
0.129352916,0.543292252,0.,0.132429739,0.547556167,0.,               669P    695
0.136047701,0.550906303,0.,0.139665663,0.554256439,0.,               669P    696
0.143685727,0.556564053,0.,0.147705791,0.558871667,0.,               669P    697
0.151973468,0.560048078,0.,0.156241145,0.56122449,0.,                669P    698
0.160592431,0.56122449,0.,0.,1.,0.,0.,1.;                            669P    699
124,6.12303176911189E-017,0.,1.,-10.5,0.,1.,0.,0.,-1.,0.,            671P    700
6.12303176911189E-017,14.5;                                          671P    701
100,12.5,2.,31.5,3.5,31.5,0.5,31.5;                                  673P    702
102,2,663,669;                                                       675P    703
102,2,667,673;                                                       677P    704
142,1,639,675,677,1;                                                 679P    705
126,32,2,1,0,1,0,0.,0.,0.,0.0625,0.0625,0.125,0.125,0.1875,          681P    706
0.1875,0.25,0.25,0.3125,0.3125,0.375,0.375,0.4375,0.4375,0.5,        681P    707
0.5,0.5625,0.5625,0.625,0.625,0.6875,0.6875,0.75,0.75,0.8125,        681P    708
0.8125,0.875,0.875,0.9375,0.9375,1.,1.,1.,1.,1.,1.,1.,1.,1.,1.,      681P    709
1.,1.,1.,1.,1.,1.,1.,1.,1.,1.,1.,1.,1.,1.,1.,1.,1.,1.,1.,1.,1.,      681P    710
1.,1.,1.,1.,1.,0.366762711,0.846938776,0.,0.371113997,               681P    711
0.846938776,0.,0.375381674,0.845762364,0.,0.379649351,               681P    712
0.844585953,0.,0.383669415,0.842278339,0.,0.387689478,               681P    713
0.839970725,0.,0.39130744,0.836620589,0.,0.394925402,                681P    714
0.833270452,0.,0.398002226,0.829006538,0.,0.40107905,                681P    715
0.824742623,0.,0.403496494,0.81972879,0.,0.405913939,                681P    716
0.814714957,0.,0.407579104,0.809143884,0.,0.409244269,               681P    717
0.803572811,0.,0.410093163,0.797658591,0.,0.410942057,               681P    718
0.791744372,0.,0.410942057,0.785714286,0.,0.410942057,               681P    719
0.7796842,0.,0.410093163,0.77376998,0.,0.409244269,0.767855761,      681P    720
0.,0.407579104,0.762284688,0.,0.405913939,0.756713615,0.,            681P    721
0.403496494,0.751699782,0.,0.40107905,0.746685948,0.,                681P    722
0.398002226,0.742422034,0.,0.394925402,0.738158119,0.,               681P    723
0.39130744,0.734807983,0.,0.387689478,0.731457847,0.,                681P    724
0.383669415,0.729150233,0.,0.379649351,0.726842619,0.,               681P    725
0.375381674,0.725666207,0.,0.371113997,0.724489796,0.,               681P    726
0.366762711,0.724489796,0.,0.,1.,0.,0.,1.;                           681P    727
124,-6.12303176911189E-017,4.27569270827966E-031,1.,-17.5,           683P    728
-6.98296672221876E-015,-1.,0.,49.,1.,-6.98296672221876E-015,         683P    729
6.12303176911189E-017,17.5000000000002;                              683P    730
100,19.5,2.,24.5,3.5,24.5,0.5,24.5;                                  685P    731
126,32,2,1,0,1,0,0.,0.,0.,0.0625,0.0625,0.125,0.125,0.1875,          687P    732
0.1875,0.25,0.25,0.3125,0.3125,0.375,0.375,0.4375,0.4375,0.5,        687P    733
0.5,0.5625,0.5625,0.625,0.625,0.6875,0.6875,0.75,0.75,0.8125,        687P    734
0.8125,0.875,0.875,0.9375,0.9375,1.,1.,1.,1.,1.,1.,1.,1.,1.,1.,      687P    735
1.,1.,1.,1.,1.,1.,1.,1.,1.,1.,1.,1.,1.,1.,1.,1.,1.,1.,1.,1.,1.,      687P    736
1.,1.,1.,1.,1.,0.366762711,0.724489796,0.,0.362411425,               687P    737
0.724489796,0.,0.358143748,0.725666207,0.,0.353876071,               687P    738
0.726842619,0.,0.349856007,0.729150233,0.,0.345835943,               687P    739
0.731457847,0.,0.342217981,0.734807983,0.,0.33860002,                687P    740
0.738158119,0.,0.335523196,0.742422034,0.,0.332446372,               687P    741
0.746685948,0.,0.330028927,0.751699782,0.,0.327611483,               687P    742
0.756713615,0.,0.325946318,0.762284688,0.,0.324281153,               687P    743
0.767855761,0.,0.323432259,0.77376998,0.,0.322583365,0.7796842,      687P    744
0.,0.322583365,0.785714286,0.,0.322583365,0.791744372,0.,            687P    745
0.323432259,0.797658591,0.,0.324281153,0.803572811,0.,               687P    746
0.325946318,0.809143884,0.,0.327611483,0.814714957,0.,               687P    747
0.330028927,0.81972879,0.,0.332446372,0.824742623,0.,                687P    748
0.335523196,0.829006538,0.,0.33860002,0.833270452,0.,                687P    749
0.342217981,0.836620589,0.,0.345835943,0.839970725,0.,               687P    750
0.349856007,0.842278339,0.,0.353876071,0.844585953,0.,               687P    751
0.358143748,0.845762364,0.,0.362411425,0.846938776,0.,               687P    752
0.366762711,0.846938776,0.,0.,1.,0.,0.,1.;                           687P    753
124,6.12303176911189E-017,0.,1.,-17.5,0.,1.,0.,0.,-1.,0.,            689P    754
6.12303176911189E-017,21.5;                                          689P    755
100,19.5,2.,24.5,3.5,24.5,0.5,24.5;                                  691P    756
102,2,681,687;                                                       693P    757
102,2,685,691;                                                       695P    758
142,1,639,693,695,1;                                                 697P    759
126,32,2,1,0,1,0,0.,0.,0.,0.0625,0.0625,0.125,0.125,0.1875,          699P    760
0.1875,0.25,0.25,0.3125,0.3125,0.375,0.375,0.4375,0.4375,0.5,        699P    761
0.5,0.5625,0.5625,0.625,0.625,0.6875,0.6875,0.75,0.75,0.8125,        699P    762
0.8125,0.875,0.875,0.9375,0.9375,1.,1.,1.,1.,1.,1.,1.,1.,1.,1.,      699P    763
1.,1.,1.,1.,1.,1.,1.,1.,1.,1.,1.,1.,1.,1.,1.,1.,1.,1.,1.,1.,1.,      699P    764
1.,1.,1.,1.,1.,0.366762711,0.275510204,0.,0.371113997,               699P    765
0.275510204,0.,0.375381674,0.274333793,0.,0.379649351,               699P    766
0.273157381,0.,0.383669415,0.270849767,0.,0.387689478,               699P    767
0.268542153,0.,0.39130744,0.265192017,0.,0.394925402,                699P    768
0.261841881,0.,0.398002226,0.257577966,0.,0.40107905,                699P    769
0.253314052,0.,0.403496494,0.248300218,0.,0.405913939,               699P    770
0.243286385,0.,0.407579104,0.237715312,0.,0.409244269,               699P    771
0.232144239,0.,0.410093163,0.22623002,0.,0.410942057,0.2203158,      699P    772
0.,0.410942057,0.214285714,0.,0.410942057,0.208255628,0.,            699P    773
0.410093163,0.202341409,0.,0.409244269,0.196427189,0.,               699P    774
0.407579104,0.190856116,0.,0.405913939,0.185285043,0.,               699P    775
0.403496494,0.18027121,0.,0.40107905,0.175257377,0.,                 699P    776
0.398002226,0.170993462,0.,0.394925402,0.166729548,0.,               699P    777
0.39130744,0.163379411,0.,0.387689478,0.160029275,0.,                699P    778
0.383669415,0.157721661,0.,0.379649351,0.155414047,0.,               699P    779
0.375381674,0.154237636,0.,0.371113997,0.153061224,0.,               699P    780
0.366762711,0.153061224,0.,0.,1.,0.,0.,1.;                           699P    781
124,-6.12303176911189E-017,4.27569270827966E-031,1.,-3.5,            701P    782
-6.98296672221876E-015,-1.,0.,49.,1.,-6.98296672221876E-015,         701P    783
6.12303176911189E-017,3.50000000000017;                              701P    784
100,5.5,2.,24.5,3.5,24.5,0.5,24.5;                                   703P    785
126,32,2,1,0,1,0,0.,0.,0.,0.0625,0.0625,0.125,0.125,0.1875,          705P    786
0.1875,0.25,0.25,0.3125,0.3125,0.375,0.375,0.4375,0.4375,0.5,        705P    787
0.5,0.5625,0.5625,0.625,0.625,0.6875,0.6875,0.75,0.75,0.8125,        705P    788
0.8125,0.875,0.875,0.9375,0.9375,1.,1.,1.,1.,1.,1.,1.,1.,1.,1.,      705P    789
1.,1.,1.,1.,1.,1.,1.,1.,1.,1.,1.,1.,1.,1.,1.,1.,1.,1.,1.,1.,1.,      705P    790
1.,1.,1.,1.,1.,0.366762711,0.153061224,0.,0.362411425,               705P    791
0.153061224,0.,0.358143748,0.154237636,0.,0.353876071,               705P    792
0.155414047,0.,0.349856007,0.157721661,0.,0.345835943,               705P    793
0.160029275,0.,0.342217981,0.163379411,0.,0.33860002,                705P    794
0.166729548,0.,0.335523196,0.170993462,0.,0.332446372,               705P    795
0.175257377,0.,0.330028927,0.18027121,0.,0.327611483,                705P    796
0.185285043,0.,0.325946318,0.190856116,0.,0.324281153,               705P    797
0.196427189,0.,0.323432259,0.202341409,0.,0.322583365,               705P    798
0.208255628,0.,0.322583365,0.214285714,0.,0.322583365,               705P    799
0.2203158,0.,0.323432259,0.22623002,0.,0.324281153,0.232144239,      705P    800
0.,0.325946318,0.237715312,0.,0.327611483,0.243286385,0.,            705P    801
0.330028927,0.248300218,0.,0.332446372,0.253314052,0.,               705P    802
0.335523196,0.257577966,0.,0.33860002,0.261841881,0.,                705P    803
0.342217981,0.265192017,0.,0.345835943,0.268542153,0.,               705P    804
0.349856007,0.270849767,0.,0.353876071,0.273157381,0.,               705P    805
0.358143748,0.274333793,0.,0.362411425,0.275510204,0.,               705P    806
0.366762711,0.275510204,0.,0.,1.,0.,0.,1.;                           705P    807
124,6.12303176911189E-017,0.,1.,-3.5,0.,1.,0.,0.,-1.,0.,             707P    808
6.12303176911189E-017,7.5;                                           707P    809
100,5.5,2.,24.5,3.5,24.5,0.5,24.5;                                   709P    810
102,2,699,705;                                                       711P    811
102,2,703,709;                                                       713P    812
142,1,639,711,713,1;                                                 715P    813
126,32,2,1,0,1,0,0.,0.,0.,0.0625,0.0625,0.125,0.125,0.1875,          717P    814
0.1875,0.25,0.25,0.3125,0.3125,0.375,0.375,0.4375,0.4375,0.5,        717P    815
0.5,0.5625,0.5625,0.625,0.625,0.6875,0.6875,0.75,0.75,0.8125,        717P    816
0.8125,0.875,0.875,0.9375,0.9375,1.,1.,1.,1.,1.,1.,1.,1.,1.,1.,      717P    817
1.,1.,1.,1.,1.,1.,1.,1.,1.,1.,1.,1.,1.,1.,1.,1.,1.,1.,1.,1.,1.,      717P    818
1.,1.,1.,1.,1.,0.572932991,0.56122449,0.,0.577284277,                717P    819
0.56122449,0.,0.581551954,0.560048078,0.,0.585819631,                717P    820
0.558871667,0.,0.589839695,0.556564053,0.,0.593859759,               717P    821
0.554256439,0.,0.59747772,0.550906303,0.,0.601095682,                717P    822
0.547556167,0.,0.604172506,0.543292252,0.,0.60724933,                717P    823
0.539028337,0.,0.609666775,0.534014504,0.,0.612084219,               717P    824
0.529000671,0.,0.613749384,0.523429598,0.,0.615414549,               717P    825
0.517858525,0.,0.616263443,0.511944305,0.,0.617112337,               717P    826
0.506030086,0.,0.617112337,0.5,0.,0.617112337,0.493969914,0.,        717P    827
0.616263443,0.488055695,0.,0.615414549,0.482141475,0.,               717P    828
0.613749384,0.476570402,0.,0.612084219,0.470999329,0.,               717P    829
0.609666775,0.465985496,0.,0.60724933,0.460971663,0.,                717P    830
0.604172506,0.456707748,0.,0.601095682,0.452443833,0.,               717P    831
0.59747772,0.449093697,0.,0.593859759,0.445743561,0.,                717P    832
0.589839695,0.443435947,0.,0.585819631,0.441128333,0.,               717P    833
0.581551954,0.439951922,0.,0.577284277,0.43877551,0.,                717P    834
0.572932991,0.43877551,0.,0.,1.,0.,0.,1.;                            717P    835
124,-6.12303176911189E-017,4.27569270827966E-031,1.,-10.5,           719P    836
-6.98296672221876E-015,-1.,0.,35.,1.,-6.98296672221876E-015,         719P    837
6.12303176911189E-017,10.5000000000001;                              719P    838
100,12.5,2.,17.5,3.5,17.5,0.5,17.5;                                  721P    839
126,32,2,1,0,1,0,0.,0.,0.,0.0625,0.0625,0.125,0.125,0.1875,          723P    840
0.1875,0.25,0.25,0.3125,0.3125,0.375,0.375,0.4375,0.4375,0.5,        723P    841
0.5,0.5625,0.5625,0.625,0.625,0.6875,0.6875,0.75,0.75,0.8125,        723P    842
0.8125,0.875,0.875,0.9375,0.9375,1.,1.,1.,1.,1.,1.,1.,1.,1.,1.,      723P    843
1.,1.,1.,1.,1.,1.,1.,1.,1.,1.,1.,1.,1.,1.,1.,1.,1.,1.,1.,1.,1.,      723P    844
1.,1.,1.,1.,1.,0.572932991,0.43877551,0.,0.568581705,                723P    845
0.43877551,0.,0.564314028,0.439951922,0.,0.560046351,                723P    846
0.441128333,0.,0.556026287,0.443435947,0.,0.552006224,               723P    847
0.445743561,0.,0.548388262,0.449093697,0.,0.5447703,                 723P    848
0.452443833,0.,0.541693476,0.456707748,0.,0.538616652,               723P    849
0.460971663,0.,0.536199208,0.465985496,0.,0.533781763,               723P    850
0.470999329,0.,0.532116598,0.476570402,0.,0.530451433,               723P    851
0.482141475,0.,0.529602539,0.488055695,0.,0.528753645,               723P    852
0.493969914,0.,0.528753645,0.5,0.,0.528753645,0.506030086,0.,        723P    853
0.529602539,0.511944305,0.,0.530451433,0.517858525,0.,               723P    854
0.532116598,0.523429598,0.,0.533781763,0.529000671,0.,               723P    855
0.536199208,0.534014504,0.,0.538616652,0.539028337,0.,               723P    856
0.541693476,0.543292252,0.,0.5447703,0.547556167,0.,                 723P    857
0.548388262,0.550906303,0.,0.552006224,0.554256439,0.,               723P    858
0.556026287,0.556564053,0.,0.560046351,0.558871667,0.,               723P    859
0.564314028,0.560048078,0.,0.568581705,0.56122449,0.,                723P    860
0.572932991,0.56122449,0.,0.,1.,0.,0.,1.;                            723P    861
124,6.12303176911189E-017,0.,1.,-10.5,0.,1.,0.,0.,-1.,0.,            725P    862
6.12303176911189E-017,14.5;                                          725P    863
100,12.5,2.,17.5,3.5,17.5,0.5,17.5;                                  727P    864
102,2,717,723;                                                       729P    865
102,2,721,727;                                                       731P    866
142,1,639,729,731,1;                                                 733P    867
126,32,2,1,0,1,0,0.,0.,0.,0.0625,0.0625,0.125,0.125,0.1875,          735P    868
0.1875,0.25,0.25,0.3125,0.3125,0.375,0.375,0.4375,0.4375,0.5,        735P    869
0.5,0.5625,0.5625,0.625,0.625,0.6875,0.6875,0.75,0.75,0.8125,        735P    870
0.8125,0.875,0.875,0.9375,0.9375,1.,1.,1.,1.,1.,1.,1.,1.,1.,1.,      735P    871
1.,1.,1.,1.,1.,1.,1.,1.,1.,1.,1.,1.,1.,1.,1.,1.,1.,1.,1.,1.,1.,      735P    872
1.,1.,1.,1.,1.,0.366762711,0.663265306,0.,0.37836614,                735P    873
0.663265306,0.,0.389746612,0.660128209,0.,0.401127084,               735P    874
0.656991112,0.,0.411847254,0.650837475,0.,0.422567424,               735P    875
0.644683837,0.,0.432215323,0.635750141,0.,0.441863221,               735P    876
0.626816444,0.,0.450068084,0.615446005,0.,0.458272947,               735P    877
0.604075566,0.,0.464719467,0.590705344,0.,0.471165986,               735P    878
0.577335122,0.,0.475606426,0.562478928,0.,0.480046866,               735P    879
0.547622733,0.,0.482310583,0.531851481,0.,0.4845743,                 735P    880
0.516080229,0.,0.4845743,0.5,0.,0.4845743,0.483919771,0.,            735P    881
0.482310583,0.468148519,0.,0.480046866,0.452377267,0.,               735P    882
0.475606426,0.437521072,0.,0.471165986,0.422664878,0.,               735P    883
0.464719467,0.409294656,0.,0.458272947,0.395924434,0.,               735P    884
0.450068084,0.384553995,0.,0.441863221,0.373183556,0.,               735P    885
0.432215323,0.364249859,0.,0.422567424,0.355316163,0.,               735P    886
0.411847254,0.349162525,0.,0.401127084,0.343008888,0.,               735P    887
0.389746612,0.339871791,0.,0.37836614,0.336734694,0.,                735P    888
0.366762711,0.336734694,0.,0.,1.,0.,0.,1.;                           735P    889
124,-6.12303176911189E-017,4.27569270827966E-031,1.,-10.5,           737P    890
-6.98296672221876E-015,-1.,0.,49.,1.,-6.98296672221876E-015,         737P    891
6.12303176911189E-017,10.5000000000002;                              737P    892
100,12.5,2.,24.5,6.,24.5,-2.,24.5;                                   739P    893
126,32,2,1,0,1,0,0.,0.,0.,0.0625,0.0625,0.125,0.125,0.1875,          741P    894
0.1875,0.25,0.25,0.3125,0.3125,0.375,0.375,0.4375,0.4375,0.5,        741P    895
0.5,0.5625,0.5625,0.625,0.625,0.6875,0.6875,0.75,0.75,0.8125,        741P    896
0.8125,0.875,0.875,0.9375,0.9375,1.,1.,1.,1.,1.,1.,1.,1.,1.,1.,      741P    897
1.,1.,1.,1.,1.,1.,1.,1.,1.,1.,1.,1.,1.,1.,1.,1.,1.,1.,1.,1.,1.,      741P    898
1.,1.,1.,1.,1.,0.366762711,0.336734694,0.,0.355159282,               741P    899
0.336734694,0.,0.34377881,0.339871791,0.,0.332398338,                741P    900
0.343008888,0.,0.321678168,0.349162525,0.,0.310957997,               741P    901
0.355316163,0.,0.301310099,0.364249859,0.,0.291662201,               741P    902
0.373183556,0.,0.283457338,0.384553995,0.,0.275252475,               741P    903
0.395924434,0.,0.268805955,0.409294656,0.,0.262359435,               741P    904
0.422664878,0.,0.257918995,0.437521072,0.,0.253478555,               741P    905
0.452377267,0.,0.251214839,0.468148519,0.,0.248951122,               741P    906
0.483919771,0.,0.248951122,0.5,0.,0.248951122,0.516080229,0.,        741P    907
0.251214839,0.531851481,0.,0.253478555,0.547622733,0.,               741P    908
0.257918995,0.562478928,0.,0.262359435,0.577335122,0.,               741P    909
0.268805955,0.590705344,0.,0.275252475,0.604075566,0.,               741P    910
0.283457338,0.615446005,0.,0.291662201,0.626816444,0.,               741P    911
0.301310099,0.635750141,0.,0.310957997,0.644683837,0.,               741P    912
0.321678168,0.650837475,0.,0.332398338,0.656991112,0.,               741P    913
0.34377881,0.660128209,0.,0.355159282,0.663265306,0.,                741P    914
0.366762711,0.663265306,0.,0.,1.,0.,0.,1.;                           741P    915
124,6.12303176911189E-017,0.,1.,-10.5,0.,1.,0.,0.,-1.,0.,            743P    916
6.12303176911189E-017,14.5;                                          743P    917
100,12.5,2.,24.5,6.,24.5,-2.,24.5;                                   745P    918
102,2,735,741;                                                       747P    919
102,2,739,745;                                                       749P    920
142,1,639,747,749,1;                                                 751P    921
144,639,1,5,661,679,697,715,733,751;                                 753P    922
128,3,3,3,3,0,0,0,0,0,0.0631414564625058,0.0631414564625058,         755P    923
0.0631414564625058,0.0631414564625058,0.936858543664149,             755P    924
0.936858543664149,0.936858543664149,0.936858543664149,0.,0.,0.,      755P    925
0.,1.,1.,1.,1.,0.956578302510711,0.769794770253994,                  755P    926
0.769794770281071,0.956578302591939,0.769794770464397,               755P    927
0.619482991530358,0.619482991552147,0.769794770529765,               755P    928
0.769794770464397,0.619482991530358,0.619482991552147,               755P    929
0.769794770529765,0.956578302510711,0.769794770253994,               755P    930
0.769794770281071,0.956578302591939,2.,0.,24.75,2.,0.,               755P    931
24.896446609,2.,0.103553391,25.,2.,0.25,25.,0.828427125,0.,          755P    932
24.75,0.828427125,0.,24.896446609,0.889087297,0.103553391,25.,       755P    933
0.974873735,0.25,25.,0.,0.828427125,24.75,0.,0.828427125,            755P    934
24.896446609,0.103553391,0.889087297,25.,0.25,0.974873735,25.,       755P    935
0.,2.,24.75,0.,2.,24.896446609,0.103553391,2.,25.,0.25,2.,25.,       755P    936
0.0631414564625058,0.936858543664149,0.,1.;                          755P    937
126,1,1,1,0,1,0,0.,0.,1.,1.,1.,1.,0.936858544,1.,0.,                 757P    938
0.063141456,1.,0.,0.,1.,0.,0.,1.;                                    757P    939
124,2.0510044235352E-010,-1.,0.,2.24999999994873,                    759P    940
6.12303176911189E-017,1.2558365243895E-026,-1.,26.75,1.,             759P    941
2.0510044235352E-010,6.12303176911189E-017,24.4999999995898;         759P    942
100,24.75,0.25,2.,0.5,2.,0.25,2.25;                                  761P    943
126,1,1,1,0,1,0,0.,0.,1.,1.,1.,1.,0.063141456,1.,0.,                 763P    944
0.063141456,0.,0.,0.,1.,0.,0.,1.;                                    763P    945
100,24.75,2.,2.,0.,2.,2.,0.;                                         765P    946
126,1,1,1,0,1,0,0.,0.,1.,1.,1.,1.,0.063141456,0.,0.,                 767P    947
0.936858544,0.,0.,0.,1.,0.,0.,1.;                                    767P    948
124,8.58887693460487E-031,6.12303176911189E-017,-1.,26.75,-1.,       769P    949
1.40271637621286E-014,0.,2.25,1.40271637621286E-014,1.,              769P    950
6.12303176911189E-017,24.5;                                          769P    951
100,24.75,2.,0.25,2.25,0.25,2.,0.5;                                  771P    952
126,1,1,1,0,1,0,0.,0.,1.,1.,1.,1.,0.936858544,0.,0.,                 773P    953
0.936858544,1.,0.,0.,1.,0.,0.,1.;                                    773P    954
126,3,3,1,0,0,0,0.,0.,0.,0.,1.,1.,1.,1.,0.956578301977406,           775P    955
0.769794770035226,0.769794770035226,0.956578301977406,2.,0.25,       775P    956
25.,0.974873734,0.25,25.,0.25,0.974873734,25.,0.25,2.,25.,0.,        775P    957
1.,0.,0.,1.;                                                         775P    958
102,4,757,763,767,773;                                               777P    959
102,4,761,765,771,775;                                               779P    960
142,1,755,777,779,1;                                                 781P    961
144,755,1,0,781;                                                     783P    962
128,3,3,3,3,0,0,0,0,0,0.063141457294052,0.063141457294052,           785P    963
0.063141457294052,0.063141457294052,0.936858543537399,               785P    964
0.936858543537399,0.936858543537399,0.936858543537399,0.,0.,0.,      785P    965
0.,1.,1.,1.,1.,0.956578301977406,0.769794770281089,                  785P    966
0.769794770458837,0.956578302510649,0.769794770035226,               785P    967
0.619482991552162,0.619482991695203,0.769794770464347,               785P    968
0.769794770035226,0.619482991552162,0.619482991695203,               785P    969
0.769794770464347,0.956578301977406,0.769794770281089,               785P    970
0.769794770458837,0.956578302510649,2.,0.25,0.,2.,0.103553391,       785P    971
0.,2.,0.,0.103553391,2.,0.,0.25,0.974873734,0.25,0.,                 785P    972
0.889087296,0.103553391,0.,0.828427125,0.,0.103553391,               785P    973
0.828427125,0.,0.25,0.25,0.974873734,0.,0.103553391,                 785P    974
0.889087296,0.,0.,0.828427125,0.103553391,0.,0.828427125,0.25,       785P    975
0.25,2.,0.,0.103553391,2.,0.,0.,2.,0.103553391,0.,2.,0.25,           785P    976
0.063141457294052,0.936858543537399,0.,1.;                           785P    977
126,1,1,1,0,1,0,0.,0.,1.,1.,1.,1.,0.936858544,1.,0.,                 787P    978
0.063141457,1.,0.,0.,1.,0.,0.,1.;                                    787P    979
124,-1.,-1.22460635382238E-016,0.,0.5,-8.62636845265042E-031,        789P    980
7.04419703990988E-015,-1.,2.24999999999983,                          789P    981
1.22460635382238E-016,-1.,-7.04419703990988E-015,                    789P    982
2.24999999999985;                                                    789P    983
100,0.25,0.25,2.,0.5,2.,0.25,2.25;                                   791P    984
126,1,1,1,0,1,0,0.,0.,1.,1.,1.,1.,0.063141457,1.,0.,                 793P    985
0.063141457,0.,0.,0.,1.,0.,0.,1.;                                    793P    986
126,5,3,1,0,1,0,0.,0.,0.,0.,0.5,0.5,1.,1.,1.,1.,1.,1.,1.,1.,1.,      795P    987
1.,0.25,2.,0.,0.250251816,1.569813564,0.,0.419715163,                795P    988
1.105195666,0.,1.105411102,0.4199306,0.,1.571162317,                 795P    989
0.250251026,0.,2.,0.25,0.,0.,1.,0.,0.,-1.;                           795P    990
126,1,1,1,0,1,0,0.,0.,1.,1.,1.,1.,0.063141457,0.,0.,                 797P    991
0.936858544,0.,0.,0.,1.,0.,0.,1.;                                    797P    992
124,-6.12303176911189E-017,8.62636845265042E-031,-1.,2.25,           799P    993
-1.40883940798198E-014,-1.,0.,0.500000000000028,-1.,                 799P    994
1.40883940798198E-014,6.12303176911189E-017,2.25;                    799P    995
100,0.25,2.,0.25,2.25,0.25,2.,0.5;                                   801P    996
126,1,1,1,0,1,0,0.,0.,1.,1.,1.,1.,0.936858544,0.,0.,                 803P    997
0.936858544,1.,0.,0.,1.,0.,0.,1.;                                    803P    998
124,4.10192007612017E-010,-1.,7.80083463088998E-014,                 805P    999
3.9999999991796,-1.,-4.10192007612017E-010,                          805P   1000
6.98296673821852E-015,4.00000000082038,-6.98296670622012E-015,       805P   1001
-7.80083463117642E-014,-1.,0.50000000000017;                         805P   1002
100,0.25,2.,2.,4.,2.000000001,2.,4.;                                 807P   1003
102,4,787,793,797,803;                                               809P   1004
102,4,791,795,801,807;                                               811P   1005
142,1,785,809,811,1;                                                 813P   1006
144,785,1,0,813;                                                     815P   1007
128,1,1,1,1,0,0,1,0,0,0.,0.,1.,1.,0.,0.,1.,1.,1.,1.,1.,1.,0.,        817P   1008
36.958517278,0.25,0.,2.,0.25,0.,36.958517278,24.75,0.,2.,24.75,      817P   1009
0.,1.,0.,1.;                                                         817P   1010
126,1,1,1,0,1,0,0.,0.,1.,1.,1.,1.,1.,0.,0.,1.,1.,0.,0.,1.,0.,        819P   1011
0.,1.;                                                               819P   1012
110,0.,2.,0.25,0.,2.,24.75;                                          821P   1013
126,1,1,1,0,1,0,0.,0.,1.,1.,1.,1.,1.,1.,0.,0.356380025,1.,0.,        823P   1014
0.,1.,0.,0.,1.;                                                      823P   1015
110,0.,2.,24.75,0.,24.500000013,24.75;                               825P   1016
126,44,2,1,0,1,0,0.,0.,0.,0.0625,0.0625,0.125,0.125,0.1875,          827P   1017
0.1875,0.25,0.25,0.3125,0.3125,0.34375,0.34375,0.375,0.375,          827P   1018
0.40625,0.40625,0.4375,0.4375,0.46875,0.46875,0.5,0.5,0.53125,       827P   1019
0.53125,0.5625,0.5625,0.59375,0.59375,0.625,0.625,0.65625,           827P   1020
0.65625,0.6875,0.6875,0.75,0.75,0.8125,0.8125,0.875,0.875,           827P   1021
0.9375,0.9375,1.,1.,1.,1.,1.,1.,1.,1.,1.,1.,1.,1.,1.,1.,1.,1.,       827P   1022
1.,1.,1.,1.,1.,1.,1.,1.,1.,1.,1.,1.,1.,1.,1.,1.,1.,1.,1.,1.,1.,      827P   1023
1.,1.,1.,1.,1.,1.,1.,1.,1.,1.,1.,0.356380025,1.,0.,0.333012081,      827P   1024
0.999997278,0.,0.309864718,0.995575221,0.,0.283666656,               827P   1025
0.990570361,0.,0.258263736,0.98,0.,0.22964765,0.968092614,0.,        827P   1026
0.202827245,0.949438202,0.,0.172841702,0.92858234,0.,                827P   1027
0.146130834,0.9,0.,0.116633206,0.868435648,0.,0.092368483,           827P   1028
0.828767123,0.,0.079487434,0.807708888,0.,0.068316186,               827P   1029
0.784697509,0.,0.056757149,0.760887332,0.,0.047190038,               827P   1030
0.735294118,0.,0.037351464,0.708974707,0.,0.029766501,               827P   1031
0.681132075,0.,0.022018957,0.652692644,0.,0.016746716,               827P   1032
0.623076923,0.,0.011400407,0.593045142,0.,0.008691673,               827P   1033
0.562256809,0.,0.00596569,0.531272405,0.,0.005964706,0.5,0.,         827P   1034
0.005963723,0.468772405,0.,0.008691673,0.437743191,0.,               827P   1035
0.011394598,0.406998631,0.,0.016746716,0.376923077,0.,               827P   1036
0.022009569,0.347349133,0.,0.029766501,0.318867925,0.,               827P   1037
0.037338902,0.29106426,0.,0.047190038,0.264705882,0.,                827P   1038
0.056741922,0.239148202,0.,0.068316186,0.215302491,0.,               827P   1039
0.079469385,0.192324275,0.,0.092368483,0.171232877,0.,               827P   1040
0.116611145,0.131593545,0.,0.146130834,0.1,0.,0.172816586,           827P   1041
0.071439484,0.,0.202827245,0.050561798,0.,0.229620467,               827P   1042
0.031922404,0.,0.258263736,0.02,0.,0.283637979,0.009438288,0.,       827P   1043
0.309864718,0.004424779,0.,0.332997435,2.724E-006,0.,                827P   1044
0.356380025,0.,0.,0.,1.,0.,0.,-1.;                                   827P   1045
126,64,3,1,0,1,0,0.,0.,0.,0.,0.0312499999999998,                     829P   1046
0.0468749999999997,0.0468749999999997,0.0624999999999996,            829P   1047
0.0624999999999996,0.0937499999999994,0.109374999999999,             829P   1048
0.109374999999999,0.125,0.125,0.156249999999999,                     829P   1049
0.171874999999999,0.171874999999999,0.187499999999999,               829P   1050
0.187499999999999,0.218749999999999,0.234375,0.234375,0.25,          829P   1051
0.25,0.28125,0.296875,0.296875,0.3125,0.3125,0.375,0.375,            829P   1052
0.437499999999999,0.437499999999999,0.499999999999999,               829P   1053
0.499999999999999,0.562499999999998,0.562499999999998,               829P   1054
0.624999999999998,0.624999999999998,0.656249999999998,               829P   1055
0.656249999999998,0.671874999999998,0.671874999999998,               829P   1056
0.687499999999998,0.687499999999998,0.718749999999997,               829P   1057
0.734374999999997,0.734374999999997,0.749999999999997,               829P   1058
0.749999999999997,0.781249999999997,0.796874999999997,               829P   1059
0.796874999999997,0.812499999999998,0.812499999999998,               829P   1060
0.843749999999998,0.859374999999998,0.859374999999998,               829P   1061
0.874999999999998,0.874999999999998,0.906249999999999,               829P   1062
0.921874999999999,0.921874999999999,0.9375,0.9375,1.,1.,1.,1.,       829P   1063
1.,1.,1.,1.,1.,1.,1.,1.,1.,1.,1.,1.,1.,1.,1.,1.,1.,1.,1.,1.,1.,      829P   1064
1.,1.,1.,1.,1.,1.,1.,1.,1.,1.,1.,1.,1.,1.,1.,1.,1.,1.,1.,1.,1.,      829P   1065
1.,1.,1.,1.,1.,1.,1.,1.,1.,1.,1.,1.,1.,1.,1.,1.,1.,1.,1.,1.,1.,      829P   1066
1.,1.,0.,24.5,24.75,0.,24.7723029,24.74997777,0.,25.179793349,       829P   1067
24.736410213,0.,25.585837947,24.702541337,0.,25.856213046,           829P   1068
24.675450682,0.,25.973465294,24.662029433,0.,26.431387995,           829P   1069
24.600719896,0.,26.885836071,24.522366012,0.,27.33507221,            829P   1070
24.418445608,0.,27.633404761,24.343483891,0.,27.763270679,           829P   1071
24.308621824,0.,28.263458642,24.162756352,0.,28.755799814,           829P   1072
23.99622811,0.,29.236370801,23.798705714,0.,29.554135862,            829P   1073
23.660136527,0.,29.693269173,23.596397394,0.,30.217394239,           829P   1074
23.340913078,0.,30.727209581,23.061766426,0.,31.215560337,           829P   1075
22.747126269,0.,31.5363576,22.529478719,0.,31.678134443,             829P   1076
22.428887769,0.,32.193731114,22.042224462,0.,32.686460957,           829P   1077
21.630742123,0.,33.144890556,21.182031238,0.,33.442888013,           829P   1078
20.874617637,0.,33.579351258,20.72677011,0.,34.329855243,            829P   1079
19.866892162,0.,34.850234242,19.124473299,0.,35.767412817,           829P   1080
17.404938466,0.,36.123878203,16.496422795,0.,36.622275643,           829P   1081
14.534346436,0.,36.7499542,13.52010143,0.,36.750045801,              829P   1082
11.47989857,0.,36.618385663,10.450697555,0.,36.127768184,            829P   1083
8.518533214,0.,35.754049801,7.570178341,0.,35.086210394,             829P   1084
6.317852006,0.,34.830217562,5.900221901,0.,34.440318265,             829P   1085
5.337255597,0.,34.305265662,5.153452417,0.,34.024988115,             829P   1086
4.793550566,0.,33.870699975,4.607066084,0.,33.446956215,             829P   1087
4.12148427,0.,33.000152828,3.660542678,0.,32.518760001,              829P   1088
3.236561419,0.,32.190144907,2.962120654,0.,32.005482389,             829P   1089
2.816622105,0.,31.539035222,2.46675579,0.,31.058058829,              829P   1090
2.140418138,0.,30.555288598,1.849373481,0.,30.21526537,              829P   1091
1.663186597,0.,30.02408608,1.564874903,0.,29.555760425,              829P   1092
1.336542328,0.,29.079350407,1.128780534,0.,28.590813843,             829P   1093
0.951874914,0.,28.262428012,0.840794762,0.,28.077840985,             829P   1094
0.783126992,0.,27.634318029,0.653746015,0.,27.187069826,             829P   1095
0.541356411,0.,26.734233751,0.454453868,0.,26.431101285,             829P   1096
0.40218263,0.,26.260887111,0.376463804,0.,25.586982529,              829P   1097
0.28618018,0.,25.044947131,0.250044487,0.,24.5,0.25,0.,1.,1.,        829P   1098
0.,0.;                                                               829P   1099
126,1,1,1,0,1,0,0.,0.,1.,1.,1.,1.,0.356380025,0.,0.,1.,0.,0.,        831P   1100
0.,1.,0.,0.,1.;                                                      831P   1101
110,0.,24.500000013,0.25,0.,2.,0.25;                                 833P   1102
102,4,819,823,827,831;                                               835P   1103
102,4,821,825,829,833;                                               837P   1104
142,1,817,835,837,1;                                                 839P   1105
126,32,2,1,0,1,0,0.,0.,0.,0.0625,0.0625,0.125,0.125,0.1875,          841P   1106
0.1875,0.25,0.25,0.3125,0.3125,0.375,0.375,0.4375,0.4375,0.5,        841P   1107
0.5,0.5625,0.5625,0.625,0.625,0.6875,0.6875,0.75,0.75,0.8125,        841P   1108
0.8125,0.875,0.875,0.9375,0.9375,1.,1.,1.,1.,1.,1.,1.,1.,1.,1.,      841P   1109
1.,1.,1.,1.,1.,1.,1.,1.,1.,1.,1.,1.,1.,1.,1.,1.,1.,1.,1.,1.,1.,      841P   1110
1.,1.,1.,1.,1.,0.1561427,0.56122449,0.,0.160368769,0.56122449,       841P   1111
0.,0.164513635,0.560048078,0.,0.168658502,0.558871667,0.,            841P   1112
0.17256288,0.556564053,0.,0.176467259,0.554256439,0.,                841P   1113
0.179981107,0.550906303,0.,0.183494955,0.547556167,0.,               841P   1114
0.186483237,0.543292252,0.,0.189471519,0.539028337,0.,               841P   1115
0.191819397,0.534014504,0.,0.194167275,0.529000671,0.,               841P   1116
0.195784521,0.523429598,0.,0.197401768,0.517858525,0.,               841P   1117
0.198226233,0.511944305,0.,0.199050698,0.506030086,0.,               841P   1118
0.199050698,0.5,0.,0.199050698,0.493969914,0.,0.198226233,           841P   1119
0.488055695,0.,0.197401768,0.482141475,0.,0.195784521,               841P   1120
0.476570402,0.,0.194167275,0.470999329,0.,0.191819397,               841P   1121
0.465985496,0.,0.189471519,0.460971663,0.,0.186483237,               841P   1122
0.456707748,0.,0.183494955,0.452443833,0.,0.179981107,               841P   1123
0.449093697,0.,0.176467259,0.445743561,0.,0.17256288,                841P   1124
0.443435947,0.,0.168658502,0.441128333,0.,0.164513635,               841P   1125
0.439951922,0.,0.160368769,0.43877551,0.,0.1561427,0.43877551,       841P   1126
0.,0.,1.,0.,0.,1.;                                                   841P   1127
124,-6.12303176911189E-017,4.27569270827966E-031,1.,-12.5,           843P   1128
-6.98296672221876E-015,-1.,0.,63.,1.,-6.98296672221876E-015,         843P   1129
6.12303176911189E-017,12.5000000000002;                              843P   1130
100,12.5,0.,31.5,1.5,31.5,-1.5,31.5;                                 845P   1131
126,32,2,1,0,1,0,0.,0.,0.,0.0625,0.0625,0.125,0.125,0.1875,          847P   1132
0.1875,0.25,0.25,0.3125,0.3125,0.375,0.375,0.4375,0.4375,0.5,        847P   1133
0.5,0.5625,0.5625,0.625,0.625,0.6875,0.6875,0.75,0.75,0.8125,        847P   1134
0.8125,0.875,0.875,0.9375,0.9375,1.,1.,1.,1.,1.,1.,1.,1.,1.,1.,      847P   1135
1.,1.,1.,1.,1.,1.,1.,1.,1.,1.,1.,1.,1.,1.,1.,1.,1.,1.,1.,1.,1.,      847P   1136
1.,1.,1.,1.,1.,0.1561427,0.43877551,0.,0.151916631,0.43877551,       847P   1137
0.,0.147771765,0.439951922,0.,0.143626899,0.441128333,0.,            847P   1138
0.13972252,0.443435947,0.,0.135818141,0.445743561,0.,                847P   1139
0.132304293,0.449093697,0.,0.128790446,0.452443833,0.,               847P   1140
0.125802164,0.456707748,0.,0.122813881,0.460971663,0.,               847P   1141
0.120466003,0.465985496,0.,0.118118125,0.470999329,0.,               847P   1142
0.116500879,0.476570402,0.,0.114883632,0.482141475,0.,               847P   1143
0.114059167,0.488055695,0.,0.113234702,0.493969914,0.,               847P   1144
0.113234702,0.5,0.,0.113234702,0.506030086,0.,0.114059167,           847P   1145
0.511944305,0.,0.114883632,0.517858525,0.,0.116500879,               847P   1146
0.523429598,0.,0.118118125,0.529000671,0.,0.120466003,               847P   1147
0.534014504,0.,0.122813881,0.539028337,0.,0.125802164,               847P   1148
0.543292252,0.,0.128790446,0.547556167,0.,0.132304293,               847P   1149
0.550906303,0.,0.135818141,0.554256439,0.,0.13972252,                847P   1150
0.556564053,0.,0.143626899,0.558871667,0.,0.147771765,               847P   1151
0.560048078,0.,0.151916631,0.56122449,0.,0.1561427,0.56122449,       847P   1152
0.,0.,1.,0.,0.,1.;                                                   847P   1153
124,6.12303176911189E-017,0.,1.,-12.5,0.,1.,0.,0.,-1.,0.,            849P   1154
6.12303176911189E-017,12.5;                                          849P   1155
100,12.5,0.,31.5,1.5,31.5,-1.5,31.5;                                 851P   1156
102,2,841,847;                                                       853P   1157
102,2,845,851;                                                       855P   1158
142,1,817,853,855,1;                                                 857P   1159
126,32,2,1,0,1,0,0.,0.,0.,0.0625,0.0625,0.125,0.125,0.1875,          859P   1160
0.1875,0.25,0.25,0.3125,0.3125,0.375,0.375,0.4375,0.4375,0.5,        859P   1161
0.5,0.5625,0.5625,0.625,0.625,0.6875,0.6875,0.75,0.75,0.8125,        859P   1162
0.8125,0.875,0.875,0.9375,0.9375,1.,1.,1.,1.,1.,1.,1.,1.,1.,1.,      859P   1163
1.,1.,1.,1.,1.,1.,1.,1.,1.,1.,1.,1.,1.,1.,1.,1.,1.,1.,1.,1.,1.,      859P   1164
1.,1.,1.,1.,1.,0.356380025,0.846938776,0.,0.360606094,               859P   1165
0.846938776,0.,0.364750961,0.845762364,0.,0.368895827,               859P   1166
0.844585953,0.,0.372800206,0.842278339,0.,0.376704584,               859P   1167
0.839970725,0.,0.380218432,0.836620589,0.,0.38373228,                859P   1168
0.833270452,0.,0.386720562,0.829006538,0.,0.389708844,               859P   1169
0.824742623,0.,0.392056722,0.81972879,0.,0.3944046,0.814714957,      859P   1170
0.,0.396021847,0.809143884,0.,0.397639093,0.803572811,0.,            859P   1171
0.398463559,0.797658591,0.,0.399288024,0.791744372,0.,               859P   1172
0.399288024,0.785714286,0.,0.399288024,0.7796842,0.,                 859P   1173
0.398463559,0.77376998,0.,0.397639093,0.767855761,0.,                859P   1174
0.396021847,0.762284688,0.,0.3944046,0.756713615,0.,                 859P   1175
0.392056722,0.751699782,0.,0.389708844,0.746685948,0.,               859P   1176
0.386720562,0.742422034,0.,0.38373228,0.738158119,0.,                859P   1177
0.380218432,0.734807983,0.,0.376704584,0.731457847,0.,               859P   1178
0.372800206,0.729150233,0.,0.368895827,0.726842619,0.,               859P   1179
0.364750961,0.725666207,0.,0.360606094,0.724489796,0.,               859P   1180
0.356380025,0.724489796,0.,0.,1.,0.,0.,1.;                           859P   1181
124,-6.12303176911189E-017,4.27569270827966E-031,1.,-19.5,           861P   1182
-6.98296672221876E-015,-1.,0.,49.,1.,-6.98296672221876E-015,         861P   1183
6.12303176911189E-017,19.5000000000002;                              861P   1184
100,19.5,0.,24.5,1.5,24.5,-1.5,24.5;                                 863P   1185
126,32,2,1,0,1,0,0.,0.,0.,0.0625,0.0625,0.125,0.125,0.1875,          865P   1186
0.1875,0.25,0.25,0.3125,0.3125,0.375,0.375,0.4375,0.4375,0.5,        865P   1187
0.5,0.5625,0.5625,0.625,0.625,0.6875,0.6875,0.75,0.75,0.8125,        865P   1188
0.8125,0.875,0.875,0.9375,0.9375,1.,1.,1.,1.,1.,1.,1.,1.,1.,1.,      865P   1189
1.,1.,1.,1.,1.,1.,1.,1.,1.,1.,1.,1.,1.,1.,1.,1.,1.,1.,1.,1.,1.,      865P   1190
1.,1.,1.,1.,1.,0.356380025,0.724489796,0.,0.352153957,               865P   1191
0.724489796,0.,0.34800909,0.725666207,0.,0.343864224,                865P   1192
0.726842619,0.,0.339959845,0.729150233,0.,0.336055467,               865P   1193
0.731457847,0.,0.332541619,0.734807983,0.,0.329027771,               865P   1194
0.738158119,0.,0.326039489,0.742422034,0.,0.323051207,               865P   1195
0.746685948,0.,0.320703329,0.751699782,0.,0.318355451,               865P   1196
0.756713615,0.,0.316738204,0.762284688,0.,0.315120957,               865P   1197
0.767855761,0.,0.314296492,0.77376998,0.,0.313472027,0.7796842,      865P   1198
0.,0.313472027,0.785714286,0.,0.313472027,0.791744372,0.,            865P   1199
0.314296492,0.797658591,0.,0.315120957,0.803572811,0.,               865P   1200
0.316738204,0.809143884,0.,0.318355451,0.814714957,0.,               865P   1201
0.320703329,0.81972879,0.,0.323051207,0.824742623,0.,                865P   1202
0.326039489,0.829006538,0.,0.329027771,0.833270452,0.,               865P   1203
0.332541619,0.836620589,0.,0.336055467,0.839970725,0.,               865P   1204
0.339959845,0.842278339,0.,0.343864224,0.844585953,0.,               865P   1205
0.34800909,0.845762364,0.,0.352153957,0.846938776,0.,                865P   1206
0.356380025,0.846938776,0.,0.,1.,0.,0.,1.;                           865P   1207
124,6.12303176911189E-017,0.,1.,-19.5,0.,1.,0.,0.,-1.,0.,            867P   1208
6.12303176911189E-017,19.5;                                          867P   1209
100,19.5,0.,24.5,1.5,24.5,-1.5,24.5;                                 869P   1210
102,2,859,865;                                                       871P   1211
102,2,863,869;                                                       873P   1212
142,1,817,871,873,1;                                                 875P   1213
126,32,2,1,0,1,0,0.,0.,0.,0.0625,0.0625,0.125,0.125,0.1875,          877P   1214
0.1875,0.25,0.25,0.3125,0.3125,0.375,0.375,0.4375,0.4375,0.5,        877P   1215
0.5,0.5625,0.5625,0.625,0.625,0.6875,0.6875,0.75,0.75,0.8125,        877P   1216
0.8125,0.875,0.875,0.9375,0.9375,1.,1.,1.,1.,1.,1.,1.,1.,1.,1.,      877P   1217
1.,1.,1.,1.,1.,1.,1.,1.,1.,1.,1.,1.,1.,1.,1.,1.,1.,1.,1.,1.,1.,      877P   1218
1.,1.,1.,1.,1.,0.356380025,0.275510204,0.,0.360606094,               877P   1219
0.275510204,0.,0.364750961,0.274333793,0.,0.368895827,               877P   1220
0.273157381,0.,0.372800206,0.270849767,0.,0.376704584,               877P   1221
0.268542153,0.,0.380218432,0.265192017,0.,0.38373228,                877P   1222
0.261841881,0.,0.386720562,0.257577966,0.,0.389708844,               877P   1223
0.253314052,0.,0.392056722,0.248300218,0.,0.3944046,                 877P   1224
0.243286385,0.,0.396021847,0.237715312,0.,0.397639093,               877P   1225
0.232144239,0.,0.398463559,0.22623002,0.,0.399288024,0.2203158,      877P   1226
0.,0.399288024,0.214285714,0.,0.399288024,0.208255628,0.,            877P   1227
0.398463559,0.202341409,0.,0.397639093,0.196427189,0.,               877P   1228
0.396021847,0.190856116,0.,0.3944046,0.185285043,0.,                 877P   1229
0.392056722,0.18027121,0.,0.389708844,0.175257377,0.,                877P   1230
0.386720562,0.170993462,0.,0.38373228,0.166729548,0.,                877P   1231
0.380218432,0.163379411,0.,0.376704584,0.160029275,0.,               877P   1232
0.372800206,0.157721661,0.,0.368895827,0.155414047,0.,               877P   1233
0.364750961,0.154237636,0.,0.360606094,0.153061224,0.,               877P   1234
0.356380025,0.153061224,0.,0.,1.,0.,0.,1.;                           877P   1235
124,-6.12303176911189E-017,4.27569270827966E-031,1.,-5.5,            879P   1236
-6.98296672221876E-015,-1.,0.,49.,1.,-6.98296672221876E-015,         879P   1237
6.12303176911189E-017,5.50000000000017;                              879P   1238
100,5.5,0.,24.5,1.5,24.5,-1.5,24.5;                                  881P   1239
126,32,2,1,0,1,0,0.,0.,0.,0.0625,0.0625,0.125,0.125,0.1875,          883P   1240
0.1875,0.25,0.25,0.3125,0.3125,0.375,0.375,0.4375,0.4375,0.5,        883P   1241
0.5,0.5625,0.5625,0.625,0.625,0.6875,0.6875,0.75,0.75,0.8125,        883P   1242
0.8125,0.875,0.875,0.9375,0.9375,1.,1.,1.,1.,1.,1.,1.,1.,1.,1.,      883P   1243
1.,1.,1.,1.,1.,1.,1.,1.,1.,1.,1.,1.,1.,1.,1.,1.,1.,1.,1.,1.,1.,      883P   1244
1.,1.,1.,1.,1.,0.356380025,0.153061224,0.,0.352153957,               883P   1245
0.153061224,0.,0.34800909,0.154237636,0.,0.343864224,                883P   1246
0.155414047,0.,0.339959845,0.157721661,0.,0.336055467,               883P   1247
0.160029275,0.,0.332541619,0.163379411,0.,0.329027771,               883P   1248
0.166729548,0.,0.326039489,0.170993462,0.,0.323051207,               883P   1249
0.175257377,0.,0.320703329,0.18027121,0.,0.318355451,                883P   1250
0.185285043,0.,0.316738204,0.190856116,0.,0.315120957,               883P   1251
0.196427189,0.,0.314296492,0.202341409,0.,0.313472027,               883P   1252
0.208255628,0.,0.313472027,0.214285714,0.,0.313472027,               883P   1253
0.2203158,0.,0.314296492,0.22623002,0.,0.315120957,0.232144239,      883P   1254
0.,0.316738204,0.237715312,0.,0.318355451,0.243286385,0.,            883P   1255
0.320703329,0.248300218,0.,0.323051207,0.253314052,0.,               883P   1256
0.326039489,0.257577966,0.,0.329027771,0.261841881,0.,               883P   1257
0.332541619,0.265192017,0.,0.336055467,0.268542153,0.,               883P   1258
0.339959845,0.270849767,0.,0.343864224,0.273157381,0.,               883P   1259
0.34800909,0.274333793,0.,0.352153957,0.275510204,0.,                883P   1260
0.356380025,0.275510204,0.,0.,1.,0.,0.,1.;                           883P   1261
124,6.12303176911189E-017,0.,1.,-5.5,0.,1.,0.,0.,-1.,0.,             885P   1262
6.12303176911189E-017,5.5;                                           885P   1263
100,5.5,0.,24.5,1.5,24.5,-1.5,24.5;                                  887P   1264
102,2,877,883;                                                       889P   1265
102,2,881,887;                                                       891P   1266
142,1,817,889,891,1;                                                 893P   1267
126,32,2,1,0,1,0,0.,0.,0.,0.0625,0.0625,0.125,0.125,0.1875,          895P   1268
0.1875,0.25,0.25,0.3125,0.3125,0.375,0.375,0.4375,0.4375,0.5,        895P   1269
0.5,0.5625,0.5625,0.625,0.625,0.6875,0.6875,0.75,0.75,0.8125,        895P   1270
0.8125,0.875,0.875,0.9375,0.9375,1.,1.,1.,1.,1.,1.,1.,1.,1.,1.,      895P   1271
1.,1.,1.,1.,1.,1.,1.,1.,1.,1.,1.,1.,1.,1.,1.,1.,1.,1.,1.,1.,1.,      895P   1272
1.,1.,1.,1.,1.,0.556617351,0.56122449,0.,0.56084342,0.56122449,      895P   1273
0.,0.564988286,0.560048078,0.,0.569133152,0.558871667,0.,            895P   1274
0.573037531,0.556564053,0.,0.57694191,0.554256439,0.,                895P   1275
0.580455757,0.550906303,0.,0.583969605,0.547556167,0.,               895P   1276
0.586957887,0.543292252,0.,0.589946169,0.539028337,0.,               895P   1277
0.592294048,0.534014504,0.,0.594641926,0.529000671,0.,               895P   1278
0.596259172,0.523429598,0.,0.597876419,0.517858525,0.,               895P   1279
0.598700884,0.511944305,0.,0.599525349,0.506030086,0.,               895P   1280
0.599525349,0.5,0.,0.599525349,0.493969914,0.,0.598700884,           895P   1281
0.488055695,0.,0.597876419,0.482141475,0.,0.596259172,               895P   1282
0.476570402,0.,0.594641926,0.470999329,0.,0.592294048,               895P   1283
0.465985496,0.,0.589946169,0.460971663,0.,0.586957887,               895P   1284
0.456707748,0.,0.583969605,0.452443833,0.,0.580455757,               895P   1285
0.449093697,0.,0.57694191,0.445743561,0.,0.573037531,                895P   1286
0.443435947,0.,0.569133152,0.441128333,0.,0.564988286,               895P   1287
0.439951922,0.,0.56084342,0.43877551,0.,0.556617351,0.43877551,      895P   1288
0.,0.,1.,0.,0.,1.;                                                   895P   1289
124,-6.12303176911189E-017,4.27569270827966E-031,1.,-12.5,           897P   1290
-6.98296672221876E-015,-1.,0.,35.,1.,-6.98296672221876E-015,         897P   1291
6.12303176911189E-017,12.5000000000001;                              897P   1292
100,12.5,0.,17.5,1.5,17.5,-1.5,17.5;                                 899P   1293
126,32,2,1,0,1,0,0.,0.,0.,0.0625,0.0625,0.125,0.125,0.1875,          901P   1294
0.1875,0.25,0.25,0.3125,0.3125,0.375,0.375,0.4375,0.4375,0.5,        901P   1295
0.5,0.5625,0.5625,0.625,0.625,0.6875,0.6875,0.75,0.75,0.8125,        901P   1296
0.8125,0.875,0.875,0.9375,0.9375,1.,1.,1.,1.,1.,1.,1.,1.,1.,1.,      901P   1297
1.,1.,1.,1.,1.,1.,1.,1.,1.,1.,1.,1.,1.,1.,1.,1.,1.,1.,1.,1.,1.,      901P   1298
1.,1.,1.,1.,1.,0.556617351,0.43877551,0.,0.552391282,                901P   1299
0.43877551,0.,0.548246416,0.439951922,0.,0.544101549,                901P   1300
0.441128333,0.,0.540197171,0.443435947,0.,0.536292792,               901P   1301
0.445743561,0.,0.532778944,0.449093697,0.,0.529265096,               901P   1302
0.452443833,0.,0.526276814,0.456707748,0.,0.523288532,               901P   1303
0.460971663,0.,0.520940654,0.465985496,0.,0.518592776,               901P   1304
0.470999329,0.,0.516975529,0.476570402,0.,0.515358283,               901P   1305
0.482141475,0.,0.514533818,0.488055695,0.,0.513709353,               901P   1306
0.493969914,0.,0.513709353,0.5,0.,0.513709353,0.506030086,0.,        901P   1307
0.514533818,0.511944305,0.,0.515358283,0.517858525,0.,               901P   1308
0.516975529,0.523429598,0.,0.518592776,0.529000671,0.,               901P   1309
0.520940654,0.534014504,0.,0.523288532,0.539028337,0.,               901P   1310
0.526276814,0.543292252,0.,0.529265096,0.547556167,0.,               901P   1311
0.532778944,0.550906303,0.,0.536292792,0.554256439,0.,               901P   1312
0.540197171,0.556564053,0.,0.544101549,0.558871667,0.,               901P   1313
0.548246416,0.560048078,0.,0.552391282,0.56122449,0.,                901P   1314
0.556617351,0.56122449,0.,0.,1.,0.,0.,1.;                            901P   1315
124,6.12303176911189E-017,0.,1.,-12.5,0.,1.,0.,0.,-1.,0.,            903P   1316
6.12303176911189E-017,12.5;                                          903P   1317
100,12.5,0.,17.5,1.5,17.5,-1.5,17.5;                                 905P   1318
102,2,895,901;                                                       907P   1319
102,2,899,905;                                                       909P   1320
142,1,817,907,909,1;                                                 911P   1321
126,32,2,1,0,1,0,0.,0.,0.,0.0625,0.0625,0.125,0.125,0.1875,          913P   1322
0.1875,0.25,0.25,0.3125,0.3125,0.375,0.375,0.4375,0.4375,0.5,        913P   1323
0.5,0.5625,0.5625,0.625,0.625,0.6875,0.6875,0.75,0.75,0.8125,        913P   1324
0.8125,0.875,0.875,0.9375,0.9375,1.,1.,1.,1.,1.,1.,1.,1.,1.,1.,      913P   1325
1.,1.,1.,1.,1.,1.,1.,1.,1.,1.,1.,1.,1.,1.,1.,1.,1.,1.,1.,1.,1.,      913P   1326
1.,1.,1.,1.,1.,0.356380025,0.663265306,0.,0.367649543,               913P   1327
0.663265306,0.,0.378702519,0.660128209,0.,0.389755496,               913P   1328
0.656991112,0.,0.400167172,0.650837475,0.,0.410578849,               913P   1329
0.644683837,0.,0.41994911,0.635750141,0.,0.429319371,                913P   1330
0.626816444,0.,0.437288123,0.615446005,0.,0.445256875,               913P   1331
0.604075566,0.,0.451517883,0.590705344,0.,0.457778892,               913P   1332
0.577335122,0.,0.462091549,0.562478928,0.,0.466404207,               913P   1333
0.547622733,0.,0.468602781,0.531851481,0.,0.470801354,               913P   1334
0.516080229,0.,0.470801354,0.5,0.,0.470801354,0.483919771,0.,        913P   1335
0.468602781,0.468148519,0.,0.466404207,0.452377267,0.,               913P   1336
0.462091549,0.437521072,0.,0.457778892,0.422664878,0.,               913P   1337
0.451517883,0.409294656,0.,0.445256875,0.395924434,0.,               913P   1338
0.437288123,0.384553995,0.,0.429319371,0.373183556,0.,               913P   1339
0.41994911,0.364249859,0.,0.410578849,0.355316163,0.,                913P   1340
0.400167172,0.349162525,0.,0.389755496,0.343008888,0.,               913P   1341
0.378702519,0.339871791,0.,0.367649543,0.336734694,0.,               913P   1342
0.356380025,0.336734694,0.,0.,1.,0.,0.,1.;                           913P   1343
124,-6.12303176911189E-017,4.27569270827966E-031,1.,-12.5,           915P   1344
-6.98296672221876E-015,-1.,0.,49.,1.,-6.98296672221876E-015,         915P   1345
6.12303176911189E-017,12.5000000000002;                              915P   1346
100,12.5,0.,24.5,4.,24.5,-4.,24.5;                                   917P   1347
126,32,2,1,0,1,0,0.,0.,0.,0.0625,0.0625,0.125,0.125,0.1875,          919P   1348
0.1875,0.25,0.25,0.3125,0.3125,0.375,0.375,0.4375,0.4375,0.5,        919P   1349
0.5,0.5625,0.5625,0.625,0.625,0.6875,0.6875,0.75,0.75,0.8125,        919P   1350
0.8125,0.875,0.875,0.9375,0.9375,1.,1.,1.,1.,1.,1.,1.,1.,1.,1.,      919P   1351
1.,1.,1.,1.,1.,1.,1.,1.,1.,1.,1.,1.,1.,1.,1.,1.,1.,1.,1.,1.,1.,      919P   1352
1.,1.,1.,1.,1.,0.356380025,0.336734694,0.,0.345110508,               919P   1353
0.336734694,0.,0.334057532,0.339871791,0.,0.323004555,               919P   1354
0.343008888,0.,0.312592879,0.349162525,0.,0.302181202,               919P   1355
0.355316163,0.,0.292810941,0.364249859,0.,0.28344068,                919P   1356
0.373183556,0.,0.275471928,0.384553995,0.,0.267503176,               919P   1357
0.395924434,0.,0.261242168,0.409294656,0.,0.254981159,               919P   1358
0.422664878,0.,0.250668502,0.437521072,0.,0.246355844,               919P   1359
0.452377267,0.,0.24415727,0.468148519,0.,0.241958697,                919P   1360
0.483919771,0.,0.241958697,0.5,0.,0.241958697,0.516080229,0.,        919P   1361
0.24415727,0.531851481,0.,0.246355844,0.547622733,0.,                919P   1362
0.250668502,0.562478928,0.,0.254981159,0.577335122,0.,               919P   1363
0.261242168,0.590705344,0.,0.267503176,0.604075566,0.,               919P   1364
0.275471928,0.615446005,0.,0.28344068,0.626816444,0.,                919P   1365
0.292810941,0.635750141,0.,0.302181202,0.644683837,0.,               919P   1366
0.312592879,0.650837475,0.,0.323004555,0.656991112,0.,               919P   1367
0.334057532,0.660128209,0.,0.345110508,0.663265306,0.,               919P   1368
0.356380025,0.663265306,0.,0.,1.,0.,0.,1.;                           919P   1369
124,6.12303176911189E-017,0.,1.,-12.5,0.,1.,0.,0.,-1.,0.,            921P   1370
6.12303176911189E-017,12.5;                                          921P   1371
100,12.5,0.,24.5,4.,24.5,-4.,24.5;                                   923P   1372
102,2,913,919;                                                       925P   1373
102,2,917,923;                                                       927P   1374
142,1,817,925,927,1;                                                 929P   1375
144,817,1,5,839,857,875,893,911,929;                                 931P   1376
128,1,1,1,1,0,0,1,0,0,0.,0.,1.,1.,0.,0.,1.,1.,1.,1.,1.,1.,16.,       933P   1377
24.5,0.,16.,0.25,0.,0.25,24.5,0.,0.25,0.25,0.,0.,1.,0.,1.;           933P   1378
126,16,2,1,0,1,0,0.,0.,0.,0.125,0.125,0.25,0.25,0.375,0.375,         935P   1379
0.5,0.5,0.625,0.625,0.75,0.75,0.875,0.875,1.,1.,1.,1.,1.,1.,1.,      935P   1380
1.,1.,1.,1.,1.,1.,1.,1.,1.,1.,1.,1.,1.,1.,0.888888889,0.,            935P   1381
0.999996118,0.89909931,0.,0.998795233,0.909107006,0.,                935P   1382
0.997523471,0.919705357,0.,0.994933176,0.929788301,0.,               935P   1383
0.992250365,0.940231373,0.,0.988236789,0.949689973,0.,               935P   1384
0.984161817,0.959293262,0.,0.978863376,0.967456309,0.,               935P   1385
0.973596828,0.97557022,0.,0.967324415,0.98188839,0.,                 935P   1386
0.961220669,0.988036663,0.,0.954398587,0.9921987,0.,                 935P   1387
0.947890872,0.996168947,0.,0.940966406,0.998145041,0.,               935P   1388
0.934487419,0.999994004,0.,0.927835052,1.,0.,0.,1.,0.,0.,-1.;        935P   1389
126,5,3,1,0,1,0,0.,0.,0.,0.,0.5,0.5,1.,1.,1.,1.,1.,1.,1.,1.,1.,      937P   1390
1.,2.,0.25,0.,1.571162317,0.250251026,0.,1.103347395,                937P   1391
0.42199301,0.,0.421778871,1.103133255,0.,0.250251816,                937P   1392
1.569813564,0.,0.25,2.,0.,0.,1.,0.,0.,1.;                            937P   1393
126,1,1,1,0,1,0,0.,0.,1.,1.,1.,1.,0.927835052,1.,0.,0.,1.,0.,        939P   1394
0.,1.,0.,0.,1.;                                                      939P   1395
110,0.25,1.999999989,0.,0.25,24.5,0.;                                941P   1396
126,1,1,1,0,1,0,0.,0.,1.,1.,1.,1.,0.,1.,0.,0.,0.904761905,0.,        943P   1397
0.,1.,0.,0.,1.;                                                      943P   1398
110,0.25,24.499999995,0.,1.75,24.499999995,0.;                       945P   1399
126,1,1,1,0,1,0,0.,0.,1.,1.,1.,1.,0.,0.904761905,0.,                 947P   1400
0.886597938,0.904761905,0.,0.,1.,0.,0.,1.;                           947P   1401
110,1.749999996,24.5,0.,1.749999996,3.000000003,0.;                  949P   1402
126,12,2,1,0,1,0,0.,0.,0.,0.25,0.25,0.375,0.375,0.5,0.5,0.625,       951P   1403
0.625,0.75,0.75,1.,1.,1.,1.,1.,1.,1.,1.,1.,1.,1.,1.,1.,1.,1.,        951P   1404
1.,0.886597938,0.904761905,0.,0.896439198,0.904749487,0.,            951P   1405
0.905571892,0.899189548,0.,0.910410976,0.896243538,0.,               951P   1406
0.914804626,0.891825041,0.,0.919254726,0.887349776,0.,               951P   1407
0.923046741,0.881516411,0.,0.92680684,0.875732145,0.,                951P   1408
0.929742037,0.868826171,0.,0.932591414,0.862122112,0.,               951P   1409
0.93452517,0.854610691,0.,0.938136246,0.840583939,0.,                951P   1410
0.93814433,0.825396825,0.,0.,1.,0.,0.,1.;                            951P   1411
126,9,3,1,0,1,0,0.,0.,0.,0.,0.25,0.25,0.5,0.5,0.75,0.75,1.,1.,       953P   1412
1.,1.,1.,1.,1.,1.,1.,1.,1.,1.,1.,1.,1.75,3.,0.,1.750130391,          953P   1413
2.840899626,0.,1.775898411,2.696345314,0.,1.899630837,               953P   1414
2.383417913,0.,1.994646941,2.237693047,0.,2.237586107,               953P   1415
1.994540001,0.,2.392600716,1.896143684,0.,2.687162511,               953P   1416
1.779385564,0.,2.840535306,1.75013069,0.,3.,1.75,0.,0.,1.,0.,        953P   1417
0.,-1.;                                                              953P   1418
126,1,1,1,0,1,0,0.,0.,1.,1.,1.,1.,0.93814433,0.825396825,0.,         955P   1419
0.93814433,0.,0.,0.,1.,0.,0.,1.;                                     955P   1420
110,3.,1.75,0.,16.,1.75,0.;                                          957P   1421
126,1,1,1,0,1,0,0.,0.,1.,1.,1.,1.,0.93814433,0.,0.,1.,0.,0.,0.,      959P   1422
1.,0.,0.,1.;                                                         959P   1423
110,16.,1.75,0.,16.,0.25,0.;                                         961P   1424
126,1,1,1,0,1,0,0.,0.,1.,1.,1.,1.,1.,0.,0.,1.,0.888888889,0.,        963P   1425
0.,1.,0.,0.,1.;                                                      963P   1426
110,16.,0.25,0.,2.,0.25,0.;                                          965P   1427
102,8,935,939,943,947,951,955,959,963;                               967P   1428
102,8,937,941,945,949,953,957,961,965;                               969P   1429
142,1,933,967,969,1;                                                 971P   1430
144,933,1,0,971;                                                     973P   1431
110,16.,1.75,12.5,16.,-998.25,12.5;                                  975P   1432
110,16.,1.75,0.,16.,0.25,0.;                                         977P   1433
120,975,977,0.,6.28318530717959;                                     979P   1434
126,1,1,1,0,1,0,0.,0.,1.,1.,1.,1.,0.,0.,0.,0.,3.141592654,0.,        981P   1435
0.,1.,0.,0.,1.;                                                      981P   1436
124,1.40445109968882E-014,1.,-1.73472347595834E-017,                 983P   1437
14.2499999997823,-6.12303176911191E-017,-1.73472347595825E-017,      983P   1438
-1.,14.2500000002175,-1.,1.40445109968882E-014,                      983P   1439
6.12303176911189E-017,28.5;                                          983P   1440
100,12.5,16.,1.75,28.5,1.75,3.5,1.75;                                985P   1441
126,1,1,1,0,1,0,0.,0.,1.,1.,1.,1.,0.,3.141592654,0.,1.,              987P   1442
3.141592654,0.,0.,1.,0.,0.,1.;                                       987P   1443
110,16.,1.75,25.,16.,0.25,25.;                                       989P   1444
126,1,1,1,0,1,0,0.,0.,1.,1.,1.,1.,1.,3.141592654,0.,1.,0.,0.,        991P   1445
0.,1.,0.,0.,1.;                                                      991P   1446
124,1.40293321664736E-014,1.,2.16840434494792E-018,                  993P   1447
15.7500000002173,-6.12303176911189E-017,-2.16840434494706E-018,      993P   1448
1.,-12.2500000002175,1.,-1.40293321664736E-014,                      993P   1449
6.12303176911189E-017,-3.5;                                          993P   1450
100,12.5,16.,0.25,28.5,0.25,3.5,0.25;                                995P   1451
126,1,1,1,0,1,0,0.,0.,1.,1.,1.,1.,1.,0.,0.,0.,0.,0.,0.,1.,0.,        997P   1452
0.,1.;                                                               997P   1453
110,16.,0.25,0.,16.,1.75,0.;                                         999P   1454
102,4,981,987,991,997;                                              1001P   1455
102,4,985,989,995,999;                                              1003P   1456
142,1,979,1001,1003,1;                                              1005P   1457
144,979,1,0,1005;                                                   1007P   1458
128,1,1,1,1,0,0,1,0,0,0.,0.,1.,1.,0.,0.,1.,1.,1.,1.,1.,1.,0.25,     1009P   1459
24.5,25.,16.,24.5,25.,0.25,0.25,25.,16.,0.25,25.,0.,1.,0.,1.;       1009P   1460
126,1,1,1,0,1,0,0.,0.,1.,1.,1.,1.,1.,0.93814433,0.,1.,1.,0.,0.,     1011P   1461
1.,0.,0.,1.;                                                        1011P   1462
110,16.,1.75,25.,16.,0.25,25.;                                      1013P   1463
126,1,1,1,0,1,0,0.,0.,1.,1.,1.,1.,1.,1.,0.,0.111111111,1.,0.,       1015P   1464
0.,1.,0.,0.,1.;                                                     1015P   1465
110,16.,0.25,25.,2.,0.25,25.;                                       1017P   1466
126,16,2,1,0,1,0,0.,0.,0.,0.125,0.125,0.25,0.25,0.375,0.375,        1019P   1467
0.5,0.5,0.625,0.625,0.75,0.75,0.875,0.875,1.,1.,1.,1.,1.,1.,1.,     1019P   1468
1.,1.,1.,1.,1.,1.,1.,1.,1.,1.,1.,1.,1.,0.111111111,1.,0.,           1019P   1469
0.100868577,0.999996106,0.,0.090892994,0.998795233,0.,              1019P   1470
0.080231515,0.997511791,0.,0.070211699,0.994933176,0.,              1019P   1471
0.059707858,0.992229998,0.,0.050310027,0.988236789,0.,              1019P   1472
0.040652503,0.984133236,0.,0.032543691,0.978863376,0.,              1019P   1473
0.024385774,0.973561603,0.,0.01811161,0.967324415,0.,               1019P   1474
0.011931977,0.961181201,0.,0.0078013,0.954398587,0.,                1019P   1475
0.003813068,0.947849871,0.,0.001854959,0.940966406,0.,              1019P   1476
5.977E-006,0.934466562,0.,0.,0.927835052,0.,0.,1.,0.,0.,-1.;        1019P   1477
126,3,3,1,0,0,0,0.,0.,0.,0.,1.,1.,1.,1.,0.956578301977406,          1021P   1478
0.769794770035226,0.769794770035226,0.956578301977406,2.,0.25,      1021P   1479
25.,0.974873734,0.25,25.,0.25,0.974873734,25.,0.25,2.,25.,0.,       1021P   1480
1.,0.,0.,1.;                                                        1021P   1481
126,1,1,1,0,1,0,0.,0.,1.,1.,1.,1.,0.,0.927835052,0.,0.,0.,0.,       1023P   1482
0.,1.,0.,0.,1.;                                                     1023P   1483
110,0.25,1.999999989,25.,0.25,24.5,25.;                             1025P   1484
126,1,1,1,0,1,0,0.,0.,1.,1.,1.,1.,0.,0.,0.,0.095238095,0.,0.,       1027P   1485
0.,1.,0.,0.,1.;                                                     1027P   1486
110,0.25,24.499999997,25.,1.75,24.499999997,25.;                    1029P   1487
126,1,1,1,0,1,0,0.,0.,1.,1.,1.,1.,0.095238095,0.,0.,                1031P   1488
0.095238095,0.886597938,0.,0.,1.,0.,0.,1.;                          1031P   1489
110,1.749999996,24.5,25.,1.749999996,3.000000003,25.;               1033P   1490
126,12,2,1,0,1,0,0.,0.,0.,0.25,0.25,0.375,0.375,0.5,0.5,0.625,      1035P   1491
0.625,0.75,0.75,1.,1.,1.,1.,1.,1.,1.,1.,1.,1.,1.,1.,1.,1.,1.,       1035P   1492
1.,0.095238095,0.886597938,0.,0.095250542,0.896461734,0.,           1035P   1493
0.100810452,0.905571892,0.,0.103787822,0.910450444,0.,              1035P   1494
0.108174959,0.914804626,0.,0.112694231,0.91928995,0.,               1035P   1495
0.118483589,0.923046741,0.,0.124322089,0.926835421,0.,              1035P   1496
0.131173829,0.929742037,0.,0.137938656,0.932611782,0.,              1035P   1497
0.145389309,0.93452517,0.,0.159450758,0.938136264,0.,               1035P   1498
0.174603175,0.93814433,0.,0.,1.,0.,0.,1.;                           1035P   1499
126,3,3,1,0,0,0,0.,0.,0.,0.,1.,1.,1.,1.,0.956578302274402,          1037P   1500
0.76979477027423,0.76979477027423,0.956578302274402,1.75,3.,        1037P   1501
25.,1.75,2.267766953,25.,2.267766953,1.75,25.,3.,1.75,25.,0.,       1037P   1502
1.,0.,0.,-1.;                                                       1037P   1503
126,1,1,1,0,1,0,0.,0.,1.,1.,1.,1.,0.174603175,0.93814433,0.,1.,     1039P   1504
0.93814433,0.,0.,1.,0.,0.,1.;                                       1039P   1505
110,3.,1.75,25.,16.,1.75,25.;                                       1041P   1506
102,8,1011,1015,1019,1023,1027,1031,1035,1039;                      1043P   1507
102,8,1013,1017,1021,1025,1029,1033,1037,1041;                      1045P   1508
142,1,1009,1043,1045,1;                                             1047P   1509
144,1009,1,0,1047;                                                  1049P   1510
110,3.,1.75,24.75,1003.,1.75,24.75;                                 1051P   1511
110,3.,1.75,24.5,16.,1.75,24.5;                                     1053P   1512
120,1051,1053,0.,6.28318530717959;                                  1055P   1513
126,1,1,1,0,1,0,0.,0.,1.,1.,1.,1.,0.999999999,1.570796327,0.,       1057P   1514
0.,1.570796327,0.,0.,1.,0.,0.,1.;                                   1057P   1515
110,15.999999991,2.,24.75,3.,2.,24.75;                              1059P   1516
126,1,1,1,0,1,0,0.,0.,1.,1.,1.,1.,0.,1.570796327,0.,0.,             1061P   1517
3.141592654,0.,0.,1.,0.,0.,1.;                                      1061P   1518
124,-2.66385448281304E-026,-6.12303176911189E-017,1.,-21.75,1.,     1063P   1519
-4.3505481977916E-010,0.,-1.24999999923865,                         1063P   1520
4.3505481977916E-010,1.,6.12303176911189E-017,22.9999999986948;     1063P   1521
100,24.75,3.,1.75,3.25,1.75,3.,2.;                                  1065P   1522
126,1,1,1,0,1,0,0.,0.,1.,1.,1.,1.,0.,3.141592654,0.,1.,             1067P   1523
3.141592654,0.,0.,1.,0.,0.,1.;                                      1067P   1524
110,3.,1.75,25.,16.,1.75,25.;                                       1069P   1525
126,1,1,1,0,1,0,0.,0.,1.,1.,1.,1.,1.,3.141592653,0.,1.,             1071P   1526
1.570796327,0.,0.,1.,0.,0.,1.;                                      1071P   1527
124,6.12303176911189E-017,0.,-1.,40.75,0.,1.,0.,0.,1.,0.,           1073P   1528
6.12303176911189E-017,8.75;                                         1073P   1529
100,24.75,16.,1.75,16.25,1.75,16.,2.;                               1075P   1530
102,4,1057,1061,1067,1071;                                          1077P   1531
102,4,1059,1065,1069,1075;                                          1079P   1532
142,1,1055,1077,1079,1;                                             1081P   1533
144,1055,1,0,1081;                                                  1083P   1534
110,3.,3.,24.75,3.,3.,-975.25;                                      1085P   1535
110,2.,3.,24.75,2.,3.,0.25;                                         1087P   1536
120,1085,1087,0.,6.28318530717959;                                  1089P   1537
126,1,1,1,0,1,0,0.,0.,1.,1.,1.,1.,1.,6.283185307,0.,1.,             1091P   1538
4.71238898,0.,0.,1.,0.,0.,1.;                                       1091P   1539
100,0.25,3.,3.,2.,3.,3.,2.;                                         1093P   1540
126,1,1,1,0,1,0,0.,0.,1.,1.,1.,1.,1.,4.71238898,0.,0.,              1095P   1541
4.71238898,0.,0.,1.,0.,0.,1.;                                       1095P   1542
110,3.,2.,0.25,3.,2.,24.75;                                         1097P   1543
126,1,1,1,0,1,0,0.,0.,1.,1.,1.,1.,0.,4.71238898,0.,0.,              1099P   1544
6.283185307,0.,0.,1.,0.,0.,1.;                                      1099P   1545
124,1.79572230843219E-010,-1.,2.17513507180168E-010,                1101P   1546
5.99999999407782,-1.,-1.79572230843217E-010,                        1101P   1547
6.98298625345049E-015,6.00000000053854,-6.98294719406477E-015,      1101P   1548
-2.17513507180169E-010,-1.,49.5000000010876;                        1101P   1549
100,24.75,3.,3.,4.,3.,3.,4.;                                        1103P   1550
126,1,1,1,0,1,0,0.,0.,1.,1.,1.,1.,0.,6.283185307,0.,1.,             1105P   1551
6.283185307,0.,0.,1.,0.,0.,1.;                                      1105P   1552
110,2.,3.,24.75,2.,3.,0.25;                                         1107P   1553
102,4,1091,1095,1099,1105;                                          1109P   1554
102,4,1093,1097,1103,1107;                                          1111P   1555
142,1,1089,1109,1111,1;                                             1113P   1556
144,1089,1,0,1113;                                                  1115P   1557
110,16.,1.75,0.25,-984.,1.75,0.25;                                  1117P   1558
110,16.,1.75,0.5,3.,1.75,0.5;                                       1119P   1559
120,1117,1119,0.,6.28318530717959;                                  1121P   1560
126,1,1,1,0,1,0,0.,0.,1.,1.,1.,1.,0.,3.141592654,0.,1.,             1123P   1561
3.141592654,0.,0.,1.,0.,0.,1.;                                      1123P   1562
110,16.,1.75,0.,3.,1.75,0.;                                         1125P   1563
126,1,1,1,0,1,0,0.,0.,1.,1.,1.,1.,1.,3.141592654,0.,1.,             1127P   1564
1.570796327,0.,0.,1.,0.,0.,1.;                                      1127P   1565
124,6.12303176911189E-017,-8.55138541655932E-031,1.,2.75,           1129P   1566
1.39659334444375E-014,1.,0.,-4.1919836742468E-014,-1.,              1129P   1567
1.39659334444375E-014,6.12303176911189E-017,3.24999999999997;       1129P   1568
100,0.25,3.,1.75,3.25,1.75,3.,2.;                                   1131P   1569
126,1,1,1,0,1,0,0.,0.,1.,1.,1.,1.,1.,1.570796327,0.,1E-009,         1133P   1570
1.570796327,0.,0.,1.,0.,0.,1.;                                      1133P   1571
110,3.,2.,0.25,15.999999991,2.,0.25;                                1135P   1572
126,1,1,1,0,1,0,0.,0.,1.,1.,1.,1.,0.,1.570796327,0.,0.,             1137P   1573
3.141592653,0.,0.,1.,0.,0.,1.;                                      1137P   1574
124,-1.2558330553868E-026,-6.12303176911189E-017,-1.,16.25,1.,      1139P   1575
-2.05099875803675E-010,0.,-14.2499999996411,                        1139P   1576
-2.05099875803675E-010,-1.,6.12303176911189E-017,                   1139P   1577
2.0000000032816;                                                    1139P   1578
100,0.25,16.,1.75,16.25,1.75,16.,2.;                                1141P   1579
102,4,1123,1127,1133,1137;                                          1143P   1580
102,4,1125,1131,1135,1141;                                          1145P   1581
142,1,1121,1143,1145,1;                                             1147P   1582
144,1121,1,0,1147;                                                  1149P   1583
128,3,3,3,3,0,0,0,0,0,0.0631414568023571,0.0631414568023571,        1151P   1584
0.0631414568023571,0.0631414568023571,0.936858543076234,            1151P   1585
0.936858543076234,0.936858543076234,0.936858543076234,0.,0.,0.,     1151P   1586
0.,1.,1.,1.,1.,0.95657830229275,0.769794770379677,                  1151P   1587
0.769794770353722,0.956578302214885,0.318859434097583,              1151P   1588
0.256598256793226,0.256598256784574,0.318859434071628,              1151P   1589
0.318859434097583,0.256598256793226,0.256598256784574,              1151P   1590
0.318859434071628,0.95657830229275,0.769794770379677,               1151P   1591
0.769794770353722,0.956578302214885,16.,1.75,0.,16.,                1151P   1592
1.896446609,0.,16.,2.,0.103553391,16.,2.,0.25,41.,1.75,0.,41.,      1151P   1593
1.896446609,0.,40.792893219,2.,0.103553391,40.5,2.,0.25,41.,        1151P   1594
1.75,25.,41.,1.896446609,25.,40.792893219,2.,24.896446609,40.5,     1151P   1595
2.,24.75,16.,1.75,25.,16.,1.896446609,25.,16.,2.,24.896446609,      1151P   1596
16.,2.,24.75,0.0631414568023571,0.936858543076234,0.,1.;            1151P   1597
126,1,1,1,0,1,0,0.,0.,1.,1.,1.,1.,0.063141457,0.,0.,                1153P   1598
0.936858543,0.,0.,0.,1.,0.,0.,1.;                                   1153P   1599
124,6.12303176911189E-017,0.,1.,15.75,0.,1.,0.,0.,-1.,0.,           1155P   1600
6.12303176911189E-017,16.25;                                        1155P   1601
100,0.25,16.,1.75,16.25,1.75,16.,2.;                                1157P   1602
126,1,1,1,0,1,0,0.,0.,1.,1.,1.,1.,0.936858543,0.,0.,                1159P   1603
0.936858543,1.,0.,0.,1.,0.,0.,1.;                                   1159P   1604
126,3,3,1,0,0,0,0.,0.,0.,0.,1.,1.,1.,1.,0.956578302214885,          1161P   1605
0.318859434071628,0.318859434071628,0.956578302214885,16.,2.,       1161P   1606
0.25,40.5,2.,0.25,40.5,2.,24.75,16.,2.,24.75,0.,1.,0.,1.,0.;        1161P   1607
126,1,1,1,0,1,0,0.,0.,1.,1.,1.,1.,0.936858543,1.,0.,                1163P   1608
0.063141457,1.,0.,0.,1.,0.,0.,1.;                                   1163P   1609
124,-1.25591734972935E-026,-6.12303176911189E-017,1.,-8.75,1.,      1165P   1610
-2.0511364256918E-010,0.,-14.2499999996411,                         1165P   1611
2.0511364256918E-010,1.,6.12303176911189E-017,22.9999999967182;     1165P   1612
100,24.75,16.,1.75,16.25,1.75,16.,2.;                               1167P   1613
126,1,1,1,0,1,0,0.,0.,1.,1.,1.,1.,0.063141457,1.,0.,                1169P   1614
0.063141457,0.,0.,0.,1.,0.,0.,1.;                                   1169P   1615
124,1.40445109968882E-014,1.,1.73472347595834E-017,                 1171P   1616
14.2499999997823,-6.12303176911191E-017,-1.73472347595825E-017,     1171P   1617
1.,-10.7499999997825,1.,-1.40445109968882E-014,                     1171P   1618
6.12303176911189E-017,-3.49999999999998;                            1171P   1619
100,12.5,16.,1.75,28.5,1.75,3.5,1.75;                               1173P   1620
102,4,1153,1159,1163,1169;                                          1175P   1621
102,4,1157,1161,1167,1173;                                          1177P   1622
142,1,1151,1175,1177,1;                                             1179P   1623
144,1151,1,0,1179;                                                  1181P   1624
110,2.,2.,0.25,2.,2.,1000.25;                                       1183P   1625
110,4.,2.,0.25,4.,2.,24.75;                                         1185P   1626
120,1183,1185,0.,6.28318530717959;                                  1187P   1627
126,1,1,1,0,1,0,0.,0.,1.,1.,1.,1.,0.,3.141592654,0.,0.,             1189P   1628
4.71238898,0.,0.,1.,0.,0.,1.;                                       1189P   1629
100,0.25,2.,2.,0.,2.,2.,0.;                                         1191P   1630
126,1,1,1,0,1,0,0.,0.,1.,1.,1.,1.,0.,4.71238898,0.,1.,              1193P   1631
4.71238898,0.,0.,1.,0.,0.,1.;                                       1193P   1632
110,2.,0.,0.25,2.,0.,24.75;                                         1195P   1633
126,1,1,1,0,1,0,0.,0.,1.,1.,1.,1.,1.,4.71238898,0.,1.,              1197P   1634
3.141592654,0.,0.,1.,0.,0.,1.;                                      1197P   1635
124,4.10192874973755E-010,-1.,-1.43223100099464E-024,               1199P   1636
3.99999999917961,-1.,-4.10192874973755E-010,                        1199P   1637
6.98296672221876E-015,4.00000000082021,-6.98296672221876E-015,      1199P   1638
-1.43213219463834E-024,-1.,49.5;                                    1199P   1639
100,24.75,2.,2.,4.,2.000000001,2.,4.;                               1201P   1640
126,1,1,1,0,1,0,0.,0.,1.,1.,1.,1.,1.,3.141592654,0.,0.,             1203P   1641
3.141592654,0.,0.,1.,0.,0.,1.;                                      1203P   1642
110,0.,2.,24.75,0.,2.,0.25;                                         1205P   1643
102,4,1189,1193,1197,1203;                                          1207P   1644
102,4,1191,1195,1201,1205;                                          1209P   1645
142,1,1187,1207,1209,1;                                             1211P   1646
144,1187,1,0,1211;                                                  1213P   1647
110,2.,0.25,0.25,1002.,0.25,0.25;                                   1215P   1648
110,2.,0.25,0.,16.,0.25,0.;                                         1217P   1649
120,1215,1217,0.,6.28318530717959;                                  1219P   1650
126,1,1,1,0,1,0,0.,0.,1.,1.,1.,1.,1.,4.71238898,0.,0.,              1221P   1651
4.71238898,0.,0.,1.,0.,0.,1.;                                       1221P   1652
110,16.000000005,0.,0.25,2.,0.,0.25;                                1223P   1653
126,1,1,1,0,1,0,0.,0.,1.,1.,1.,1.,0.,4.71238898,0.,0.,              1225P   1654
6.283185307,0.,0.,1.,0.,0.,1.;                                      1225P   1655
124,8.58887693460487E-031,6.12303176911189E-017,1.,1.75,-1.,        1227P   1656
1.40271637621286E-014,0.,2.25,-1.40271637621286E-014,-1.,           1227P   1657
6.12303176911189E-017,0.500000000000028;                            1227P   1658
100,0.25,2.,0.25,2.25,0.25,2.,0.5;                                  1229P   1659
126,1,1,1,0,1,0,0.,0.,1.,1.,1.,1.,0.,6.283185307,0.,1.,             1231P   1660
6.283185307,0.,0.,1.,0.,0.,1.;                                      1231P   1661
110,2.,0.25,0.,16.,0.25,0.;                                         1233P   1662
126,1,1,1,0,1,0,0.,0.,1.,1.,1.,1.,1.,6.283185307,0.,1.,             1235P   1663
4.71238898,0.,0.,1.,0.,0.,1.;                                       1235P   1664
124,-6.12303176911189E-017,8.62636845265042E-031,-1.,16.25,         1237P   1665
-1.40883940798198E-014,-1.,0.,0.500000000000225,-1.,                1237P   1666
1.40883940798198E-014,6.12303176911189E-017,16.25;                  1237P   1667
100,0.25,16.,0.25,16.25,0.25,16.,0.5;                               1239P   1668
102,4,1221,1225,1231,1235;                                          1241P   1669
102,4,1223,1229,1233,1239;                                          1243P   1670
142,1,1219,1241,1243,1;                                             1245P   1671
144,1219,1,0,1245;                                                  1247P   1672
128,3,3,3,3,0,0,0,0,0,0.0631414562248989,0.0631414562248989,        1249P   1673
0.0631414562248989,0.0631414562248989,0.936858543426484,            1249P   1674
0.936858543426484,0.936858543426484,0.936858543426484,0.,0.,0.,     1249P   1675
0.,1.,1.,1.,1.,0.956578302663097,0.7697947703048,                   1249P   1676
0.769794770230273,0.956578302439515,0.318859434221032,              1249P   1677
0.256598256768267,0.256598256743425,0.318859434146505,              1249P   1678
0.318859434221032,0.256598256768267,0.256598256743425,              1249P   1679
0.318859434146505,0.956578302663097,0.7697947703048,                1249P   1680
0.769794770230273,0.956578302439515,16.,0.,0.25,16.,0.,             1249P   1681
0.103553391,16.,0.103553391,0.,16.,0.25,0.,40.5,0.,0.25,            1249P   1682
40.792893219,0.,0.103553391,41.,0.103553391,0.,41.,0.25,0.,         1249P   1683
40.5,0.,24.75,40.792893219,0.,24.896446609,41.,0.103553391,25.,     1249P   1684
41.,0.25,25.,16.,0.,24.75,16.,0.,24.896446609,16.,0.103553391,      1249P   1685
25.,16.,0.25,25.,0.0631414562248989,0.936858543426484,0.,1.;        1249P   1686
126,1,1,1,0,1,0,0.,0.,1.,1.,1.,1.,0.936858543,1.,0.,                1251P   1687
0.063141456,1.,0.,0.,1.,0.,0.,1.;                                   1251P   1688
124,-6.12303176911189E-017,8.62636845265042E-031,1.,-8.75,          1253P   1689
-1.40883940798198E-014,-1.,0.,0.500000000000225,1.,                 1253P   1690
-1.40883940798198E-014,6.12303176911189E-017,8.75;                  1253P   1691
100,24.75,16.,0.25,16.25,0.25,16.,0.5;                              1255P   1692
126,1,1,1,0,1,0,0.,0.,1.,1.,1.,1.,0.063141456,1.,0.,                1257P   1693
0.063141456,0.,0.,0.,1.,0.,0.,1.;                                   1257P   1694
126,64,3,1,0,1,0,0.,0.,0.,0.,0.0312499999999992,                    1259P   1695
0.046874999999999,0.046874999999999,0.0624999999999988,             1259P   1696
0.0624999999999988,0.0937499999999983,0.109374999999998,            1259P   1697
0.109374999999998,0.124999999999998,0.124999999999998,              1259P   1698
0.156249999999998,0.171874999999997,0.171874999999997,              1259P   1699
0.187499999999997,0.187499999999997,0.218749999999997,              1259P   1700
0.234374999999997,0.234374999999997,0.249999999999997,              1259P   1701
0.249999999999997,0.281249999999996,0.296874999999996,              1259P   1702
0.296874999999996,0.312499999999997,0.312499999999997,              1259P   1703
0.374999999999997,0.374999999999997,0.437499999999997,              1259P   1704
0.437499999999997,0.499999999999998,0.499999999999998,              1259P   1705
0.562499999999998,0.562499999999998,0.624999999999998,              1259P   1706
0.624999999999998,0.656249999999999,0.656249999999999,              1259P   1707
0.671874999999999,0.671874999999999,0.687499999999999,              1259P   1708
0.687499999999999,0.718749999999999,0.734374999999999,              1259P   1709
0.734374999999999,0.749999999999999,0.749999999999999,              1259P   1710
0.781249999999999,0.796874999999999,0.796874999999999,              1259P   1711
0.812499999999999,0.812499999999999,0.843749999999999,              1259P   1712
0.859374999999999,0.859374999999999,0.874999999999999,              1259P   1713
0.874999999999999,0.906249999999999,0.921874999999999,              1259P   1714
0.921874999999999,0.9375,0.9375,1.,1.,1.,1.,1.,1.,1.,1.,1.,1.,      1259P   1715
1.,1.,1.,1.,1.,1.,1.,1.,1.,1.,1.,1.,1.,1.,1.,1.,1.,1.,1.,1.,1.,     1259P   1716
1.,1.,1.,1.,1.,1.,1.,1.,1.,1.,1.,1.,1.,1.,1.,1.,1.,1.,1.,1.,1.,     1259P   1717
1.,1.,1.,1.,1.,1.,1.,1.,1.,1.,1.,1.,1.,1.,1.,1.,1.,16.,0.,          1259P   1718
24.75,16.272473566,0.,24.749977757,16.680092014,0.,                 1259P   1719
24.736410189,17.086072613,0.,24.702541318,17.356362379,0.,          1259P   1720
24.67545067,17.473298212,0.,24.662064748,17.931722159,0.,           1259P   1721
24.600649265,18.386420858,0.,24.522242409,18.835531686,0.,          1259P   1722
24.418348492,19.133697155,0.,24.34342209,19.263112297,0.,           1259P   1723
24.308683149,19.763775406,0.,24.162633702,20.256354152,0.,          1259P   1724
23.996013473,20.736806352,0.,23.798537071,21.054413031,0.,          1259P   1725
23.660029209,21.193122839,0.,23.596486509,21.717686907,0.,          1259P   1726
23.340734847,22.22772175,0.,23.061454521,22.715962756,0.,           1259P   1727
22.746881201,23.036613684,0.,22.529322766,23.178005911,0.,          1259P   1728
22.429006975,23.693988178,0.,22.04198605,24.186910818,0.,           1259P   1729
21.630324902,24.645244019,0.,21.181703421,24.943112944,0.,          1259P   1730
20.874409027,25.07914094,0.,20.727040937,25.830696516,0.,           1259P   1731
19.865808856,26.349648751,0.,19.125746217,27.267998308,0.,          1259P   1732
17.403665547,27.62360745,0.,16.497852709,28.122546396,0.,           1259P   1733
14.532916522,28.250045866,0.,13.521565232,28.249954134,0.,          1259P   1734
11.478434768,28.118823244,0.,10.452062262,27.627330602,0.,          1259P   1735
8.517168508,27.254759568,0.,7.571339106,26.58585551,0.,             1259P   1736
6.317271623,26.330638199,0.,5.900763555,25.940107947,0.,            1259P   1737
5.336984771,25.804950185,0.,5.153046177,25.524672637,0.,            1259P   1738
4.793144326,25.370828507,0.,4.60718529,24.946699151,0.,             1259P   1739
4.121245858,24.499702966,0.,3.660125457,24.018406538,0.,            1259P   1740
3.236233603,23.689919976,0.,2.961912043,23.505628723,0.,            1259P   1741
2.816711221,23.038742554,0.,2.466577558,22.55754666,0.,             1259P   1742
2.140106233,22.05488618,0.,1.849128413,21.715009285,0.,             1259P   1743
1.663030645,21.524244462,0.,1.564936228,21.05544366,0.,             1259P   1744
1.336419678,20.578796068,0.,1.128565897,20.090378291,0.,            1259P   1745
0.951706271,19.762150843,0.,0.840687443,19.578008067,0.,            1259P   1746
0.783162307,19.133983865,0.,0.653675385,18.686485039,0.,            1259P   1747
0.541232808,18.233774275,0.,0.454356751,17.930808891,0.,            1259P   1748
0.402120829,17.760972444,0.,0.376463811,17.086641198,0.,            1259P   1749
0.286180152,16.5446058,0.,0.250044459,16.,0.,0.25,0.,1.,0.,-1.,     1259P   1750
0.;                                                                 1259P   1751
126,1,1,1,0,1,0,0.,0.,1.,1.,1.,1.,0.063141456,0.,0.,                1261P   1752
0.936858543,0.,0.,0.,1.,0.,0.,1.;                                   1261P   1753
124,-2.35531557578618E-026,6.12303176911189E-017,1.,15.75,-1.,      1263P   1754
-3.84664928192559E-010,0.,16.2500000000962,                         1263P   1755
3.84664928192559E-010,-1.,6.12303176911189E-017,                    1263P   1756
0.499999993845361;                                                  1263P   1757
100,0.25,16.,0.25,16.25,0.25,16.,0.5;                               1265P   1758
126,1,1,1,0,1,0,0.,0.,1.,1.,1.,1.,0.936858543,0.,0.,                1267P   1759
0.936858543,1.,0.,0.,1.,0.,0.,1.;                                   1267P   1760
124,1.40293321664736E-014,1.,-2.16840434494792E-018,                1269P   1761
15.7500000002173,-6.12303176911189E-017,-2.16840434494706E-018,     1269P   1762
-1.,12.7499999997825,-1.,1.40293321664736E-014,                     1269P   1763
6.12303176911189E-017,28.5;                                         1269P   1764
100,12.5,16.,0.25,28.5,0.25,3.5,0.25;                               1271P   1765
102,4,1251,1257,1261,1267;                                          1273P   1766
102,4,1255,1259,1265,1271;                                          1275P   1767
142,1,1249,1273,1275,1;                                             1277P   1768
144,1249,1,0,1277;                                                  1279P   1769
110,16.,0.25,24.75,-984.,0.25,24.75;                                1281P   1770
110,16.,0.25,25.,2.,0.25,25.;                                       1283P   1771
120,1281,1283,0.,6.28318530717959;                                  1285P   1772
126,1,1,1,0,1,0,0.,0.,1.,1.,1.,1.,0.,6.283185307,0.,1.,             1287P   1773
6.283185307,0.,0.,1.,0.,0.,1.;                                      1287P   1774
110,16.,0.25,25.,2.,0.25,25.;                                       1289P   1775
126,1,1,1,0,1,0,0.,0.,1.,1.,1.,1.,1.,6.283185307,0.,1.,             1291P   1776
4.71238898,0.,0.,1.,0.,0.,1.;                                       1291P   1777
124,-6.12303176911189E-017,8.62636845265042E-031,1.,-22.75,         1293P   1778
-1.40883940798198E-014,-1.,0.,0.500000000000028,1.,                 1293P   1779
-1.40883940798198E-014,6.12303176911189E-017,22.75;                 1293P   1780
100,24.75,2.,0.25,2.25,0.25,2.,0.5;                                 1295P   1781
126,1,1,1,0,1,0,0.,0.,1.,1.,1.,1.,1.,4.71238898,0.,0.,              1297P   1782
4.71238898,0.,0.,1.,0.,0.,1.;                                       1297P   1783
110,2.,0.,24.75,16.000000005,0.,24.75;                              1299P   1784
126,1,1,1,0,1,0,0.,0.,1.,1.,1.,1.,0.,4.71238898,0.,0.,              1301P   1785
6.283185307,0.,0.,1.,0.,0.,1.;                                      1301P   1786
124,-2.35531557578618E-026,6.12303176911189E-017,-1.,40.75,-1.,     1303P   1787
-3.84664928192559E-010,0.,16.2500000000962,                         1303P   1788
-3.84664928192559E-010,1.,6.12303176911189E-017,                    1303P   1789
24.5000000061546;                                                   1303P   1790
100,24.75,16.,0.25,16.25,0.25,16.,0.5;                              1305P   1791
102,4,1287,1291,1297,1301;                                          1307P   1792
102,4,1289,1295,1299,1305;                                          1309P   1793
142,1,1285,1307,1309,1;                                             1311P   1794
144,1285,1,0,1311;                                                  1313P   1795
128,1,1,1,1,0,0,1,0,0,0.,0.,1.,1.,0.,0.,1.,1.,1.,1.,1.,1.,3.,       1315P   1796
2.,24.75,3.,2.,0.25,28.401517278,2.,24.75,28.401517278,2.,0.25,     1315P   1797
0.,1.,0.,1.;                                                        1315P   1798
126,44,2,1,0,1,0,0.,0.,0.,0.0625,0.0625,0.125,0.125,0.1875,         1317P   1799
0.1875,0.25,0.25,0.3125,0.3125,0.34375,0.34375,0.375,0.375,         1317P   1800
0.40625,0.40625,0.4375,0.4375,0.46875,0.46875,0.5,0.5,0.53125,      1317P   1801
0.53125,0.5625,0.5625,0.59375,0.59375,0.625,0.625,0.65625,          1317P   1802
0.65625,0.6875,0.6875,0.75,0.75,0.8125,0.8125,0.875,0.875,          1317P   1803
0.9375,0.9375,1.,1.,1.,1.,1.,1.,1.,1.,1.,1.,1.,1.,1.,1.,1.,1.,      1317P   1804
1.,1.,1.,1.,1.,1.,1.,1.,1.,1.,1.,1.,1.,1.,1.,1.,1.,1.,1.,1.,1.,     1317P   1805
1.,1.,1.,1.,1.,1.,1.,1.,1.,1.,1.,1.,0.511780452,0.,0.999997276,     1317P   1806
0.543960447,0.,0.995575221,0.575796557,0.,0.990561712,              1317P   1807
0.611890775,0.,0.98,0.646811756,0.,0.968077596,0.686231693,0.,      1317P   1808
0.949438202,0.723105527,0.,0.928560516,0.764407317,0.,0.9,          1317P   1809
0.801133246,0.,0.868406455,0.841759345,0.,0.828767123,              1317P   1810
0.875123002,0.,0.807675725,0.892875223,0.,0.784697509,              1317P   1811
0.908224672,0.,0.760851798,0.924153607,0.,0.735294118,              1317P   1812
0.937299267,0.,0.70893574,0.950856768,0.,0.681132075,               1317P   1813
0.961278189,0.,0.652650867,0.971953569,0.,0.623076923,              1317P   1814
0.979196504,0.,0.593001369,0.986562289,0.,0.562256809,              1317P   1815
0.990282155,0.,0.531227595,0.994036461,0.,0.5,0.994035109,0.,       1317P   1816
0.468727595,0.994033755,0.,0.437743191,0.990282155,0.,              1317P   1817
0.406954858,0.986554295,0.,0.376923077,0.979196504,0.,              1317P   1818
0.347307356,0.971940649,0.,0.318867925,0.961278189,0.,              1317P   1819
0.291025293,0.950839481,0.,0.264705882,0.937299267,0.,              1317P   1820
0.239112668,0.924132651,0.,0.215302491,0.908224672,0.,              1317P   1821
0.192291112,0.892850384,0.,0.171232877,0.875123002,0.,              1317P   1822
0.131564352,0.841728984,0.,0.1,0.801133246,0.,0.07141766,           1317P   1823
0.764372752,0.,0.050561798,0.723105527,0.,0.031907386,              1317P   1824
0.686194283,0.,0.02,0.646811756,0.,0.009429639,0.611851309,0.,      1317P   1825
0.004424779,0.575796557,0.,2.722E-006,0.543940291,0.,0.,            1317P   1826
0.511780452,0.,0.,1.,0.,0.,-1.;                                     1317P   1827
126,3,3,1,0,0,0,0.,0.,0.,0.,1.,1.,1.,1.,0.956578302214885,          1319P   1828
0.318859434071628,0.318859434071628,0.956578302214885,16.,2.,       1319P   1829
0.25,40.5,2.,0.25,40.5,2.,24.75,16.,2.,24.75,0.,1.,0.,1.,0.;        1319P   1830
126,1,1,1,0,1,0,0.,0.,1.,1.,1.,1.,0.,0.511780452,0.,0.,0.,0.,       1321P   1831
0.,1.,0.,0.,1.;                                                     1321P   1832
110,15.999999991,2.,24.75,3.,2.,24.75;                              1323P   1833
126,1,1,1,0,1,0,0.,0.,1.,1.,1.,1.,0.,0.,0.,1.,0.,0.,0.,1.,0.,       1325P   1834
0.,1.;                                                              1325P   1835
110,3.,2.,24.75,3.,2.,0.25;                                         1327P   1836
126,1,1,1,0,1,0,0.,0.,1.,1.,1.,1.,1.,0.,0.,1.,0.511780452,0.,       1329P   1837
0.,1.,0.,0.,1.;                                                     1329P   1838
110,3.,2.,0.25,15.999999991,2.,0.25;                                1331P   1839
102,4,1317,1321,1325,1329;                                          1333P   1840
102,4,1319,1323,1327,1331;                                          1335P   1841
142,1,1315,1333,1335,1;                                             1337P   1842
126,32,2,1,0,1,0,0.,0.,0.,0.0625,0.0625,0.125,0.125,0.1875,         1339P   1843
0.1875,0.25,0.25,0.3125,0.3125,0.375,0.375,0.4375,0.4375,0.5,       1339P   1844
0.5,0.5625,0.5625,0.625,0.625,0.6875,0.6875,0.75,0.75,0.8125,       1339P   1845
0.8125,0.875,0.875,0.9375,0.9375,1.,1.,1.,1.,1.,1.,1.,1.,1.,1.,     1339P   1846
1.,1.,1.,1.,1.,1.,1.,1.,1.,1.,1.,1.,1.,1.,1.,1.,1.,1.,1.,1.,1.,     1339P   1847
1.,1.,1.,1.,1.,0.275510204,0.511780452,0.,0.275510204,              1339P   1848
0.505964378,0.,0.274333793,0.500260058,0.,0.273157381,              1339P   1849
0.494555739,0.,0.270849767,0.489182387,0.,0.268542153,              1339P   1850
0.483809035,0.,0.265192017,0.478973146,0.,0.261841881,              1339P   1851
0.474137257,0.,0.257577966,0.470024672,0.,0.253314052,              1339P   1852
0.465912087,0.,0.248300218,0.462680849,0.,0.243286385,              1339P   1853
0.459449611,0.,0.237715312,0.457223896,0.,0.232144239,              1339P   1854
0.454998181,0.,0.22623002,0.453863521,0.,0.2203158,0.452728862,     1339P   1855
0.,0.214285714,0.452728862,0.,0.208255628,0.452728862,0.,           1339P   1856
0.202341409,0.453863521,0.,0.196427189,0.454998181,0.,              1339P   1857
0.190856116,0.457223896,0.,0.185285043,0.459449611,0.,              1339P   1858
0.18027121,0.462680849,0.,0.175257377,0.465912087,0.,               1339P   1859
0.170993462,0.470024672,0.,0.166729548,0.474137257,0.,              1339P   1860
0.163379411,0.478973146,0.,0.160029275,0.483809035,0.,              1339P   1861
0.157721661,0.489182387,0.,0.155414047,0.494555739,0.,              1339P   1862
0.154237636,0.500260058,0.,0.153061224,0.505964378,0.,              1339P   1863
0.153061224,0.511780452,0.,0.,1.,0.,0.,1.;                          1339P   1864
124,6.12303176911189E-017,-1.,0.,18.,6.12303176911189E-017,         1341P   1865
3.74915180455534E-033,1.,-17.5,-1.,-6.12303176911189E-017,          1341P   1866
6.12303176911189E-017,35.5;                                         1341P   1867
100,19.5,16.,2.,17.5,2.,14.5,2.;                                    1343P   1868
126,32,2,1,0,1,0,0.,0.,0.,0.0625,0.0625,0.125,0.125,0.1875,         1345P   1869
0.1875,0.25,0.25,0.3125,0.3125,0.375,0.375,0.4375,0.4375,0.5,       1345P   1870
0.5,0.5625,0.5625,0.625,0.625,0.6875,0.6875,0.75,0.75,0.8125,       1345P   1871
0.8125,0.875,0.875,0.9375,0.9375,1.,1.,1.,1.,1.,1.,1.,1.,1.,1.,     1345P   1872
1.,1.,1.,1.,1.,1.,1.,1.,1.,1.,1.,1.,1.,1.,1.,1.,1.,1.,1.,1.,1.,     1345P   1873
1.,1.,1.,1.,1.,0.153061224,0.511780452,0.,0.153061224,              1345P   1874
0.517596526,0.,0.154237636,0.523300846,0.,0.155414047,              1345P   1875
0.529005166,0.,0.157721661,0.534378518,0.,0.160029275,              1345P   1876
0.539751869,0.,0.163379411,0.544587758,0.,0.166729548,              1345P   1877
0.549423647,0.,0.170993462,0.553536232,0.,0.175257377,              1345P   1878
0.557648818,0.,0.18027121,0.560880055,0.,0.185285043,               1345P   1879
0.564111293,0.,0.190856116,0.566337008,0.,0.196427189,              1345P   1880
0.568562723,0.,0.202341409,0.569697383,0.,0.208255628,              1345P   1881
0.570832043,0.,0.214285714,0.570832043,0.,0.2203158,                1345P   1882
0.570832043,0.,0.22623002,0.569697383,0.,0.232144239,               1345P   1883
0.568562723,0.,0.237715312,0.566337008,0.,0.243286385,              1345P   1884
0.564111293,0.,0.248300218,0.560880055,0.,0.253314052,              1345P   1885
0.557648818,0.,0.257577966,0.553536232,0.,0.261841881,              1345P   1886
0.549423647,0.,0.265192017,0.544587758,0.,0.268542153,              1345P   1887
0.539751869,0.,0.270849767,0.534378518,0.,0.273157381,              1345P   1888
0.529005166,0.,0.274333793,0.523300846,0.,0.275510204,              1345P   1889
0.517596526,0.,0.275510204,0.511780452,0.,0.,1.,0.,0.,1.;           1345P   1890
124,1.40271637621286E-014,1.,0.,13.9999999999998,                   1347P   1891
-6.12303176911189E-017,8.58887693460487E-031,1.,-17.5,1.,           1347P   1892
-1.40271637621286E-014,6.12303176911189E-017,3.50000000000003;      1347P   1893
100,19.5,16.,2.,17.5,2.,14.5,2.;                                    1349P   1894
102,2,1339,1345;                                                    1351P   1895
102,2,1343,1349;                                                    1353P   1896
142,1,1315,1351,1353,1;                                             1355P   1897
126,32,2,1,0,1,0,0.,0.,0.,0.0625,0.0625,0.125,0.125,0.1875,         1357P   1898
0.1875,0.25,0.25,0.3125,0.3125,0.375,0.375,0.4375,0.4375,0.5,       1357P   1899
0.5,0.5625,0.5625,0.625,0.625,0.6875,0.6875,0.75,0.75,0.8125,       1357P   1900
0.8125,0.875,0.875,0.9375,0.9375,1.,1.,1.,1.,1.,1.,1.,1.,1.,1.,     1357P   1901
1.,1.,1.,1.,1.,1.,1.,1.,1.,1.,1.,1.,1.,1.,1.,1.,1.,1.,1.,1.,1.,     1357P   1902
1.,1.,1.,1.,1.,0.846938776,0.511780452,0.,0.846938776,              1357P   1903
0.505964378,0.,0.845762364,0.500260058,0.,0.844585953,              1357P   1904
0.494555739,0.,0.842278339,0.489182387,0.,0.839970725,              1357P   1905
0.483809035,0.,0.836620589,0.478973146,0.,0.833270452,              1357P   1906
0.474137257,0.,0.829006538,0.470024672,0.,0.824742623,              1357P   1907
0.465912087,0.,0.81972879,0.462680849,0.,0.814714957,               1357P   1908
0.459449611,0.,0.809143884,0.457223896,0.,0.803572811,              1357P   1909
0.454998181,0.,0.797658591,0.453863521,0.,0.791744372,              1357P   1910
0.452728862,0.,0.785714286,0.452728862,0.,0.7796842,                1357P   1911
0.452728862,0.,0.77376998,0.453863521,0.,0.767855761,               1357P   1912
0.454998181,0.,0.762284688,0.457223896,0.,0.756713615,              1357P   1913
0.459449611,0.,0.751699782,0.462680849,0.,0.746685948,              1357P   1914
0.465912087,0.,0.742422034,0.470024672,0.,0.738158119,              1357P   1915
0.474137257,0.,0.734807983,0.478973146,0.,0.731457847,              1357P   1916
0.483809035,0.,0.729150233,0.489182387,0.,0.726842619,              1357P   1917
0.494555739,0.,0.725666207,0.500260058,0.,0.724489796,              1357P   1918
0.505964378,0.,0.724489796,0.511780452,0.,0.,1.,0.,0.,1.;           1357P   1919
124,6.12303176911189E-017,-1.,0.,18.,6.12303176911189E-017,         1359P   1920
3.74915180455534E-033,1.,-3.5,-1.,-6.12303176911189E-017,           1359P   1921
6.12303176911189E-017,21.5;                                         1359P   1922
100,5.5,16.,2.,17.5,2.,14.5,2.;                                     1361P   1923
126,32,2,1,0,1,0,0.,0.,0.,0.0625,0.0625,0.125,0.125,0.1875,         1363P   1924
0.1875,0.25,0.25,0.3125,0.3125,0.375,0.375,0.4375,0.4375,0.5,       1363P   1925
0.5,0.5625,0.5625,0.625,0.625,0.6875,0.6875,0.75,0.75,0.8125,       1363P   1926
0.8125,0.875,0.875,0.9375,0.9375,1.,1.,1.,1.,1.,1.,1.,1.,1.,1.,     1363P   1927
1.,1.,1.,1.,1.,1.,1.,1.,1.,1.,1.,1.,1.,1.,1.,1.,1.,1.,1.,1.,1.,     1363P   1928
1.,1.,1.,1.,1.,0.724489796,0.511780452,0.,0.724489796,              1363P   1929
0.517596526,0.,0.725666207,0.523300846,0.,0.726842619,              1363P   1930
0.529005166,0.,0.729150233,0.534378518,0.,0.731457847,              1363P   1931
0.539751869,0.,0.734807983,0.544587758,0.,0.738158119,              1363P   1932
0.549423647,0.,0.742422034,0.553536232,0.,0.746685948,              1363P   1933
0.557648818,0.,0.751699782,0.560880055,0.,0.756713615,              1363P   1934
0.564111293,0.,0.762284688,0.566337008,0.,0.767855761,              1363P   1935
0.568562723,0.,0.77376998,0.569697383,0.,0.7796842,0.570832043,     1363P   1936
0.,0.785714286,0.570832043,0.,0.791744372,0.570832043,0.,           1363P   1937
0.797658591,0.569697383,0.,0.803572811,0.568562723,0.,              1363P   1938
0.809143884,0.566337008,0.,0.814714957,0.564111293,0.,              1363P   1939
0.81972879,0.560880055,0.,0.824742623,0.557648818,0.,               1363P   1940
0.829006538,0.553536232,0.,0.833270452,0.549423647,0.,              1363P   1941
0.836620589,0.544587758,0.,0.839970725,0.539751869,0.,              1363P   1942
0.842278339,0.534378518,0.,0.844585953,0.529005166,0.,              1363P   1943
0.845762364,0.523300846,0.,0.846938776,0.517596526,0.,              1363P   1944
0.846938776,0.511780452,0.,0.,1.,0.,0.,1.;                          1363P   1945
124,1.40271637621286E-014,1.,0.,13.9999999999998,                   1365P   1946
-6.12303176911189E-017,8.58887693460487E-031,1.,-3.5,1.,            1365P   1947
-1.40271637621286E-014,6.12303176911189E-017,-10.5;                 1365P   1948
100,5.5,16.,2.,17.5,2.,14.5,2.;                                     1367P   1949
102,2,1357,1363;                                                    1369P   1950
102,2,1361,1367;                                                    1371P   1951
142,1,1315,1369,1371,1;                                             1373P   1952
126,32,2,1,0,1,0,0.,0.,0.,0.0625,0.0625,0.125,0.125,0.1875,         1375P   1953
0.1875,0.25,0.25,0.3125,0.3125,0.375,0.375,0.4375,0.4375,0.5,       1375P   1954
0.5,0.5625,0.5625,0.625,0.625,0.6875,0.6875,0.75,0.75,0.8125,       1375P   1955
0.8125,0.875,0.875,0.9375,0.9375,1.,1.,1.,1.,1.,1.,1.,1.,1.,1.,     1375P   1956
1.,1.,1.,1.,1.,1.,1.,1.,1.,1.,1.,1.,1.,1.,1.,1.,1.,1.,1.,1.,1.,     1375P   1957
1.,1.,1.,1.,1.,0.56122449,0.236206363,0.,0.56122449,                1375P   1958
0.230390289,0.,0.560048078,0.224685969,0.,0.558871667,              1375P   1959
0.218981649,0.,0.556564053,0.213608297,0.,0.554256439,              1375P   1960
0.208234945,0.,0.550906303,0.203399057,0.,0.547556167,              1375P   1961
0.198563168,0.,0.543292252,0.194450582,0.,0.539028337,              1375P   1962
0.190337997,0.,0.534014504,0.187106759,0.,0.529000671,              1375P   1963
0.183875522,0.,0.523429598,0.181649807,0.,0.517858525,              1375P   1964
0.179424091,0.,0.511944305,0.178289432,0.,0.506030086,              1375P   1965
0.177154772,0.,0.5,0.177154772,0.,0.493969914,0.177154772,0.,       1375P   1966
0.488055695,0.178289432,0.,0.482141475,0.179424091,0.,              1375P   1967
0.476570402,0.181649807,0.,0.470999329,0.183875522,0.,              1375P   1968
0.465985496,0.187106759,0.,0.460971663,0.190337997,0.,              1375P   1969
0.456707748,0.194450582,0.,0.452443833,0.198563168,0.,              1375P   1970
0.449093697,0.203399057,0.,0.445743561,0.208234945,0.,              1375P   1971
0.443435947,0.213608297,0.,0.441128333,0.218981649,0.,              1375P   1972
0.439951922,0.224685969,0.,0.43877551,0.230390289,0.,               1375P   1973
0.43877551,0.236206363,0.,0.,1.,0.,0.,1.;                           1375P   1974
124,6.12303176911189E-017,-1.,0.,11.,6.12303176911189E-017,         1377P   1975
3.74915180455534E-033,1.,-10.5,-1.,-6.12303176911189E-017,          1377P   1976
6.12303176911189E-017,21.5;                                         1377P   1977
100,12.5,9.,2.,10.5,2.,7.5,2.;                                      1379P   1978
126,32,2,1,0,1,0,0.,0.,0.,0.0625,0.0625,0.125,0.125,0.1875,         1381P   1979
0.1875,0.25,0.25,0.3125,0.3125,0.375,0.375,0.4375,0.4375,0.5,       1381P   1980
0.5,0.5625,0.5625,0.625,0.625,0.6875,0.6875,0.75,0.75,0.8125,       1381P   1981
0.8125,0.875,0.875,0.9375,0.9375,1.,1.,1.,1.,1.,1.,1.,1.,1.,1.,     1381P   1982
1.,1.,1.,1.,1.,1.,1.,1.,1.,1.,1.,1.,1.,1.,1.,1.,1.,1.,1.,1.,1.,     1381P   1983
1.,1.,1.,1.,1.,0.43877551,0.236206363,0.,0.43877551,                1381P   1984
0.242022437,0.,0.439951922,0.247726756,0.,0.441128333,              1381P   1985
0.253431076,0.,0.443435947,0.258804428,0.,0.445743561,              1381P   1986
0.26417778,0.,0.449093697,0.269013669,0.,0.452443833,               1381P   1987
0.273849557,0.,0.456707748,0.277962143,0.,0.460971663,              1381P   1988
0.282074728,0.,0.465985496,0.285305966,0.,0.470999329,              1381P   1989
0.288537203,0.,0.476570402,0.290762919,0.,0.482141475,              1381P   1990
0.292988634,0.,0.488055695,0.294123293,0.,0.493969914,              1381P   1991
0.295257953,0.,0.5,0.295257953,0.,0.506030086,0.295257953,0.,       1381P   1992
0.511944305,0.294123293,0.,0.517858525,0.292988634,0.,              1381P   1993
0.523429598,0.290762919,0.,0.529000671,0.288537203,0.,              1381P   1994
0.534014504,0.285305966,0.,0.539028337,0.282074728,0.,              1381P   1995
0.543292252,0.277962143,0.,0.547556167,0.273849557,0.,              1381P   1996
0.550906303,0.269013669,0.,0.554256439,0.26417778,0.,               1381P   1997
0.556564053,0.258804428,0.,0.558871667,0.253431076,0.,              1381P   1998
0.560048078,0.247726756,0.,0.56122449,0.242022437,0.,               1381P   1999
0.56122449,0.236206363,0.,0.,1.,0.,0.,1.;                           1381P   2000
124,1.40271637621286E-014,1.,0.,6.99999999999987,                   1383P   2001
-6.12303176911189E-017,8.58887693460487E-031,1.,-10.5,1.,           1383P   2002
-1.40271637621286E-014,6.12303176911189E-017,3.50000000000003;      1383P   2003
100,12.5,9.,2.,10.5,2.,7.5,2.;                                      1385P   2004
102,2,1375,1381;                                                    1387P   2005
102,2,1379,1385;                                                    1389P   2006
142,1,1315,1387,1389,1;                                             1391P   2007
126,32,2,1,0,1,0,0.,0.,0.,0.0625,0.0625,0.125,0.125,0.1875,         1393P   2008
0.1875,0.25,0.25,0.3125,0.3125,0.375,0.375,0.4375,0.4375,0.5,       1393P   2009
0.5,0.5625,0.5625,0.625,0.625,0.6875,0.6875,0.75,0.75,0.8125,       1393P   2010
0.8125,0.875,0.875,0.9375,0.9375,1.,1.,1.,1.,1.,1.,1.,1.,1.,1.,     1393P   2011
1.,1.,1.,1.,1.,1.,1.,1.,1.,1.,1.,1.,1.,1.,1.,1.,1.,1.,1.,1.,1.,     1393P   2012
1.,1.,1.,1.,1.,0.663265306,0.511780452,0.,0.663265306,              1393P   2013
0.496270921,0.,0.660128209,0.481059402,0.,0.656991112,              1393P   2014
0.465847883,0.,0.650837475,0.451518945,0.,0.644683837,              1393P   2015
0.437190006,0.,0.635750141,0.424294303,0.,0.626816444,              1393P   2016
0.411398599,0.,0.615446005,0.400431705,0.,0.604075566,              1393P   2017
0.389464811,0.,0.590705344,0.380848177,0.,0.577335122,              1393P   2018
0.372231543,0.,0.562478928,0.366296303,0.,0.547622733,              1393P   2019
0.360361063,0.,0.531851481,0.357335303,0.,0.516080229,              1393P   2020
0.354309544,0.,0.5,0.354309544,0.,0.483919771,0.354309544,0.,       1393P   2021
0.468148519,0.357335303,0.,0.452377267,0.360361063,0.,              1393P   2022
0.437521072,0.366296303,0.,0.422664878,0.372231543,0.,              1393P   2023
0.409294656,0.380848177,0.,0.395924434,0.389464811,0.,              1393P   2024
0.384553995,0.400431705,0.,0.373183556,0.411398599,0.,              1393P   2025
0.364249859,0.424294303,0.,0.355316163,0.437190006,0.,              1393P   2026
0.349162525,0.451518945,0.,0.343008888,0.465847883,0.,              1393P   2027
0.339871791,0.481059402,0.,0.336734694,0.496270921,0.,              1393P   2028
0.336734694,0.511780452,0.,0.,1.,0.,0.,1.;                          1393P   2029
124,6.12303176911189E-017,-1.,0.,18.,6.12303176911189E-017,         1395P   2030
3.74915180455534E-033,1.,-10.5,-1.,-6.12303176911189E-017,          1395P   2031
6.12303176911189E-017,28.5;                                         1395P   2032
100,12.5,16.,2.,20.,2.,12.,2.;                                      1397P   2033
126,32,2,1,0,1,0,0.,0.,0.,0.0625,0.0625,0.125,0.125,0.1875,         1399P   2034
0.1875,0.25,0.25,0.3125,0.3125,0.375,0.375,0.4375,0.4375,0.5,       1399P   2035
0.5,0.5625,0.5625,0.625,0.625,0.6875,0.6875,0.75,0.75,0.8125,       1399P   2036
0.8125,0.875,0.875,0.9375,0.9375,1.,1.,1.,1.,1.,1.,1.,1.,1.,1.,     1399P   2037
1.,1.,1.,1.,1.,1.,1.,1.,1.,1.,1.,1.,1.,1.,1.,1.,1.,1.,1.,1.,1.,     1399P   2038
1.,1.,1.,1.,1.,0.336734694,0.511780452,0.,0.336734694,              1399P   2039
0.527289983,0.,0.339871791,0.542501502,0.,0.343008888,              1399P   2040
0.557713022,0.,0.349162525,0.57204196,0.,0.355316163,               1399P   2041
0.586370898,0.,0.364249859,0.599266601,0.,0.373183556,              1399P   2042
0.612162305,0.,0.384553995,0.623129199,0.,0.395924434,              1399P   2043
0.634096094,0.,0.409294656,0.642712727,0.,0.422664878,              1399P   2044
0.651329361,0.,0.437521072,0.657264601,0.,0.452377267,              1399P   2045
0.663199842,0.,0.468148519,0.666225601,0.,0.483919771,              1399P   2046
0.669251361,0.,0.5,0.669251361,0.,0.516080229,0.669251361,0.,       1399P   2047
0.531851481,0.666225601,0.,0.547622733,0.663199842,0.,              1399P   2048
0.562478928,0.657264601,0.,0.577335122,0.651329361,0.,              1399P   2049
0.590705344,0.642712727,0.,0.604075566,0.634096094,0.,              1399P   2050
0.615446005,0.623129199,0.,0.626816444,0.612162305,0.,              1399P   2051
0.635750141,0.599266601,0.,0.644683837,0.586370898,0.,              1399P   2052
0.650837475,0.57204196,0.,0.656991112,0.557713022,0.,               1399P   2053
0.660128209,0.542501502,0.,0.663265306,0.527289983,0.,              1399P   2054
0.663265306,0.511780452,0.,0.,1.,0.,0.,1.;                          1399P   2055
124,1.40271637621286E-014,1.,0.,13.9999999999998,                   1401P   2056
-6.12303176911189E-017,8.58887693460487E-031,1.,-10.5,1.,           1401P   2057
-1.40271637621286E-014,6.12303176911189E-017,-3.49999999999997;     1401P   2058
100,12.5,16.,2.,20.,2.,12.,2.;                                      1403P   2059
102,2,1393,1399;                                                    1405P   2060
102,2,1397,1403;                                                    1407P   2061
142,1,1315,1405,1407,1;                                             1409P   2062
126,32,2,1,0,1,0,0.,0.,0.,0.0625,0.0625,0.125,0.125,0.1875,         1411P   2063
0.1875,0.25,0.25,0.3125,0.3125,0.375,0.375,0.4375,0.4375,0.5,       1411P   2064
0.5,0.5625,0.5625,0.625,0.625,0.6875,0.6875,0.75,0.75,0.8125,       1411P   2065
0.8125,0.875,0.875,0.9375,0.9375,1.,1.,1.,1.,1.,1.,1.,1.,1.,1.,     1411P   2066
1.,1.,1.,1.,1.,1.,1.,1.,1.,1.,1.,1.,1.,1.,1.,1.,1.,1.,1.,1.,1.,     1411P   2067
1.,1.,1.,1.,1.,0.56122449,0.787354542,0.,0.56122449,                1411P   2068
0.781538468,0.,0.560048078,0.775834148,0.,0.558871667,              1411P   2069
0.770129828,0.,0.556564053,0.764756476,0.,0.554256439,              1411P   2070
0.759383125,0.,0.550906303,0.754547236,0.,0.547556167,              1411P   2071
0.749711347,0.,0.543292252,0.745598762,0.,0.539028337,              1411P   2072
0.741486176,0.,0.534014504,0.738254939,0.,0.529000671,              1411P   2073
0.735023701,0.,0.523429598,0.732797986,0.,0.517858525,              1411P   2074
0.730572271,0.,0.511944305,0.729437611,0.,0.506030086,              1411P   2075
0.728302951,0.,0.5,0.728302951,0.,0.493969914,0.728302951,0.,       1411P   2076
0.488055695,0.729437611,0.,0.482141475,0.730572271,0.,              1411P   2077
0.476570402,0.732797986,0.,0.470999329,0.735023701,0.,              1411P   2078
0.465985496,0.738254939,0.,0.460971663,0.741486176,0.,              1411P   2079
0.456707748,0.745598762,0.,0.452443833,0.749711347,0.,              1411P   2080
0.449093697,0.754547236,0.,0.445743561,0.759383125,0.,              1411P   2081
0.443435947,0.764756476,0.,0.441128333,0.770129828,0.,              1411P   2082
0.439951922,0.775834148,0.,0.43877551,0.781538468,0.,               1411P   2083
0.43877551,0.787354542,0.,0.,1.,0.,0.,1.;                           1411P   2084
124,6.12303176911189E-017,-1.,0.,25.,6.12303176911189E-017,         1413P   2085
3.74915180455534E-033,1.,-10.5,-1.,-6.12303176911189E-017,          1413P   2086
6.12303176911189E-017,35.5;                                         1413P   2087
100,12.5,23.,2.,24.5,2.,21.5,2.;                                    1415P   2088
126,32,2,1,0,1,0,0.,0.,0.,0.0625,0.0625,0.125,0.125,0.1875,         1417P   2089
0.1875,0.25,0.25,0.3125,0.3125,0.375,0.375,0.4375,0.4375,0.5,       1417P   2090
0.5,0.5625,0.5625,0.625,0.625,0.6875,0.6875,0.75,0.75,0.8125,       1417P   2091
0.8125,0.875,0.875,0.9375,0.9375,1.,1.,1.,1.,1.,1.,1.,1.,1.,1.,     1417P   2092
1.,1.,1.,1.,1.,1.,1.,1.,1.,1.,1.,1.,1.,1.,1.,1.,1.,1.,1.,1.,1.,     1417P   2093
1.,1.,1.,1.,1.,0.43877551,0.787354542,0.,0.43877551,                1417P   2094
0.793170616,0.,0.439951922,0.798874936,0.,0.441128333,              1417P   2095
0.804579256,0.,0.443435947,0.809952607,0.,0.445743561,              1417P   2096
0.815325959,0.,0.449093697,0.820161848,0.,0.452443833,              1417P   2097
0.824997737,0.,0.456707748,0.829110322,0.,0.460971663,              1417P   2098
0.833222907,0.,0.465985496,0.836454145,0.,0.470999329,              1417P   2099
0.839685383,0.,0.476570402,0.841911098,0.,0.482141475,              1417P   2100
0.844136813,0.,0.488055695,0.845271473,0.,0.493969914,              1417P   2101
0.846406133,0.,0.5,0.846406133,0.,0.506030086,0.846406133,0.,       1417P   2102
0.511944305,0.845271473,0.,0.517858525,0.844136813,0.,              1417P   2103
0.523429598,0.841911098,0.,0.529000671,0.839685383,0.,              1417P   2104
0.534014504,0.836454145,0.,0.539028337,0.833222907,0.,              1417P   2105
0.543292252,0.829110322,0.,0.547556167,0.824997737,0.,              1417P   2106
0.550906303,0.820161848,0.,0.554256439,0.815325959,0.,              1417P   2107
0.556564053,0.809952607,0.,0.558871667,0.804579256,0.,              1417P   2108
0.560048078,0.798874936,0.,0.56122449,0.793170616,0.,               1417P   2109
0.56122449,0.787354542,0.,0.,1.,0.,0.,1.;                           1417P   2110
124,1.40271637621286E-014,1.,0.,20.9999999999997,                   1419P   2111
-6.12303176911189E-017,8.58887693460487E-031,1.,-10.5,1.,           1419P   2112
-1.40271637621286E-014,6.12303176911189E-017,-10.5;                 1419P   2113
100,12.5,23.,2.,24.5,2.,21.5,2.;                                    1421P   2114
102,2,1411,1417;                                                    1423P   2115
102,2,1415,1421;                                                    1425P   2116
142,1,1315,1423,1425,1;                                             1427P   2117
144,1315,1,5,1337,1355,1373,1391,1409,1427;                         1429P   2118
128,1,1,1,1,0,0,1,0,0,0.,0.,1.,1.,0.,0.,1.,1.,1.,1.,1.,1.,2.,       1431P   2119
0.,24.75,2.,0.,0.25,28.407517278,0.,24.75,28.407517278,0.,0.25,     1431P   2120
0.,1.,0.,1.;                                                        1431P   2121
126,44,2,1,0,1,0,0.,0.,0.,0.0625,0.0625,0.125,0.125,0.1875,         1433P   2122
0.1875,0.25,0.25,0.3125,0.3125,0.34375,0.34375,0.375,0.375,         1433P   2123
0.40625,0.40625,0.4375,0.4375,0.46875,0.46875,0.5,0.5,0.53125,      1433P   2124
0.53125,0.5625,0.5625,0.59375,0.59375,0.625,0.625,0.65625,          1433P   2125
0.65625,0.6875,0.6875,0.75,0.75,0.8125,0.8125,0.875,0.875,          1433P   2126
0.9375,0.9375,1.,1.,1.,1.,1.,1.,1.,1.,1.,1.,1.,1.,1.,1.,1.,1.,      1433P   2127
1.,1.,1.,1.,1.,1.,1.,1.,1.,1.,1.,1.,1.,1.,1.,1.,1.,1.,1.,1.,1.,     1433P   2128
1.,1.,1.,1.,1.,1.,1.,1.,1.,1.,1.,1.,0.530152072,0.,0.999997278,     1433P   2129
0.561086775,0.,0.995575221,0.59172947,0.,0.990570361,               1433P   2130
0.626410708,0.,0.98,0.66003933,0.,0.968092614,0.69792157,0.,        1433P   2131
0.949438202,0.733426673,0.,0.92858234,0.773121814,0.,0.9,           1433P   2132
0.80848191,0.,0.868435648,0.847531145,0.,0.828767123,               1433P   2133
0.87965301,0.,0.807708888,0.896705063,0.,0.784697509,               1433P   2134
0.911493665,0.,0.760887332,0.926795626,0.,0.735294118,              1433P   2135
0.939460657,0.,0.708974707,0.952485053,0.,0.681132075,              1433P   2136
0.962526097,0.,0.652692644,0.972782368,0.,0.623076923,              1433P   2137
0.97976181,0.,0.593045142,0.986839304,0.,0.562256809,               1433P   2138
0.99042515,0.,0.531272405,0.994033832,0.,0.5,0.994035135,0.,        1433P   2139
0.468772405,0.994036436,0.,0.437743191,0.99042515,0.,               1433P   2140
0.406998631,0.986846993,0.,0.376923077,0.97976181,0.,               1433P   2141
0.347349133,0.972794795,0.,0.318867925,0.962526097,0.,              1433P   2142
0.29106426,0.952501682,0.,0.264705882,0.939460657,0.,               1433P   2143
0.239148202,0.926815784,0.,0.215302491,0.911493665,0.,              1433P   2144
0.192324275,0.896728956,0.,0.171232877,0.87965301,0.,               1433P   2145
0.131593545,0.847560348,0.,0.1,0.80848191,0.,0.071439484,           1433P   2146
0.773155062,0.,0.050561798,0.733426673,0.,0.031922404,              1433P   2147
0.697957556,0.,0.02,0.66003933,0.,0.009438288,0.62644867,0.,        1433P   2148
0.004424779,0.59172947,0.,2.724E-006,0.561106163,0.,0.,             1433P   2149
0.530152072,0.,0.,1.,0.,0.,-1.;                                     1433P   2150
126,64,3,1,0,1,0,0.,0.,0.,0.,0.0312499999999989,                    1435P   2151
0.0468749999999985,0.0468749999999985,0.0624999999999982,           1435P   2152
0.0624999999999982,0.0937499999999974,0.109374999999997,            1435P   2153
0.109374999999997,0.124999999999997,0.124999999999997,              1435P   2154
0.156249999999996,0.171874999999996,0.171874999999996,              1435P   2155
0.187499999999996,0.187499999999996,0.218749999999996,              1435P   2156
0.234374999999996,0.234374999999996,0.249999999999996,              1435P   2157
0.249999999999996,0.281249999999996,0.296874999999996,              1435P   2158
0.296874999999996,0.312499999999996,0.312499999999996,              1435P   2159
0.374999999999996,0.374999999999996,0.437499999999997,              1435P   2160
0.437499999999997,0.499999999999997,0.499999999999997,              1435P   2161
0.562499999999997,0.562499999999997,0.624999999999998,              1435P   2162
0.624999999999998,0.656249999999998,0.656249999999998,              1435P   2163
0.671874999999998,0.671874999999998,0.687499999999998,              1435P   2164
0.687499999999998,0.718749999999998,0.734374999999999,              1435P   2165
0.734374999999999,0.749999999999999,0.749999999999999,              1435P   2166
0.781249999999999,0.796875,0.796875,0.8125,0.8125,0.84375,          1435P   2167
0.859375,0.859375,0.875,0.875,0.90625,0.921874999999999,            1435P   2168
0.921874999999999,0.937499999999999,0.937499999999999,1.,1.,1.,     1435P   2169
1.,1.,1.,1.,1.,1.,1.,1.,1.,1.,1.,1.,1.,1.,1.,1.,1.,1.,1.,1.,1.,     1435P   2170
1.,1.,1.,1.,1.,1.,1.,1.,1.,1.,1.,1.,1.,1.,1.,1.,1.,1.,1.,1.,1.,     1435P   2171
1.,1.,1.,1.,1.,1.,1.,1.,1.,1.,1.,1.,1.,1.,1.,1.,1.,1.,1.,1.,1.,     1435P   2172
1.,1.,1.,16.,0.,0.25,16.2723029,0.,0.25002223,16.679793349,0.,      1435P   2173
0.263589787,17.085837948,0.,0.297458663,17.356213046,0.,            1435P   2174
0.324549318,17.473465294,0.,0.337970567,17.931387995,0.,            1435P   2175
0.399280104,18.385836071,0.,0.477633988,18.83507221,0.,             1435P   2176
0.581554392,19.133404761,0.,0.656516109,19.263270679,0.,            1435P   2177
0.691378176,19.763458642,0.,0.837243648,20.255799814,0.,            1435P   2178
1.00377189,20.736370801,0.,1.201294286,21.054135862,0.,             1435P   2179
1.339863473,21.193269173,0.,1.403602606,21.717394239,0.,            1435P   2180
1.659086922,22.227209581,0.,1.938233574,22.715560337,0.,            1435P   2181
2.252873731,23.0363576,0.,2.470521281,23.178134443,0.,              1435P   2182
2.571112231,23.693731114,0.,2.957775538,24.186460957,0.,            1435P   2183
3.369257877,24.644890556,0.,3.817968762,24.942888013,0.,            1435P   2184
4.125382363,25.079351258,0.,4.27322989,25.829855243,0.,             1435P   2185
5.133107838,26.350234242,0.,5.875526701,27.267412817,0.,            1435P   2186
7.595061534,27.623878203,0.,8.503577205,28.122275643,0.,            1435P   2187
10.465653564,28.2499542,0.,11.47989857,28.250045801,0.,             1435P   2188
13.52010143,28.118385663,0.,14.549302445,27.627768184,0.,           1435P   2189
16.481466786,27.254049801,0.,17.429821659,26.586210394,0.,          1435P   2190
18.682147994,26.330217562,0.,19.099778099,25.940318265,0.,          1435P   2191
19.662744403,25.805265662,0.,19.846547583,25.524988115,0.,          1435P   2192
20.206449434,25.370699975,0.,20.392933916,24.946956215,0.,          1435P   2193
20.87851573,24.500152828,0.,21.339457322,24.018760001,0.,           1435P   2194
21.763438581,23.690144907,0.,22.037879346,23.505482389,0.,          1435P   2195
22.183377895,23.039035222,0.,22.53324421,22.558058829,0.,           1435P   2196
22.859581862,22.055288598,0.,23.150626519,21.71526537,0.,           1435P   2197
23.336813403,21.52408608,0.,23.435125097,21.055760425,0.,           1435P   2198
23.663457672,20.579350407,0.,23.871219466,20.090813843,0.,          1435P   2199
24.048125086,19.762428012,0.,24.159205238,19.577840985,0.,          1435P   2200
24.216873008,19.134318029,0.,24.346253985,18.687069826,0.,          1435P   2201
24.458643589,18.234233751,0.,24.545546132,17.931101285,0.,          1435P   2202
24.59781737,17.760887111,0.,24.623536196,17.086982529,0.,           1435P   2203
24.71381982,16.544947131,0.,24.749955513,16.,0.,24.75,0.,1.,0.,     1435P   2204
1.,0.;                                                              1435P   2205
126,1,1,1,0,1,0,0.,0.,1.,1.,1.,1.,0.,0.530152072,0.,0.,0.,0.,       1437P   2206
0.,1.,0.,0.,1.;                                                     1437P   2207
110,16.000000005,0.,24.75,2.,0.,24.75;                              1439P   2208
126,1,1,1,0,1,0,0.,0.,1.,1.,1.,1.,0.,0.,0.,1.,0.,0.,0.,1.,0.,       1441P   2209
0.,1.;                                                              1441P   2210
110,2.,0.,24.75,2.,0.,0.25;                                         1443P   2211
126,1,1,1,0,1,0,0.,0.,1.,1.,1.,1.,1.,0.,0.,1.,0.530152072,0.,       1445P   2212
0.,1.,0.,0.,1.;                                                     1445P   2213
110,2.,0.,0.25,16.000000005,0.,0.25;                                1447P   2214
102,4,1433,1437,1441,1445;                                          1449P   2215
102,4,1435,1439,1443,1447;                                          1451P   2216
142,1,1431,1449,1451,1;                                             1453P   2217
126,32,2,1,0,1,0,0.,0.,0.,0.0625,0.0625,0.125,0.125,0.1875,         1455P   2218
0.1875,0.25,0.25,0.3125,0.3125,0.375,0.375,0.4375,0.4375,0.5,       1455P   2219
0.5,0.5625,0.5625,0.625,0.625,0.6875,0.6875,0.75,0.75,0.8125,       1455P   2220
0.8125,0.875,0.875,0.9375,0.9375,1.,1.,1.,1.,1.,1.,1.,1.,1.,1.,     1455P   2221
1.,1.,1.,1.,1.,1.,1.,1.,1.,1.,1.,1.,1.,1.,1.,1.,1.,1.,1.,1.,1.,     1455P   2222
1.,1.,1.,1.,1.,0.275510204,0.530152072,0.,0.275510204,              1455P   2223
0.524557562,0.,0.274333793,0.51907055,0.,0.273157381,               1455P   2224
0.513583537,0.,0.270849767,0.508414885,0.,0.268542153,              1455P   2225
0.503246232,0.,0.265192017,0.498594567,0.,0.261841881,              1455P   2226
0.493942903,0.,0.257577966,0.489986987,0.,0.253314052,              1455P   2227
0.486031072,0.,0.248300218,0.482922929,0.,0.243286385,              1455P   2228
0.479814786,0.,0.237715312,0.47767386,0.,0.232144239,               1455P   2229
0.475532934,0.,0.22623002,0.474441499,0.,0.2203158,0.473350064,     1455P   2230
0.,0.214285714,0.473350064,0.,0.208255628,0.473350064,0.,           1455P   2231
0.202341409,0.474441499,0.,0.196427189,0.475532934,0.,              1455P   2232
0.190856116,0.47767386,0.,0.185285043,0.479814786,0.,               1455P   2233
0.18027121,0.482922929,0.,0.175257377,0.486031072,0.,               1455P   2234
0.170993462,0.489986987,0.,0.166729548,0.493942903,0.,              1455P   2235
0.163379411,0.498594567,0.,0.160029275,0.503246232,0.,              1455P   2236
0.157721661,0.508414885,0.,0.155414047,0.513583537,0.,              1455P   2237
0.154237636,0.51907055,0.,0.153061224,0.524557562,0.,               1455P   2238
0.153061224,0.530152072,0.,0.,1.,0.,0.,1.;                          1455P   2239
124,6.12303176911189E-017,-1.,0.,16.,6.12303176911189E-017,         1457P   2240
3.74915180455534E-033,1.,-19.5,-1.,-6.12303176911189E-017,          1457P   2241
6.12303176911189E-017,35.5;                                         1457P   2242
100,19.5,16.,0.,17.5,0.,14.5,0.;                                    1459P   2243
126,32,2,1,0,1,0,0.,0.,0.,0.0625,0.0625,0.125,0.125,0.1875,         1461P   2244
0.1875,0.25,0.25,0.3125,0.3125,0.375,0.375,0.4375,0.4375,0.5,       1461P   2245
0.5,0.5625,0.5625,0.625,0.625,0.6875,0.6875,0.75,0.75,0.8125,       1461P   2246
0.8125,0.875,0.875,0.9375,0.9375,1.,1.,1.,1.,1.,1.,1.,1.,1.,1.,     1461P   2247
1.,1.,1.,1.,1.,1.,1.,1.,1.,1.,1.,1.,1.,1.,1.,1.,1.,1.,1.,1.,1.,     1461P   2248
1.,1.,1.,1.,1.,0.153061224,0.530152072,0.,0.153061224,              1461P   2249
0.535746581,0.,0.154237636,0.541233594,0.,0.155414047,              1461P   2250
0.546720606,0.,0.157721661,0.551889259,0.,0.160029275,              1461P   2251
0.557057912,0.,0.163379411,0.561709577,0.,0.166729548,              1461P   2252
0.566361241,0.,0.170993462,0.570317157,0.,0.175257377,              1461P   2253
0.574273072,0.,0.18027121,0.577381215,0.,0.185285043,               1461P   2254
0.580489358,0.,0.190856116,0.582630284,0.,0.196427189,              1461P   2255
0.58477121,0.,0.202341409,0.585862645,0.,0.208255628,               1461P   2256
0.58695408,0.,0.214285714,0.58695408,0.,0.2203158,0.58695408,       1461P   2257
0.,0.22623002,0.585862645,0.,0.232144239,0.58477121,0.,             1461P   2258
0.237715312,0.582630284,0.,0.243286385,0.580489358,0.,              1461P   2259
0.248300218,0.577381215,0.,0.253314052,0.574273072,0.,              1461P   2260
0.257577966,0.570317157,0.,0.261841881,0.566361241,0.,              1461P   2261
0.265192017,0.561709577,0.,0.268542153,0.557057912,0.,              1461P   2262
0.270849767,0.551889259,0.,0.273157381,0.546720606,0.,              1461P   2263
0.274333793,0.541233594,0.,0.275510204,0.535746581,0.,              1461P   2264
0.275510204,0.530152072,0.,0.,1.,0.,0.,1.;                          1461P   2265
124,1.40271637621286E-014,1.,0.,15.9999999999998,                   1463P   2266
-6.12303176911189E-017,8.58887693460487E-031,1.,-19.5,1.,           1463P   2267
-1.40271637621286E-014,6.12303176911189E-017,3.5;                   1463P   2268
100,19.5,16.,0.,17.5,0.,14.5,0.;                                    1465P   2269
102,2,1455,1461;                                                    1467P   2270
102,2,1459,1465;                                                    1469P   2271
142,1,1431,1467,1469,1;                                             1471P   2272
126,32,2,1,0,1,0,0.,0.,0.,0.0625,0.0625,0.125,0.125,0.1875,         1473P   2273
0.1875,0.25,0.25,0.3125,0.3125,0.375,0.375,0.4375,0.4375,0.5,       1473P   2274
0.5,0.5625,0.5625,0.625,0.625,0.6875,0.6875,0.75,0.75,0.8125,       1473P   2275
0.8125,0.875,0.875,0.9375,0.9375,1.,1.,1.,1.,1.,1.,1.,1.,1.,1.,     1473P   2276
1.,1.,1.,1.,1.,1.,1.,1.,1.,1.,1.,1.,1.,1.,1.,1.,1.,1.,1.,1.,1.,     1473P   2277
1.,1.,1.,1.,1.,0.846938776,0.530152072,0.,0.846938776,              1473P   2278
0.524557562,0.,0.845762364,0.51907055,0.,0.844585953,               1473P   2279
0.513583537,0.,0.842278339,0.508414885,0.,0.839970725,              1473P   2280
0.503246232,0.,0.836620589,0.498594567,0.,0.833270452,              1473P   2281
0.493942903,0.,0.829006538,0.489986987,0.,0.824742623,              1473P   2282
0.486031072,0.,0.81972879,0.482922929,0.,0.814714957,               1473P   2283
0.479814786,0.,0.809143884,0.47767386,0.,0.803572811,               1473P   2284
0.475532934,0.,0.797658591,0.474441499,0.,0.791744372,              1473P   2285
0.473350064,0.,0.785714286,0.473350064,0.,0.7796842,                1473P   2286
0.473350064,0.,0.77376998,0.474441499,0.,0.767855761,               1473P   2287
0.475532934,0.,0.762284688,0.47767386,0.,0.756713615,               1473P   2288
0.479814786,0.,0.751699782,0.482922929,0.,0.746685948,              1473P   2289
0.486031072,0.,0.742422034,0.489986987,0.,0.738158119,              1473P   2290
0.493942903,0.,0.734807983,0.498594567,0.,0.731457847,              1473P   2291
0.503246232,0.,0.729150233,0.508414885,0.,0.726842619,              1473P   2292
0.513583537,0.,0.725666207,0.51907055,0.,0.724489796,               1473P   2293
0.524557562,0.,0.724489796,0.530152072,0.,0.,1.,0.,0.,1.;           1473P   2294
124,6.12303176911189E-017,-1.,0.,16.,6.12303176911189E-017,         1475P   2295
3.74915180455534E-033,1.,-5.5,-1.,-6.12303176911189E-017,           1475P   2296
6.12303176911189E-017,21.5;                                         1475P   2297
100,5.5,16.,0.,17.5,0.,14.5,0.;                                     1477P   2298
126,32,2,1,0,1,0,0.,0.,0.,0.0625,0.0625,0.125,0.125,0.1875,         1479P   2299
0.1875,0.25,0.25,0.3125,0.3125,0.375,0.375,0.4375,0.4375,0.5,       1479P   2300
0.5,0.5625,0.5625,0.625,0.625,0.6875,0.6875,0.75,0.75,0.8125,       1479P   2301
0.8125,0.875,0.875,0.9375,0.9375,1.,1.,1.,1.,1.,1.,1.,1.,1.,1.,     1479P   2302
1.,1.,1.,1.,1.,1.,1.,1.,1.,1.,1.,1.,1.,1.,1.,1.,1.,1.,1.,1.,1.,     1479P   2303
1.,1.,1.,1.,1.,0.724489796,0.530152072,0.,0.724489796,              1479P   2304
0.535746581,0.,0.725666207,0.541233594,0.,0.726842619,              1479P   2305
0.546720606,0.,0.729150233,0.551889259,0.,0.731457847,              1479P   2306
0.557057912,0.,0.734807983,0.561709577,0.,0.738158119,              1479P   2307
0.566361241,0.,0.742422034,0.570317157,0.,0.746685948,              1479P   2308
0.574273072,0.,0.751699782,0.577381215,0.,0.756713615,              1479P   2309
0.580489358,0.,0.762284688,0.582630284,0.,0.767855761,              1479P   2310
0.58477121,0.,0.77376998,0.585862645,0.,0.7796842,0.58695408,       1479P   2311
0.,0.785714286,0.58695408,0.,0.791744372,0.58695408,0.,             1479P   2312
0.797658591,0.585862645,0.,0.803572811,0.58477121,0.,               1479P   2313
0.809143884,0.582630284,0.,0.814714957,0.580489358,0.,              1479P   2314
0.81972879,0.577381215,0.,0.824742623,0.574273072,0.,               1479P   2315
0.829006538,0.570317157,0.,0.833270452,0.566361241,0.,              1479P   2316
0.836620589,0.561709577,0.,0.839970725,0.557057912,0.,              1479P   2317
0.842278339,0.551889259,0.,0.844585953,0.546720606,0.,              1479P   2318
0.845762364,0.541233594,0.,0.846938776,0.535746581,0.,              1479P   2319
0.846938776,0.530152072,0.,0.,1.,0.,0.,1.;                          1479P   2320
124,1.40271637621286E-014,1.,0.,15.9999999999998,                   1481P   2321
-6.12303176911189E-017,8.58887693460487E-031,1.,-5.5,1.,            1481P   2322
-1.40271637621286E-014,6.12303176911189E-017,-10.5;                 1481P   2323
100,5.5,16.,0.,17.5,0.,14.5,0.;                                     1483P   2324
102,2,1473,1479;                                                    1485P   2325
102,2,1477,1483;                                                    1487P   2326
142,1,1431,1485,1487,1;                                             1489P   2327
126,32,2,1,0,1,0,0.,0.,0.,0.0625,0.0625,0.125,0.125,0.1875,         1491P   2328
0.1875,0.25,0.25,0.3125,0.3125,0.375,0.375,0.4375,0.4375,0.5,       1491P   2329
0.5,0.5625,0.5625,0.625,0.625,0.6875,0.6875,0.75,0.75,0.8125,       1491P   2330
0.8125,0.875,0.875,0.9375,0.9375,1.,1.,1.,1.,1.,1.,1.,1.,1.,1.,     1491P   2331
1.,1.,1.,1.,1.,1.,1.,1.,1.,1.,1.,1.,1.,1.,1.,1.,1.,1.,1.,1.,1.,     1491P   2332
1.,1.,1.,1.,1.,0.56122449,0.265076036,0.,0.56122449,                1491P   2333
0.259481527,0.,0.560048078,0.253994514,0.,0.558871667,              1491P   2334
0.248507501,0.,0.556564053,0.243338849,0.,0.554256439,              1491P   2335
0.238170196,0.,0.550906303,0.233518531,0.,0.547556167,              1491P   2336
0.228866867,0.,0.543292252,0.224910951,0.,0.539028337,              1491P   2337
0.220955036,0.,0.534014504,0.217846893,0.,0.529000671,              1491P   2338
0.21473875,0.,0.523429598,0.212597824,0.,0.517858525,               1491P   2339
0.210456898,0.,0.511944305,0.209365463,0.,0.506030086,              1491P   2340
0.208274028,0.,0.5,0.208274028,0.,0.493969914,0.208274028,0.,       1491P   2341
0.488055695,0.209365463,0.,0.482141475,0.210456898,0.,              1491P   2342
0.476570402,0.212597824,0.,0.470999329,0.21473875,0.,               1491P   2343
0.465985496,0.217846893,0.,0.460971663,0.220955036,0.,              1491P   2344
0.456707748,0.224910951,0.,0.452443833,0.228866867,0.,              1491P   2345
0.449093697,0.233518531,0.,0.445743561,0.238170196,0.,              1491P   2346
0.443435947,0.243338849,0.,0.441128333,0.248507501,0.,              1491P   2347
0.439951922,0.253994514,0.,0.43877551,0.259481527,0.,               1491P   2348
0.43877551,0.265076036,0.,0.,1.,0.,0.,1.;                           1491P   2349
124,6.12303176911189E-017,-1.,0.,9.,6.12303176911189E-017,          1493P   2350
3.74915180455534E-033,1.,-12.5,-1.,-6.12303176911189E-017,          1493P   2351
6.12303176911189E-017,21.5;                                         1493P   2352
100,12.5,9.,0.,10.5,0.,7.5,0.;                                      1495P   2353
126,32,2,1,0,1,0,0.,0.,0.,0.0625,0.0625,0.125,0.125,0.1875,         1497P   2354
0.1875,0.25,0.25,0.3125,0.3125,0.375,0.375,0.4375,0.4375,0.5,       1497P   2355
0.5,0.5625,0.5625,0.625,0.625,0.6875,0.6875,0.75,0.75,0.8125,       1497P   2356
0.8125,0.875,0.875,0.9375,0.9375,1.,1.,1.,1.,1.,1.,1.,1.,1.,1.,     1497P   2357
1.,1.,1.,1.,1.,1.,1.,1.,1.,1.,1.,1.,1.,1.,1.,1.,1.,1.,1.,1.,1.,     1497P   2358
1.,1.,1.,1.,1.,0.43877551,0.265076036,0.,0.43877551,                1497P   2359
0.270670545,0.,0.439951922,0.276157558,0.,0.441128333,              1497P   2360
0.28164457,0.,0.443435947,0.286813223,0.,0.445743561,               1497P   2361
0.291981876,0.,0.449093697,0.296633541,0.,0.452443833,              1497P   2362
0.301285205,0.,0.456707748,0.305241121,0.,0.460971663,              1497P   2363
0.309197036,0.,0.465985496,0.312305179,0.,0.470999329,              1497P   2364
0.315413322,0.,0.476570402,0.317554248,0.,0.482141475,              1497P   2365
0.319695174,0.,0.488055695,0.320786609,0.,0.493969914,              1497P   2366
0.321878044,0.,0.5,0.321878044,0.,0.506030086,0.321878044,0.,       1497P   2367
0.511944305,0.320786609,0.,0.517858525,0.319695174,0.,              1497P   2368
0.523429598,0.317554248,0.,0.529000671,0.315413322,0.,              1497P   2369
0.534014504,0.312305179,0.,0.539028337,0.309197036,0.,              1497P   2370
0.543292252,0.305241121,0.,0.547556167,0.301285205,0.,              1497P   2371
0.550906303,0.296633541,0.,0.554256439,0.291981876,0.,              1497P   2372
0.556564053,0.286813223,0.,0.558871667,0.28164457,0.,               1497P   2373
0.560048078,0.276157558,0.,0.56122449,0.270670545,0.,               1497P   2374
0.56122449,0.265076036,0.,0.,1.,0.,0.,1.;                           1497P   2375
124,1.40271637621286E-014,1.,0.,8.99999999999987,                   1499P   2376
-6.12303176911189E-017,8.58887693460487E-031,1.,-12.5,1.,           1499P   2377
-1.40271637621286E-014,6.12303176911189E-017,3.5;                   1499P   2378
100,12.5,9.,0.,10.5,0.,7.5,0.;                                      1501P   2379
102,2,1491,1497;                                                    1503P   2380
102,2,1495,1501;                                                    1505P   2381
142,1,1431,1503,1505,1;                                             1507P   2382
126,32,2,1,0,1,0,0.,0.,0.,0.0625,0.0625,0.125,0.125,0.1875,         1509P   2383
0.1875,0.25,0.25,0.3125,0.3125,0.375,0.375,0.4375,0.4375,0.5,       1509P   2384
0.5,0.5625,0.5625,0.625,0.625,0.6875,0.6875,0.75,0.75,0.8125,       1509P   2385
0.8125,0.875,0.875,0.9375,0.9375,1.,1.,1.,1.,1.,1.,1.,1.,1.,1.,     1509P   2386
1.,1.,1.,1.,1.,1.,1.,1.,1.,1.,1.,1.,1.,1.,1.,1.,1.,1.,1.,1.,1.,     1509P   2387
1.,1.,1.,1.,1.,0.663265306,0.530152072,0.,0.663265306,              1509P   2388
0.51523338,0.,0.660128209,0.500601347,0.,0.656991112,               1509P   2389
0.485969313,0.,0.650837475,0.472186239,0.,0.644683837,              1509P   2390
0.458403165,0.,0.635750141,0.445998726,0.,0.626816444,              1509P   2391
0.433594287,0.,0.615446005,0.423045179,0.,0.604075566,              1509P   2392
0.412496071,0.,0.590705344,0.40420769,0.,0.577335122,               1509P   2393
0.395919309,0.,0.562478928,0.390210172,0.,0.547622733,              1509P   2394
0.384501036,0.,0.531851481,0.381590544,0.,0.516080229,              1509P   2395
0.378680051,0.,0.5,0.378680051,0.,0.483919771,0.378680051,0.,       1509P   2396
0.468148519,0.381590544,0.,0.452377267,0.384501036,0.,              1509P   2397
0.437521072,0.390210172,0.,0.422664878,0.395919309,0.,              1509P   2398
0.409294656,0.40420769,0.,0.395924434,0.412496071,0.,               1509P   2399
0.384553995,0.423045179,0.,0.373183556,0.433594287,0.,              1509P   2400
0.364249859,0.445998726,0.,0.355316163,0.458403165,0.,              1509P   2401
0.349162525,0.472186239,0.,0.343008888,0.485969313,0.,              1509P   2402
0.339871791,0.500601347,0.,0.336734694,0.51523338,0.,               1509P   2403
0.336734694,0.530152072,0.,0.,1.,0.,0.,1.;                          1509P   2404
124,6.12303176911189E-017,-1.,0.,16.,6.12303176911189E-017,         1511P   2405
3.74915180455534E-033,1.,-12.5,-1.,-6.12303176911189E-017,          1511P   2406
6.12303176911189E-017,28.5;                                         1511P   2407
100,12.5,16.,0.,20.,0.,12.,0.;                                      1513P   2408
126,32,2,1,0,1,0,0.,0.,0.,0.0625,0.0625,0.125,0.125,0.1875,         1515P   2409
0.1875,0.25,0.25,0.3125,0.3125,0.375,0.375,0.4375,0.4375,0.5,       1515P   2410
0.5,0.5625,0.5625,0.625,0.625,0.6875,0.6875,0.75,0.75,0.8125,       1515P   2411
0.8125,0.875,0.875,0.9375,0.9375,1.,1.,1.,1.,1.,1.,1.,1.,1.,1.,     1515P   2412
1.,1.,1.,1.,1.,1.,1.,1.,1.,1.,1.,1.,1.,1.,1.,1.,1.,1.,1.,1.,1.,     1515P   2413
1.,1.,1.,1.,1.,0.336734694,0.530152072,0.,0.336734694,              1515P   2414
0.545070764,0.,0.339871791,0.559702797,0.,0.343008888,              1515P   2415
0.574334831,0.,0.349162525,0.588117905,0.,0.355316163,              1515P   2416
0.601900979,0.,0.364249859,0.614305418,0.,0.373183556,              1515P   2417
0.626709857,0.,0.384553995,0.637258965,0.,0.395924434,              1515P   2418
0.647808073,0.,0.409294656,0.656096454,0.,0.422664878,              1515P   2419
0.664384835,0.,0.437521072,0.670093971,0.,0.452377267,              1515P   2420
0.675803108,0.,0.468148519,0.6787136,0.,0.483919771,                1515P   2421
0.681624092,0.,0.5,0.681624092,0.,0.516080229,0.681624092,0.,       1515P   2422
0.531851481,0.6787136,0.,0.547622733,0.675803108,0.,                1515P   2423
0.562478928,0.670093971,0.,0.577335122,0.664384835,0.,              1515P   2424
0.590705344,0.656096454,0.,0.604075566,0.647808073,0.,              1515P   2425
0.615446005,0.637258965,0.,0.626816444,0.626709857,0.,              1515P   2426
0.635750141,0.614305418,0.,0.644683837,0.601900979,0.,              1515P   2427
0.650837475,0.588117905,0.,0.656991112,0.574334831,0.,              1515P   2428
0.660128209,0.559702797,0.,0.663265306,0.545070764,0.,              1515P   2429
0.663265306,0.530152072,0.,0.,1.,0.,0.,1.;                          1515P   2430
124,1.40271637621286E-014,1.,0.,15.9999999999998,                   1517P   2431
-6.12303176911189E-017,8.58887693460487E-031,1.,-12.5,1.,           1517P   2432
-1.40271637621286E-014,6.12303176911189E-017,-3.5;                  1517P   2433
100,12.5,16.,0.,20.,0.,12.,0.;                                      1519P   2434
102,2,1509,1515;                                                    1521P   2435
102,2,1513,1519;                                                    1523P   2436
142,1,1431,1521,1523,1;                                             1525P   2437
126,32,2,1,0,1,0,0.,0.,0.,0.0625,0.0625,0.125,0.125,0.1875,         1527P   2438
0.1875,0.25,0.25,0.3125,0.3125,0.375,0.375,0.4375,0.4375,0.5,       1527P   2439
0.5,0.5625,0.5625,0.625,0.625,0.6875,0.6875,0.75,0.75,0.8125,       1527P   2440
0.8125,0.875,0.875,0.9375,0.9375,1.,1.,1.,1.,1.,1.,1.,1.,1.,1.,     1527P   2441
1.,1.,1.,1.,1.,1.,1.,1.,1.,1.,1.,1.,1.,1.,1.,1.,1.,1.,1.,1.,1.,     1527P   2442
1.,1.,1.,1.,1.,0.56122449,0.795228108,0.,0.56122449,                1527P   2443
0.789633598,0.,0.560048078,0.784146586,0.,0.558871667,              1527P   2444
0.778659573,0.,0.556564053,0.773490921,0.,0.554256439,              1527P   2445
0.768322268,0.,0.550906303,0.763670603,0.,0.547556167,              1527P   2446
0.759018939,0.,0.543292252,0.755063023,0.,0.539028337,              1527P   2447
0.751107108,0.,0.534014504,0.747998965,0.,0.529000671,              1527P   2448
0.744890822,0.,0.523429598,0.742749896,0.,0.517858525,              1527P   2449
0.74060897,0.,0.511944305,0.739517535,0.,0.506030086,0.7384261,     1527P   2450
0.,0.5,0.7384261,0.,0.493969914,0.7384261,0.,0.488055695,           1527P   2451
0.739517535,0.,0.482141475,0.74060897,0.,0.476570402,               1527P   2452
0.742749896,0.,0.470999329,0.744890822,0.,0.465985496,              1527P   2453
0.747998965,0.,0.460971663,0.751107108,0.,0.456707748,              1527P   2454
0.755063023,0.,0.452443833,0.759018939,0.,0.449093697,              1527P   2455
0.763670603,0.,0.445743561,0.768322268,0.,0.443435947,              1527P   2456
0.773490921,0.,0.441128333,0.778659573,0.,0.439951922,              1527P   2457
0.784146586,0.,0.43877551,0.789633598,0.,0.43877551,                1527P   2458
0.795228108,0.,0.,1.,0.,0.,1.;                                      1527P   2459
124,6.12303176911189E-017,-1.,0.,23.,6.12303176911189E-017,         1529P   2460
3.74915180455534E-033,1.,-12.5,-1.,-6.12303176911189E-017,          1529P   2461
6.12303176911189E-017,35.5;                                         1529P   2462
100,12.5,23.,0.,24.5,0.,21.5,0.;                                    1531P   2463
126,32,2,1,0,1,0,0.,0.,0.,0.0625,0.0625,0.125,0.125,0.1875,         1533P   2464
0.1875,0.25,0.25,0.3125,0.3125,0.375,0.375,0.4375,0.4375,0.5,       1533P   2465
0.5,0.5625,0.5625,0.625,0.625,0.6875,0.6875,0.75,0.75,0.8125,       1533P   2466
0.8125,0.875,0.875,0.9375,0.9375,1.,1.,1.,1.,1.,1.,1.,1.,1.,1.,     1533P   2467
1.,1.,1.,1.,1.,1.,1.,1.,1.,1.,1.,1.,1.,1.,1.,1.,1.,1.,1.,1.,1.,     1533P   2468
1.,1.,1.,1.,1.,0.43877551,0.795228108,0.,0.43877551,                1533P   2469
0.800822617,0.,0.439951922,0.80630963,0.,0.441128333,               1533P   2470
0.811796642,0.,0.443435947,0.816965295,0.,0.445743561,              1533P   2471
0.822133948,0.,0.449093697,0.826785613,0.,0.452443833,              1533P   2472
0.831437277,0.,0.456707748,0.835393193,0.,0.460971663,              1533P   2473
0.839349108,0.,0.465985496,0.842457251,0.,0.470999329,              1533P   2474
0.845565394,0.,0.476570402,0.84770632,0.,0.482141475,               1533P   2475
0.849847246,0.,0.488055695,0.850938681,0.,0.493969914,              1533P   2476
0.852030116,0.,0.5,0.852030116,0.,0.506030086,0.852030116,0.,       1533P   2477
0.511944305,0.850938681,0.,0.517858525,0.849847246,0.,              1533P   2478
0.523429598,0.84770632,0.,0.529000671,0.845565394,0.,               1533P   2479
0.534014504,0.842457251,0.,0.539028337,0.839349108,0.,              1533P   2480
0.543292252,0.835393193,0.,0.547556167,0.831437277,0.,              1533P   2481
0.550906303,0.826785613,0.,0.554256439,0.822133948,0.,              1533P   2482
0.556564053,0.816965295,0.,0.558871667,0.811796642,0.,              1533P   2483
0.560048078,0.80630963,0.,0.56122449,0.800822617,0.,0.56122449,     1533P   2484
0.795228108,0.,0.,1.,0.,0.,1.;                                      1533P   2485
124,1.40271637621286E-014,1.,0.,22.9999999999997,                   1535P   2486
-6.12303176911189E-017,8.58887693460487E-031,1.,-12.5,1.,           1535P   2487
-1.40271637621286E-014,6.12303176911189E-017,-10.5;                 1535P   2488
100,12.5,23.,0.,24.5,0.,21.5,0.;                                    1537P   2489
102,2,1527,1533;                                                    1539P   2490
102,2,1531,1537;                                                    1541P   2491
142,1,1431,1539,1541,1;                                             1543P   2492
144,1431,1,5,1453,1471,1489,1507,1525,1543;                         1545P   2493
110,23.,2.,12.5,23.,1002.,12.5;                                     1547P   2494
110,23.,0.,14.,23.,2.,14.;                                          1549P   2495
120,1547,1549,0.,6.28318530717959;                                  1551P   2496
126,1,1,1,0,1,0,0.,0.,1.,1.,1.,1.,1.,3.141592654,0.,1.,0.,0.,       1553P   2497
0.,1.,0.,0.,1.;                                                     1553P   2498
124,1.40271637621286E-014,1.,0.,20.9999999999997,                   1555P   2499
-6.12303176911189E-017,8.58887693460487E-031,-1.,14.5,-1.,          1555P   2500
1.40271637621286E-014,6.12303176911189E-017,35.5;                   1555P   2501
100,12.5,23.,2.,24.5,2.,21.5,2.;                                    1557P   2502
126,1,1,1,0,1,0,0.,0.,1.,1.,1.,1.,1.,0.,0.,0.,0.,0.,0.,1.,0.,       1559P   2503
0.,1.;                                                              1559P   2504
110,23.,2.,14.,23.,0.,14.;                                          1561P   2505
126,1,1,1,0,1,0,0.,0.,1.,1.,1.,1.,0.,0.,0.,0.,3.141592654,0.,       1563P   2506
0.,1.,0.,0.,1.;                                                     1563P   2507
124,1.40271637621286E-014,1.,0.,22.9999999999997,                   1565P   2508
-6.12303176911189E-017,8.58887693460487E-031,1.,-12.5,1.,           1565P   2509
-1.40271637621286E-014,6.12303176911189E-017,-10.5;                 1565P   2510
100,12.5,23.,0.,24.5,0.,21.5,0.;                                    1567P   2511
126,1,1,1,0,1,0,0.,0.,1.,1.,1.,1.,0.,3.141592654,0.,1.,             1569P   2512
3.141592654,0.,0.,1.,0.,0.,1.;                                      1569P   2513
110,23.,0.,11.,23.,2.,11.;                                          1571P   2514
102,4,1553,1559,1563,1569;                                          1573P   2515
102,4,1557,1561,1567,1571;                                          1575P   2516
142,1,1551,1573,1575,1;                                             1577P   2517
144,1551,1,0,1577;                                                  1579P   2518
110,16.,2.,12.5,16.,1002.,12.5;                                     1581P   2519
110,16.,0.,16.5,16.,2.,16.5;                                        1583P   2520
120,1581,1583,0.,6.28318530717959;                                  1585P   2521
126,1,1,1,0,1,0,0.,0.,1.,1.,1.,1.,1.,3.141592654,0.,1.,0.,0.,       1587P   2522
0.,1.,0.,0.,1.;                                                     1587P   2523
124,1.40271637621286E-014,1.,0.,13.9999999999998,                   1589P   2524
-6.12303176911189E-017,8.58887693460487E-031,-1.,14.5,-1.,          1589P   2525
1.40271637621286E-014,6.12303176911189E-017,28.5;                   1589P   2526
100,12.5,16.,2.,20.,2.,12.,2.;                                      1591P   2527
126,1,1,1,0,1,0,0.,0.,1.,1.,1.,1.,1.,0.,0.,0.,0.,0.,0.,1.,0.,       1593P   2528
0.,1.;                                                              1593P   2529
110,16.,2.,16.5,16.,0.,16.5;                                        1595P   2530
126,1,1,1,0,1,0,0.,0.,1.,1.,1.,1.,0.,0.,0.,0.,3.141592654,0.,       1597P   2531
0.,1.,0.,0.,1.;                                                     1597P   2532
124,1.40271637621286E-014,1.,0.,15.9999999999998,                   1599P   2533
-6.12303176911189E-017,8.58887693460487E-031,1.,-12.5,1.,           1599P   2534
-1.40271637621286E-014,6.12303176911189E-017,-3.5;                  1599P   2535
100,12.5,16.,0.,20.,0.,12.,0.;                                      1601P   2536
126,1,1,1,0,1,0,0.,0.,1.,1.,1.,1.,0.,3.141592654,0.,1.,             1603P   2537
3.141592654,0.,0.,1.,0.,0.,1.;                                      1603P   2538
110,16.,0.,8.5,16.,2.,8.5;                                          1605P   2539
102,4,1587,1593,1597,1603;                                          1607P   2540
102,4,1591,1595,1601,1605;                                          1609P   2541
142,1,1585,1607,1609,1;                                             1611P   2542
144,1585,1,0,1611;                                                  1613P   2543
110,9.,2.,12.5,9.,1002.,12.5;                                       1615P   2544
110,9.,0.,14.,9.,2.,14.;                                            1617P   2545
120,1615,1617,0.,6.28318530717959;                                  1619P   2546
126,1,1,1,0,1,0,0.,0.,1.,1.,1.,1.,1.,3.141592654,0.,1.,0.,0.,       1621P   2547
0.,1.,0.,0.,1.;                                                     1621P   2548
124,1.40271637621286E-014,1.,0.,6.99999999999987,                   1623P   2549
-6.12303176911189E-017,8.58887693460487E-031,-1.,14.5,-1.,          1623P   2550
1.40271637621286E-014,6.12303176911189E-017,21.5;                   1623P   2551
100,12.5,9.,2.,10.5,2.,7.5,2.;                                      1625P   2552
126,1,1,1,0,1,0,0.,0.,1.,1.,1.,1.,1.,0.,0.,0.,0.,0.,0.,1.,0.,       1627P   2553
0.,1.;                                                              1627P   2554
110,9.,2.,14.,9.,0.,14.;                                            1629P   2555
126,1,1,1,0,1,0,0.,0.,1.,1.,1.,1.,0.,0.,0.,0.,3.141592654,0.,       1631P   2556
0.,1.,0.,0.,1.;                                                     1631P   2557
124,1.40271637621286E-014,1.,0.,8.99999999999987,                   1633P   2558
-6.12303176911189E-017,8.58887693460487E-031,1.,-12.5,1.,           1633P   2559
-1.40271637621286E-014,6.12303176911189E-017,3.5;                   1633P   2560
100,12.5,9.,0.,10.5,0.,7.5,0.;                                      1635P   2561
126,1,1,1,0,1,0,0.,0.,1.,1.,1.,1.,0.,3.141592654,0.,1.,             1637P   2562
3.141592654,0.,0.,1.,0.,0.,1.;                                      1637P   2563
110,9.,0.,11.,9.,2.,11.;                                            1639P   2564
102,4,1621,1627,1631,1637;                                          1641P   2565
102,4,1625,1629,1635,1639;                                          1643P   2566
142,1,1619,1641,1643,1;                                             1645P   2567
144,1619,1,0,1645;                                                  1647P   2568
110,16.,2.,5.5,16.,1002.,5.5;                                       1649P   2569
110,16.,0.,7.,16.,2.,7.;                                            1651P   2570
120,1649,1651,0.,6.28318530717959;                                  1653P   2571
126,1,1,1,0,1,0,0.,0.,1.,1.,1.,1.,1.,3.141592654,0.,1.,0.,0.,       1655P   2572
0.,1.,0.,0.,1.;                                                     1655P   2573
124,1.40271637621286E-014,1.,0.,13.9999999999998,                   1657P   2574
-6.12303176911189E-017,8.58887693460487E-031,-1.,7.5,-1.,           1657P   2575
1.40271637621286E-014,6.12303176911189E-017,21.5;                   1657P   2576
100,5.5,16.,2.,17.5,2.,14.5,2.;                                     1659P   2577
126,1,1,1,0,1,0,0.,0.,1.,1.,1.,1.,1.,0.,0.,0.,0.,0.,0.,1.,0.,       1661P   2578
0.,1.;                                                              1661P   2579
110,16.,2.,7.,16.,0.,7.;                                            1663P   2580
126,1,1,1,0,1,0,0.,0.,1.,1.,1.,1.,0.,0.,0.,0.,3.141592654,0.,       1665P   2581
0.,1.,0.,0.,1.;                                                     1665P   2582
124,1.40271637621286E-014,1.,0.,15.9999999999998,                   1667P   2583
-6.12303176911189E-017,8.58887693460487E-031,1.,-5.5,1.,            1667P   2584
-1.40271637621286E-014,6.12303176911189E-017,-10.5;                 1667P   2585
100,5.5,16.,0.,17.5,0.,14.5,0.;                                     1669P   2586
126,1,1,1,0,1,0,0.,0.,1.,1.,1.,1.,0.,3.141592654,0.,1.,             1671P   2587
3.141592654,0.,0.,1.,0.,0.,1.;                                      1671P   2588
110,16.,0.,4.,16.,2.,4.;                                            1673P   2589
102,4,1655,1661,1665,1671;                                          1675P   2590
102,4,1659,1663,1669,1673;                                          1677P   2591
142,1,1653,1675,1677,1;                                             1679P   2592
144,1653,1,0,1679;                                                  1681P   2593
110,16.,2.,19.5,16.,1002.,19.5;                                     1683P   2594
110,16.,0.,21.,16.,2.,21.;                                          1685P   2595
120,1683,1685,0.,6.28318530717959;                                  1687P   2596
126,1,1,1,0,1,0,0.,0.,1.,1.,1.,1.,1.,3.141592654,0.,1.,0.,0.,       1689P   2597
0.,1.,0.,0.,1.;                                                     1689P   2598
124,1.40271637621286E-014,1.,0.,13.9999999999998,                   1691P   2599
-6.12303176911189E-017,8.58887693460487E-031,-1.,21.5,-1.,          1691P   2600
1.40271637621286E-014,6.12303176911189E-017,35.5;                   1691P   2601
100,19.5,16.,2.,17.5,2.,14.5,2.;                                    1693P   2602
126,1,1,1,0,1,0,0.,0.,1.,1.,1.,1.,1.,0.,0.,0.,0.,0.,0.,1.,0.,       1695P   2603
0.,1.;                                                              1695P   2604
110,16.,2.,21.,16.,0.,21.;                                          1697P   2605
126,1,1,1,0,1,0,0.,0.,1.,1.,1.,1.,0.,0.,0.,0.,3.141592654,0.,       1699P   2606
0.,1.,0.,0.,1.;                                                     1699P   2607
124,1.40271637621286E-014,1.,0.,15.9999999999998,                   1701P   2608
-6.12303176911189E-017,8.58887693460487E-031,1.,-19.5,1.,           1701P   2609
-1.40271637621286E-014,6.12303176911189E-017,3.5;                   1701P   2610
100,19.5,16.,0.,17.5,0.,14.5,0.;                                    1703P   2611
126,1,1,1,0,1,0,0.,0.,1.,1.,1.,1.,0.,3.141592654,0.,1.,             1705P   2612
3.141592654,0.,0.,1.,0.,0.,1.;                                      1705P   2613
110,16.,0.,18.,16.,2.,18.;                                          1707P   2614
102,4,1689,1695,1699,1705;                                          1709P   2615
102,4,1693,1697,1703,1707;                                          1711P   2616
142,1,1687,1709,1711,1;                                             1713P   2617
144,1687,1,0,1713;                                                  1715P   2618
110,2.,24.5,12.5,1002.,24.5,12.5;                                   1717P   2619
110,0.,24.5,8.5,2.,24.5,8.5;                                        1719P   2620
120,1717,1719,0.,6.28318530717959;                                  1721P   2621
126,1,1,1,0,1,0,0.,0.,1.,1.,1.,1.,1.,3.141592654,0.,1.,0.,0.,       1723P   2622
0.,1.,0.,0.,1.;                                                     1723P   2623
124,6.12303176911189E-017,0.,-1.,14.5,0.,1.,0.,0.,1.,0.,            1725P   2624
6.12303176911189E-017,10.5;                                         1725P   2625
100,12.5,2.,24.5,6.,24.5,-2.,24.5;                                  1727P   2626
126,1,1,1,0,1,0,0.,0.,1.,1.,1.,1.,1.,0.,0.,0.,0.,0.,0.,1.,0.,       1729P   2627
0.,1.;                                                              1729P   2628
110,2.,24.5,8.5,0.,24.5,8.5;                                        1731P   2629
126,1,1,1,0,1,0,0.,0.,1.,1.,1.,1.,0.,0.,0.,0.,3.141592654,0.,       1733P   2630
0.,1.,0.,0.,1.;                                                     1733P   2631
124,6.12303176911189E-017,0.,1.,-12.5,0.,1.,0.,0.,-1.,0.,           1735P   2632
6.12303176911189E-017,12.5;                                         1735P   2633
100,12.5,0.,24.5,4.,24.5,-4.,24.5;                                  1737P   2634
126,1,1,1,0,1,0,0.,0.,1.,1.,1.,1.,0.,3.141592654,0.,1.,             1739P   2635
3.141592654,0.,0.,1.,0.,0.,1.;                                      1739P   2636
110,0.,24.5,16.5,2.,24.5,16.5;                                      1741P   2637
102,4,1723,1729,1733,1739;                                          1743P   2638
102,4,1727,1731,1737,1741;                                          1745P   2639
142,1,1721,1743,1745,1;                                             1747P   2640
144,1721,1,0,1747;                                                  1749P   2641
110,2.,17.5,12.5,1002.,17.5,12.5;                                   1751P   2642
110,0.,17.5,11.,2.,17.5,11.;                                        1753P   2643
120,1751,1753,0.,6.28318530717959;                                  1755P   2644
126,1,1,1,0,1,0,0.,0.,1.,1.,1.,1.,1.,3.141592654,0.,1.,0.,0.,       1757P   2645
0.,1.,0.,0.,1.;                                                     1757P   2646
124,6.12303176911189E-017,0.,-1.,14.5,0.,1.,0.,0.,1.,0.,            1759P   2647
6.12303176911189E-017,10.5;                                         1759P   2648
100,12.5,2.,17.5,3.5,17.5,0.5,17.5;                                 1761P   2649
126,1,1,1,0,1,0,0.,0.,1.,1.,1.,1.,1.,0.,0.,0.,0.,0.,0.,1.,0.,       1763P   2650
0.,1.;                                                              1763P   2651
110,2.,17.5,11.,0.,17.5,11.;                                        1765P   2652
126,1,1,1,0,1,0,0.,0.,1.,1.,1.,1.,0.,0.,0.,0.,3.141592654,0.,       1767P   2653
0.,1.,0.,0.,1.;                                                     1767P   2654
124,6.12303176911189E-017,0.,1.,-12.5,0.,1.,0.,0.,-1.,0.,           1769P   2655
6.12303176911189E-017,12.5;                                         1769P   2656
100,12.5,0.,17.5,1.5,17.5,-1.5,17.5;                                1771P   2657
126,1,1,1,0,1,0,0.,0.,1.,1.,1.,1.,0.,3.141592654,0.,1.,             1773P   2658
3.141592654,0.,0.,1.,0.,0.,1.;                                      1773P   2659
110,0.,17.5,14.,2.,17.5,14.;                                        1775P   2660
102,4,1757,1763,1767,1773;                                          1777P   2661
102,4,1761,1765,1771,1775;                                          1779P   2662
142,1,1755,1777,1779,1;                                             1781P   2663
144,1755,1,0,1781;                                                  1783P   2664
110,2.,24.5,5.5,1002.,24.5,5.5;                                     1785P   2665
110,0.,24.5,4.,2.,24.5,4.;                                          1787P   2666
120,1785,1787,0.,6.28318530717959;                                  1789P   2667
126,1,1,1,0,1,0,0.,0.,1.,1.,1.,1.,1.,3.141592654,0.,1.,0.,0.,       1791P   2668
0.,1.,0.,0.,1.;                                                     1791P   2669
124,6.12303176911189E-017,0.,-1.,7.5,0.,1.,0.,0.,1.,0.,             1793P   2670
6.12303176911189E-017,3.5;                                          1793P   2671
100,5.5,2.,24.5,3.5,24.5,0.5,24.5;                                  1795P   2672
126,1,1,1,0,1,0,0.,0.,1.,1.,1.,1.,1.,0.,0.,0.,0.,0.,0.,1.,0.,       1797P   2673
0.,1.;                                                              1797P   2674
110,2.,24.5,4.,0.,24.5,4.;                                          1799P   2675
126,1,1,1,0,1,0,0.,0.,1.,1.,1.,1.,0.,0.,0.,0.,3.141592654,0.,       1801P   2676
0.,1.,0.,0.,1.;                                                     1801P   2677
124,6.12303176911189E-017,0.,1.,-5.5,0.,1.,0.,0.,-1.,0.,            1803P   2678
6.12303176911189E-017,5.5;                                          1803P   2679
100,5.5,0.,24.5,1.5,24.5,-1.5,24.5;                                 1805P   2680
126,1,1,1,0,1,0,0.,0.,1.,1.,1.,1.,0.,3.141592654,0.,1.,             1807P   2681
3.141592654,0.,0.,1.,0.,0.,1.;                                      1807P   2682
110,0.,24.5,7.,2.,24.5,7.;                                          1809P   2683
102,4,1791,1797,1801,1807;                                          1811P   2684
102,4,1795,1799,1805,1809;                                          1813P   2685
142,1,1789,1811,1813,1;                                             1815P   2686
144,1789,1,0,1815;                                                  1817P   2687
110,2.,24.5,19.5,1002.,24.5,19.5;                                   1819P   2688
110,0.,24.5,18.,2.,24.5,18.;                                        1821P   2689
120,1819,1821,0.,6.28318530717959;                                  1823P   2690
126,1,1,1,0,1,0,0.,0.,1.,1.,1.,1.,1.,3.141592654,0.,1.,0.,0.,       1825P   2691
0.,1.,0.,0.,1.;                                                     1825P   2692
124,6.12303176911189E-017,0.,-1.,21.5,0.,1.,0.,0.,1.,0.,            1827P   2693
6.12303176911189E-017,17.5;                                         1827P   2694
100,19.5,2.,24.5,3.5,24.5,0.5,24.5;                                 1829P   2695
126,1,1,1,0,1,0,0.,0.,1.,1.,1.,1.,1.,0.,0.,0.,0.,0.,0.,1.,0.,       1831P   2696
0.,1.;                                                              1831P   2697
110,2.,24.5,18.,0.,24.5,18.;                                        1833P   2698
126,1,1,1,0,1,0,0.,0.,1.,1.,1.,1.,0.,0.,0.,0.,3.141592654,0.,       1835P   2699
0.,1.,0.,0.,1.;                                                     1835P   2700
124,6.12303176911189E-017,0.,1.,-19.5,0.,1.,0.,0.,-1.,0.,           1837P   2701
6.12303176911189E-017,19.5;                                         1837P   2702
100,19.5,0.,24.5,1.5,24.5,-1.5,24.5;                                1839P   2703
126,1,1,1,0,1,0,0.,0.,1.,1.,1.,1.,0.,3.141592654,0.,1.,             1841P   2704
3.141592654,0.,0.,1.,0.,0.,1.;                                      1841P   2705
110,0.,24.5,21.,2.,24.5,21.;                                        1843P   2706
102,4,1825,1831,1835,1841;                                          1845P   2707
102,4,1829,1833,1839,1843;                                          1847P   2708
142,1,1823,1845,1847,1;                                             1849P   2709
144,1823,1,0,1849;                                                  1851P   2710
110,2.,31.5,12.5,1002.,31.5,12.5;                                   1853P   2711
110,0.,31.5,11.,2.,31.5,11.;                                        1855P   2712
120,1853,1855,0.,6.28318530717959;                                  1857P   2713
126,1,1,1,0,1,0,0.,0.,1.,1.,1.,1.,1.,3.141592654,0.,1.,0.,0.,       1859P   2714
0.,1.,0.,0.,1.;                                                     1859P   2715
124,6.12303176911189E-017,0.,-1.,14.5,0.,1.,0.,0.,1.,0.,            1861P   2716
6.12303176911189E-017,10.5;                                         1861P   2717
100,12.5,2.,31.5,3.5,31.5,0.5,31.5;                                 1863P   2718
126,1,1,1,0,1,0,0.,0.,1.,1.,1.,1.,1.,0.,0.,0.,0.,0.,0.,1.,0.,       1865P   2719
0.,1.;                                                              1865P   2720
110,2.,31.5,11.,0.,31.5,11.;                                        1867P   2721
126,1,1,1,0,1,0,0.,0.,1.,1.,1.,1.,0.,0.,0.,0.,3.141592654,0.,       1869P   2722
0.,1.,0.,0.,1.;                                                     1869P   2723
124,6.12303176911189E-017,0.,1.,-12.5,0.,1.,0.,0.,-1.,0.,           1871P   2724
6.12303176911189E-017,12.5;                                         1871P   2725
100,12.5,0.,31.5,1.5,31.5,-1.5,31.5;                                1873P   2726
126,1,1,1,0,1,0,0.,0.,1.,1.,1.,1.,0.,3.141592654,0.,1.,             1875P   2727
3.141592654,0.,0.,1.,0.,0.,1.;                                      1875P   2728
110,0.,31.5,14.,2.,31.5,14.;                                        1877P   2729
102,4,1859,1865,1869,1875;                                          1879P   2730
102,4,1863,1867,1873,1877;                                          1881P   2731
142,1,1857,1879,1881,1;                                             1883P   2732
144,1857,1,0,1883;                                                  1885P   2733
S      1G      4D   1886P   2733                                        T      1
