SolidWorks IGES file using analytic representation for surfaces         S      1
1H,,1H;,14H斜U支架.SLDPRT,62HE:\Solidworks_Project\支架配套资料\单轴支架G      1
\斜U2.0\斜U支架.IGS,15HSolidWorks 2010,15HSolidWorks 2010,32,308,15,    G      2
308,15,14H斜U支架.SLDPRT,1.,2,2HMM,50,0.125,13H170620.170657,1E-008,    G      3
499990.,13HAdministrator,,11,0,13H170620.170657;                        G      4
     314       1       0       0       0                        00000200D      1
     314       0       6       1       0                               0D      2
     110       2       0       0       0                        01010000D      3
     110       0       0       1       0                               0D      4
     110       3       0       0       0                        01010000D      5
     110       0       0       1       0                               0D      6
     120       4       0       0       0                        01010000D      7
     120       0       0       1       0                               0D      8
     126       5       0       0       0                        01010500D      9
     126       0       0       2       0                               0D     10
     110       7       0       0       0                        01010000D     11
     110       0       0       1       0                               0D     12
     126       8       0       0       0                        01010500D     13
     126       0       0       2       0                               0D     14
     124      10       0       0       0                        00000000D     15
     124       0       0       4       0                               0D     16
     100      14       0       0       0              15        01010000D     17
     100       0       0       1       0                               0D     18
     126      15       0       0       0                        01010500D     19
     126       0       0       2       0                               0D     20
     110      17       0       0       0                        01010000D     21
     110       0       0       1       0                               0D     22
     126      18       0       0       0                        01010500D     23
     126       0       0       2       0                               0D     24
     100      20       0       0       0                        01010000D     25
     100       0       0       1       0                               0D     26
     102      21       0       0       0                        01010500D     27
     102       0       0       1       0                               0D     28
     102      22       0       0       0                        01010000D     29
     102       0       0       1       0                               0D     30
     142      23       0       0       0                        00010500D     31
     142       0       0       1       0                               0D     32
     144      24       0       0       0                        00000000D     33
     144       0      -1       1       0                               0D     34
     110      25       0       0       0                        01010000D     35
     110       0       0       1       0                               0D     36
     110      26       0       0       0                        01010000D     37
     110       0       0       1       0                               0D     38
     120      27       0       0       0                        01010000D     39
     120       0       0       1       0                               0D     40
     126      28       0       0       0                        01010500D     41
     126       0       0       2       0                               0D     42
     110      30       0       0       0                        01010000D     43
     110       0       0       1       0                               0D     44
     126      31       0       0       0                        01010500D     45
     126       0       0       2       0                               0D     46
     124      33       0       0       0                        00000000D     47
     124       0       0       4       0                               0D     48
     100      37       0       0       0              47        01010000D     49
     100       0       0       1       0                               0D     50
     126      38       0       0       0                        01010500D     51
     126       0       0       2       0                               0D     52
     110      40       0       0       0                        01010000D     53
     110       0       0       1       0                               0D     54
     126      41       0       0       0                        01010500D     55
     126       0       0       2       0                               0D     56
     100      43       0       0       0                        01010000D     57
     100       0       0       1       0                               0D     58
     102      44       0       0       0                        01010500D     59
     102       0       0       1       0                               0D     60
     102      45       0       0       0                        01010000D     61
     102       0       0       1       0                               0D     62
     142      46       0       0       0                        00010500D     63
     142       0       0       1       0                               0D     64
     144      47       0       0       0                        00000000D     65
     144       0      -1       1       0                               0D     66
     110      48       0       0       0                        01010000D     67
     110       0       0       1       0                               0D     68
     110      49       0       0       0                        01010000D     69
     110       0       0       1       0                               0D     70
     120      50       0       0       0                        01010000D     71
     120       0       0       1       0                               0D     72
     126      51       0       0       0                        01010500D     73
     126       0       0       2       0                               0D     74
     110      53       0       0       0                        01010000D     75
     110       0       0       1       0                               0D     76
     126      54       0       0       0                        01010500D     77
     126       0       0       2       0                               0D     78
     124      56       0       0       0                        00000000D     79
     124       0       0       4       0                               0D     80
     100      60       0       0       0              79        01010000D     81
     100       0       0       1       0                               0D     82
     126      61       0       0       0                        01010500D     83
     126       0       0       2       0                               0D     84
     110      63       0       0       0                        01010000D     85
     110       0       0       1       0                               0D     86
     126      64       0       0       0                        01010500D     87
     126       0       0       2       0                               0D     88
     100      66       0       0       0                        01010000D     89
     100       0       0       1       0                               0D     90
     102      67       0       0       0                        01010500D     91
     102       0       0       1       0                               0D     92
     102      68       0       0       0                        01010000D     93
     102       0       0       1       0                               0D     94
     142      69       0       0       0                        00010500D     95
     142       0       0       1       0                               0D     96
     144      70       0       0       0                        00000000D     97
     144       0      -1       1       0                               0D     98
     110      71       0       0       0                        01010000D     99
     110       0       0       1       0                               0D    100
     110      72       0       0       0                        01010000D    101
     110       0       0       1       0                               0D    102
     120      73       0       0       0                        01010000D    103
     120       0       0       1       0                               0D    104
     126      74       0       0       0                        01010500D    105
     126       0       0       2       0                               0D    106
     110      76       0       0       0                        01010000D    107
     110       0       0       1       0                               0D    108
     126      77       0       0       0                        01010500D    109
     126       0       0       2       0                               0D    110
     124      79       0       0       0                        00000000D    111
     124       0       0       4       0                               0D    112
     100      83       0       0       0             111        01010000D    113
     100       0       0       1       0                               0D    114
     126      84       0       0       0                        01010500D    115
     126       0       0       2       0                               0D    116
     110      86       0       0       0                        01010000D    117
     110       0       0       1       0                               0D    118
     126      87       0       0       0                        01010500D    119
     126       0       0       2       0                               0D    120
     100      89       0       0       0                        01010000D    121
     100       0       0       1       0                               0D    122
     102      90       0       0       0                        01010500D    123
     102       0       0       1       0                               0D    124
     102      91       0       0       0                        01010000D    125
     102       0       0       1       0                               0D    126
     142      92       0       0       0                        00010500D    127
     142       0       0       1       0                               0D    128
     144      93       0       0       0                        00000000D    129
     144       0      -1       1       0                               0D    130
     110      94       0       0       0                        01010000D    131
     110       0       0       1       0                               0D    132
     110      95       0       0       0                        01010000D    133
     110       0       0       1       0                               0D    134
     120      96       0       0       0                        01010000D    135
     120       0       0       1       0                               0D    136
     126      97       0       0       0                        01010500D    137
     126       0       0       2       0                               0D    138
     110      99       0       0       0                        01010000D    139
     110       0       0       1       0                               0D    140
     126     100       0       0       0                        01010500D    141
     126       0       0       2       0                               0D    142
     124     102       0       0       0                        00000000D    143
     124       0       0       4       0                               0D    144
     100     106       0       0       0             143        01010000D    145
     100       0       0       1       0                               0D    146
     126     107       0       0       0                        01010500D    147
     126       0       0       2       0                               0D    148
     110     109       0       0       0                        01010000D    149
     110       0       0       1       0                               0D    150
     126     110       0       0       0                        01010500D    151
     126       0       0       2       0                               0D    152
     100     112       0       0       0                        01010000D    153
     100       0       0       1       0                               0D    154
     102     113       0       0       0                        01010500D    155
     102       0       0       1       0                               0D    156
     102     114       0       0       0                        01010000D    157
     102       0       0       1       0                               0D    158
     142     115       0       0       0                        00010500D    159
     142       0       0       1       0                               0D    160
     144     116       0       0       0                        00000000D    161
     144       0      -1       1       0                               0D    162
     110     117       0       0       0                        01010000D    163
     110       0       0       1       0                               0D    164
     110     118       0       0       0                        01010000D    165
     110       0       0       1       0                               0D    166
     120     119       0       0       0                        01010000D    167
     120       0       0       1       0                               0D    168
     126     120       0       0       0                        01010500D    169
     126       0       0       2       0                               0D    170
     110     122       0       0       0                        01010000D    171
     110       0       0       1       0                               0D    172
     126     123       0       0       0                        01010500D    173
     126       0       0       2       0                               0D    174
     124     125       0       0       0                        00000000D    175
     124       0       0       4       0                               0D    176
     100     129       0       0       0             175        01010000D    177
     100       0       0       1       0                               0D    178
     126     130       0       0       0                        01010500D    179
     126       0       0       2       0                               0D    180
     110     132       0       0       0                        01010000D    181
     110       0       0       1       0                               0D    182
     126     133       0       0       0                        01010500D    183
     126       0       0       2       0                               0D    184
     100     135       0       0       0                        01010000D    185
     100       0       0       1       0                               0D    186
     102     136       0       0       0                        01010500D    187
     102       0       0       1       0                               0D    188
     102     137       0       0       0                        01010000D    189
     102       0       0       1       0                               0D    190
     142     138       0       0       0                        00010500D    191
     142       0       0       1       0                               0D    192
     144     139       0       0       0                        00000000D    193
     144       0      -1       1       0                               0D    194
     110     140       0       0       0                        01010000D    195
     110       0       0       2       0                               0D    196
     110     142       0       0       0                        01010000D    197
     110       0       0       2       0                               0D    198
     120     144       0       0       0                        01010000D    199
     120       0       0       1       0                               0D    200
     126     145       0       0       0                        01010500D    201
     126       0       0       2       0                               0D    202
     110     147       0       0       0                        01010000D    203
     110       0       0       2       0                               0D    204
     126     149       0       0       0                        01010500D    205
     126       0       0       2       0                               0D    206
     124     151       0       0       0                        00000000D    207
     124       0       0       4       0                               0D    208
     100     155       0       0       0             207        01010000D    209
     100       0       0       2       0                               0D    210
     126     157       0       0       0                        01010500D    211
     126       0       0       2       0                               0D    212
     110     159       0       0       0                        01010000D    213
     110       0       0       2       0                               0D    214
     126     161       0       0       0                        01010500D    215
     126       0       0       2       0                               0D    216
     124     163       0       0       0                        00000000D    217
     124       0       0       4       0                               0D    218
     100     167       0       0       0             217        01010000D    219
     100       0       0       2       0                               0D    220
     102     169       0       0       0                        01010500D    221
     102       0       0       1       0                               0D    222
     102     170       0       0       0                        01010000D    223
     102       0       0       1       0                               0D    224
     142     171       0       0       0                        00010500D    225
     142       0       0       1       0                               0D    226
     144     172       0       0       0                        00000000D    227
     144       0      -1       1       0                               0D    228
     110     173       0       0       0                        01010000D    229
     110       0       0       2       0                               0D    230
     110     175       0       0       0                        01010000D    231
     110       0       0       2       0                               0D    232
     120     177       0       0       0                        01010000D    233
     120       0       0       1       0                               0D    234
     126     178       0       0       0                        01010500D    235
     126       0       0       2       0                               0D    236
     110     180       0       0       0                        01010000D    237
     110       0       0       2       0                               0D    238
     126     182       0       0       0                        01010500D    239
     126       0       0       2       0                               0D    240
     124     184       0       0       0                        00000000D    241
     124       0       0       4       0                               0D    242
     100     188       0       0       0             241        01010000D    243
     100       0       0       2       0                               0D    244
     126     190       0       0       0                        01010500D    245
     126       0       0       2       0                               0D    246
     110     192       0       0       0                        01010000D    247
     110       0       0       2       0                               0D    248
     126     194       0       0       0                        01010500D    249
     126       0       0       2       0                               0D    250
     124     196       0       0       0                        00000000D    251
     124       0       0       4       0                               0D    252
     100     200       0       0       0             251        01010000D    253
     100       0       0       2       0                               0D    254
     102     202       0       0       0                        01010500D    255
     102       0       0       1       0                               0D    256
     102     203       0       0       0                        01010000D    257
     102       0       0       1       0                               0D    258
     142     204       0       0       0                        00010500D    259
     142       0       0       1       0                               0D    260
     144     205       0       0       0                        00000000D    261
     144       0      -1       1       0                               0D    262
     110     206       0       0       0                        01010000D    263
     110       0       0       2       0                               0D    264
     110     208       0       0       0                        01010000D    265
     110       0       0       1       0                               0D    266
     120     209       0       0       0                        01010000D    267
     120       0       0       1       0                               0D    268
     126     210       0       0       0                        01010500D    269
     126       0       0       2       0                               0D    270
     110     212       0       0       0                        01010000D    271
     110       0       0       1       0                               0D    272
     126     213       0       0       0                        01010500D    273
     126       0       0       2       0                               0D    274
     124     215       0       0       0                        00000000D    275
     124       0       0       4       0                               0D    276
     100     219       0       0       0             275        01010000D    277
     100       0       0       2       0                               0D    278
     126     221       0       0       0                        01010500D    279
     126       0       0       2       0                               0D    280
     110     223       0       0       0                        01010000D    281
     110       0       0       1       0                               0D    282
     126     224       0       0       0                        01010500D    283
     126       0       0       2       0                               0D    284
     124     226       0       0       0                        00000000D    285
     124       0       0       4       0                               0D    286
     100     230       0       0       0             285        01010000D    287
     100       0       0       2       0                               0D    288
     102     232       0       0       0                        01010500D    289
     102       0       0       1       0                               0D    290
     102     233       0       0       0                        01010000D    291
     102       0       0       1       0                               0D    292
     142     234       0       0       0                        00010500D    293
     142       0       0       1       0                               0D    294
     144     235       0       0       0                        00000000D    295
     144       0      -1       1       0                               0D    296
     110     236       0       0       0                        01010000D    297
     110       0       0       2       0                               0D    298
     110     238       0       0       0                        01010000D    299
     110       0       0       1       0                               0D    300
     120     239       0       0       0                        01010000D    301
     120       0       0       1       0                               0D    302
     126     240       0       0       0                        01010500D    303
     126       0       0       2       0                               0D    304
     110     242       0       0       0                        01010000D    305
     110       0       0       1       0                               0D    306
     126     243       0       0       0                        01010500D    307
     126       0       0       2       0                               0D    308
     124     245       0       0       0                        00000000D    309
     124       0       0       5       0                               0D    310
     100     250       0       0       0             309        01010000D    311
     100       0       0       2       0                               0D    312
     126     252       0       0       0                        01010500D    313
     126       0       0       2       0                               0D    314
     110     254       0       0       0                        01010000D    315
     110       0       0       1       0                               0D    316
     126     255       0       0       0                        01010500D    317
     126       0       0       2       0                               0D    318
     124     257       0       0       0                        00000000D    319
     124       0       0       4       0                               0D    320
     100     261       0       0       0             319        01010000D    321
     100       0       0       2       0                               0D    322
     102     263       0       0       0                        01010500D    323
     102       0       0       1       0                               0D    324
     102     264       0       0       0                        01010000D    325
     102       0       0       1       0                               0D    326
     142     265       0       0       0                        00010500D    327
     142       0       0       1       0                               0D    328
     144     266       0       0       0                        00000000D    329
     144       0      -1       1       0                               0D    330
     110     267       0       0       0                        01010000D    331
     110       0       0       2       0                               0D    332
     110     269       0       0       0                        01010000D    333
     110       0       0       1       0                               0D    334
     120     270       0       0       0                        01010000D    335
     120       0       0       1       0                               0D    336
     126     271       0       0       0                        01010500D    337
     126       0       0       2       0                               0D    338
     110     273       0       0       0                        01010000D    339
     110       0       0       1       0                               0D    340
     126     274       0       0       0                        01010500D    341
     126       0       0       2       0                               0D    342
     124     276       0       0       0                        00000000D    343
     124       0       0       4       0                               0D    344
     100     280       0       0       0             343        01010000D    345
     100       0       0       2       0                               0D    346
     126     282       0       0       0                        01010500D    347
     126       0       0       2       0                               0D    348
     110     284       0       0       0                        01010000D    349
     110       0       0       1       0                               0D    350
     126     285       0       0       0                        01010500D    351
     126       0       0       2       0                               0D    352
     124     287       0       0       0                        00000000D    353
     124       0       0       4       0                               0D    354
     100     291       0       0       0             353        01010000D    355
     100       0       0       2       0                               0D    356
     102     293       0       0       0                        01010500D    357
     102       0       0       1       0                               0D    358
     102     294       0       0       0                        01010000D    359
     102       0       0       1       0                               0D    360
     142     295       0       0       0                        00010500D    361
     142       0       0       1       0                               0D    362
     144     296       0       0       0                        00000000D    363
     144       0      -1       1       0                               0D    364
     110     297       0       0       0                        01010000D    365
     110       0       0       2       0                               0D    366
     110     299       0       0       0                        01010000D    367
     110       0       0       1       0                               0D    368
     120     300       0       0       0                        01010000D    369
     120       0       0       1       0                               0D    370
     126     301       0       0       0                        01010500D    371
     126       0       0       2       0                               0D    372
     110     303       0       0       0                        01010000D    373
     110       0       0       1       0                               0D    374
     126     304       0       0       0                        01010500D    375
     126       0       0       2       0                               0D    376
     124     306       0       0       0                        00000000D    377
     124       0       0       4       0                               0D    378
     100     310       0       0       0             377        01010000D    379
     100       0       0       2       0                               0D    380
     126     312       0       0       0                        01010500D    381
     126       0       0       2       0                               0D    382
     110     314       0       0       0                        01010000D    383
     110       0       0       1       0                               0D    384
     126     315       0       0       0                        01010500D    385
     126       0       0       2       0                               0D    386
     124     317       0       0       0                        00000000D    387
     124       0       0       4       0                               0D    388
     100     321       0       0       0             387        01010000D    389
     100       0       0       2       0                               0D    390
     102     323       0       0       0                        01010500D    391
     102       0       0       1       0                               0D    392
     102     324       0       0       0                        01010000D    393
     102       0       0       1       0                               0D    394
     142     325       0       0       0                        00010500D    395
     142       0       0       1       0                               0D    396
     144     326       0       0       0                        00000000D    397
     144       0      -1       1       0                               0D    398
     110     327       0       0       0                        01010000D    399
     110       0       0       2       0                               0D    400
     110     329       0       0       0                        01010000D    401
     110       0       0       1       0                               0D    402
     120     330       0       0       0                        01010000D    403
     120       0       0       1       0                               0D    404
     126     331       0       0       0                        01010500D    405
     126       0       0       2       0                               0D    406
     110     333       0       0       0                        01010000D    407
     110       0       0       1       0                               0D    408
     126     334       0       0       0                        01010500D    409
     126       0       0       2       0                               0D    410
     124     336       0       0       0                        00000000D    411
     124       0       0       5       0                               0D    412
     100     341       0       0       0             411        01010000D    413
     100       0       0       2       0                               0D    414
     126     343       0       0       0                        01010500D    415
     126       0       0       2       0                               0D    416
     110     345       0       0       0                        01010000D    417
     110       0       0       1       0                               0D    418
     126     346       0       0       0                        01010500D    419
     126       0       0       2       0                               0D    420
     124     348       0       0       0                        00000000D    421
     124       0       0       4       0                               0D    422
     100     352       0       0       0             421        01010000D    423
     100       0       0       2       0                               0D    424
     102     354       0       0       0                        01010500D    425
     102       0       0       1       0                               0D    426
     102     355       0       0       0                        01010000D    427
     102       0       0       1       0                               0D    428
     142     356       0       0       0                        00010500D    429
     142       0       0       1       0                               0D    430
     144     357       0       0       0                        00000000D    431
     144       0      -1       1       0                               0D    432
     110     358       0       0       0                        01010000D    433
     110       0       0       1       0                               0D    434
     110     359       0       0       0                        01010000D    435
     110       0       0       1       0                               0D    436
     120     360       0       0       0                        01010000D    437
     120       0       0       1       0                               0D    438
     126     361       0       0       0                        01010500D    439
     126       0       0       2       0                               0D    440
     110     363       0       0       0                        01010000D    441
     110       0       0       1       0                               0D    442
     126     364       0       0       0                        01010500D    443
     126       0       0       2       0                               0D    444
     100     366       0       0       0                        01010000D    445
     100       0       0       1       0                               0D    446
     126     367       0       0       0                        01010500D    447
     126       0       0       2       0                               0D    448
     110     369       0       0       0                        01010000D    449
     110       0       0       1       0                               0D    450
     126     370       0       0       0                        01010500D    451
     126       0       0       2       0                               0D    452
     124     372       0       0       0                        00000000D    453
     124       0       0       4       0                               0D    454
     100     376       0       0       0             453        01010000D    455
     100       0       0       1       0                               0D    456
     102     377       0       0       0                        01010500D    457
     102       0       0       1       0                               0D    458
     102     378       0       0       0                        01010000D    459
     102       0       0       1       0                               0D    460
     142     379       0       0       0                        00010500D    461
     142       0       0       1       0                               0D    462
     144     380       0       0       0                        00000000D    463
     144       0      -1       1       0                               0D    464
     110     381       0       0       0                        01010000D    465
     110       0       0       1       0                               0D    466
     110     382       0       0       0                        01010000D    467
     110       0       0       1       0                               0D    468
     120     383       0       0       0                        01010000D    469
     120       0       0       1       0                               0D    470
     126     384       0       0       0                        01010500D    471
     126       0       0       2       0                               0D    472
     110     386       0       0       0                        01010000D    473
     110       0       0       1       0                               0D    474
     126     387       0       0       0                        01010500D    475
     126       0       0       2       0                               0D    476
     100     389       0       0       0                        01010000D    477
     100       0       0       1       0                               0D    478
     126     390       0       0       0                        01010500D    479
     126       0       0       2       0                               0D    480
     110     392       0       0       0                        01010000D    481
     110       0       0       1       0                               0D    482
     126     393       0       0       0                        01010500D    483
     126       0       0       2       0                               0D    484
     124     395       0       0       0                        00000000D    485
     124       0       0       4       0                               0D    486
     100     399       0       0       0             485        01010000D    487
     100       0       0       1       0                               0D    488
     102     400       0       0       0                        01010500D    489
     102       0       0       1       0                               0D    490
     102     401       0       0       0                        01010000D    491
     102       0       0       1       0                               0D    492
     142     402       0       0       0                        00010500D    493
     142       0       0       1       0                               0D    494
     144     403       0       0       0                        00000000D    495
     144       0      -1       1       0                               0D    496
     110     404       0       0       0                        01010000D    497
     110       0       0       1       0                               0D    498
     110     405       0       0       0                        01010000D    499
     110       0       0       1       0                               0D    500
     120     406       0       0       0                        01010000D    501
     120       0       0       1       0                               0D    502
     126     407       0       0       0                        01010500D    503
     126       0       0       2       0                               0D    504
     110     409       0       0       0                        01010000D    505
     110       0       0       1       0                               0D    506
     126     410       0       0       0                        01010500D    507
     126       0       0       2       0                               0D    508
     100     412       0       0       0                        01010000D    509
     100       0       0       1       0                               0D    510
     126     413       0       0       0                        01010500D    511
     126       0       0       2       0                               0D    512
     110     415       0       0       0                        01010000D    513
     110       0       0       1       0                               0D    514
     126     416       0       0       0                        01010500D    515
     126       0       0       2       0                               0D    516
     124     418       0       0       0                        00000000D    517
     124       0       0       4       0                               0D    518
     100     422       0       0       0             517        01010000D    519
     100       0       0       1       0                               0D    520
     102     423       0       0       0                        01010500D    521
     102       0       0       1       0                               0D    522
     102     424       0       0       0                        01010000D    523
     102       0       0       1       0                               0D    524
     142     425       0       0       0                        00010500D    525
     142       0       0       1       0                               0D    526
     144     426       0       0       0                        00000000D    527
     144       0      -1       1       0                               0D    528
     110     427       0       0       0                        01010000D    529
     110       0       0       1       0                               0D    530
     110     428       0       0       0                        01010000D    531
     110       0       0       1       0                               0D    532
     120     429       0       0       0                        01010000D    533
     120       0       0       1       0                               0D    534
     126     430       0       0       0                        01010500D    535
     126       0       0       2       0                               0D    536
     110     432       0       0       0                        01010000D    537
     110       0       0       1       0                               0D    538
     126     433       0       0       0                        01010500D    539
     126       0       0       2       0                               0D    540
     100     435       0       0       0                        01010000D    541
     100       0       0       1       0                               0D    542
     126     436       0       0       0                        01010500D    543
     126       0       0       2       0                               0D    544
     110     438       0       0       0                        01010000D    545
     110       0       0       1       0                               0D    546
     126     439       0       0       0                        01010500D    547
     126       0       0       2       0                               0D    548
     124     441       0       0       0                        00000000D    549
     124       0       0       4       0                               0D    550
     100     445       0       0       0             549        01010000D    551
     100       0       0       1       0                               0D    552
     102     446       0       0       0                        01010500D    553
     102       0       0       1       0                               0D    554
     102     447       0       0       0                        01010000D    555
     102       0       0       1       0                               0D    556
     142     448       0       0       0                        00010500D    557
     142       0       0       1       0                               0D    558
     144     449       0       0       0                        00000000D    559
     144       0      -1       1       0                               0D    560
     110     450       0       0       0                        01010000D    561
     110       0       0       1       0                               0D    562
     110     451       0       0       0                        01010000D    563
     110       0       0       1       0                               0D    564
     120     452       0       0       0                        01010000D    565
     120       0       0       1       0                               0D    566
     126     453       0       0       0                        01010500D    567
     126       0       0       2       0                               0D    568
     110     455       0       0       0                        01010000D    569
     110       0       0       1       0                               0D    570
     126     456       0       0       0                        01010500D    571
     126       0       0       2       0                               0D    572
     100     458       0       0       0                        01010000D    573
     100       0       0       1       0                               0D    574
     126     459       0       0       0                        01010500D    575
     126       0       0       2       0                               0D    576
     110     461       0       0       0                        01010000D    577
     110       0       0       1       0                               0D    578
     126     462       0       0       0                        01010500D    579
     126       0       0       2       0                               0D    580
     124     464       0       0       0                        00000000D    581
     124       0       0       4       0                               0D    582
     100     468       0       0       0             581        01010000D    583
     100       0       0       1       0                               0D    584
     102     469       0       0       0                        01010500D    585
     102       0       0       1       0                               0D    586
     102     470       0       0       0                        01010000D    587
     102       0       0       1       0                               0D    588
     142     471       0       0       0                        00010500D    589
     142       0       0       1       0                               0D    590
     144     472       0       0       0                        00000000D    591
     144       0      -1       1       0                               0D    592
     110     473       0       0       0                        01010000D    593
     110       0       0       1       0                               0D    594
     110     474       0       0       0                        01010000D    595
     110       0       0       1       0                               0D    596
     120     475       0       0       0                        01010000D    597
     120       0       0       1       0                               0D    598
     126     476       0       0       0                        01010500D    599
     126       0       0       2       0                               0D    600
     110     478       0       0       0                        01010000D    601
     110       0       0       1       0                               0D    602
     126     479       0       0       0                        01010500D    603
     126       0       0       2       0                               0D    604
     100     481       0       0       0                        01010000D    605
     100       0       0       1       0                               0D    606
     126     482       0       0       0                        01010500D    607
     126       0       0       2       0                               0D    608
     110     484       0       0       0                        01010000D    609
     110       0       0       1       0                               0D    610
     126     485       0       0       0                        01010500D    611
     126       0       0       2       0                               0D    612
     124     487       0       0       0                        00000000D    613
     124       0       0       4       0                               0D    614
     100     491       0       0       0             613        01010000D    615
     100       0       0       1       0                               0D    616
     102     492       0       0       0                        01010500D    617
     102       0       0       1       0                               0D    618
     102     493       0       0       0                        01010000D    619
     102       0       0       1       0                               0D    620
     142     494       0       0       0                        00010500D    621
     142       0       0       1       0                               0D    622
     144     495       0       0       0                        00000000D    623
     144       0      -1       1       0                               0D    624
     110     496       0       0       0                        01010000D    625
     110       0       0       1       0                               0D    626
     110     497       0       0       0                        01010000D    627
     110       0       0       1       0                               0D    628
     120     498       0       0       0                        01010000D    629
     120       0       0       1       0                               0D    630
     126     499       0       0       0                        01010500D    631
     126       0       0       2       0                               0D    632
     124     501       0       0       0                        00000000D    633
     124       0       0       4       0                               0D    634
     100     505       0       0       0             633        01010000D    635
     100       0       0       1       0                               0D    636
     126     506       0       0       0                        01010500D    637
     126       0       0       2       0                               0D    638
     110     508       0       0       0                        01010000D    639
     110       0       0       1       0                               0D    640
     126     509       0       0       0                        01010500D    641
     126       0       0       2       0                               0D    642
     100     511       0       0       0                        01010000D    643
     100       0       0       1       0                               0D    644
     126     512       0       0       0                        01010500D    645
     126       0       0       2       0                               0D    646
     110     514       0       0       0                        01010000D    647
     110       0       0       1       0                               0D    648
     102     515       0       0       0                        01010500D    649
     102       0       0       1       0                               0D    650
     102     516       0       0       0                        01010000D    651
     102       0       0       1       0                               0D    652
     142     517       0       0       0                        00010500D    653
     142       0       0       1       0                               0D    654
     144     518       0       0       0                        00000000D    655
     144       0      -1       1       0                               0D    656
     128     519       0       0       0                        01010000D    657
     128       0       0       3       0                               0D    658
     126     522       0       0       0                        01010500D    659
     126       0       0       2       0                               0D    660
     110     524       0       0       0                        01010000D    661
     110       0       0       1       0                               0D    662
     126     525       0       0       0                        01010500D    663
     126       0       0       2       0                               0D    664
     110     527       0       0       0                        01010000D    665
     110       0       0       1       0                               0D    666
     126     528       0       0       0                        01010500D    667
     126       0       0      11       0                               0D    668
     126     539       0       0       0                        01010000D    669
     126       0       0       4       0                               0D    670
     126     543       0       0       0                        01010500D    671
     126       0       0      11       0                               0D    672
     126     554       0       0       0                        01010000D    673
     126       0       0       4       0                               0D    674
     126     558       0       0       0                        01010500D    675
     126       0       0       2       0                               0D    676
     110     560       0       0       0                        01010000D    677
     110       0       0       1       0                               0D    678
     126     561       0       0       0                        01010500D    679
     126       0       0      12       0                               0D    680
     126     573       0       0       0                        01010000D    681
     126       0       0       4       0                               0D    682
     102     577       0       0       0                        01010500D    683
     102       0       0       1       0                               0D    684
     102     578       0       0       0                        01010000D    685
     102       0       0       1       0                               0D    686
     142     579       0       0       0                        00010500D    687
     142       0       0       1       0                               0D    688
     126     580       0       0       0                        01010500D    689
     126       0       0      22       0                               0D    690
     100     602       0       0       0                        01010000D    691
     100       0       0       1       0                               0D    692
     126     603       0       0       0                        01010500D    693
     126       0       0      22       0                               0D    694
     100     625       0       0       0                        01010000D    695
     100       0       0       1       0                               0D    696
     102     626       0       0       0                        01010500D    697
     102       0       0       1       0                               0D    698
     102     627       0       0       0                        01010000D    699
     102       0       0       1       0                               0D    700
     142     628       0       0       0                        00010500D    701
     142       0       0       1       0                               0D    702
     126     629       0       0       0                        01010500D    703
     126       0       0      22       0                               0D    704
     100     651       0       0       0                        01010000D    705
     100       0       0       1       0                               0D    706
     126     652       0       0       0                        01010500D    707
     126       0       0      22       0                               0D    708
     100     674       0       0       0                        01010000D    709
     100       0       0       1       0                               0D    710
     102     675       0       0       0                        01010500D    711
     102       0       0       1       0                               0D    712
     102     676       0       0       0                        01010000D    713
     102       0       0       1       0                               0D    714
     142     677       0       0       0                        00010500D    715
     142       0       0       1       0                               0D    716
     126     678       0       0       0                        01010500D    717
     126       0       0      22       0                               0D    718
     100     700       0       0       0                        01010000D    719
     100       0       0       1       0                               0D    720
     126     701       0       0       0                        01010500D    721
     126       0       0      22       0                               0D    722
     100     723       0       0       0                        01010000D    723
     100       0       0       1       0                               0D    724
     102     724       0       0       0                        01010500D    725
     102       0       0       1       0                               0D    726
     102     725       0       0       0                        01010000D    727
     102       0       0       1       0                               0D    728
     142     726       0       0       0                        00010500D    729
     142       0       0       1       0                               0D    730
     126     727       0       0       0                        01010500D    731
     126       0       0      22       0                               0D    732
     100     749       0       0       0                        01010000D    733
     100       0       0       1       0                               0D    734
     126     750       0       0       0                        01010500D    735
     126       0       0      22       0                               0D    736
     100     772       0       0       0                        01010000D    737
     100       0       0       1       0                               0D    738
     102     773       0       0       0                        01010500D    739
     102       0       0       1       0                               0D    740
     102     774       0       0       0                        01010000D    741
     102       0       0       1       0                               0D    742
     142     775       0       0       0                        00010500D    743
     142       0       0       1       0                               0D    744
     126     776       0       0       0                        01010500D    745
     126       0       0      22       0                               0D    746
     100     798       0       0       0                        01010000D    747
     100       0       0       1       0                               0D    748
     126     799       0       0       0                        01010500D    749
     126       0       0      22       0                               0D    750
     100     821       0       0       0                        01010000D    751
     100       0       0       1       0                               0D    752
     102     822       0       0       0                        01010500D    753
     102       0       0       1       0                               0D    754
     102     823       0       0       0                        01010000D    755
     102       0       0       1       0                               0D    756
     142     824       0       0       0                        00010500D    757
     142       0       0       1       0                               0D    758
     126     825       0       0       0                        01010500D    759
     126       0       0      22       0                               0D    760
     100     847       0       0       0                        01010000D    761
     100       0       0       1       0                               0D    762
     126     848       0       0       0                        01010500D    763
     126       0       0      22       0                               0D    764
     100     870       0       0       0                        01010000D    765
     100       0       0       1       0                               0D    766
     102     871       0       0       0                        01010500D    767
     102       0       0       1       0                               0D    768
     102     872       0       0       0                        01010000D    769
     102       0       0       1       0                               0D    770
     142     873       0       0       0                        00010500D    771
     142       0       0       1       0                               0D    772
     144     874       0       0       0                        00000000D    773
     144       0      -1       1       0                               0D    774
     110     875       0       0       0                        01010000D    775
     110       0       0       1       0                               0D    776
     110     876       0       0       0                        01010000D    777
     110       0       0       1       0                               0D    778
     120     877       0       0       0                        01010000D    779
     120       0       0       1       0                               0D    780
     126     878       0       0       0                        01010500D    781
     126       0       0       2       0                               0D    782
     126     880       0       0       0                        01010000D    783
     126       0       0       4       0                               0D    784
     126     884       0       0       0                        01010500D    785
     126       0       0       2       0                               0D    786
     110     886       0       0       0                        01010000D    787
     110       0       0       1       0                               0D    788
     126     887       0       0       0                        01010500D    789
     126       0       0       2       0                               0D    790
     126     889       0       0       0                        01010000D    791
     126       0       0       5       0                               0D    792
     126     894       0       0       0                        01010500D    793
     126       0       0       2       0                               0D    794
     110     896       0       0       0                        01010000D    795
     110       0       0       1       0                               0D    796
     126     897       0       0       0                        01010500D    797
     126       0       0       9       0                               0D    798
     126     906       0       0       0                        01010000D    799
     126       0       0      34       0                               0D    800
     102     940       0       0       0                        01010500D    801
     102       0       0       1       0                               0D    802
     102     941       0       0       0                        01010000D    803
     102       0       0       1       0                               0D    804
     142     942       0       0       0                        00010500D    805
     142       0       0       1       0                               0D    806
     144     943       0       0       0                        00000000D    807
     144       0      -1       1       0                               0D    808
     128     944       0       0       0                        01010000D    809
     128       0       0      15       0                               0D    810
     126     959       0       0       0                        01010500D    811
     126       0       0       2       0                               0D    812
     100     961       0       0       0                        01010000D    813
     100       0       0       1       0                               0D    814
     126     962       0       0       0                        01010500D    815
     126       0       0       2       0                               0D    816
     126     964       0       0       0                        01010000D    817
     126       0       0       6       0                               0D    818
     126     970       0       0       0                        01010500D    819
     126       0       0       2       0                               0D    820
     126     972       0       0       0                        01010000D    821
     126       0       0       4       0                               0D    822
     126     976       0       0       0                        01010500D    823
     126       0       0       2       0                               0D    824
     126     978       0       0       0                        01010000D    825
     126       0       0       7       0                               0D    826
     102     985       0       0       0                        01010500D    827
     102       0       0       1       0                               0D    828
     102     986       0       0       0                        01010000D    829
     102       0       0       1       0                               0D    830
     142     987       0       0       0                        00010500D    831
     142       0       0       1       0                               0D    832
     144     988       0       0       0                        00000000D    833
     144       0      -1       1       0                               0D    834
     128     989       0       0       0                        01010000D    835
     128       0       0      15       0                               0D    836
     126    1004       0       0       0                        01010500D    837
     126       0       0       2       0                               0D    838
     124    1006       0       0       0                        00000000D    839
     124       0       0       2       0                               0D    840
     100    1008       0       0       0             839        01010000D    841
     100       0       0       1       0                               0D    842
     126    1009       0       0       0                        01010500D    843
     126       0       0       2       0                               0D    844
     100    1011       0       0       0                        01010000D    845
     100       0       0       1       0                               0D    846
     126    1012       0       0       0                        01010500D    847
     126       0       0       2       0                               0D    848
     126    1014       0       0       0                        01010000D    849
     126       0       0       6       0                               0D    850
     126    1020       0       0       0                        01010500D    851
     126       0       0       2       0                               0D    852
     126    1022       0       0       0                        01010000D    853
     126       0       0       4       0                               0D    854
     102    1026       0       0       0                        01010500D    855
     102       0       0       1       0                               0D    856
     102    1027       0       0       0                        01010000D    857
     102       0       0       1       0                               0D    858
     142    1028       0       0       0                        00010500D    859
     142       0       0       1       0                               0D    860
     144    1029       0       0       0                        00000000D    861
     144       0      -1       1       0                               0D    862
     110    1030       0       0       0                        01010000D    863
     110       0       0       1       0                               0D    864
     110    1031       0       0       0                        01010000D    865
     110       0       0       1       0                               0D    866
     120    1032       0       0       0                        01010000D    867
     120       0       0       1       0                               0D    868
     126    1033       0       0       0                        01010500D    869
     126       0       0       2       0                               0D    870
     110    1035       0       0       0                        01010000D    871
     110       0       0       1       0                               0D    872
     126    1036       0       0       0                        01010500D    873
     126       0       0       2       0                               0D    874
     124    1038       0       0       0                        00000000D    875
     124       0       0       3       0                               0D    876
     100    1041       0       0       0             875        01010000D    877
     100       0       0       1       0                               0D    878
     126    1042       0       0       0                        01010500D    879
     126       0       0       2       0                               0D    880
     110    1044       0       0       0                        01010000D    881
     110       0       0       1       0                               0D    882
     126    1045       0       0       0                        01010500D    883
     126       0       0       2       0                               0D    884
     126    1047       0       0       0                        01010000D    885
     126       0       0       5       0                               0D    886
     102    1052       0       0       0                        01010500D    887
     102       0       0       1       0                               0D    888
     102    1053       0       0       0                        01010000D    889
     102       0       0       1       0                               0D    890
     142    1054       0       0       0                        00010500D    891
     142       0       0       1       0                               0D    892
     144    1055       0       0       0                        00000000D    893
     144       0      -1       1       0                               0D    894
     128    1056       0       0       0                        01010000D    895
     128       0       0      17       0                               0D    896
     126    1073       0       0       0                        01010500D    897
     126       0       0       2       0                               0D    898
     126    1075       0       0       0                        01010000D    899
     126       0       0       7       0                               0D    900
     126    1082       0       0       0                        01010500D    901
     126       0       0       2       0                               0D    902
     126    1084       0       0       0                        01010000D    903
     126       0       0       4       0                               0D    904
     126    1088       0       0       0                        01010500D    905
     126       0       0       2       0                               0D    906
     126    1090       0       0       0                        01010000D    907
     126       0       0       8       0                               0D    908
     126    1098       0       0       0                        01010500D    909
     126       0       0       2       0                               0D    910
     100    1100       0       0       0                        01010000D    911
     100       0       0       1       0                               0D    912
     102    1101       0       0       0                        01010500D    913
     102       0       0       1       0                               0D    914
     102    1102       0       0       0                        01010000D    915
     102       0       0       1       0                               0D    916
     142    1103       0       0       0                        00010500D    917
     142       0       0       1       0                               0D    918
     144    1104       0       0       0                        00000000D    919
     144       0      -1       1       0                               0D    920
     110    1105       0       0       0                        01010000D    921
     110       0       0       1       0                               0D    922
     110    1106       0       0       0                        01010000D    923
     110       0       0       1       0                               0D    924
     120    1107       0       0       0                        01010000D    925
     120       0       0       1       0                               0D    926
     126    1108       0       0       0                        01010500D    927
     126       0       0       8       0                               0D    928
     126    1116       0       0       0                        01010000D    929
     126       0       0      18       0                               0D    930
     126    1134       0       0       0                        01010500D    931
     126       0       0       2       0                               0D    932
     100    1136       0       0       0                        01010000D    933
     100       0       0       1       0                               0D    934
     126    1137       0       0       0                        01010500D    935
     126       0       0       2       0                               0D    936
     110    1139       0       0       0                        01010000D    937
     110       0       0       1       0                               0D    938
     126    1140       0       0       0                        01010500D    939
     126       0       0       2       0                               0D    940
     124    1142       0       0       0                        00000000D    941
     124       0       0       4       0                               0D    942
     100    1146       0       0       0             941        01010000D    943
     100       0       0       1       0                               0D    944
     126    1147       0       0       0                        01010500D    945
     126       0       0       2       0                               0D    946
     110    1149       0       0       0                        01010000D    947
     110       0       0       2       0                               0D    948
     102    1151       0       0       0                        01010500D    949
     102       0       0       1       0                               0D    950
     102    1152       0       0       0                        01010000D    951
     102       0       0       1       0                               0D    952
     142    1153       0       0       0                        00010500D    953
     142       0       0       1       0                               0D    954
     144    1154       0       0       0                        00000000D    955
     144       0      -1       1       0                               0D    956
     128    1155       0       0       0                        01010000D    957
     128       0       0       3       0                               0D    958
     126    1158       0       0       0                        01010500D    959
     126       0       0       2       0                               0D    960
     110    1160       0       0       0                        01010000D    961
     110       0       0       1       0                               0D    962
     126    1161       0       0       0                        01010500D    963
     126       0       0       2       0                               0D    964
     110    1163       0       0       0                        01010000D    965
     110       0       0       1       0                               0D    966
     126    1164       0       0       0                        01010500D    967
     126       0       0       2       0                               0D    968
     110    1166       0       0       0                        01010000D    969
     110       0       0       1       0                               0D    970
     126    1167       0       0       0                        01010500D    971
     126       0       0       2       0                               0D    972
     110    1169       0       0       0                        01010000D    973
     110       0       0       1       0                               0D    974
     126    1170       0       0       0                        01010500D    975
     126       0       0       3       0                               0D    976
     126    1173       0       0       0                        01010000D    977
     126       0       0       4       0                               0D    978
     102    1177       0       0       0                        01010500D    979
     102       0       0       1       0                               0D    980
     102    1178       0       0       0                        01010000D    981
     102       0       0       1       0                               0D    982
     142    1179       0       0       0                        00010500D    983
     142       0       0       1       0                               0D    984
     144    1180       0       0       0                        00000000D    985
     144       0      -1       1       0                               0D    986
     110    1181       0       0       0                        01010000D    987
     110       0       0       1       0                               0D    988
     110    1182       0       0       0                        01010000D    989
     110       0       0       1       0                               0D    990
     120    1183       0       0       0                        01010000D    991
     120       0       0       1       0                               0D    992
     126    1184       0       0       0                        01010500D    993
     126       0       0       2       0                               0D    994
     124    1186       0       0       0                        00000000D    995
     124       0       0       2       0                               0D    996
     100    1188       0       0       0             995        01010000D    997
     100       0       0       1       0                               0D    998
     126    1189       0       0       0                        01010500D    999
     126       0       0       2       0                               0D   1000
     110    1191       0       0       0                        01010000D   1001
     110       0       0       1       0                               0D   1002
     126    1192       0       0       0                        01010500D   1003
     126       0       0       2       0                               0D   1004
     100    1194       0       0       0                        01010000D   1005
     100       0       0       1       0                               0D   1006
     126    1195       0       0       0                        01010500D   1007
     126       0       0       2       0                               0D   1008
     100    1197       0       0       0                        01010000D   1009
     100       0       0       1       0                               0D   1010
     126    1198       0       0       0                        01010500D   1011
     126       0       0       2       0                               0D   1012
     110    1200       0       0       0                        01010000D   1013
     110       0       0       1       0                               0D   1014
     126    1201       0       0       0                        01010500D   1015
     126       0       0       2       0                               0D   1016
     124    1203       0       0       0                        00000000D   1017
     124       0       0       3       0                               0D   1018
     100    1206       0       0       0            1017        01010000D   1019
     100       0       0       1       0                               0D   1020
     102    1207       0       0       0                        01010500D   1021
     102       0       0       1       0                               0D   1022
     102    1208       0       0       0                        01010000D   1023
     102       0       0       1       0                               0D   1024
     142    1209       0       0       0                        00010500D   1025
     142       0       0       1       0                               0D   1026
     144    1210       0       0       0                        00000000D   1027
     144       0      -1       1       0                               0D   1028
     128    1211       0       0       0                        01010000D   1029
     128       0       0       3       0                               0D   1030
     126    1214       0       0       0                        01010500D   1031
     126       0       0       2       0                               0D   1032
     110    1216       0       0       0                        01010000D   1033
     110       0       0       1       0                               0D   1034
     126    1217       0       0       0                        01010500D   1035
     126       0       0       2       0                               0D   1036
     110    1219       0       0       0                        01010000D   1037
     110       0       0       1       0                               0D   1038
     126    1220       0       0       0                        01010500D   1039
     126       0       0       2       0                               0D   1040
     110    1222       0       0       0                        01010000D   1041
     110       0       0       1       0                               0D   1042
     126    1223       0       0       0                        01010500D   1043
     126       0       0       2       0                               0D   1044
     110    1225       0       0       0                        01010000D   1045
     110       0       0       1       0                               0D   1046
     102    1226       0       0       0                        01010500D   1047
     102       0       0       1       0                               0D   1048
     102    1227       0       0       0                        01010000D   1049
     102       0       0       1       0                               0D   1050
     142    1228       0       0       0                        00010500D   1051
     142       0       0       1       0                               0D   1052
     144    1229       0       0       0                        00000000D   1053
     144       0      -1       1       0                               0D   1054
     128    1230       0       0       0                        01010000D   1055
     128       0       0      12       0                               0D   1056
     126    1242       0       0       0                        01010500D   1057
     126       0       0       2       0                               0D   1058
     126    1244       0       0       0                        01010000D   1059
     126       0       0       4       0                               0D   1060
     126    1248       0       0       0                        01010500D   1061
     126       0       0       2       0                               0D   1062
     126    1250       0       0       0                        01010500D   1063
     126       0       0       2       0                               0D   1064
     126    1252       0       0       0                        01010000D   1065
     126       0       0       4       0                               0D   1066
     126    1256       0       0       0                        01010500D   1067
     126       0       0       2       0                               0D   1068
     126    1258       0       0       0                        01010000D   1069
     126       0       0       4       0                               0D   1070
     102    1262       0       0       0                        01010500D   1071
     102       0       0       1       0                               0D   1072
     102    1263       0       0       0                        01010000D   1073
     102       0       0       1       0                               0D   1074
     142    1264       0       0       0                        00010500D   1075
     142       0       0       1       0                               0D   1076
     144    1265       0       0       0                        00000000D   1077
     144       0      -1       1       0                               0D   1078
     128    1266       0       0       0                        01010000D   1079
     128       0       0      89       0                               0D   1080
     126    1355       0       0       0                        01010500D   1081
     126       0       0       2       0                               0D   1082
     126    1357       0       0       0                        01010000D   1083
     126       0       0       4       0                               0D   1084
     126    1361       0       0       0                        01010500D   1085
     126       0       0       2       0                               0D   1086
     126    1363       0       0       0                        01010000D   1087
     126       0       0      18       0                               0D   1088
     126    1381       0       0       0                        01010500D   1089
     126       0       0       2       0                               0D   1090
     126    1383       0       0       0                        01010000D   1091
     126       0       0       5       0                               0D   1092
     126    1388       0       0       0                        01010500D   1093
     126       0       0       2       0                               0D   1094
     126    1390       0       0       0                        01010000D   1095
     126       0       0      34       0                               0D   1096
     102    1424       0       0       0                        01010500D   1097
     102       0       0       1       0                               0D   1098
     102    1425       0       0       0                        01010000D   1099
     102       0       0       1       0                               0D   1100
     142    1426       0       0       0                        00010500D   1101
     142       0       0       1       0                               0D   1102
     144    1427       0       0       0                        00000000D   1103
     144       0      -1       1       0                               0D   1104
     128    1428       0       0       0                        01010000D   1105
     128       0       0      12       0                               0D   1106
     126    1440       0       0       0                        01010500D   1107
     126       0       0       2       0                               0D   1108
     126    1442       0       0       0                        01010000D   1109
     126       0       0       5       0                               0D   1110
     126    1447       0       0       0                        01010500D   1111
     126       0       0       2       0                               0D   1112
     126    1449       0       0       0                        01010000D   1113
     126       0       0       5       0                               0D   1114
     126    1454       0       0       0                        01010500D   1115
     126       0       0       2       0                               0D   1116
     100    1456       0       0       0                        01010000D   1117
     100       0       0       2       0                               0D   1118
     126    1458       0       0       0                        01010500D   1119
     126       0       0       2       0                               0D   1120
     126    1460       0       0       0                        01010000D   1121
     126       0       0       4       0                               0D   1122
     102    1464       0       0       0                        01010500D   1123
     102       0       0       1       0                               0D   1124
     102    1465       0       0       0                        01010000D   1125
     102       0       0       1       0                               0D   1126
     142    1466       0       0       0                        00010500D   1127
     142       0       0       1       0                               0D   1128
     144    1467       0       0       0                        00000000D   1129
     144       0      -1       1       0                               0D   1130
     128    1468       0       0       0                        01010000D   1131
     128       0       0      18       0                               0D   1132
     126    1486       0       0       0                        01010500D   1133
     126       0       0       2       0                               0D   1134
     126    1488       0       0       0                        01010000D   1135
     126       0       0       7       0                               0D   1136
     126    1495       0       0       0                        01010500D   1137
     126       0       0       2       0                               0D   1138
     124    1497       0       0       0                        00000000D   1139
     124       0       0       2       0                               0D   1140
     100    1499       0       0       0            1139        01010000D   1141
     100       0       0       1       0                               0D   1142
     126    1500       0       0       0                        01010500D   1143
     126       0       0       2       0                               0D   1144
     124    1502       0       0       0                        00000000D   1145
     124       0       0       5       0                               0D   1146
     100    1507       0       0       0            1145        01010000D   1147
     100       0       0       2       0                               0D   1148
     126    1509       0       0       0                        01010500D   1149
     126       0       0       4       0                               0D   1150
     126    1513       0       0       0                        01010000D   1151
     126       0       0       4       0                               0D   1152
     102    1517       0       0       0                        01010500D   1153
     102       0       0       1       0                               0D   1154
     102    1518       0       0       0                        01010000D   1155
     102       0       0       1       0                               0D   1156
     142    1519       0       0       0                        00010500D   1157
     142       0       0       1       0                               0D   1158
     144    1520       0       0       0                        00000000D   1159
     144       0      -1       1       0                               0D   1160
     110    1521       0       0       0                        01010000D   1161
     110       0       0       1       0                               0D   1162
     110    1522       0       0       0                        01010000D   1163
     110       0       0       1       0                               0D   1164
     120    1523       0       0       0                        01010000D   1165
     120       0       0       1       0                               0D   1166
     126    1524       0       0       0                        01010500D   1167
     126       0       0       7       0                               0D   1168
     126    1531       0       0       0                        01010000D   1169
     126       0       0      12       0                               0D   1170
     126    1543       0       0       0                        01010500D   1171
     126       0       0       2       0                               0D   1172
     110    1545       0       0       0                        01010000D   1173
     110       0       0       1       0                               0D   1174
     126    1546       0       0       0                        01010500D   1175
     126       0       0       2       0                               0D   1176
     124    1548       0       0       0                        00000000D   1177
     124       0       0       4       0                               0D   1178
     100    1552       0       0       0            1177        01010000D   1179
     100       0       0       1       0                               0D   1180
     126    1553       0       0       0                        01010500D   1181
     126       0       0       2       0                               0D   1182
     110    1555       0       0       0                        01010000D   1183
     110       0       0       1       0                               0D   1184
     102    1556       0       0       0                        01010500D   1185
     102       0       0       1       0                               0D   1186
     102    1557       0       0       0                        01010000D   1187
     102       0       0       1       0                               0D   1188
     142    1558       0       0       0                        00010500D   1189
     142       0       0       1       0                               0D   1190
     144    1559       0       0       0                        00000000D   1191
     144       0      -1       1       0                               0D   1192
     128    1560       0       0       0                        01010000D   1193
     128       0       0      16       0                               0D   1194
     126    1576       0       0       0                        01010500D   1195
     126       0       0       2       0                               0D   1196
     126    1578       0       0       0                        01010000D   1197
     126       0       0      21       0                               0D   1198
     126    1599       0       0       0                        01010500D   1199
     126       0       0       2       0                               0D   1200
     124    1601       0       0       0                        00000000D   1201
     124       0       0       3       0                               0D   1202
     100    1604       0       0       0            1201        01010000D   1203
     100       0       0       1       0                               0D   1204
     126    1605       0       0       0                        01010500D   1205
     126       0       0       2       0                               0D   1206
     124    1607       0       0       0                        00000000D   1207
     124       0       0       4       0                               0D   1208
     100    1611       0       0       0            1207        01010000D   1209
     100       0       0       1       0                               0D   1210
     126    1612       0       0       0                        01010500D   1211
     126       0       0       2       0                               0D   1212
     126    1614       0       0       0                        01010000D   1213
     126       0       0       6       0                               0D   1214
     102    1620       0       0       0                        01010500D   1215
     102       0       0       1       0                               0D   1216
     102    1621       0       0       0                        01010000D   1217
     102       0       0       1       0                               0D   1218
     142    1622       0       0       0                        00010500D   1219
     142       0       0       1       0                               0D   1220
     144    1623       0       0       0                        00000000D   1221
     144       0      -1       1       0                               0D   1222
     128    1624       0       0       0                        01010000D   1223
     128       0       0      16       0                               0D   1224
     126    1640       0       0       0                        01010500D   1225
     126       0       0       2       0                               0D   1226
     124    1642       0       0       0                        00000000D   1227
     124       0       0       3       0                               0D   1228
     100    1645       0       0       0            1227        01010000D   1229
     100       0       0       1       0                               0D   1230
     126    1646       0       0       0                        01010500D   1231
     126       0       0       2       0                               0D   1232
     126    1648       0       0       0                        01010000D   1233
     126       0       0      20       0                               0D   1234
     126    1668       0       0       0                        01010500D   1235
     126       0       0       2       0                               0D   1236
     126    1670       0       0       0                        01010000D   1237
     126       0       0       7       0                               0D   1238
     126    1677       0       0       0                        01010500D   1239
     126       0       0       2       0                               0D   1240
     124    1679       0       0       0                        00000000D   1241
     124       0       0       5       0                               0D   1242
     100    1684       0       0       0            1241        01010000D   1243
     100       0       0       1       0                               0D   1244
     102    1685       0       0       0                        01010500D   1245
     102       0       0       1       0                               0D   1246
     102    1686       0       0       0                        01010000D   1247
     102       0       0       1       0                               0D   1248
     142    1687       0       0       0                        00010500D   1249
     142       0       0       1       0                               0D   1250
     144    1688       0       0       0                        00000000D   1251
     144       0      -1       1       0                               0D   1252
     110    1689       0       0       0                        01010000D   1253
     110       0       0       1       0                               0D   1254
     110    1690       0       0       0                        01010000D   1255
     110       0       0       1       0                               0D   1256
     120    1691       0       0       0                        01010000D   1257
     120       0       0       1       0                               0D   1258
     126    1692       0       0       0                        01010500D   1259
     126       0       0       2       0                               0D   1260
     110    1694       0       0       0                        01010000D   1261
     110       0       0       1       0                               0D   1262
     126    1695       0       0       0                        01010500D   1263
     126       0       0       2       0                               0D   1264
     124    1697       0       0       0                        00000000D   1265
     124       0       0       3       0                               0D   1266
     100    1700       0       0       0            1265        01010000D   1267
     100       0       0       1       0                               0D   1268
     126    1701       0       0       0                        01010500D   1269
     126       0       0       2       0                               0D   1270
     110    1703       0       0       0                        01010000D   1271
     110       0       0       1       0                               0D   1272
     126    1704       0       0       0                        01010500D   1273
     126       0       0       2       0                               0D   1274
     124    1706       0       0       0                        00000000D   1275
     124       0       0       2       0                               0D   1276
     100    1708       0       0       0            1275        01010000D   1277
     100       0       0       1       0                               0D   1278
     102    1709       0       0       0                        01010500D   1279
     102       0       0       1       0                               0D   1280
     102    1710       0       0       0                        01010000D   1281
     102       0       0       1       0                               0D   1282
     142    1711       0       0       0                        00010500D   1283
     142       0       0       1       0                               0D   1284
     144    1712       0       0       0                        00000000D   1285
     144       0      -1       1       0                               0D   1286
     110    1713       0       0       0                        01010000D   1287
     110       0       0       2       0                               0D   1288
     110    1715       0       0       0                        01010000D   1289
     110       0       0       1       0                               0D   1290
     120    1716       0       0       0                        01010000D   1291
     120       0       0       1       0                               0D   1292
     126    1717       0       0       0                        01010500D   1293
     126       0       0       2       0                               0D   1294
     126    1719       0       0       0                        01010000D   1295
     126       0       0       4       0                               0D   1296
     126    1723       0       0       0                        01010500D   1297
     126       0       0       2       0                               0D   1298
     124    1725       0       0       0                        00000000D   1299
     124       0       0       4       0                               0D   1300
     100    1729       0       0       0            1299        01010000D   1301
     100       0       0       2       0                               0D   1302
     126    1731       0       0       0                        01010500D   1303
     126       0       0       2       0                               0D   1304
     110    1733       0       0       0                        01010000D   1305
     110       0       0       2       0                               0D   1306
     126    1735       0       0       0                        01010500D   1307
     126       0       0       2       0                               0D   1308
     124    1737       0       0       0                        00000000D   1309
     124       0       0       4       0                               0D   1310
     100    1741       0       0       0            1309        01010000D   1311
     100       0       0       2       0                               0D   1312
     126    1743       0       0       0                        01010500D   1313
     126       0       0       2       0                               0D   1314
     110    1745       0       0       0                        01010000D   1315
     110       0       0       1       0                               0D   1316
     102    1746       0       0       0                        01010500D   1317
     102       0       0       1       0                               0D   1318
     102    1747       0       0       0                        01010000D   1319
     102       0       0       1       0                               0D   1320
     142    1748       0       0       0                        00010500D   1321
     142       0       0       1       0                               0D   1322
     144    1749       0       0       0                        00000000D   1323
     144       0      -1       1       0                               0D   1324
     128    1750       0       0       0                        01010000D   1325
     128       0       0      21       0                               0D   1326
     126    1771       0       0       0                        01010500D   1327
     126       0       0       2       0                               0D   1328
     126    1773       0       0       0                        01010000D   1329
     126       0       0       9       0                               0D   1330
     126    1782       0       0       0                        01010500D   1331
     126       0       0       2       0                               0D   1332
     100    1784       0       0       0                        01010000D   1333
     100       0       0       2       0                               0D   1334
     126    1786       0       0       0                        01010500D   1335
     126       0       0       2       0                               0D   1336
     124    1788       0       0       0                        00000000D   1337
     124       0       0       4       0                               0D   1338
     100    1792       0       0       0            1337        01010000D   1339
     100       0       0       2       0                               0D   1340
     126    1794       0       0       0                        01010500D   1341
     126       0       0      12       0                               0D   1342
     126    1806       0       0       0                        01010000D   1343
     126       0       0      18       0                               0D   1344
     126    1824       0       0       0                        01010500D   1345
     126       0       0       3       0                               0D   1346
     126    1827       0       0       0                        01010000D   1347
     126       0       0       5       0                               0D   1348
     102    1832       0       0       0                        01010500D   1349
     102       0       0       1       0                               0D   1350
     102    1833       0       0       0                        01010000D   1351
     102       0       0       1       0                               0D   1352
     142    1834       0       0       0                        00010500D   1353
     142       0       0       1       0                               0D   1354
     144    1835       0       0       0                        00000000D   1355
     144       0      -1       1       0                               0D   1356
     110    1836       0       0       0                        01010000D   1357
     110       0       0       1       0                               0D   1358
     110    1837       0       0       0                        01010000D   1359
     110       0       0       1       0                               0D   1360
     120    1838       0       0       0                        01010000D   1361
     120       0       0       1       0                               0D   1362
     126    1839       0       0       0                        01010500D   1363
     126       0       0       2       0                               0D   1364
     110    1841       0       0       0                        01010000D   1365
     110       0       0       1       0                               0D   1366
     126    1842       0       0       0                        01010500D   1367
     126       0       0       2       0                               0D   1368
     124    1844       0       0       0                        00000000D   1369
     124       0       0       4       0                               0D   1370
     100    1848       0       0       0            1369        01010000D   1371
     100       0       0       2       0                               0D   1372
     126    1850       0       0       0                        01010500D   1373
     126       0       0       2       0                               0D   1374
     110    1852       0       0       0                        01010000D   1375
     110       0       0       2       0                               0D   1376
     126    1854       0       0       0                        01010500D   1377
     126       0       0       2       0                               0D   1378
     100    1856       0       0       0                        01010000D   1379
     100       0       0       2       0                               0D   1380
     102    1858       0       0       0                        01010500D   1381
     102       0       0       1       0                               0D   1382
     102    1859       0       0       0                        01010000D   1383
     102       0       0       1       0                               0D   1384
     142    1860       0       0       0                        00010500D   1385
     142       0       0       1       0                               0D   1386
     144    1861       0       0       0                        00000000D   1387
     144       0      -1       1       0                               0D   1388
     110    1862       0       0       0                        01010000D   1389
     110       0       0       2       0                               0D   1390
     110    1864       0       0       0                        01010000D   1391
     110       0       0       1       0                               0D   1392
     120    1865       0       0       0                        01010000D   1393
     120       0       0       1       0                               0D   1394
     126    1866       0       0       0                        01010500D   1395
     126       0       0       2       0                               0D   1396
     110    1868       0       0       0                        01010000D   1397
     110       0       0       2       0                               0D   1398
     126    1870       0       0       0                        01010500D   1399
     126       0       0       2       0                               0D   1400
     100    1872       0       0       0                        01010000D   1401
     100       0       0       2       0                               0D   1402
     126    1874       0       0       0                        01010500D   1403
     126       0       0       2       0                               0D   1404
     110    1876       0       0       0                        01010000D   1405
     110       0       0       1       0                               0D   1406
     126    1877       0       0       0                        01010500D   1407
     126       0       0       2       0                               0D   1408
     124    1879       0       0       0                        00000000D   1409
     124       0       0       4       0                               0D   1410
     100    1883       0       0       0            1409        01010000D   1411
     100       0       0       2       0                               0D   1412
     102    1885       0       0       0                        01010500D   1413
     102       0       0       1       0                               0D   1414
     102    1886       0       0       0                        01010000D   1415
     102       0       0       1       0                               0D   1416
     142    1887       0       0       0                        00010500D   1417
     142       0       0       1       0                               0D   1418
     144    1888       0       0       0                        00000000D   1419
     144       0      -1       1       0                               0D   1420
     110    1889       0       0       0                        01010000D   1421
     110       0       0       2       0                               0D   1422
     110    1891       0       0       0                        01010000D   1423
     110       0       0       2       0                               0D   1424
     120    1893       0       0       0                        01010000D   1425
     120       0       0       1       0                               0D   1426
     126    1894       0       0       0                        01010500D   1427
     126       0       0       2       0                               0D   1428
     110    1896       0       0       0                        01010000D   1429
     110       0       0       1       0                               0D   1430
     126    1897       0       0       0                        01010500D   1431
     126       0       0       2       0                               0D   1432
     100    1899       0       0       0                        01010000D   1433
     100       0       0       2       0                               0D   1434
     126    1901       0       0       0                        01010500D   1435
     126       0       0       2       0                               0D   1436
     110    1903       0       0       0                        01010000D   1437
     110       0       0       2       0                               0D   1438
     126    1905       0       0       0                        01010500D   1439
     126       0       0       2       0                               0D   1440
     124    1907       0       0       0                        00000000D   1441
     124       0       0       4       0                               0D   1442
     100    1911       0       0       0            1441        01010000D   1443
     100       0       0       2       0                               0D   1444
     102    1913       0       0       0                        01010500D   1445
     102       0       0       1       0                               0D   1446
     102    1914       0       0       0                        01010000D   1447
     102       0       0       1       0                               0D   1448
     142    1915       0       0       0                        00010500D   1449
     142       0       0       1       0                               0D   1450
     144    1916       0       0       0                        00000000D   1451
     144       0      -1       1       0                               0D   1452
     128    1917       0       0       0                        01010000D   1453
     128       0       0     126       0                               0D   1454
     126    2043       0       0       0                        01010500D   1455
     126       0       0       8       0                               0D   1456
     126    2051       0       0       0                        01010000D   1457
     126       0       0       9       0                               0D   1458
     126    2060       0       0       0                        01010500D   1459
     126       0       0      25       0                               0D   1460
     126    2085       0       0       0                        01010000D   1461
     126       0       0      45       0                               0D   1462
     126    2130       0       0       0                        01010500D   1463
     126       0       0       2       0                               0D   1464
     126    2132       0       0       0                        01010000D   1465
     126       0       0       4       0                               0D   1466
     126    2136       0       0       0                        01010500D   1467
     126       0       0       2       0                               0D   1468
     126    2138       0       0       0                        01010000D   1469
     126       0       0       6       0                               0D   1470
     126    2144       0       0       0                        01010500D   1471
     126       0       0       2       0                               0D   1472
     126    2146       0       0       0                        01010000D   1473
     126       0       0       4       0                               0D   1474
     102    2150       0       0       0                        01010500D   1475
     102       0       0       1       0                               0D   1476
     102    2151       0       0       0                        01010000D   1477
     102       0       0       1       0                               0D   1478
     142    2152       0       0       0                        00010500D   1479
     142       0       0       1       0                               0D   1480
     144    2153       0       0       0                        00000000D   1481
     144       0      -1       1       0                               0D   1482
     128    2154       0       0       0                        01010000D   1483
     128       0       0     138       0                               0D   1484
     126    2292       0       0       0                        01010500D   1485
     126       0       0       2       0                               0D   1486
     126    2294       0       0       0                        01010000D   1487
     126       0       0       6       0                               0D   1488
     126    2300       0       0       0                        01010500D   1489
     126       0       0       2       0                               0D   1490
     126    2302       0       0       0                        01010000D   1491
     126       0       0       4       0                               0D   1492
     126    2306       0       0       0                        01010500D   1493
     126       0       0      20       0                               0D   1494
     126    2326       0       0       0                        01010000D   1495
     126       0       0      55       0                               0D   1496
     126    2381       0       0       0                        01010500D   1497
     126       0       0       8       0                               0D   1498
     126    2389       0       0       0                        01010000D   1499
     126       0       0      18       0                               0D   1500
     126    2407       0       0       0                        01010500D   1501
     126       0       0       2       0                               0D   1502
     126    2409       0       0       0                        01010000D   1503
     126       0       0       4       0                               0D   1504
     102    2413       0       0       0                        01010500D   1505
     102       0       0       1       0                               0D   1506
     102    2414       0       0       0                        01010000D   1507
     102       0       0       1       0                               0D   1508
     142    2415       0       0       0                        00010500D   1509
     142       0       0       1       0                               0D   1510
     144    2416       0       0       0                        00000000D   1511
     144       0      -1       1       0                               0D   1512
     128    2417       0       0       0                        01010000D   1513
     128       0       0      19       0                               0D   1514
     126    2436       0       0       0                        01010500D   1515
     126       0       0       2       0                               0D   1516
     100    2438       0       0       0                        01010000D   1517
     100       0       0       2       0                               0D   1518
     126    2440       0       0       0                        01010500D   1519
     126       0       0       2       0                               0D   1520
     126    2442       0       0       0                        01010000D   1521
     126       0       0       6       0                               0D   1522
     126    2448       0       0       0                        01010500D   1523
     126       0       0       2       0                               0D   1524
     126    2450       0       0       0                        01010000D   1525
     126       0       0       8       0                               0D   1526
     126    2458       0       0       0                        01010500D   1527
     126       0       0       2       0                               0D   1528
     124    2460       0       0       0                        00000000D   1529
     124       0       0       4       0                               0D   1530
     100    2464       0       0       0            1529        01010000D   1531
     100       0       0       2       0                               0D   1532
     102    2466       0       0       0                        01010500D   1533
     102       0       0       1       0                               0D   1534
     102    2467       0       0       0                        01010000D   1535
     102       0       0       1       0                               0D   1536
     142    2468       0       0       0                        00010500D   1537
     142       0       0       1       0                               0D   1538
     144    2469       0       0       0                        00000000D   1539
     144       0      -1       1       0                               0D   1540
     128    2470       0       0       0                        01010000D   1541
     128       0       0     450       0                               0D   1542
     126    2920       0       0       0                        01010500D   1543
     126       0       0       2       0                               0D   1544
     126    2922       0       0       0                        01010000D   1545
     126       0       0      12       0                               0D   1546
     126    2934       0       0       0                        01010500D   1547
     126       0       0       2       0                               0D   1548
     124    2936       0       0       0                        00000000D   1549
     124       0       0       5       0                               0D   1550
     100    2941       0       0       0            1549        01010000D   1551
     100       0       0       2       0                               0D   1552
     126    2943       0       0       0                        01010500D   1553
     126       0       0       2       0                               0D   1554
     126    2945       0       0       0                        01010000D   1555
     126       0       0       9       0                               0D   1556
     126    2954       0       0       0                        01010500D   1557
     126       0       0       8       0                               0D   1558
     126    2962       0       0       0                        01010000D   1559
     126       0       0       6       0                               0D   1560
     126    2968       0       0       0                        01010500D   1561
     126       0       0       3       0                               0D   1562
     126    2971       0       0       0                        01010000D   1563
     126       0       0       4       0                               0D   1564
     102    2975       0       0       0                        01010500D   1565
     102       0       0       1       0                               0D   1566
     102    2976       0       0       0                        01010000D   1567
     102       0       0       1       0                               0D   1568
     142    2977       0       0       0                        00010500D   1569
     142       0       0       1       0                               0D   1570
     144    2978       0       0       0                        00000000D   1571
     144       0      -1       1       0                               0D   1572
     128    2979       0       0       0                        01010000D   1573
     128       0       0       3       0                               0D   1574
     126    2982       0       0       0                        01010500D   1575
     126       0       0      11       0                               0D   1576
     126    2993       0       0       0                        01010000D   1577
     126       0       0      21       0                               0D   1578
     126    3014       0       0       0                        01010500D   1579
     126       0       0       2       0                               0D   1580
     110    3016       0       0       0                        01010000D   1581
     110       0       0       1       0                               0D   1582
     126    3017       0       0       0                        01010500D   1583
     126       0       0      10       0                               0D   1584
     126    3027       0       0       0                        01010000D   1585
     126       0       0       7       0                               0D   1586
     126    3034       0       0       0                        01010500D   1587
     126       0       0       2       0                               0D   1588
     110    3036       0       0       0                        01010000D   1589
     110       0       0       1       0                               0D   1590
     126    3037       0       0       0                        01010500D   1591
     126       0       0       3       0                               0D   1592
     126    3040       0       0       0                        01010000D   1593
     126       0       0       4       0                               0D   1594
     126    3044       0       0       0                        01010500D   1595
     126       0       0       2       0                               0D   1596
     110    3046       0       0       0                        01010000D   1597
     110       0       0       1       0                               0D   1598
     126    3047       0       0       0                        01010500D   1599
     126       0       0      11       0                               0D   1600
     126    3058       0       0       0                        01010000D   1601
     126       0       0      19       0                               0D   1602
     102    3077       0       0       0                        01010500D   1603
     102       0       0       1       0                               0D   1604
     102    3078       0       0       0                        01010000D   1605
     102       0       0       1       0                               0D   1606
     142    3079       0       0       0                        00010500D   1607
     142       0       0       1       0                               0D   1608
     126    3080       0       0       0                        01010500D   1609
     126       0       0      22       0                               0D   1610
     100    3102       0       0       0                        01010000D   1611
     100       0       0       1       0                               0D   1612
     126    3103       0       0       0                        01010500D   1613
     126       0       0      22       0                               0D   1614
     100    3125       0       0       0                        01010000D   1615
     100       0       0       1       0                               0D   1616
     102    3126       0       0       0                        01010500D   1617
     102       0       0       1       0                               0D   1618
     102    3127       0       0       0                        01010000D   1619
     102       0       0       1       0                               0D   1620
     142    3128       0       0       0                        00010500D   1621
     142       0       0       1       0                               0D   1622
     126    3129       0       0       0                        01010500D   1623
     126       0       0      22       0                               0D   1624
     100    3151       0       0       0                        01010000D   1625
     100       0       0       1       0                               0D   1626
     126    3152       0       0       0                        01010500D   1627
     126       0       0      22       0                               0D   1628
     100    3174       0       0       0                        01010000D   1629
     100       0       0       1       0                               0D   1630
     102    3175       0       0       0                        01010500D   1631
     102       0       0       1       0                               0D   1632
     102    3176       0       0       0                        01010000D   1633
     102       0       0       1       0                               0D   1634
     142    3177       0       0       0                        00010500D   1635
     142       0       0       1       0                               0D   1636
     126    3178       0       0       0                        01010500D   1637
     126       0       0      22       0                               0D   1638
     100    3200       0       0       0                        01010000D   1639
     100       0       0       1       0                               0D   1640
     126    3201       0       0       0                        01010500D   1641
     126       0       0      22       0                               0D   1642
     100    3223       0       0       0                        01010000D   1643
     100       0       0       1       0                               0D   1644
     102    3224       0       0       0                        01010500D   1645
     102       0       0       1       0                               0D   1646
     102    3225       0       0       0                        01010000D   1647
     102       0       0       1       0                               0D   1648
     142    3226       0       0       0                        00010500D   1649
     142       0       0       1       0                               0D   1650
     126    3227       0       0       0                        01010500D   1651
     126       0       0      22       0                               0D   1652
     100    3249       0       0       0                        01010000D   1653
     100       0       0       1       0                               0D   1654
     126    3250       0       0       0                        01010500D   1655
     126       0       0      22       0                               0D   1656
     100    3272       0       0       0                        01010000D   1657
     100       0       0       1       0                               0D   1658
     102    3273       0       0       0                        01010500D   1659
     102       0       0       1       0                               0D   1660
     102    3274       0       0       0                        01010000D   1661
     102       0       0       1       0                               0D   1662
     142    3275       0       0       0                        00010500D   1663
     142       0       0       1       0                               0D   1664
     126    3276       0       0       0                        01010500D   1665
     126       0       0      22       0                               0D   1666
     100    3298       0       0       0                        01010000D   1667
     100       0       0       1       0                               0D   1668
     126    3299       0       0       0                        01010500D   1669
     126       0       0      22       0                               0D   1670
     100    3321       0       0       0                        01010000D   1671
     100       0       0       1       0                               0D   1672
     102    3322       0       0       0                        01010500D   1673
     102       0       0       1       0                               0D   1674
     102    3323       0       0       0                        01010000D   1675
     102       0       0       1       0                               0D   1676
     142    3324       0       0       0                        00010500D   1677
     142       0       0       1       0                               0D   1678
     126    3325       0       0       0                        01010500D   1679
     126       0       0      22       0                               0D   1680
     100    3347       0       0       0                        01010000D   1681
     100       0       0       1       0                               0D   1682
     126    3348       0       0       0                        01010500D   1683
     126       0       0      22       0                               0D   1684
     100    3370       0       0       0                        01010000D   1685
     100       0       0       1       0                               0D   1686
     102    3371       0       0       0                        01010500D   1687
     102       0       0       1       0                               0D   1688
     102    3372       0       0       0                        01010000D   1689
     102       0       0       1       0                               0D   1690
     142    3373       0       0       0                        00010500D   1691
     142       0       0       1       0                               0D   1692
     144    3374       0       0       0                        00000000D   1693
     144       0      -1       1       0                               0D   1694
     128    3375       0       0       0                        01010000D   1695
     128       0       0       4       0                               0D   1696
     126    3379       0       0       0                        01010500D   1697
     126       0       0       2       0                               0D   1698
     110    3381       0       0       0                        01010000D   1699
     110       0       0       2       0                               0D   1700
     126    3383       0       0       0                        01010500D   1701
     126       0       0       2       0                               0D   1702
     110    3385       0       0       0                        01010000D   1703
     110       0       0       1       0                               0D   1704
     126    3386       0       0       0                        01010500D   1705
     126       0       0       2       0                               0D   1706
     110    3388       0       0       0                        01010000D   1707
     110       0       0       1       0                               0D   1708
     126    3389       0       0       0                        01010500D   1709
     126       0       0       2       0                               0D   1710
     110    3391       0       0       0                        01010000D   1711
     110       0       0       1       0                               0D   1712
     102    3392       0       0       0                        01010500D   1713
     102       0       0       1       0                               0D   1714
     102    3393       0       0       0                        01010000D   1715
     102       0       0       1       0                               0D   1716
     142    3394       0       0       0                        00010500D   1717
     142       0       0       1       0                               0D   1718
     126    3395       0       0       0                        01010500D   1719
     126       0       0      21       0                               0D   1720
     124    3416       0       0       0                        00000000D   1721
     124       0       0       5       0                               0D   1722
     100    3421       0       0       0            1721        01010000D   1723
     100       0       0       2       0                               0D   1724
     126    3423       0       0       0                        01010500D   1725
     126       0       0      21       0                               0D   1726
     124    3444       0       0       0                        00000000D   1727
     124       0       0       4       0                               0D   1728
     100    3448       0       0       0            1727        01010000D   1729
     100       0       0       2       0                               0D   1730
     102    3450       0       0       0                        01010500D   1731
     102       0       0       1       0                               0D   1732
     102    3451       0       0       0                        01010000D   1733
     102       0       0       1       0                               0D   1734
     142    3452       0       0       0                        00010500D   1735
     142       0       0       1       0                               0D   1736
     126    3453       0       0       0                        01010500D   1737
     126       0       0      21       0                               0D   1738
     124    3474       0       0       0                        00000000D   1739
     124       0       0       4       0                               0D   1740
     100    3478       0       0       0            1739        01010000D   1741
     100       0       0       2       0                               0D   1742
     126    3480       0       0       0                        01010500D   1743
     126       0       0      21       0                               0D   1744
     124    3501       0       0       0                        00000000D   1745
     124       0       0       4       0                               0D   1746
     100    3505       0       0       0            1745        01010000D   1747
     100       0       0       2       0                               0D   1748
     102    3507       0       0       0                        01010500D   1749
     102       0       0       1       0                               0D   1750
     102    3508       0       0       0                        01010000D   1751
     102       0       0       1       0                               0D   1752
     142    3509       0       0       0                        00010500D   1753
     142       0       0       1       0                               0D   1754
     126    3510       0       0       0                        01010500D   1755
     126       0       0      21       0                               0D   1756
     124    3531       0       0       0                        00000000D   1757
     124       0       0       4       0                               0D   1758
     100    3535       0       0       0            1757        01010000D   1759
     100       0       0       2       0                               0D   1760
     126    3537       0       0       0                        01010500D   1761
     126       0       0      21       0                               0D   1762
     124    3558       0       0       0                        00000000D   1763
     124       0       0       4       0                               0D   1764
     100    3562       0       0       0            1763        01010000D   1765
     100       0       0       2       0                               0D   1766
     102    3564       0       0       0                        01010500D   1767
     102       0       0       1       0                               0D   1768
     102    3565       0       0       0                        01010000D   1769
     102       0       0       1       0                               0D   1770
     142    3566       0       0       0                        00010500D   1771
     142       0       0       1       0                               0D   1772
     126    3567       0       0       0                        01010500D   1773
     126       0       0      21       0                               0D   1774
     124    3588       0       0       0                        00000000D   1775
     124       0       0       4       0                               0D   1776
     100    3592       0       0       0            1775        01010000D   1777
     100       0       0       2       0                               0D   1778
     126    3594       0       0       0                        01010500D   1779
     126       0       0      21       0                               0D   1780
     124    3615       0       0       0                        00000000D   1781
     124       0       0       5       0                               0D   1782
     100    3620       0       0       0            1781        01010000D   1783
     100       0       0       2       0                               0D   1784
     102    3622       0       0       0                        01010500D   1785
     102       0       0       1       0                               0D   1786
     102    3623       0       0       0                        01010000D   1787
     102       0       0       1       0                               0D   1788
     142    3624       0       0       0                        00010500D   1789
     142       0       0       1       0                               0D   1790
     126    3625       0       0       0                        01010500D   1791
     126       0       0      21       0                               0D   1792
     124    3646       0       0       0                        00000000D   1793
     124       0       0       5       0                               0D   1794
     100    3651       0       0       0            1793        01010000D   1795
     100       0       0       2       0                               0D   1796
     126    3653       0       0       0                        01010500D   1797
     126       0       0      21       0                               0D   1798
     124    3674       0       0       0                        00000000D   1799
     124       0       0       4       0                               0D   1800
     100    3678       0       0       0            1799        01010000D   1801
     100       0       0       2       0                               0D   1802
     102    3680       0       0       0                        01010500D   1803
     102       0       0       1       0                               0D   1804
     102    3681       0       0       0                        01010000D   1805
     102       0       0       1       0                               0D   1806
     142    3682       0       0       0                        00010500D   1807
     142       0       0       1       0                               0D   1808
     126    3683       0       0       0                        01010500D   1809
     126       0       0      21       0                               0D   1810
     124    3704       0       0       0                        00000000D   1811
     124       0       0       4       0                               0D   1812
     100    3708       0       0       0            1811        01010000D   1813
     100       0       0       2       0                               0D   1814
     126    3710       0       0       0                        01010500D   1815
     126       0       0      21       0                               0D   1816
     124    3731       0       0       0                        00000000D   1817
     124       0       0       4       0                               0D   1818
     100    3735       0       0       0            1817        01010000D   1819
     100       0       0       2       0                               0D   1820
     102    3737       0       0       0                        01010500D   1821
     102       0       0       1       0                               0D   1822
     102    3738       0       0       0                        01010000D   1823
     102       0       0       1       0                               0D   1824
     142    3739       0       0       0                        00010500D   1825
     142       0       0       1       0                               0D   1826
     126    3740       0       0       0                        01010500D   1827
     126       0       0      21       0                               0D   1828
     124    3761       0       0       0                        00000000D   1829
     124       0       0       4       0                               0D   1830
     100    3765       0       0       0            1829        01010000D   1831
     100       0       0       2       0                               0D   1832
     126    3767       0       0       0                        01010500D   1833
     126       0       0      21       0                               0D   1834
     124    3788       0       0       0                        00000000D   1835
     124       0       0       5       0                               0D   1836
     100    3793       0       0       0            1835        01010000D   1837
     100       0       0       2       0                               0D   1838
     102    3795       0       0       0                        01010500D   1839
     102       0       0       1       0                               0D   1840
     102    3796       0       0       0                        01010000D   1841
     102       0       0       1       0                               0D   1842
     142    3797       0       0       0                        00010500D   1843
     142       0       0       1       0                               0D   1844
     144    3798       0       0       0                        00000000D   1845
     144       0      -1       1       0                               0D   1846
     128    3799       0       0       0                        01010000D   1847
     128       0       0      18       0                               0D   1848
     126    3817       0       0       0                        01010500D   1849
     126       0       0       2       0                               0D   1850
     126    3819       0       0       0                        01010000D   1851
     126       0       0       7       0                               0D   1852
     126    3826       0       0       0                        01010500D   1853
     126       0       0       2       0                               0D   1854
     126    3828       0       0       0                        01010000D   1855
     126       0       0       5       0                               0D   1856
     126    3833       0       0       0                        01010500D   1857
     126       0       0       2       0                               0D   1858
     124    3835       0       0       0                        00000000D   1859
     124       0       0       4       0                               0D   1860
     100    3839       0       0       0            1859        01010000D   1861
     100       0       0       2       0                               0D   1862
     126    3841       0       0       0                        01010500D   1863
     126       0       0       2       0                               0D   1864
     124    3843       0       0       0                        00000000D   1865
     124       0       0       4       0                               0D   1866
     100    3847       0       0       0            1865        01010000D   1867
     100       0       0       2       0                               0D   1868
     102    3849       0       0       0                        01010500D   1869
     102       0       0       1       0                               0D   1870
     102    3850       0       0       0                        01010000D   1871
     102       0       0       1       0                               0D   1872
     142    3851       0       0       0                        00010500D   1873
     142       0       0       1       0                               0D   1874
     144    3852       0       0       0                        00000000D   1875
     144       0      -1       1       0                               0D   1876
     128    3853       0       0       0                        01010000D   1877
     128       0       0      21       0                               0D   1878
     126    3874       0       0       0                        01010500D   1879
     126       0       0       2       0                               0D   1880
     124    3876       0       0       0                        00000000D   1881
     124       0       0       5       0                               0D   1882
     100    3881       0       0       0            1881        01010000D   1883
     100       0       0       2       0                               0D   1884
     126    3883       0       0       0                        01010500D   1885
     126       0       0       2       0                               0D   1886
     126    3885       0       0       0                        01010000D   1887
     126       0       0       6       0                               0D   1888
     126    3891       0       0       0                        01010500D   1889
     126       0       0       3       0                               0D   1890
     126    3894       0       0       0                        01010000D   1891
     126       0       0       4       0                               0D   1892
     126    3898       0       0       0                        01010500D   1893
     126       0       0      12       0                               0D   1894
     126    3910       0       0       0                        01010000D   1895
     126       0       0      20       0                               0D   1896
     126    3930       0       0       0                        01010500D   1897
     126       0       0       2       0                               0D   1898
     124    3932       0       0       0                        00000000D   1899
     124       0       0       4       0                               0D   1900
     100    3936       0       0       0            1899        01010000D   1901
     100       0       0       2       0                               0D   1902
     102    3938       0       0       0                        01010500D   1903
     102       0       0       1       0                               0D   1904
     102    3939       0       0       0                        01010000D   1905
     102       0       0       1       0                               0D   1906
     142    3940       0       0       0                        00010500D   1907
     142       0       0       1       0                               0D   1908
     144    3941       0       0       0                        00000000D   1909
     144       0      -1       1       0                               0D   1910
     128    3942       0       0       0                        01010000D   1911
     128       0       0      86       0                               0D   1912
     126    4028       0       0       0                        01010500D   1913
     126       0       0       2       0                               0D   1914
     124    4030       0       0       0                        00000000D   1915
     124       0       0       4       0                               0D   1916
     100    4034       0       0       0            1915        01010000D   1917
     100       0       0       2       0                               0D   1918
     126    4036       0       0       0                        01010500D   1919
     126       0       0       2       0                               0D   1920
     126    4038       0       0       0                        01010000D   1921
     126       0       0      34       0                               0D   1922
     126    4072       0       0       0                        01010500D   1923
     126       0       0       2       0                               0D   1924
     126    4074       0       0       0                        01010000D   1925
     126       0       0       4       0                               0D   1926
     126    4078       0       0       0                        01010500D   1927
     126       0       0       2       0                               0D   1928
     126    4080       0       0       0                        01010000D   1929
     126       0       0      20       0                               0D   1930
     102    4100       0       0       0                        01010500D   1931
     102       0       0       1       0                               0D   1932
     102    4101       0       0       0                        01010000D   1933
     102       0       0       1       0                               0D   1934
     142    4102       0       0       0                        00010500D   1935
     142       0       0       1       0                               0D   1936
     144    4103       0       0       0                        00000000D   1937
     144       0      -1       1       0                               0D   1938
     128    4104       0       0       0                        01010000D   1939
     128       0       0      11       0                               0D   1940
     126    4115       0       0       0                        01010500D   1941
     126       0       0       2       0                               0D   1942
     126    4117       0       0       0                        01010000D   1943
     126       0       0       4       0                               0D   1944
     126    4121       0       0       0                        01010500D   1945
     126       0       0       2       0                               0D   1946
     126    4123       0       0       0                        01010500D   1947
     126       0       0       2       0                               0D   1948
     124    4125       0       0       0                        00000000D   1949
     124       0       0       4       0                               0D   1950
     100    4129       0       0       0            1949        01010000D   1951
     100       0       0       2       0                               0D   1952
     126    4131       0       0       0                        01010500D   1953
     126       0       0       2       0                               0D   1954
     126    4133       0       0       0                        01010000D   1955
     126       0       0       4       0                               0D   1956
     102    4137       0       0       0                        01010500D   1957
     102       0       0       1       0                               0D   1958
     102    4138       0       0       0                        01010000D   1959
     102       0       0       1       0                               0D   1960
     142    4139       0       0       0                        00010500D   1961
     142       0       0       1       0                               0D   1962
     144    4140       0       0       0                        00000000D   1963
     144       0      -1       1       0                               0D   1964
     128    4141       0       0       0                        01010000D   1965
     128       0       0      12       0                               0D   1966
     126    4153       0       0       0                        01010500D   1967
     126       0       0       2       0                               0D   1968
     126    4155       0       0       0                        01010000D   1969
     126       0       0       5       0                               0D   1970
     126    4160       0       0       0                        01010500D   1971
     126       0       0       2       0                               0D   1972
     126    4162       0       0       0                        01010000D   1973
     126       0       0       3       0                               0D   1974
     126    4165       0       0       0                        01010500D   1975
     126       0       0       2       0                               0D   1976
     124    4167       0       0       0                        00000000D   1977
     124       0       0       5       0                               0D   1978
     100    4172       0       0       0            1977        01010000D   1979
     100       0       0       2       0                               0D   1980
     126    4174       0       0       0                        01010500D   1981
     126       0       0       2       0                               0D   1982
     126    4176       0       0       0                        01010000D   1983
     126       0       0       4       0                               0D   1984
     102    4180       0       0       0                        01010500D   1985
     102       0       0       1       0                               0D   1986
     102    4181       0       0       0                        01010000D   1987
     102       0       0       1       0                               0D   1988
     142    4182       0       0       0                        00010500D   1989
     142       0       0       1       0                               0D   1990
     144    4183       0       0       0                        00000000D   1991
     144       0      -1       1       0                               0D   1992
     128    4184       0       0       0                        01010000D   1993
     128       0       0       4       0                               0D   1994
     126    4188       0       0       0                        01010500D   1995
     126       0       0       8       0                               0D   1996
     126    4196       0       0       0                        01010000D   1997
     126       0       0       8       0                               0D   1998
     126    4204       0       0       0                        01010500D   1999
     126       0       0       2       0                               0D   2000
     110    4206       0       0       0                        01010000D   2001
     110       0       0       2       0                               0D   2002
     126    4208       0       0       0                        01010500D   2003
     126       0       0       6       0                               0D   2004
     126    4214       0       0       0                        01010000D   2005
     126       0       0       6       0                               0D   2006
     126    4220       0       0       0                        01010500D   2007
     126       0       0       2       0                               0D   2008
     110    4222       0       0       0                        01010000D   2009
     110       0       0       2       0                               0D   2010
     126    4224       0       0       0                        01010500D   2011
     126       0       0       5       0                               0D   2012
     126    4229       0       0       0                        01010000D   2013
     126       0       0       9       0                               0D   2014
     126    4238       0       0       0                        01010500D   2015
     126       0       0       4       0                               0D   2016
     124    4242       0       0       0                        00000000D   2017
     124       0       0       4       0                               0D   2018
     100    4246       0       0       0            2017        01010000D   2019
     100       0       0       2       0                               0D   2020
     126    4248       0       0       0                        01010500D   2021
     126       0       0       2       0                               0D   2022
     110    4250       0       0       0                        01010000D   2023
     110       0       0       1       0                               0D   2024
     126    4251       0       0       0                        01010500D   2025
     126       0       0       4       0                               0D   2026
     124    4255       0       0       0                        00000000D   2027
     124       0       0       4       0                               0D   2028
     100    4259       0       0       0            2027        01010000D   2029
     100       0       0       2       0                               0D   2030
     126    4261       0       0       0                        01010500D   2031
     126       0       0       5       0                               0D   2032
     126    4266       0       0       0                        01010000D   2033
     126       0       0       6       0                               0D   2034
     126    4272       0       0       0                        01010500D   2035
     126       0       0       2       0                               0D   2036
     110    4274       0       0       0                        01010000D   2037
     110       0       0       2       0                               0D   2038
     102    4276       0       0       0                        01010500D   2039
     102       0       0       1       0                               0D   2040
     102    4277       0       0       0                        01010000D   2041
     102       0       0       1       0                               0D   2042
     142    4278       0       0       0                        00010500D   2043
     142       0       0       1       0                               0D   2044
     144    4279       0       0       0                        00000000D   2045
     144       0      -1       1       0                               0D   2046
     128    4280       0       0       0                        01010000D   2047
     128       0       0       4       0                               0D   2048
     126    4284       0       0       0                        01010500D   2049
     126       0       0       2       0                               0D   2050
     110    4286       0       0       0                        01010000D   2051
     110       0       0       2       0                               0D   2052
     126    4288       0       0       0                        01010500D   2053
     126       0       0      11       0                               0D   2054
     126    4299       0       0       0                        01010000D   2055
     126       0       0       6       0                               0D   2056
     126    4305       0       0       0                        01010500D   2057
     126       0       0       2       0                               0D   2058
     110    4307       0       0       0                        01010000D   2059
     110       0       0       2       0                               0D   2060
     126    4309       0       0       0                        01010500D   2061
     126       0       0      12       0                               0D   2062
     126    4321       0       0       0                        01010000D   2063
     126       0       0       6       0                               0D   2064
     126    4327       0       0       0                        01010500D   2065
     126       0       0       2       0                               0D   2066
     110    4329       0       0       0                        01010000D   2067
     110       0       0       2       0                               0D   2068
     126    4331       0       0       0                        01010500D   2069
     126       0       0      25       0                               0D   2070
     126    4356       0       0       0                        01010000D   2071
     126       0       0      45       0                               0D   2072
     126    4401       0       0       0                        01010500D   2073
     126       0       0       2       0                               0D   2074
     110    4403       0       0       0                        01010000D   2075
     110       0       0       2       0                               0D   2076
     126    4405       0       0       0                        01010500D   2077
     126       0       0      25       0                               0D   2078
     126    4430       0       0       0                        01010000D   2079
     126       0       0      55       0                               0D   2080
     102    4485       0       0       0                        01010500D   2081
     102       0       0       1       0                               0D   2082
     102    4486       0       0       0                        01010000D   2083
     102       0       0       1       0                               0D   2084
     142    4487       0       0       0                        00010500D   2085
     142       0       0       1       0                               0D   2086
     144    4488       0       0       0                        00000000D   2087
     144       0      -1       1       0                               0D   2088
     110    4489       0       0       0                        01010000D   2089
     110       0       0       2       0                               0D   2090
     110    4491       0       0       0                        01010000D   2091
     110       0       0       1       0                               0D   2092
     120    4492       0       0       0                        01010000D   2093
     120       0       0       1       0                               0D   2094
     126    4493       0       0       0                        01010500D   2095
     126       0       0       2       0                               0D   2096
     126    4495       0       0       0                        01010000D   2097
     126       0       0       6       0                               0D   2098
     126    4501       0       0       0                        01010500D   2099
     126       0       0       2       0                               0D   2100
     110    4503       0       0       0                        01010000D   2101
     110       0       0       1       0                               0D   2102
     126    4504       0       0       0                        01010500D   2103
     126       0       0      10       0                               0D   2104
     126    4514       0       0       0                        01010000D   2105
     126       0       0       6       0                               0D   2106
     126    4520       0       0       0                        01010500D   2107
     126       0       0       2       0                               0D   2108
     124    4522       0       0       0                        00000000D   2109
     124       0       0       4       0                               0D   2110
     100    4526       0       0       0            2109        01010000D   2111
     100       0       0       2       0                               0D   2112
     126    4528       0       0       0                        01010500D   2113
     126       0       0       2       0                               0D   2114
     110    4530       0       0       0                        01010000D   2115
     110       0       0       2       0                               0D   2116
     102    4532       0       0       0                        01010500D   2117
     102       0       0       1       0                               0D   2118
     102    4533       0       0       0                        01010000D   2119
     102       0       0       1       0                               0D   2120
     142    4534       0       0       0                        00010500D   2121
     142       0       0       1       0                               0D   2122
     144    4535       0       0       0                        00000000D   2123
     144       0      -1       1       0                               0D   2124
     110    4536       0       0       0                        01010000D   2125
     110       0       0       2       0                               0D   2126
     110    4538       0       0       0                        01010000D   2127
     110       0       0       1       0                               0D   2128
     120    4539       0       0       0                        01010000D   2129
     120       0       0       1       0                               0D   2130
     126    4540       0       0       0                        01010500D   2131
     126       0       0       2       0                               0D   2132
     110    4542       0       0       0                        01010000D   2133
     110       0       0       2       0                               0D   2134
     126    4544       0       0       0                        01010500D   2135
     126       0       0       2       0                               0D   2136
     100    4546       0       0       0                        01010000D   2137
     100       0       0       2       0                               0D   2138
     126    4548       0       0       0                        01010500D   2139
     126       0       0       2       0                               0D   2140
     110    4550       0       0       0                        01010000D   2141
     110       0       0       1       0                               0D   2142
     126    4551       0       0       0                        01010500D   2143
     126       0       0       2       0                               0D   2144
     124    4553       0       0       0                        00000000D   2145
     124       0       0       5       0                               0D   2146
     100    4558       0       0       0            2145        01010000D   2147
     100       0       0       2       0                               0D   2148
     102    4560       0       0       0                        01010500D   2149
     102       0       0       1       0                               0D   2150
     102    4561       0       0       0                        01010000D   2151
     102       0       0       1       0                               0D   2152
     142    4562       0       0       0                        00010500D   2153
     142       0       0       1       0                               0D   2154
     144    4563       0       0       0                        00000000D   2155
     144       0      -1       1       0                               0D   2156
     110    4564       0       0       0                        01010000D   2157
     110       0       0       2       0                               0D   2158
     110    4566       0       0       0                        01010000D   2159
     110       0       0       1       0                               0D   2160
     120    4567       0       0       0                        01010000D   2161
     120       0       0       1       0                               0D   2162
     126    4568       0       0       0                        01010500D   2163
     126       0       0       2       0                               0D   2164
     126    4570       0       0       0                        01010000D   2165
     126       0       0       4       0                               0D   2166
     126    4574       0       0       0                        01010500D   2167
     126       0       0       2       0                               0D   2168
     110    4576       0       0       0                        01010000D   2169
     110       0       0       1       0                               0D   2170
     126    4577       0       0       0                        01010500D   2171
     126       0       0       2       0                               0D   2172
     124    4579       0       0       0                        00000000D   2173
     124       0       0       4       0                               0D   2174
     100    4583       0       0       0            2173        01010000D   2175
     100       0       0       2       0                               0D   2176
     126    4585       0       0       0                        01010500D   2177
     126       0       0       2       0                               0D   2178
     110    4587       0       0       0                        01010000D   2179
     110       0       0       1       0                               0D   2180
     126    4588       0       0       0                        01010500D   2181
     126       0       0       2       0                               0D   2182
     124    4590       0       0       0                        00000000D   2183
     124       0       0       4       0                               0D   2184
     100    4594       0       0       0            2183        01010000D   2185
     100       0       0       2       0                               0D   2186
     102    4596       0       0       0                        01010500D   2187
     102       0       0       1       0                               0D   2188
     102    4597       0       0       0                        01010000D   2189
     102       0       0       1       0                               0D   2190
     142    4598       0       0       0                        00010500D   2191
     142       0       0       1       0                               0D   2192
     144    4599       0       0       0                        00000000D   2193
     144       0      -1       1       0                               0D   2194
     110    4600       0       0       0                        01010000D   2195
     110       0       0       1       0                               0D   2196
     110    4601       0       0       0                        01010000D   2197
     110       0       0       1       0                               0D   2198
     120    4602       0       0       0                        01010000D   2199
     120       0       0       1       0                               0D   2200
     126    4603       0       0       0                        01010500D   2201
     126       0       0       2       0                               0D   2202
     126    4605       0       0       0                        01010000D   2203
     126       0       0       4       0                               0D   2204
     126    4609       0       0       0                        01010500D   2205
     126       0       0       7       0                               0D   2206
     126    4616       0       0       0                        01010000D   2207
     126       0       0      34       0                               0D   2208
     126    4650       0       0       0                        01010500D   2209
     126       0       0       2       0                               0D   2210
     110    4652       0       0       0                        01010000D   2211
     110       0       0       1       0                               0D   2212
     126    4653       0       0       0                        01010500D   2213
     126       0       0       2       0                               0D   2214
     124    4655       0       0       0                        00000000D   2215
     124       0       0       4       0                               0D   2216
     100    4659       0       0       0            2215        01010000D   2217
     100       0       0       1       0                               0D   2218
     126    4660       0       0       0                        01010500D   2219
     126       0       0       2       0                               0D   2220
     110    4662       0       0       0                        01010000D   2221
     110       0       0       1       0                               0D   2222
     102    4663       0       0       0                        01010500D   2223
     102       0       0       1       0                               0D   2224
     102    4664       0       0       0                        01010000D   2225
     102       0       0       1       0                               0D   2226
     142    4665       0       0       0                        00010500D   2227
     142       0       0       1       0                               0D   2228
     144    4666       0       0       0                        00000000D   2229
     144       0      -1       1       0                               0D   2230
     128    4667       0       0       0                        01010000D   2231
     128       0       0      15       0                               0D   2232
     126    4682       0       0       0                        01010500D   2233
     126       0       0       2       0                               0D   2234
     124    4684       0       0       0                        00000000D   2235
     124       0       0       4       0                               0D   2236
     100    4688       0       0       0            2235        01010000D   2237
     100       0       0       1       0                               0D   2238
     126    4689       0       0       0                        01010500D   2239
     126       0       0       2       0                               0D   2240
     126    4691       0       0       0                        01010000D   2241
     126       0       0      24       0                               0D   2242
     126    4715       0       0       0                        01010500D   2243
     126       0       0       2       0                               0D   2244
     126    4717       0       0       0                        01010000D   2245
     126       0       0       6       0                               0D   2246
     126    4723       0       0       0                        01010500D   2247
     126       0       0       2       0                               0D   2248
     124    4725       0       0       0                        00000000D   2249
     124       0       0       4       0                               0D   2250
     100    4729       0       0       0            2249        01010000D   2251
     100       0       0       1       0                               0D   2252
     102    4730       0       0       0                        01010500D   2253
     102       0       0       1       0                               0D   2254
     102    4731       0       0       0                        01010000D   2255
     102       0       0       1       0                               0D   2256
     142    4732       0       0       0                        00010500D   2257
     142       0       0       1       0                               0D   2258
     144    4733       0       0       0                        00000000D   2259
     144       0      -1       1       0                               0D   2260
     110    4734       0       0       0                        01010000D   2261
     110       0       0       1       0                               0D   2262
     110    4735       0       0       0                        01010000D   2263
     110       0       0       1       0                               0D   2264
     120    4736       0       0       0                        01010000D   2265
     120       0       0       1       0                               0D   2266
     126    4737       0       0       0                        01010500D   2267
     126       0       0       2       0                               0D   2268
     110    4739       0       0       0                        01010000D   2269
     110       0       0       1       0                               0D   2270
     126    4740       0       0       0                        01010500D   2271
     126       0       0       2       0                               0D   2272
     124    4742       0       0       0                        00000000D   2273
     124       0       0       2       0                               0D   2274
     100    4744       0       0       0            2273        01010000D   2275
     100       0       0       1       0                               0D   2276
     126    4745       0       0       0                        01010500D   2277
     126       0       0       2       0                               0D   2278
     110    4747       0       0       0                        01010000D   2279
     110       0       0       1       0                               0D   2280
     126    4748       0       0       0                        01010500D   2281
     126       0       0       2       0                               0D   2282
     124    4750       0       0       0                        00000000D   2283
     124       0       0       3       0                               0D   2284
     100    4753       0       0       0            2283        01010000D   2285
     100       0       0       1       0                               0D   2286
     102    4754       0       0       0                        01010500D   2287
     102       0       0       1       0                               0D   2288
     102    4755       0       0       0                        01010000D   2289
     102       0       0       1       0                               0D   2290
     142    4756       0       0       0                        00010500D   2291
     142       0       0       1       0                               0D   2292
     144    4757       0       0       0                        00000000D   2293
     144       0      -1       1       0                               0D   2294
     128    4758       0       0       0                        01010000D   2295
     128       0       0      18       0                               0D   2296
     126    4776       0       0       0                        01010500D   2297
     126       0       0       2       0                               0D   2298
     124    4778       0       0       0                        00000000D   2299
     124       0       0       2       0                               0D   2300
     100    4780       0       0       0            2299        01010000D   2301
     100       0       0       1       0                               0D   2302
     126    4781       0       0       0                        01010500D   2303
     126       0       0       2       0                               0D   2304
     124    4783       0       0       0                        00000000D   2305
     124       0       0       4       0                               0D   2306
     100    4787       0       0       0            2305        01010000D   2307
     100       0       0       1       0                               0D   2308
     126    4788       0       0       0                        01010500D   2309
     126       0       0       2       0                               0D   2310
     126    4790       0       0       0                        01010000D   2311
     126       0       0       8       0                               0D   2312
     126    4798       0       0       0                        01010500D   2313
     126       0       0       2       0                               0D   2314
     126    4800       0       0       0                        01010000D   2315
     126       0       0       7       0                               0D   2316
     102    4807       0       0       0                        01010500D   2317
     102       0       0       1       0                               0D   2318
     102    4808       0       0       0                        01010000D   2319
     102       0       0       1       0                               0D   2320
     142    4809       0       0       0                        00010500D   2321
     142       0       0       1       0                               0D   2322
     144    4810       0       0       0                        00000000D   2323
     144       0      -1       1       0                               0D   2324
     128    4811       0       0       0                        01010000D   2325
     128       0       0       3       0                               0D   2326
     126    4814       0       0       0                        01010500D   2327
     126       0       0       2       0                               0D   2328
     110    4816       0       0       0                        01010000D   2329
     110       0       0       1       0                               0D   2330
     126    4817       0       0       0                        01010500D   2331
     126       0       0       2       0                               0D   2332
     110    4819       0       0       0                        01010000D   2333
     110       0       0       1       0                               0D   2334
     126    4820       0       0       0                        01010500D   2335
     126       0       0       2       0                               0D   2336
     110    4822       0       0       0                        01010000D   2337
     110       0       0       1       0                               0D   2338
     126    4823       0       0       0                        01010500D   2339
     126       0       0       3       0                               0D   2340
     126    4826       0       0       0                        01010000D   2341
     126       0       0       3       0                               0D   2342
     126    4829       0       0       0                        01010500D   2343
     126       0       0       2       0                               0D   2344
     110    4831       0       0       0                        01010000D   2345
     110       0       0       1       0                               0D   2346
     102    4832       0       0       0                        01010500D   2347
     102       0       0       1       0                               0D   2348
     102    4833       0       0       0                        01010000D   2349
     102       0       0       1       0                               0D   2350
     142    4834       0       0       0                        00010500D   2351
     142       0       0       1       0                               0D   2352
     144    4835       0       0       0                        00000000D   2353
     144       0      -1       1       0                               0D   2354
     128    4836       0       0       0                        01010000D   2355
     128       0       0       3       0                               0D   2356
     126    4839       0       0       0                        01010500D   2357
     126       0       0       2       0                               0D   2358
     110    4841       0       0       0                        01010000D   2359
     110       0       0       1       0                               0D   2360
     126    4842       0       0       0                        01010500D   2361
     126       0       0       2       0                               0D   2362
     110    4844       0       0       0                        01010000D   2363
     110       0       0       1       0                               0D   2364
     126    4845       0       0       0                        01010500D   2365
     126       0       0       2       0                               0D   2366
     110    4847       0       0       0                        01010000D   2367
     110       0       0       1       0                               0D   2368
     126    4848       0       0       0                        01010500D   2369
     126       0       0       2       0                               0D   2370
     110    4850       0       0       0                        01010000D   2371
     110       0       0       1       0                               0D   2372
     102    4851       0       0       0                        01010500D   2373
     102       0       0       1       0                               0D   2374
     102    4852       0       0       0                        01010000D   2375
     102       0       0       1       0                               0D   2376
     142    4853       0       0       0                        00010500D   2377
     142       0       0       1       0                               0D   2378
     144    4854       0       0       0                        00000000D   2379
     144       0      -1       1       0                               0D   2380
     110    4855       0       0       0                        01010000D   2381
     110       0       0       1       0                               0D   2382
     110    4856       0       0       0                        01010000D   2383
     110       0       0       1       0                               0D   2384
     120    4857       0       0       0                        01010000D   2385
     120       0       0       1       0                               0D   2386
     126    4858       0       0       0                        01010500D   2387
     126       0       0       8       0                               0D   2388
     126    4866       0       0       0                        01010000D   2389
     126       0       0       9       0                               0D   2390
     126    4875       0       0       0                        01010500D   2391
     126       0       0       2       0                               0D   2392
     110    4877       0       0       0                        01010000D   2393
     110       0       0       2       0                               0D   2394
     126    4879       0       0       0                        01010500D   2395
     126       0       0       2       0                               0D   2396
     100    4881       0       0       0                        01010000D   2397
     100       0       0       1       0                               0D   2398
     126    4882       0       0       0                        01010500D   2399
     126       0       0       2       0                               0D   2400
     110    4884       0       0       0                        01010000D   2401
     110       0       0       1       0                               0D   2402
     126    4885       0       0       0                        01010500D   2403
     126       0       0       2       0                               0D   2404
     124    4887       0       0       0                        00000000D   2405
     124       0       0       5       0                               0D   2406
     100    4892       0       0       0            2405        01010000D   2407
     100       0       0       2       0                               0D   2408
     102    4894       0       0       0                        01010500D   2409
     102       0       0       1       0                               0D   2410
     102    4895       0       0       0                        01010000D   2411
     102       0       0       1       0                               0D   2412
     142    4896       0       0       0                        00010500D   2413
     142       0       0       1       0                               0D   2414
     144    4897       0       0       0                        00000000D   2415
     144       0      -1       1       0                               0D   2416
     128    4898       0       0       0                        01010000D   2417
     128       0       0       4       0                               0D   2418
     126    4902       0       0       0                        01010500D   2419
     126       0       0       2       0                               0D   2420
     110    4904       0       0       0                        01010000D   2421
     110       0       0       2       0                               0D   2422
     126    4906       0       0       0                        01010500D   2423
     126       0       0       2       0                               0D   2424
     110    4908       0       0       0                        01010000D   2425
     110       0       0       1       0                               0D   2426
     126    4909       0       0       0                        01010500D   2427
     126       0       0       2       0                               0D   2428
     110    4911       0       0       0                        01010000D   2429
     110       0       0       1       0                               0D   2430
     126    4912       0       0       0                        01010500D   2431
     126       0       0       3       0                               0D   2432
     126    4915       0       0       0                        01010000D   2433
     126       0       0       4       0                               0D   2434
     126    4919       0       0       0                        01010500D   2435
     126       0       0       2       0                               0D   2436
     110    4921       0       0       0                        01010000D   2437
     110       0       0       2       0                               0D   2438
     126    4923       0       0       0                        01010500D   2439
     126       0       0       3       0                               0D   2440
     126    4926       0       0       0                        01010000D   2441
     126       0       0       4       0                               0D   2442
     102    4930       0       0       0                        01010500D   2443
     102       0       0       1       0                               0D   2444
     102    4931       0       0       0                        01010000D   2445
     102       0       0       1       0                               0D   2446
     142    4932       0       0       0                        00010500D   2447
     142       0       0       1       0                               0D   2448
     126    4933       0       0       0                        01010500D   2449
     126       0       0      21       0                               0D   2450
     124    4954       0       0       0                        00000000D   2451
     124       0       0       4       0                               0D   2452
     100    4958       0       0       0            2451        01010000D   2453
     100       0       0       2       0                               0D   2454
     126    4960       0       0       0                        01010500D   2455
     126       0       0      21       0                               0D   2456
     124    4981       0       0       0                        00000000D   2457
     124       0       0       5       0                               0D   2458
     100    4986       0       0       0            2457        01010000D   2459
     100       0       0       2       0                               0D   2460
     102    4988       0       0       0                        01010500D   2461
     102       0       0       1       0                               0D   2462
     102    4989       0       0       0                        01010000D   2463
     102       0       0       1       0                               0D   2464
     142    4990       0       0       0                        00010500D   2465
     142       0       0       1       0                               0D   2466
     126    4991       0       0       0                        01010500D   2467
     126       0       0      22       0                               0D   2468
     124    5013       0       0       0                        00000000D   2469
     124       0       0       4       0                               0D   2470
     100    5017       0       0       0            2469        01010000D   2471
     100       0       0       2       0                               0D   2472
     126    5019       0       0       0                        01010500D   2473
     126       0       0      21       0                               0D   2474
     124    5040       0       0       0                        00000000D   2475
     124       0       0       4       0                               0D   2476
     100    5044       0       0       0            2475        01010000D   2477
     100       0       0       2       0                               0D   2478
     102    5046       0       0       0                        01010500D   2479
     102       0       0       1       0                               0D   2480
     102    5047       0       0       0                        01010000D   2481
     102       0       0       1       0                               0D   2482
     142    5048       0       0       0                        00010500D   2483
     142       0       0       1       0                               0D   2484
     126    5049       0       0       0                        01010500D   2485
     126       0       0      22       0                               0D   2486
     124    5071       0       0       0                        00000000D   2487
     124       0       0       4       0                               0D   2488
     100    5075       0       0       0            2487        01010000D   2489
     100       0       0       2       0                               0D   2490
     126    5077       0       0       0                        01010500D   2491
     126       0       0      22       0                               0D   2492
     124    5099       0       0       0                        00000000D   2493
     124       0       0       4       0                               0D   2494
     100    5103       0       0       0            2493        01010000D   2495
     100       0       0       2       0                               0D   2496
     102    5105       0       0       0                        01010500D   2497
     102       0       0       1       0                               0D   2498
     102    5106       0       0       0                        01010000D   2499
     102       0       0       1       0                               0D   2500
     142    5107       0       0       0                        00010500D   2501
     142       0       0       1       0                               0D   2502
     126    5108       0       0       0                        01010500D   2503
     126       0       0      22       0                               0D   2504
     124    5130       0       0       0                        00000000D   2505
     124       0       0       5       0                               0D   2506
     100    5135       0       0       0            2505        01010000D   2507
     100       0       0       2       0                               0D   2508
     126    5137       0       0       0                        01010500D   2509
     126       0       0      22       0                               0D   2510
     124    5159       0       0       0                        00000000D   2511
     124       0       0       4       0                               0D   2512
     100    5163       0       0       0            2511        01010000D   2513
     100       0       0       2       0                               0D   2514
     102    5165       0       0       0                        01010500D   2515
     102       0       0       1       0                               0D   2516
     102    5166       0       0       0                        01010000D   2517
     102       0       0       1       0                               0D   2518
     142    5167       0       0       0                        00010500D   2519
     142       0       0       1       0                               0D   2520
     126    5168       0       0       0                        01010500D   2521
     126       0       0      21       0                               0D   2522
     124    5189       0       0       0                        00000000D   2523
     124       0       0       5       0                               0D   2524
     100    5194       0       0       0            2523        01010000D   2525
     100       0       0       2       0                               0D   2526
     126    5196       0       0       0                        01010500D   2527
     126       0       0      22       0                               0D   2528
     124    5218       0       0       0                        00000000D   2529
     124       0       0       5       0                               0D   2530
     100    5223       0       0       0            2529        01010000D   2531
     100       0       0       2       0                               0D   2532
     102    5225       0       0       0                        01010500D   2533
     102       0       0       1       0                               0D   2534
     102    5226       0       0       0                        01010000D   2535
     102       0       0       1       0                               0D   2536
     142    5227       0       0       0                        00010500D   2537
     142       0       0       1       0                               0D   2538
     126    5228       0       0       0                        01010500D   2539
     126       0       0      21       0                               0D   2540
     124    5249       0       0       0                        00000000D   2541
     124       0       0       4       0                               0D   2542
     100    5253       0       0       0            2541        01010000D   2543
     100       0       0       2       0                               0D   2544
     126    5255       0       0       0                        01010500D   2545
     126       0       0      21       0                               0D   2546
     124    5276       0       0       0                        00000000D   2547
     124       0       0       4       0                               0D   2548
     100    5280       0       0       0            2547        01010000D   2549
     100       0       0       2       0                               0D   2550
     102    5282       0       0       0                        01010500D   2551
     102       0       0       1       0                               0D   2552
     102    5283       0       0       0                        01010000D   2553
     102       0       0       1       0                               0D   2554
     142    5284       0       0       0                        00010500D   2555
     142       0       0       1       0                               0D   2556
     126    5285       0       0       0                        01010500D   2557
     126       0       0      21       0                               0D   2558
     124    5306       0       0       0                        00000000D   2559
     124       0       0       5       0                               0D   2560
     100    5311       0       0       0            2559        01010000D   2561
     100       0       0       2       0                               0D   2562
     126    5313       0       0       0                        01010500D   2563
     126       0       0      21       0                               0D   2564
     124    5334       0       0       0                        00000000D   2565
     124       0       0       4       0                               0D   2566
     100    5338       0       0       0            2565        01010000D   2567
     100       0       0       2       0                               0D   2568
     102    5340       0       0       0                        01010500D   2569
     102       0       0       1       0                               0D   2570
     102    5341       0       0       0                        01010000D   2571
     102       0       0       1       0                               0D   2572
     142    5342       0       0       0                        00010500D   2573
     142       0       0       1       0                               0D   2574
     144    5343       0       0       0                        00000000D   2575
     144       0      -1       1       0                               0D   2576
     128    5344       0       0       0                        01010000D   2577
     128       0       0     420       0                               0D   2578
     126    5764       0       0       0                        01010500D   2579
     126       0       0       2       0                               0D   2580
     126    5766       0       0       0                        01010000D   2581
     126       0       0       6       0                               0D   2582
     126    5772       0       0       0                        01010500D   2583
     126       0       0       2       0                               0D   2584
     100    5774       0       0       0                        01010000D   2585
     100       0       0       2       0                               0D   2586
     126    5776       0       0       0                        01010500D   2587
     126       0       0       2       0                               0D   2588
     126    5778       0       0       0                        01010000D   2589
     126       0       0      17       0                               0D   2590
     126    5795       0       0       0                        01010500D   2591
     126       0       0       3       0                               0D   2592
     126    5798       0       0       0                        01010000D   2593
     126       0       0       4       0                               0D   2594
     126    5802       0       0       0                        01010500D   2595
     126       0       0       8       0                               0D   2596
     126    5810       0       0       0                        01010000D   2597
     126       0       0      19       0                               0D   2598
     102    5829       0       0       0                        01010500D   2599
     102       0       0       1       0                               0D   2600
     102    5830       0       0       0                        01010000D   2601
     102       0       0       1       0                               0D   2602
     142    5831       0       0       0                        00010500D   2603
     142       0       0       1       0                               0D   2604
     144    5832       0       0       0                        00000000D   2605
     144       0      -1       1       0                               0D   2606
     128    5833       0       0       0                        01010000D   2607
     128       0       0       3       0                               0D   2608
     126    5836       0       0       0                        01010500D   2609
     126       0       0       2       0                               0D   2610
     110    5838       0       0       0                        01010000D   2611
     110       0       0       1       0                               0D   2612
     126    5839       0       0       0                        01010500D   2613
     126       0       0      12       0                               0D   2614
     126    5851       0       0       0                        01010000D   2615
     126       0       0       7       0                               0D   2616
     126    5858       0       0       0                        01010500D   2617
     126       0       0       2       0                               0D   2618
     110    5860       0       0       0                        01010000D   2619
     110       0       0       1       0                               0D   2620
     126    5861       0       0       0                        01010500D   2621
     126       0       0       2       0                               0D   2622
     110    5863       0       0       0                        01010000D   2623
     110       0       0       1       0                               0D   2624
     126    5864       0       0       0                        01010500D   2625
     126       0       0      11       0                               0D   2626
     126    5875       0       0       0                        01010000D   2627
     126       0       0       4       0                               0D   2628
     126    5879       0       0       0                        01010500D   2629
     126       0       0      11       0                               0D   2630
     126    5890       0       0       0                        01010000D   2631
     126       0       0      19       0                               0D   2632
     102    5909       0       0       0                        01010500D   2633
     102       0       0       1       0                               0D   2634
     102    5910       0       0       0                        01010000D   2635
     102       0       0       1       0                               0D   2636
     142    5911       0       0       0                        00010500D   2637
     142       0       0       1       0                               0D   2638
     126    5912       0       0       0                        01010500D   2639
     126       0       0      22       0                               0D   2640
     100    5934       0       0       0                        01010000D   2641
     100       0       0       1       0                               0D   2642
     126    5935       0       0       0                        01010500D   2643
     126       0       0      22       0                               0D   2644
     100    5957       0       0       0                        01010000D   2645
     100       0       0       1       0                               0D   2646
     102    5958       0       0       0                        01010500D   2647
     102       0       0       1       0                               0D   2648
     102    5959       0       0       0                        01010000D   2649
     102       0       0       1       0                               0D   2650
     142    5960       0       0       0                        00010500D   2651
     142       0       0       1       0                               0D   2652
     126    5961       0       0       0                        01010500D   2653
     126       0       0      22       0                               0D   2654
     100    5983       0       0       0                        01010000D   2655
     100       0       0       1       0                               0D   2656
     126    5984       0       0       0                        01010500D   2657
     126       0       0      22       0                               0D   2658
     100    6006       0       0       0                        01010000D   2659
     100       0       0       1       0                               0D   2660
     102    6007       0       0       0                        01010500D   2661
     102       0       0       1       0                               0D   2662
     102    6008       0       0       0                        01010000D   2663
     102       0       0       1       0                               0D   2664
     142    6009       0       0       0                        00010500D   2665
     142       0       0       1       0                               0D   2666
     126    6010       0       0       0                        01010500D   2667
     126       0       0      22       0                               0D   2668
     100    6032       0       0       0                        01010000D   2669
     100       0       0       1       0                               0D   2670
     126    6033       0       0       0                        01010500D   2671
     126       0       0      22       0                               0D   2672
     100    6055       0       0       0                        01010000D   2673
     100       0       0       1       0                               0D   2674
     102    6056       0       0       0                        01010500D   2675
     102       0       0       1       0                               0D   2676
     102    6057       0       0       0                        01010000D   2677
     102       0       0       1       0                               0D   2678
     142    6058       0       0       0                        00010500D   2679
     142       0       0       1       0                               0D   2680
     126    6059       0       0       0                        01010500D   2681
     126       0       0      22       0                               0D   2682
     100    6081       0       0       0                        01010000D   2683
     100       0       0       1       0                               0D   2684
     126    6082       0       0       0                        01010500D   2685
     126       0       0      22       0                               0D   2686
     100    6104       0       0       0                        01010000D   2687
     100       0       0       1       0                               0D   2688
     102    6105       0       0       0                        01010500D   2689
     102       0       0       1       0                               0D   2690
     102    6106       0       0       0                        01010000D   2691
     102       0       0       1       0                               0D   2692
     142    6107       0       0       0                        00010500D   2693
     142       0       0       1       0                               0D   2694
     126    6108       0       0       0                        01010500D   2695
     126       0       0      22       0                               0D   2696
     100    6130       0       0       0                        01010000D   2697
     100       0       0       1       0                               0D   2698
     126    6131       0       0       0                        01010500D   2699
     126       0       0      22       0                               0D   2700
     100    6153       0       0       0                        01010000D   2701
     100       0       0       1       0                               0D   2702
     102    6154       0       0       0                        01010500D   2703
     102       0       0       1       0                               0D   2704
     102    6155       0       0       0                        01010000D   2705
     102       0       0       1       0                               0D   2706
     142    6156       0       0       0                        00010500D   2707
     142       0       0       1       0                               0D   2708
     126    6157       0       0       0                        01010500D   2709
     126       0       0      22       0                               0D   2710
     100    6179       0       0       0                        01010000D   2711
     100       0       0       1       0                               0D   2712
     126    6180       0       0       0                        01010500D   2713
     126       0       0      22       0                               0D   2714
     100    6202       0       0       0                        01010000D   2715
     100       0       0       1       0                               0D   2716
     102    6203       0       0       0                        01010500D   2717
     102       0       0       1       0                               0D   2718
     102    6204       0       0       0                        01010000D   2719
     102       0       0       1       0                               0D   2720
     142    6205       0       0       0                        00010500D   2721
     142       0       0       1       0                               0D   2722
     144    6206       0       0       0                        00000000D   2723
     144       0      -1       1       0                               0D   2724
     110    6207       0       0       0                        01010000D   2725
     110       0       0       1       0                               0D   2726
     110    6208       0       0       0                        01010000D   2727
     110       0       0       1       0                               0D   2728
     120    6209       0       0       0                        01010000D   2729
     120       0       0       1       0                               0D   2730
     126    6210       0       0       0                        01010500D   2731
     126       0       0       7       0                               0D   2732
     126    6217       0       0       0                        01010000D   2733
     126       0       0      17       0                               0D   2734
     126    6234       0       0       0                        01010500D   2735
     126       0       0       2       0                               0D   2736
     110    6236       0       0       0                        01010000D   2737
     110       0       0       1       0                               0D   2738
     126    6237       0       0       0                        01010500D   2739
     126       0       0       2       0                               0D   2740
     124    6239       0       0       0                        00000000D   2741
     124       0       0       3       0                               0D   2742
     100    6242       0       0       0            2741        01010000D   2743
     100       0       0       1       0                               0D   2744
     126    6243       0       0       0                        01010500D   2745
     126       0       0       2       0                               0D   2746
     110    6245       0       0       0                        01010000D   2747
     110       0       0       1       0                               0D   2748
     102    6246       0       0       0                        01010500D   2749
     102       0       0       1       0                               0D   2750
     102    6247       0       0       0                        01010000D   2751
     102       0       0       1       0                               0D   2752
     142    6248       0       0       0                        00010500D   2753
     142       0       0       1       0                               0D   2754
     144    6249       0       0       0                        00000000D   2755
     144       0      -1       1       0                               0D   2756
     128    6250       0       0       0                        01010000D   2757
     128       0       0      15       0                               0D   2758
     126    6265       0       0       0                        01010500D   2759
     126       0       0       2       0                               0D   2760
     124    6267       0       0       0                        00000000D   2761
     124       0       0       2       0                               0D   2762
     100    6269       0       0       0            2761        01010000D   2763
     100       0       0       1       0                               0D   2764
     126    6270       0       0       0                        01010500D   2765
     126       0       0       2       0                               0D   2766
     100    6272       0       0       0                        01010000D   2767
     100       0       0       1       0                               0D   2768
     126    6273       0       0       0                        01010500D   2769
     126       0       0       2       0                               0D   2770
     126    6275       0       0       0                        01010000D   2771
     126       0       0       6       0                               0D   2772
     126    6281       0       0       0                        01010500D   2773
     126       0       0       2       0                               0D   2774
     126    6283       0       0       0                        01010000D   2775
     126       0       0       4       0                               0D   2776
     102    6287       0       0       0                        01010500D   2777
     102       0       0       1       0                               0D   2778
     102    6288       0       0       0                        01010000D   2779
     102       0       0       1       0                               0D   2780
     142    6289       0       0       0                        00010500D   2781
     142       0       0       1       0                               0D   2782
     144    6290       0       0       0                        00000000D   2783
     144       0      -1       1       0                               0D   2784
     110    6291       0       0       0                        01010000D   2785
     110       0       0       1       0                               0D   2786
     110    6292       0       0       0                        01010000D   2787
     110       0       0       1       0                               0D   2788
     120    6293       0       0       0                        01010000D   2789
     120       0       0       1       0                               0D   2790
     126    6294       0       0       0                        01010500D   2791
     126       0       0       2       0                               0D   2792
     110    6296       0       0       0                        01010000D   2793
     110       0       0       1       0                               0D   2794
     126    6297       0       0       0                        01010500D   2795
     126       0       0       2       0                               0D   2796
     124    6299       0       0       0                        00000000D   2797
     124       0       0       2       0                               0D   2798
     100    6301       0       0       0            2797        01010000D   2799
     100       0       0       1       0                               0D   2800
     126    6302       0       0       0                        01010500D   2801
     126       0       0       2       0                               0D   2802
     110    6304       0       0       0                        01010000D   2803
     110       0       0       1       0                               0D   2804
     126    6305       0       0       0                        01010500D   2805
     126       0       0       2       0                               0D   2806
     124    6307       0       0       0                        00000000D   2807
     124       0       0       4       0                               0D   2808
     100    6311       0       0       0            2807        01010000D   2809
     100       0       0       1       0                               0D   2810
     102    6312       0       0       0                        01010500D   2811
     102       0       0       1       0                               0D   2812
     102    6313       0       0       0                        01010000D   2813
     102       0       0       1       0                               0D   2814
     142    6314       0       0       0                        00010500D   2815
     142       0       0       1       0                               0D   2816
     144    6315       0       0       0                        00000000D   2817
     144       0      -1       1       0                               0D   2818
     128    6316       0       0       0                        01010000D   2819
     128       0       0      18       0                               0D   2820
     126    6334       0       0       0                        01010500D   2821
     126       0       0       2       0                               0D   2822
     100    6336       0       0       0                        01010000D   2823
     100       0       0       2       0                               0D   2824
     126    6338       0       0       0                        01010500D   2825
     126       0       0       2       0                               0D   2826
     124    6340       0       0       0                        00000000D   2827
     124       0       0       4       0                               0D   2828
     100    6344       0       0       0            2827        01010000D   2829
     100       0       0       1       0                               0D   2830
     126    6345       0       0       0                        01010500D   2831
     126       0       0       2       0                               0D   2832
     126    6347       0       0       0                        01010000D   2833
     126       0       0       5       0                               0D   2834
     126    6352       0       0       0                        01010500D   2835
     126       0       0       5       0                               0D   2836
     126    6357       0       0       0                        01010000D   2837
     126       0       0       4       0                               0D   2838
     102    6361       0       0       0                        01010500D   2839
     102       0       0       1       0                               0D   2840
     102    6362       0       0       0                        01010000D   2841
     102       0       0       1       0                               0D   2842
     142    6363       0       0       0                        00010500D   2843
     142       0       0       1       0                               0D   2844
     144    6364       0       0       0                        00000000D   2845
     144       0      -1       1       0                               0D   2846
     110    6365       0       0       0                        01010000D   2847
     110       0       0       1       0                               0D   2848
     110    6366       0       0       0                        01010000D   2849
     110       0       0       1       0                               0D   2850
     120    6367       0       0       0                        01010000D   2851
     120       0       0       1       0                               0D   2852
     126    6368       0       0       0                        01010500D   2853
     126       0       0       2       0                               0D   2854
     126    6370       0       0       0                        01010000D   2855
     126       0       0       6       0                               0D   2856
     126    6376       0       0       0                        01010500D   2857
     126       0       0       2       0                               0D   2858
     110    6378       0       0       0                        01010000D   2859
     110       0       0       1       0                               0D   2860
     126    6379       0       0       0                        01010500D   2861
     126       0       0       2       0                               0D   2862
     124    6381       0       0       0                        00000000D   2863
     124       0       0       4       0                               0D   2864
     100    6385       0       0       0            2863        01010000D   2865
     100       0       0       2       0                               0D   2866
     126    6387       0       0       0                        01010500D   2867
     126       0       0      10       0                               0D   2868
     126    6397       0       0       0                        01010000D   2869
     126       0       0      18       0                               0D   2870
     126    6415       0       0       0                        01010500D   2871
     126       0       0       2       0                               0D   2872
     110    6417       0       0       0                        01010000D   2873
     110       0       0       2       0                               0D   2874
     102    6419       0       0       0                        01010500D   2875
     102       0       0       1       0                               0D   2876
     102    6420       0       0       0                        01010000D   2877
     102       0       0       1       0                               0D   2878
     142    6421       0       0       0                        00010500D   2879
     142       0       0       1       0                               0D   2880
     144    6422       0       0       0                        00000000D   2881
     144       0      -1       1       0                               0D   2882
     128    6423       0       0       0                        01010000D   2883
     128       0       0      15       0                               0D   2884
     126    6438       0       0       0                        01010500D   2885
     126       0       0       2       0                               0D   2886
     126    6440       0       0       0                        01010000D   2887
     126       0       0       4       0                               0D   2888
     126    6444       0       0       0                        01010500D   2889
     126       0       0       2       0                               0D   2890
     124    6446       0       0       0                        00000000D   2891
     124       0       0       3       0                               0D   2892
     100    6449       0       0       0            2891        01010000D   2893
     100       0       0       1       0                               0D   2894
     126    6450       0       0       0                        01010500D   2895
     126       0       0       2       0                               0D   2896
     124    6452       0       0       0                        00000000D   2897
     124       0       0       4       0                               0D   2898
     100    6456       0       0       0            2897        01010000D   2899
     100       0       0       1       0                               0D   2900
     126    6457       0       0       0                        01010500D   2901
     126       0       0       2       0                               0D   2902
     126    6459       0       0       0                        01010000D   2903
     126       0       0       6       0                               0D   2904
     102    6465       0       0       0                        01010500D   2905
     102       0       0       1       0                               0D   2906
     102    6466       0       0       0                        01010000D   2907
     102       0       0       1       0                               0D   2908
     142    6467       0       0       0                        00010500D   2909
     142       0       0       1       0                               0D   2910
     144    6468       0       0       0                        00000000D   2911
     144       0      -1       1       0                               0D   2912
     128    6469       0       0       0                        01010000D   2913
     128       0       0       3       0                               0D   2914
     126    6472       0       0       0                        01010500D   2915
     126       0       0       3       0                               0D   2916
     126    6475       0       0       0                        01010000D   2917
     126       0       0       4       0                               0D   2918
     126    6479       0       0       0                        01010500D   2919
     126       0       0       2       0                               0D   2920
     110    6481       0       0       0                        01010000D   2921
     110       0       0       1       0                               0D   2922
     126    6482       0       0       0                        01010500D   2923
     126       0       0      12       0                               0D   2924
     126    6494       0       0       0                        01010000D   2925
     126       0       0       4       0                               0D   2926
     126    6498       0       0       0                        01010500D   2927
     126       0       0      11       0                               0D   2928
     126    6509       0       0       0                        01010000D   2929
     126       0       0       4       0                               0D   2930
     126    6513       0       0       0                        01010500D   2931
     126       0       0       2       0                               0D   2932
     110    6515       0       0       0                        01010000D   2933
     110       0       0       1       0                               0D   2934
     126    6516       0       0       0                        01010500D   2935
     126       0       0      10       0                               0D   2936
     126    6526       0       0       0                        01010000D   2937
     126       0       0       5       0                               0D   2938
     126    6531       0       0       0                        01010500D   2939
     126       0       0       2       0                               0D   2940
     110    6533       0       0       0                        01010000D   2941
     110       0       0       2       0                               0D   2942
     102    6535       0       0       0                        01010500D   2943
     102       0       0       1       0                               0D   2944
     102    6536       0       0       0                        01010000D   2945
     102       0       0       1       0                               0D   2946
     142    6537       0       0       0                        00010500D   2947
     142       0       0       1       0                               0D   2948
     126    6538       0       0       0                        01010500D   2949
     126       0       0      22       0                               0D   2950
     100    6560       0       0       0                        01010000D   2951
     100       0       0       1       0                               0D   2952
     126    6561       0       0       0                        01010500D   2953
     126       0       0      22       0                               0D   2954
     100    6583       0       0       0                        01010000D   2955
     100       0       0       1       0                               0D   2956
     102    6584       0       0       0                        01010500D   2957
     102       0       0       1       0                               0D   2958
     102    6585       0       0       0                        01010000D   2959
     102       0       0       1       0                               0D   2960
     142    6586       0       0       0                        00010500D   2961
     142       0       0       1       0                               0D   2962
     126    6587       0       0       0                        01010500D   2963
     126       0       0      22       0                               0D   2964
     100    6609       0       0       0                        01010000D   2965
     100       0       0       1       0                               0D   2966
     126    6610       0       0       0                        01010500D   2967
     126       0       0      22       0                               0D   2968
     100    6632       0       0       0                        01010000D   2969
     100       0       0       1       0                               0D   2970
     102    6633       0       0       0                        01010500D   2971
     102       0       0       1       0                               0D   2972
     102    6634       0       0       0                        01010000D   2973
     102       0       0       1       0                               0D   2974
     142    6635       0       0       0                        00010500D   2975
     142       0       0       1       0                               0D   2976
     126    6636       0       0       0                        01010500D   2977
     126       0       0      22       0                               0D   2978
     100    6658       0       0       0                        01010000D   2979
     100       0       0       1       0                               0D   2980
     126    6659       0       0       0                        01010500D   2981
     126       0       0      22       0                               0D   2982
     100    6681       0       0       0                        01010000D   2983
     100       0       0       1       0                               0D   2984
     102    6682       0       0       0                        01010500D   2985
     102       0       0       1       0                               0D   2986
     102    6683       0       0       0                        01010000D   2987
     102       0       0       1       0                               0D   2988
     142    6684       0       0       0                        00010500D   2989
     142       0       0       1       0                               0D   2990
     126    6685       0       0       0                        01010500D   2991
     126       0       0      22       0                               0D   2992
     100    6707       0       0       0                        01010000D   2993
     100       0       0       1       0                               0D   2994
     126    6708       0       0       0                        01010500D   2995
     126       0       0      22       0                               0D   2996
     100    6730       0       0       0                        01010000D   2997
     100       0       0       1       0                               0D   2998
     102    6731       0       0       0                        01010500D   2999
     102       0       0       1       0                               0D   3000
     102    6732       0       0       0                        01010000D   3001
     102       0       0       1       0                               0D   3002
     142    6733       0       0       0                        00010500D   3003
     142       0       0       1       0                               0D   3004
     126    6734       0       0       0                        01010500D   3005
     126       0       0      22       0                               0D   3006
     100    6756       0       0       0                        01010000D   3007
     100       0       0       1       0                               0D   3008
     126    6757       0       0       0                        01010500D   3009
     126       0       0      22       0                               0D   3010
     100    6779       0       0       0                        01010000D   3011
     100       0       0       1       0                               0D   3012
     102    6780       0       0       0                        01010500D   3013
     102       0       0       1       0                               0D   3014
     102    6781       0       0       0                        01010000D   3015
     102       0       0       1       0                               0D   3016
     142    6782       0       0       0                        00010500D   3017
     142       0       0       1       0                               0D   3018
     126    6783       0       0       0                        01010500D   3019
     126       0       0      22       0                               0D   3020
     100    6805       0       0       0                        01010000D   3021
     100       0       0       1       0                               0D   3022
     126    6806       0       0       0                        01010500D   3023
     126       0       0      22       0                               0D   3024
     100    6828       0       0       0                        01010000D   3025
     100       0       0       1       0                               0D   3026
     102    6829       0       0       0                        01010500D   3027
     102       0       0       1       0                               0D   3028
     102    6830       0       0       0                        01010000D   3029
     102       0       0       1       0                               0D   3030
     142    6831       0       0       0                        00010500D   3031
     142       0       0       1       0                               0D   3032
     144    6832       0       0       0                        00000000D   3033
     144       0      -1       1       0                               0D   3034
     110    6833       0       0       0                        01010000D   3035
     110       0       0       1       0                               0D   3036
     110    6834       0       0       0                        01010000D   3037
     110       0       0       1       0                               0D   3038
     120    6835       0       0       0                        01010000D   3039
     120       0       0       1       0                               0D   3040
     126    6836       0       0       0                        01010500D   3041
     126       0       0       2       0                               0D   3042
     110    6838       0       0       0                        01010000D   3043
     110       0       0       1       0                               0D   3044
     126    6839       0       0       0                        01010500D   3045
     126       0       0       2       0                               0D   3046
     124    6841       0       0       0                        00000000D   3047
     124       0       0       4       0                               0D   3048
     100    6845       0       0       0            3047        01010000D   3049
     100       0       0       1       0                               0D   3050
     126    6846       0       0       0                        01010500D   3051
     126       0       0       2       0                               0D   3052
     110    6848       0       0       0                        01010000D   3053
     110       0       0       1       0                               0D   3054
     126    6849       0       0       0                        01010500D   3055
     126       0       0       2       0                               0D   3056
     100    6851       0       0       0                        01010000D   3057
     100       0       0       1       0                               0D   3058
     102    6852       0       0       0                        01010500D   3059
     102       0       0       1       0                               0D   3060
     102    6853       0       0       0                        01010000D   3061
     102       0       0       1       0                               0D   3062
     142    6854       0       0       0                        00010500D   3063
     142       0       0       1       0                               0D   3064
     144    6855       0       0       0                        00000000D   3065
     144       0      -1       1       0                               0D   3066
     128    6856       0       0       0                        01010000D   3067
     128       0       0      15       0                               0D   3068
     126    6871       0       0       0                        01010500D   3069
     126       0       0       2       0                               0D   3070
     100    6873       0       0       0                        01010000D   3071
     100       0       0       1       0                               0D   3072
     126    6874       0       0       0                        01010500D   3073
     126       0       0       2       0                               0D   3074
     124    6876       0       0       0                        00000000D   3075
     124       0       0       4       0                               0D   3076
     100    6880       0       0       0            3075        01010000D   3077
     100       0       0       1       0                               0D   3078
     126    6881       0       0       0                        01010500D   3079
     126       0       0       2       0                               0D   3080
     126    6883       0       0       0                        01010000D   3081
     126       0       0       4       0                               0D   3082
     126    6887       0       0       0                        01010500D   3083
     126       0       0       2       0                               0D   3084
     126    6889       0       0       0                        01010000D   3085
     126       0       0       7       0                               0D   3086
     102    6896       0       0       0                        01010500D   3087
     102       0       0       1       0                               0D   3088
     102    6897       0       0       0                        01010000D   3089
     102       0       0       1       0                               0D   3090
     142    6898       0       0       0                        00010500D   3091
     142       0       0       1       0                               0D   3092
     144    6899       0       0       0                        00000000D   3093
     144       0      -1       1       0                               0D   3094
     110    6900       0       0       0                        01010000D   3095
     110       0       0       1       0                               0D   3096
     110    6901       0       0       0                        01010000D   3097
     110       0       0       1       0                               0D   3098
     120    6902       0       0       0                        01010000D   3099
     120       0       0       1       0                               0D   3100
     126    6903       0       0       0                        01010500D   3101
     126       0       0       2       0                               0D   3102
     100    6905       0       0       0                        01010000D   3103
     100       0       0       1       0                               0D   3104
     126    6906       0       0       0                        01010500D   3105
     126       0       0       2       0                               0D   3106
     110    6908       0       0       0                        01010000D   3107
     110       0       0       1       0                               0D   3108
     126    6909       0       0       0                        01010500D   3109
     126       0       0       2       0                               0D   3110
     124    6911       0       0       0                        00000000D   3111
     124       0       0       4       0                               0D   3112
     100    6915       0       0       0            3111        01010000D   3113
     100       0       0       1       0                               0D   3114
     126    6916       0       0       0                        01010500D   3115
     126       0       0       2       0                               0D   3116
     110    6918       0       0       0                        01010000D   3117
     110       0       0       1       0                               0D   3118
     102    6919       0       0       0                        01010500D   3119
     102       0       0       1       0                               0D   3120
     102    6920       0       0       0                        01010000D   3121
     102       0       0       1       0                               0D   3122
     142    6921       0       0       0                        00010500D   3123
     142       0       0       1       0                               0D   3124
     144    6922       0       0       0                        00000000D   3125
     144       0      -1       1       0                               0D   3126
     110    6923       0       0       0                        01010000D   3127
     110       0       0       1       0                               0D   3128
     110    6924       0       0       0                        01010000D   3129
     110       0       0       1       0                               0D   3130
     120    6925       0       0       0                        01010000D   3131
     120       0       0       1       0                               0D   3132
     126    6926       0       0       0                        01010500D   3133
     126       0       0       2       0                               0D   3134
     100    6928       0       0       0                        01010000D   3135
     100       0       0       1       0                               0D   3136
     126    6929       0       0       0                        01010500D   3137
     126       0       0       2       0                               0D   3138
     110    6931       0       0       0                        01010000D   3139
     110       0       0       1       0                               0D   3140
     126    6932       0       0       0                        01010500D   3141
     126       0       0       2       0                               0D   3142
     124    6934       0       0       0                        00000000D   3143
     124       0       0       4       0                               0D   3144
     100    6938       0       0       0            3143        01010000D   3145
     100       0       0       1       0                               0D   3146
     126    6939       0       0       0                        01010500D   3147
     126       0       0       2       0                               0D   3148
     110    6941       0       0       0                        01010000D   3149
     110       0       0       1       0                               0D   3150
     102    6942       0       0       0                        01010500D   3151
     102       0       0       1       0                               0D   3152
     102    6943       0       0       0                        01010000D   3153
     102       0       0       1       0                               0D   3154
     142    6944       0       0       0                        00010500D   3155
     142       0       0       1       0                               0D   3156
     144    6945       0       0       0                        00000000D   3157
     144       0      -1       1       0                               0D   3158
     110    6946       0       0       0                        01010000D   3159
     110       0       0       1       0                               0D   3160
     110    6947       0       0       0                        01010000D   3161
     110       0       0       1       0                               0D   3162
     120    6948       0       0       0                        01010000D   3163
     120       0       0       1       0                               0D   3164
     126    6949       0       0       0                        01010500D   3165
     126       0       0       2       0                               0D   3166
     100    6951       0       0       0                        01010000D   3167
     100       0       0       1       0                               0D   3168
     126    6952       0       0       0                        01010500D   3169
     126       0       0       2       0                               0D   3170
     110    6954       0       0       0                        01010000D   3171
     110       0       0       1       0                               0D   3172
     126    6955       0       0       0                        01010500D   3173
     126       0       0       2       0                               0D   3174
     124    6957       0       0       0                        00000000D   3175
     124       0       0       4       0                               0D   3176
     100    6961       0       0       0            3175        01010000D   3177
     100       0       0       1       0                               0D   3178
     126    6962       0       0       0                        01010500D   3179
     126       0       0       2       0                               0D   3180
     110    6964       0       0       0                        01010000D   3181
     110       0       0       1       0                               0D   3182
     102    6965       0       0       0                        01010500D   3183
     102       0       0       1       0                               0D   3184
     102    6966       0       0       0                        01010000D   3185
     102       0       0       1       0                               0D   3186
     142    6967       0       0       0                        00010500D   3187
     142       0       0       1       0                               0D   3188
     144    6968       0       0       0                        00000000D   3189
     144       0      -1       1       0                               0D   3190
     110    6969       0       0       0                        01010000D   3191
     110       0       0       1       0                               0D   3192
     110    6970       0       0       0                        01010000D   3193
     110       0       0       1       0                               0D   3194
     120    6971       0       0       0                        01010000D   3195
     120       0       0       1       0                               0D   3196
     126    6972       0       0       0                        01010500D   3197
     126       0       0       2       0                               0D   3198
     100    6974       0       0       0                        01010000D   3199
     100       0       0       1       0                               0D   3200
     126    6975       0       0       0                        01010500D   3201
     126       0       0       2       0                               0D   3202
     110    6977       0       0       0                        01010000D   3203
     110       0       0       1       0                               0D   3204
     126    6978       0       0       0                        01010500D   3205
     126       0       0       2       0                               0D   3206
     124    6980       0       0       0                        00000000D   3207
     124       0       0       4       0                               0D   3208
     100    6984       0       0       0            3207        01010000D   3209
     100       0       0       1       0                               0D   3210
     126    6985       0       0       0                        01010500D   3211
     126       0       0       2       0                               0D   3212
     110    6987       0       0       0                        01010000D   3213
     110       0       0       1       0                               0D   3214
     102    6988       0       0       0                        01010500D   3215
     102       0       0       1       0                               0D   3216
     102    6989       0       0       0                        01010000D   3217
     102       0       0       1       0                               0D   3218
     142    6990       0       0       0                        00010500D   3219
     142       0       0       1       0                               0D   3220
     144    6991       0       0       0                        00000000D   3221
     144       0      -1       1       0                               0D   3222
     110    6992       0       0       0                        01010000D   3223
     110       0       0       1       0                               0D   3224
     110    6993       0       0       0                        01010000D   3225
     110       0       0       1       0                               0D   3226
     120    6994       0       0       0                        01010000D   3227
     120       0       0       1       0                               0D   3228
     126    6995       0       0       0                        01010500D   3229
     126       0       0       2       0                               0D   3230
     100    6997       0       0       0                        01010000D   3231
     100       0       0       1       0                               0D   3232
     126    6998       0       0       0                        01010500D   3233
     126       0       0       2       0                               0D   3234
     110    7000       0       0       0                        01010000D   3235
     110       0       0       1       0                               0D   3236
     126    7001       0       0       0                        01010500D   3237
     126       0       0       2       0                               0D   3238
     124    7003       0       0       0                        00000000D   3239
     124       0       0       4       0                               0D   3240
     100    7007       0       0       0            3239        01010000D   3241
     100       0       0       1       0                               0D   3242
     126    7008       0       0       0                        01010500D   3243
     126       0       0       2       0                               0D   3244
     110    7010       0       0       0                        01010000D   3245
     110       0       0       1       0                               0D   3246
     102    7011       0       0       0                        01010500D   3247
     102       0       0       1       0                               0D   3248
     102    7012       0       0       0                        01010000D   3249
     102       0       0       1       0                               0D   3250
     142    7013       0       0       0                        00010500D   3251
     142       0       0       1       0                               0D   3252
     144    7014       0       0       0                        00000000D   3253
     144       0      -1       1       0                               0D   3254
     110    7015       0       0       0                        01010000D   3255
     110       0       0       1       0                               0D   3256
     110    7016       0       0       0                        01010000D   3257
     110       0       0       1       0                               0D   3258
     120    7017       0       0       0                        01010000D   3259
     120       0       0       1       0                               0D   3260
     126    7018       0       0       0                        01010500D   3261
     126       0       0       2       0                               0D   3262
     100    7020       0       0       0                        01010000D   3263
     100       0       0       1       0                               0D   3264
     126    7021       0       0       0                        01010500D   3265
     126       0       0       2       0                               0D   3266
     110    7023       0       0       0                        01010000D   3267
     110       0       0       1       0                               0D   3268
     126    7024       0       0       0                        01010500D   3269
     126       0       0       2       0                               0D   3270
     124    7026       0       0       0                        00000000D   3271
     124       0       0       4       0                               0D   3272
     100    7030       0       0       0            3271        01010000D   3273
     100       0       0       1       0                               0D   3274
     126    7031       0       0       0                        01010500D   3275
     126       0       0       2       0                               0D   3276
     110    7033       0       0       0                        01010000D   3277
     110       0       0       1       0                               0D   3278
     102    7034       0       0       0                        01010500D   3279
     102       0       0       1       0                               0D   3280
     102    7035       0       0       0                        01010000D   3281
     102       0       0       1       0                               0D   3282
     142    7036       0       0       0                        00010500D   3283
     142       0       0       1       0                               0D   3284
     144    7037       0       0       0                        00000000D   3285
     144       0      -1       1       0                               0D   3286
     110    7038       0       0       0                        01010000D   3287
     110       0       0       2       0                               0D   3288
     110    7040       0       0       0                        01010000D   3289
     110       0       0       1       0                               0D   3290
     120    7041       0       0       0                        01010000D   3291
     120       0       0       1       0                               0D   3292
     126    7042       0       0       0                        01010500D   3293
     126       0       0       2       0                               0D   3294
     124    7044       0       0       0                        00000000D   3295
     124       0       0       4       0                               0D   3296
     100    7048       0       0       0            3295        01010000D   3297
     100       0       0       2       0                               0D   3298
     126    7050       0       0       0                        01010500D   3299
     126       0       0       2       0                               0D   3300
     110    7052       0       0       0                        01010000D   3301
     110       0       0       1       0                               0D   3302
     126    7053       0       0       0                        01010500D   3303
     126       0       0       2       0                               0D   3304
     124    7055       0       0       0                        00000000D   3305
     124       0       0       4       0                               0D   3306
     100    7059       0       0       0            3305        01010000D   3307
     100       0       0       2       0                               0D   3308
     126    7061       0       0       0                        01010500D   3309
     126       0       0       2       0                               0D   3310
     110    7063       0       0       0                        01010000D   3311
     110       0       0       1       0                               0D   3312
     102    7064       0       0       0                        01010500D   3313
     102       0       0       1       0                               0D   3314
     102    7065       0       0       0                        01010000D   3315
     102       0       0       1       0                               0D   3316
     142    7066       0       0       0                        00010500D   3317
     142       0       0       1       0                               0D   3318
     144    7067       0       0       0                        00000000D   3319
     144       0      -1       1       0                               0D   3320
     110    7068       0       0       0                        01010000D   3321
     110       0       0       2       0                               0D   3322
     110    7070       0       0       0                        01010000D   3323
     110       0       0       1       0                               0D   3324
     120    7071       0       0       0                        01010000D   3325
     120       0       0       1       0                               0D   3326
     126    7072       0       0       0                        01010500D   3327
     126       0       0       2       0                               0D   3328
     124    7074       0       0       0                        00000000D   3329
     124       0       0       4       0                               0D   3330
     100    7078       0       0       0            3329        01010000D   3331
     100       0       0       2       0                               0D   3332
     126    7080       0       0       0                        01010500D   3333
     126       0       0       2       0                               0D   3334
     110    7082       0       0       0                        01010000D   3335
     110       0       0       1       0                               0D   3336
     126    7083       0       0       0                        01010500D   3337
     126       0       0       2       0                               0D   3338
     124    7085       0       0       0                        00000000D   3339
     124       0       0       4       0                               0D   3340
     100    7089       0       0       0            3339        01010000D   3341
     100       0       0       2       0                               0D   3342
     126    7091       0       0       0                        01010500D   3343
     126       0       0       2       0                               0D   3344
     110    7093       0       0       0                        01010000D   3345
     110       0       0       1       0                               0D   3346
     102    7094       0       0       0                        01010500D   3347
     102       0       0       1       0                               0D   3348
     102    7095       0       0       0                        01010000D   3349
     102       0       0       1       0                               0D   3350
     142    7096       0       0       0                        00010500D   3351
     142       0       0       1       0                               0D   3352
     144    7097       0       0       0                        00000000D   3353
     144       0      -1       1       0                               0D   3354
     110    7098       0       0       0                        01010000D   3355
     110       0       0       2       0                               0D   3356
     110    7100       0       0       0                        01010000D   3357
     110       0       0       1       0                               0D   3358
     120    7101       0       0       0                        01010000D   3359
     120       0       0       1       0                               0D   3360
     126    7102       0       0       0                        01010500D   3361
     126       0       0       2       0                               0D   3362
     124    7104       0       0       0                        00000000D   3363
     124       0       0       5       0                               0D   3364
     100    7109       0       0       0            3363        01010000D   3365
     100       0       0       2       0                               0D   3366
     126    7111       0       0       0                        01010500D   3367
     126       0       0       2       0                               0D   3368
     110    7113       0       0       0                        01010000D   3369
     110       0       0       1       0                               0D   3370
     126    7114       0       0       0                        01010500D   3371
     126       0       0       2       0                               0D   3372
     124    7116       0       0       0                        00000000D   3373
     124       0       0       4       0                               0D   3374
     100    7120       0       0       0            3373        01010000D   3375
     100       0       0       2       0                               0D   3376
     126    7122       0       0       0                        01010500D   3377
     126       0       0       2       0                               0D   3378
     110    7124       0       0       0                        01010000D   3379
     110       0       0       1       0                               0D   3380
     102    7125       0       0       0                        01010500D   3381
     102       0       0       1       0                               0D   3382
     102    7126       0       0       0                        01010000D   3383
     102       0       0       1       0                               0D   3384
     142    7127       0       0       0                        00010500D   3385
     142       0       0       1       0                               0D   3386
     144    7128       0       0       0                        00000000D   3387
     144       0      -1       1       0                               0D   3388
     110    7129       0       0       0                        01010000D   3389
     110       0       0       2       0                               0D   3390
     110    7131       0       0       0                        01010000D   3391
     110       0       0       1       0                               0D   3392
     120    7132       0       0       0                        01010000D   3393
     120       0       0       1       0                               0D   3394
     126    7133       0       0       0                        01010500D   3395
     126       0       0       2       0                               0D   3396
     124    7135       0       0       0                        00000000D   3397
     124       0       0       4       0                               0D   3398
     100    7139       0       0       0            3397        01010000D   3399
     100       0       0       2       0                               0D   3400
     126    7141       0       0       0                        01010500D   3401
     126       0       0       2       0                               0D   3402
     110    7143       0       0       0                        01010000D   3403
     110       0       0       1       0                               0D   3404
     126    7144       0       0       0                        01010500D   3405
     126       0       0       2       0                               0D   3406
     124    7146       0       0       0                        00000000D   3407
     124       0       0       4       0                               0D   3408
     100    7150       0       0       0            3407        01010000D   3409
     100       0       0       2       0                               0D   3410
     126    7152       0       0       0                        01010500D   3411
     126       0       0       2       0                               0D   3412
     110    7154       0       0       0                        01010000D   3413
     110       0       0       1       0                               0D   3414
     102    7155       0       0       0                        01010500D   3415
     102       0       0       1       0                               0D   3416
     102    7156       0       0       0                        01010000D   3417
     102       0       0       1       0                               0D   3418
     142    7157       0       0       0                        00010500D   3419
     142       0       0       1       0                               0D   3420
     144    7158       0       0       0                        00000000D   3421
     144       0      -1       1       0                               0D   3422
     110    7159       0       0       0                        01010000D   3423
     110       0       0       2       0                               0D   3424
     110    7161       0       0       0                        01010000D   3425
     110       0       0       1       0                               0D   3426
     120    7162       0       0       0                        01010000D   3427
     120       0       0       1       0                               0D   3428
     126    7163       0       0       0                        01010500D   3429
     126       0       0       2       0                               0D   3430
     124    7165       0       0       0                        00000000D   3431
     124       0       0       4       0                               0D   3432
     100    7169       0       0       0            3431        01010000D   3433
     100       0       0       2       0                               0D   3434
     126    7171       0       0       0                        01010500D   3435
     126       0       0       2       0                               0D   3436
     110    7173       0       0       0                        01010000D   3437
     110       0       0       1       0                               0D   3438
     126    7174       0       0       0                        01010500D   3439
     126       0       0       2       0                               0D   3440
     124    7176       0       0       0                        00000000D   3441
     124       0       0       4       0                               0D   3442
     100    7180       0       0       0            3441        01010000D   3443
     100       0       0       2       0                               0D   3444
     126    7182       0       0       0                        01010500D   3445
     126       0       0       2       0                               0D   3446
     110    7184       0       0       0                        01010000D   3447
     110       0       0       1       0                               0D   3448
     102    7185       0       0       0                        01010500D   3449
     102       0       0       1       0                               0D   3450
     102    7186       0       0       0                        01010000D   3451
     102       0       0       1       0                               0D   3452
     142    7187       0       0       0                        00010500D   3453
     142       0       0       1       0                               0D   3454
     144    7188       0       0       0                        00000000D   3455
     144       0      -1       1       0                               0D   3456
     110    7189       0       0       0                        01010000D   3457
     110       0       0       2       0                               0D   3458
     110    7191       0       0       0                        01010000D   3459
     110       0       0       2       0                               0D   3460
     120    7193       0       0       0                        01010000D   3461
     120       0       0       1       0                               0D   3462
     126    7194       0       0       0                        01010500D   3463
     126       0       0       2       0                               0D   3464
     124    7196       0       0       0                        00000000D   3465
     124       0       0       4       0                               0D   3466
     100    7200       0       0       0            3465        01010000D   3467
     100       0       0       2       0                               0D   3468
     126    7202       0       0       0                        01010500D   3469
     126       0       0       2       0                               0D   3470
     110    7204       0       0       0                        01010000D   3471
     110       0       0       2       0                               0D   3472
     126    7206       0       0       0                        01010500D   3473
     126       0       0       2       0                               0D   3474
     124    7208       0       0       0                        00000000D   3475
     124       0       0       4       0                               0D   3476
     100    7212       0       0       0            3475        01010000D   3477
     100       0       0       2       0                               0D   3478
     126    7214       0       0       0                        01010500D   3479
     126       0       0       2       0                               0D   3480
     110    7216       0       0       0                        01010000D   3481
     110       0       0       2       0                               0D   3482
     102    7218       0       0       0                        01010500D   3483
     102       0       0       1       0                               0D   3484
     102    7219       0       0       0                        01010000D   3485
     102       0       0       1       0                               0D   3486
     142    7220       0       0       0                        00010500D   3487
     142       0       0       1       0                               0D   3488
     144    7221       0       0       0                        00000000D   3489
     144       0      -1       1       0                               0D   3490
     110    7222       0       0       0                        01010000D   3491
     110       0       0       2       0                               0D   3492
     110    7224       0       0       0                        01010000D   3493
     110       0       0       2       0                               0D   3494
     120    7226       0       0       0                        01010000D   3495
     120       0       0       1       0                               0D   3496
     126    7227       0       0       0                        01010500D   3497
     126       0       0       2       0                               0D   3498
     124    7229       0       0       0                        00000000D   3499
     124       0       0       5       0                               0D   3500
     100    7234       0       0       0            3499        01010000D   3501
     100       0       0       2       0                               0D   3502
     126    7236       0       0       0                        01010500D   3503
     126       0       0       2       0                               0D   3504
     110    7238       0       0       0                        01010000D   3505
     110       0       0       2       0                               0D   3506
     126    7240       0       0       0                        01010500D   3507
     126       0       0       2       0                               0D   3508
     124    7242       0       0       0                        00000000D   3509
     124       0       0       4       0                               0D   3510
     100    7246       0       0       0            3509        01010000D   3511
     100       0       0       2       0                               0D   3512
     126    7248       0       0       0                        01010500D   3513
     126       0       0       2       0                               0D   3514
     110    7250       0       0       0                        01010000D   3515
     110       0       0       2       0                               0D   3516
     102    7252       0       0       0                        01010500D   3517
     102       0       0       1       0                               0D   3518
     102    7253       0       0       0                        01010000D   3519
     102       0       0       1       0                               0D   3520
     142    7254       0       0       0                        00010500D   3521
     142       0       0       1       0                               0D   3522
     144    7255       0       0       0                        00000000D   3523
     144       0      -1       1       0                               0D   3524
     110    7256       0       0       0                        01010000D   3525
     110       0       0       1       0                               0D   3526
     110    7257       0       0       0                        01010000D   3527
     110       0       0       1       0                               0D   3528
     120    7258       0       0       0                        01010000D   3529
     120       0       0       1       0                               0D   3530
     126    7259       0       0       0                        01010500D   3531
     126       0       0       2       0                               0D   3532
     124    7261       0       0       0                        00000000D   3533
     124       0       0       4       0                               0D   3534
     100    7265       0       0       0            3533        01010000D   3535
     100       0       0       1       0                               0D   3536
     126    7266       0       0       0                        01010500D   3537
     126       0       0       2       0                               0D   3538
     110    7268       0       0       0                        01010000D   3539
     110       0       0       1       0                               0D   3540
     126    7269       0       0       0                        01010500D   3541
     126       0       0       2       0                               0D   3542
     100    7271       0       0       0                        01010000D   3543
     100       0       0       1       0                               0D   3544
     126    7272       0       0       0                        01010500D   3545
     126       0       0       2       0                               0D   3546
     110    7274       0       0       0                        01010000D   3547
     110       0       0       1       0                               0D   3548
     102    7275       0       0       0                        01010500D   3549
     102       0       0       1       0                               0D   3550
     102    7276       0       0       0                        01010000D   3551
     102       0       0       1       0                               0D   3552
     142    7277       0       0       0                        00010500D   3553
     142       0       0       1       0                               0D   3554
     144    7278       0       0       0                        00000000D   3555
     144       0      -1       1       0                               0D   3556
     110    7279       0       0       0                        01010000D   3557
     110       0       0       1       0                               0D   3558
     110    7280       0       0       0                        01010000D   3559
     110       0       0       1       0                               0D   3560
     120    7281       0       0       0                        01010000D   3561
     120       0       0       1       0                               0D   3562
     126    7282       0       0       0                        01010500D   3563
     126       0       0       2       0                               0D   3564
     124    7284       0       0       0                        00000000D   3565
     124       0       0       4       0                               0D   3566
     100    7288       0       0       0            3565        01010000D   3567
     100       0       0       1       0                               0D   3568
     126    7289       0       0       0                        01010500D   3569
     126       0       0       2       0                               0D   3570
     110    7291       0       0       0                        01010000D   3571
     110       0       0       1       0                               0D   3572
     126    7292       0       0       0                        01010500D   3573
     126       0       0       2       0                               0D   3574
     100    7294       0       0       0                        01010000D   3575
     100       0       0       1       0                               0D   3576
     126    7295       0       0       0                        01010500D   3577
     126       0       0       2       0                               0D   3578
     110    7297       0       0       0                        01010000D   3579
     110       0       0       1       0                               0D   3580
     102    7298       0       0       0                        01010500D   3581
     102       0       0       1       0                               0D   3582
     102    7299       0       0       0                        01010000D   3583
     102       0       0       1       0                               0D   3584
     142    7300       0       0       0                        00010500D   3585
     142       0       0       1       0                               0D   3586
     144    7301       0       0       0                        00000000D   3587
     144       0      -1       1       0                               0D   3588
     110    7302       0       0       0                        01010000D   3589
     110       0       0       1       0                               0D   3590
     110    7303       0       0       0                        01010000D   3591
     110       0       0       1       0                               0D   3592
     120    7304       0       0       0                        01010000D   3593
     120       0       0       1       0                               0D   3594
     126    7305       0       0       0                        01010500D   3595
     126       0       0       2       0                               0D   3596
     124    7307       0       0       0                        00000000D   3597
     124       0       0       3       0                               0D   3598
     100    7310       0       0       0            3597        01010000D   3599
     100       0       0       1       0                               0D   3600
     126    7311       0       0       0                        01010500D   3601
     126       0       0       2       0                               0D   3602
     110    7313       0       0       0                        01010000D   3603
     110       0       0       1       0                               0D   3604
     126    7314       0       0       0                        01010500D   3605
     126       0       0       2       0                               0D   3606
     100    7316       0       0       0                        01010000D   3607
     100       0       0       1       0                               0D   3608
     126    7317       0       0       0                        01010500D   3609
     126       0       0       2       0                               0D   3610
     110    7319       0       0       0                        01010000D   3611
     110       0       0       1       0                               0D   3612
     102    7320       0       0       0                        01010500D   3613
     102       0       0       1       0                               0D   3614
     102    7321       0       0       0                        01010000D   3615
     102       0       0       1       0                               0D   3616
     142    7322       0       0       0                        00010500D   3617
     142       0       0       1       0                               0D   3618
     144    7323       0       0       0                        00000000D   3619
     144       0      -1       1       0                               0D   3620
     110    7324       0       0       0                        01010000D   3621
     110       0       0       1       0                               0D   3622
     110    7325       0       0       0                        01010000D   3623
     110       0       0       1       0                               0D   3624
     120    7326       0       0       0                        01010000D   3625
     120       0       0       1       0                               0D   3626
     126    7327       0       0       0                        01010500D   3627
     126       0       0       2       0                               0D   3628
     124    7329       0       0       0                        00000000D   3629
     124       0       0       4       0                               0D   3630
     100    7333       0       0       0            3629        01010000D   3631
     100       0       0       1       0                               0D   3632
     126    7334       0       0       0                        01010500D   3633
     126       0       0       2       0                               0D   3634
     110    7336       0       0       0                        01010000D   3635
     110       0       0       1       0                               0D   3636
     126    7337       0       0       0                        01010500D   3637
     126       0       0       2       0                               0D   3638
     100    7339       0       0       0                        01010000D   3639
     100       0       0       1       0                               0D   3640
     126    7340       0       0       0                        01010500D   3641
     126       0       0       2       0                               0D   3642
     110    7342       0       0       0                        01010000D   3643
     110       0       0       1       0                               0D   3644
     102    7343       0       0       0                        01010500D   3645
     102       0       0       1       0                               0D   3646
     102    7344       0       0       0                        01010000D   3647
     102       0       0       1       0                               0D   3648
     142    7345       0       0       0                        00010500D   3649
     142       0       0       1       0                               0D   3650
     144    7346       0       0       0                        00000000D   3651
     144       0      -1       1       0                               0D   3652
     110    7347       0       0       0                        01010000D   3653
     110       0       0       1       0                               0D   3654
     110    7348       0       0       0                        01010000D   3655
     110       0       0       1       0                               0D   3656
     120    7349       0       0       0                        01010000D   3657
     120       0       0       1       0                               0D   3658
     126    7350       0       0       0                        01010500D   3659
     126       0       0       2       0                               0D   3660
     124    7352       0       0       0                        00000000D   3661
     124       0       0       4       0                               0D   3662
     100    7356       0       0       0            3661        01010000D   3663
     100       0       0       1       0                               0D   3664
     126    7357       0       0       0                        01010500D   3665
     126       0       0       2       0                               0D   3666
     110    7359       0       0       0                        01010000D   3667
     110       0       0       1       0                               0D   3668
     126    7360       0       0       0                        01010500D   3669
     126       0       0       2       0                               0D   3670
     100    7362       0       0       0                        01010000D   3671
     100       0       0       1       0                               0D   3672
     126    7363       0       0       0                        01010500D   3673
     126       0       0       2       0                               0D   3674
     110    7365       0       0       0                        01010000D   3675
     110       0       0       1       0                               0D   3676
     102    7366       0       0       0                        01010500D   3677
     102       0       0       1       0                               0D   3678
     102    7367       0       0       0                        01010000D   3679
     102       0       0       1       0                               0D   3680
     142    7368       0       0       0                        00010500D   3681
     142       0       0       1       0                               0D   3682
     144    7369       0       0       0                        00000000D   3683
     144       0      -1       1       0                               0D   3684
     110    7370       0       0       0                        01010000D   3685
     110       0       0       1       0                               0D   3686
     110    7371       0       0       0                        01010000D   3687
     110       0       0       1       0                               0D   3688
     120    7372       0       0       0                        01010000D   3689
     120       0       0       1       0                               0D   3690
     126    7373       0       0       0                        01010500D   3691
     126       0       0       2       0                               0D   3692
     124    7375       0       0       0                        00000000D   3693
     124       0       0       4       0                               0D   3694
     100    7379       0       0       0            3693        01010000D   3695
     100       0       0       1       0                               0D   3696
     126    7380       0       0       0                        01010500D   3697
     126       0       0       2       0                               0D   3698
     110    7382       0       0       0                        01010000D   3699
     110       0       0       1       0                               0D   3700
     126    7383       0       0       0                        01010500D   3701
     126       0       0       2       0                               0D   3702
     100    7385       0       0       0                        01010000D   3703
     100       0       0       1       0                               0D   3704
     126    7386       0       0       0                        01010500D   3705
     126       0       0       2       0                               0D   3706
     110    7388       0       0       0                        01010000D   3707
     110       0       0       1       0                               0D   3708
     102    7389       0       0       0                        01010500D   3709
     102       0       0       1       0                               0D   3710
     102    7390       0       0       0                        01010000D   3711
     102       0       0       1       0                               0D   3712
     142    7391       0       0       0                        00010500D   3713
     142       0       0       1       0                               0D   3714
     144    7392       0       0       0                        00000000D   3715
     144       0      -1       1       0                               0D   3716
314,66.6666666666667,69.8039215686274,76.8627450980392,;               1P      1
110,31.1,12.5,54.,31.1,12.5,1054.;                                     3P      2
110,32.6,12.5,52.,32.6,12.5,54.;                                       5P      3
120,3,5,0.,6.28318530717959;                                           7P      4
126,1,1,1,0,1,0,0.,0.,1.,1.,1.,1.,0.,6.283185307,0.,1.,                9P      5
6.283185307,0.,0.,1.,0.,0.,1.;                                         9P      6
110,32.6,12.5,52.,32.6,12.5,54.;                                      11P      7
126,1,1,1,0,1,0,0.,0.,1.,1.,1.,1.,1.,6.283185307,0.,1.,               13P      8
3.141592654,0.,0.,1.,0.,0.,1.;                                        13P      9
124,1.,-7.105427357601E-015,0.,8.74300631892353E-014,                 15P     10
-7.105427357601E-015,-1.,6.98296672221876E-015,                       15P     11
24.9999999999998,-4.96169627852706E-029,-6.98296672221876E-015,       15P     12
-1.,108.;                                                             15P     13
100,54.,31.1,12.5,32.6,12.5,29.6,12.5;                                17P     14
126,1,1,1,0,1,0,0.,0.,1.,1.,1.,1.,1.,3.141592654,0.,0.,               19P     15
3.141592654,0.,0.,1.,0.,0.,1.;                                        19P     16
110,29.6,12.5,54.,29.6,12.5,52.;                                      21P     17
126,1,1,1,0,1,0,0.,0.,1.,1.,1.,1.,0.,3.141592654,0.,0.,               23P     18
6.283185307,0.,0.,1.,0.,0.,1.;                                        23P     19
100,52.,31.1,12.5,29.6,12.5,32.6,12.5;                                25P     20
102,4,9,13,19,23;                                                     27P     21
102,4,11,17,21,25;                                                    29P     22
142,1,7,27,29,1;                                                      31P     23
144,7,1,0,31;                                                         33P     24
110,19.5,12.5,54.,19.5,12.5,1054.;                                    35P     25
110,21.,12.5,52.,21.,12.5,54.;                                        37P     26
120,35,37,0.,6.28318530717959;                                        39P     27
126,1,1,1,0,1,0,0.,0.,1.,1.,1.,1.,0.,6.283185307,0.,1.,               41P     28
6.283185307,0.,0.,1.,0.,0.,1.;                                        41P     29
110,21.,12.5,52.,21.,12.5,54.;                                        43P     30
126,1,1,1,0,1,0,0.,0.,1.,1.,1.,1.,1.,6.283185307,0.,1.,               45P     31
3.141592654,0.,0.,1.,0.,0.,1.;                                        45P     32
124,1.,-7.105427357601E-015,0.,8.74300631892347E-014,                 47P     33
-7.105427357601E-015,-1.,6.98296672221876E-015,                       47P     34
24.9999999999998,-4.96169627852706E-029,-6.98296672221876E-015,       47P     35
-1.,108.;                                                             47P     36
100,54.,19.5,12.5,21.,12.5,18.,12.5;                                  49P     37
126,1,1,1,0,1,0,0.,0.,1.,1.,1.,1.,1.,3.141592654,0.,0.,               51P     38
3.141592654,0.,0.,1.,0.,0.,1.;                                        51P     39
110,18.,12.5,54.,18.,12.5,52.;                                        53P     40
126,1,1,1,0,1,0,0.,0.,1.,1.,1.,1.,0.,3.141592654,0.,0.,               55P     41
6.283185307,0.,0.,1.,0.,0.,1.;                                        55P     42
100,52.,19.5,12.5,18.,12.5,21.,12.5;                                  57P     43
102,4,41,45,51,55;                                                    59P     44
102,4,43,49,53,57;                                                    61P     45
142,1,39,59,61,1;                                                     63P     46
144,39,1,0,63;                                                        65P     47
110,12.5,19.5,54.,12.5,19.5,1054.;                                    67P     48
110,14.,19.5,52.,14.,19.5,54.;                                        69P     49
120,67,69,0.,6.28318530717959;                                        71P     50
126,1,1,1,0,1,0,0.,0.,1.,1.,1.,1.,0.,6.283185307,0.,1.,               73P     51
6.283185307,0.,0.,1.,0.,0.,1.;                                        73P     52
110,14.,19.5,52.,14.,19.5,54.;                                        75P     53
126,1,1,1,0,1,0,0.,0.,1.,1.,1.,1.,1.,6.283185307,0.,1.,               77P     54
3.141592654,0.,0.,1.,0.,0.,1.;                                        77P     55
124,1.,-7.105427357601E-015,0.,1.38333788868298E-013,                 79P     56
-7.105427357601E-015,-1.,6.98296672221876E-015,                       79P     57
38.9999999999997,-4.96169627852706E-029,-6.98296672221876E-015,       79P     58
-1.,108.;                                                             79P     59
100,54.,12.5,19.5,14.,19.5,11.,19.5;                                  81P     60
126,1,1,1,0,1,0,0.,0.,1.,1.,1.,1.,1.,3.141592654,0.,0.,               83P     61
3.141592654,0.,0.,1.,0.,0.,1.;                                        83P     62
110,11.,19.5,54.,11.,19.5,52.;                                        85P     63
126,1,1,1,0,1,0,0.,0.,1.,1.,1.,1.,0.,3.141592654,0.,0.,               87P     64
6.283185307,0.,0.,1.,0.,0.,1.;                                        87P     65
100,52.,12.5,19.5,11.,19.5,14.,19.5;                                  89P     66
102,4,73,77,83,87;                                                    91P     67
102,4,75,81,85,89;                                                    93P     68
142,1,71,91,93,1;                                                     95P     69
144,71,1,0,95;                                                        97P     70
110,12.5,5.5,54.,12.5,5.5,1054.;                                      99P     71
110,14.,5.5,52.,14.,5.5,54.;                                         101P     72
120,99,101,0.,6.28318530717959;                                      103P     73
126,1,1,1,0,1,0,0.,0.,1.,1.,1.,1.,0.,6.283185307,0.,1.,              105P     74
6.283185307,0.,0.,1.,0.,0.,1.;                                       105P     75
110,14.,5.5,52.,14.,5.5,54.;                                         107P     76
126,1,1,1,0,1,0,0.,0.,1.,1.,1.,1.,1.,6.283185307,0.,1.,              109P     77
3.141592654,0.,0.,1.,0.,0.,1.;                                       109P     78
124,1.,-7.105427357601E-015,0.,3.82610609861478E-014,                111P     79
-7.105427357601E-015,-1.,6.98296672221876E-015,                      111P     80
10.9999999999997,-4.96169627852706E-029,-6.98296672221876E-015,      111P     81
-1.,108.;                                                            111P     82
100,54.,12.5,5.5,14.,5.5,11.,5.5;                                    113P     83
126,1,1,1,0,1,0,0.,0.,1.,1.,1.,1.,1.,3.141592654,0.,0.,              115P     84
3.141592654,0.,0.,1.,0.,0.,1.;                                       115P     85
110,11.,5.5,54.,11.,5.5,52.;                                         117P     86
126,1,1,1,0,1,0,0.,0.,1.,1.,1.,1.,0.,3.141592654,0.,0.,              119P     87
6.283185307,0.,0.,1.,0.,0.,1.;                                       119P     88
100,52.,12.5,5.5,11.,5.5,14.,5.5;                                    121P     89
102,4,105,109,115,119;                                               123P     90
102,4,107,113,117,121;                                               125P     91
142,1,103,123,125,1;                                                 127P     92
144,103,1,0,127;                                                     129P     93
110,5.5,12.5,54.,5.5,12.5,1054.;                                     131P     94
110,7.,12.5,52.,7.,12.5,54.;                                         133P     95
120,131,133,0.,6.28318530717959;                                     135P     96
126,1,1,1,0,1,0,0.,0.,1.,1.,1.,1.,0.,6.283185307,0.,1.,              137P     97
6.283185307,0.,0.,1.,0.,0.,1.;                                       137P     98
110,7.,12.5,52.,7.,12.5,54.;                                         139P     99
126,1,1,1,0,1,0,0.,0.,1.,1.,1.,1.,1.,6.283185307,0.,1.,              141P    100
3.141592654,0.,0.,1.,0.,0.,1.;                                       141P    101
124,1.,-7.105427357601E-015,0.,8.91647866652109E-014,                143P    102
-7.105427357601E-015,-1.,6.98296672221876E-015,                      143P    103
24.9999999999997,-4.96169627852706E-029,-6.98296672221876E-015,      143P    104
-1.,108.;                                                            143P    105
100,54.,5.5,12.5,7.,12.5,4.,12.5;                                    145P    106
126,1,1,1,0,1,0,0.,0.,1.,1.,1.,1.,1.,3.141592654,0.,0.,              147P    107
3.141592654,0.,0.,1.,0.,0.,1.;                                       147P    108
110,4.,12.5,54.,4.,12.5,52.;                                         149P    109
126,1,1,1,0,1,0,0.,0.,1.,1.,1.,1.,0.,3.141592654,0.,0.,              151P    110
6.283185307,0.,0.,1.,0.,0.,1.;                                       151P    111
100,52.,5.5,12.5,4.,12.5,7.,12.5;                                    153P    112
102,4,137,141,147,151;                                               155P    113
102,4,139,145,149,153;                                               157P    114
142,1,135,155,157,1;                                                 159P    115
144,135,1,0,159;                                                     161P    116
110,12.5,12.5,54.,12.5,12.5,1054.;                                   163P    117
110,16.5,12.5,52.,16.5,12.5,54.;                                     165P    118
120,163,165,0.,6.28318530717959;                                     167P    119
126,1,1,1,0,1,0,0.,0.,1.,1.,1.,1.,0.,6.283185307,0.,1.,              169P    120
6.283185307,0.,0.,1.,0.,0.,1.;                                       169P    121
110,16.5,12.5,52.,16.5,12.5,54.;                                     171P    122
126,1,1,1,0,1,0,0.,0.,1.,1.,1.,1.,1.,6.283185307,0.,1.,              173P    123
3.141592654,0.,0.,1.,0.,0.,1.;                                       173P    124
124,1.,-7.105427357601E-015,0.,8.91647866652112E-014,                175P    125
-7.105427357601E-015,-1.,6.98296672221876E-015,                      175P    126
24.9999999999997,-4.96169627852706E-029,-6.98296672221876E-015,      175P    127
-1.,108.;                                                            175P    128
100,54.,12.5,12.5,16.5,12.5,8.5,12.5;                                177P    129
126,1,1,1,0,1,0,0.,0.,1.,1.,1.,1.,1.,3.141592654,0.,0.,              179P    130
3.141592654,0.,0.,1.,0.,0.,1.;                                       179P    131
110,8.5,12.5,54.,8.5,12.5,52.;                                       181P    132
126,1,1,1,0,1,0,0.,0.,1.,1.,1.,1.,0.,3.141592654,0.,0.,              183P    133
6.283185307,0.,0.,1.,0.,0.,1.;                                       183P    134
100,52.,12.5,12.5,8.5,12.5,16.5,12.5;                                185P    135
102,4,169,173,179,183;                                               187P    136
102,4,171,177,181,185;                                               189P    137
142,1,167,187,189,1;                                                 191P    138
144,167,1,0,191;                                                     193P    139
110,52.702795796,12.374368671,27.,759.809576982,-694.732412516,      195P    140
27.;                                                                 195P    141
110,52.349242405,14.849242405,27.,53.763455968,13.435028843,         197P    142
27.;                                                                 197P    143
120,195,197,0.,6.28318530717959;                                     199P    144
126,1,1,1,0,1,0,0.,0.,1.,1.,1.,1.,0.,6.283185307,0.,1.,              201P    145
6.283185307,0.,0.,1.,0.,0.,1.;                                       201P    146
110,52.349242405,14.849242405,27.,53.763455968,13.435028843,         203P    147
27.;                                                                 203P    148
126,1,1,1,0,1,0,0.,0.,1.,1.,1.,1.,1.,6.283185307,0.,1.,              205P    149
3.141592654,0.,0.,1.,0.,0.,1.;                                       205P    150
124,0.707106781186547,2.27595720048157E-015,-0.707106781186548,      207P    151
34.5281745930491,0.707106781186548,2.44249065417534E-015,            207P    152
0.707106781186548,-43.9840187160245,3.33066907387547E-015,-1.,       207P    153
6.12303176911189E-017,39.3743686705008;                              207P    154
100,27.,52.702795796,12.374368671,54.202795796,12.374368671,         209P    155
51.202795795,12.374368671;                                           209P    156
126,1,1,1,0,1,0,0.,0.,1.,1.,1.,1.,1.,3.141592654,0.,0.,              211P    157
3.141592654,0.,0.,1.,0.,0.,1.;                                       211P    158
110,51.642135624,11.313708499,27.,50.227922061,12.727922061,         213P    159
27.;                                                                 213P    160
126,1,1,1,0,1,0,0.,0.,1.,1.,1.,1.,0.,3.141592654,0.,0.,              215P    161
6.283185307,0.,0.,1.,0.,0.,1.;                                       215P    162
124,-0.707106781186547,1.21569421196455E-014,0.707106781186548,      217P    163
68.4632034353629,-0.707106781186548,1.19904086659517E-014,           217P    164
-0.707106781186548,69.1469696194365,-1.70974345792274E-014,-1.,      217P    165
6.12303176911189E-017,40.7885822330019;                              217P    166
100,27.,51.288582233,13.788582233,52.788582233,13.788582233,         219P    167
49.788582233,13.788582233;                                           219P    168
102,4,201,205,211,215;                                               221P    169
102,4,203,209,213,219;                                               223P    170
142,1,199,221,223,1;                                                 225P    171
144,199,1,0,225;                                                     227P    172
110,47.753048327,7.424621202,45.6,754.859829514,-699.682159984,      229P    173
45.6;                                                                229P    174
110,47.399494937,9.899494937,45.6,48.813708499,8.485281374,          231P    175
45.6;                                                                231P    176
120,229,231,0.,6.28318530717959;                                     233P    177
126,1,1,1,0,1,0,0.,0.,1.,1.,1.,1.,0.,6.283185307,0.,1.,              235P    178
6.283185307,0.,0.,1.,0.,0.,1.;                                       235P    179
110,47.399494937,9.899494937,45.6,48.813708499,8.485281374,          237P    180
45.6;                                                                237P    181
126,1,1,1,0,1,0,0.,0.,1.,1.,1.,1.,1.,6.283185307,0.,1.,              239P    182
3.141592654,0.,0.,1.,0.,0.,1.;                                       239P    183
124,0.707106781186547,5.55111512312578E-017,-0.707106781186548,      241P    184
46.2306132549021,0.707106781186548,2.22044604925031E-016,            241P    185
0.707106781186548,-58.5859523143111,2.22044604925031E-016,-1.,       241P    186
6.12303176911189E-017,53.024621202499;                               241P    187
100,45.6,47.753048327,7.424621202,49.253048327,7.424621202,          243P    188
46.253048328,7.424621202;                                            243P    189
126,1,1,1,0,1,0,0.,0.,1.,1.,1.,1.,1.,3.141592654,0.,0.,              245P    190
3.141592654,0.,0.,1.,0.,0.,1.;                                       245P    191
110,46.692388156,6.363961031,45.6,45.278174593,7.778174593,          247P    192
45.6;                                                                247P    193
126,1,1,1,0,1,0,0.,0.,1.,1.,1.,1.,0.,3.141592654,0.,0.,              249P    194
6.283185307,0.,0.,1.,0.,0.,1.;                                       249P    195
124,-0.707106781186547,9.93649607039515E-015,0.707106781186548,      251P    196
46.8612698375061,-0.707106781186548,9.76996261670138E-015,           251P    197
-0.707106781186548,73.8494082817192,-1.3988810110277E-014,-1.,       251P    198
6.12303176911189E-017,54.4388347649997;                              251P    199
100,45.6,46.338834765,8.838834765,47.838834765,8.838834765,          253P    200
44.838834765,8.838834765;                                            253P    201
102,4,235,239,245,249;                                               255P    202
102,4,237,243,247,253;                                               257P    203
142,1,233,255,257,1;                                                 259P    204
144,233,1,0,259;                                                     261P    205
110,47.753048327,7.424621202,34.,754.859829514,-699.682159984,       263P    206
34.;                                                                 263P    207
110,47.399494937,9.899494937,34.,48.813708499,8.485281374,34.;       265P    208
120,263,265,0.,6.28318530717959;                                     267P    209
126,1,1,1,0,1,0,0.,0.,1.,1.,1.,1.,0.,6.283185307,0.,1.,              269P    210
6.283185307,0.,0.,1.,0.,0.,1.;                                       269P    211
110,47.399494937,9.899494937,34.,48.813708499,8.485281374,34.;       271P    212
126,1,1,1,0,1,0,0.,0.,1.,1.,1.,1.,1.,6.283185307,0.,1.,              273P    213
3.141592654,0.,0.,1.,0.,0.,1.;                                       273P    214
124,0.707106781186547,5.55111512312578E-017,-0.707106781186548,      275P    215
38.0281745931382,0.707106781186548,2.22044604925031E-016,            275P    216
0.707106781186548,-50.3835136525471,2.22044604925031E-016,-1.,       275P    217
6.12303176911189E-017,41.424621202499;                               275P    218
100,34.,47.753048327,7.424621202,49.253048327,7.424621202,           277P    219
46.253048328,7.424621202;                                            277P    220
126,1,1,1,0,1,0,0.,0.,1.,1.,1.,1.,1.,3.141592654,0.,0.,              279P    221
3.141592654,0.,0.,1.,0.,0.,1.;                                       279P    222
110,46.692388156,6.363961031,34.,45.278174593,7.778174593,34.;       281P    223
126,1,1,1,0,1,0,0.,0.,1.,1.,1.,1.,0.,3.141592654,0.,0.,              283P    224
6.283185307,0.,0.,1.,0.,0.,1.;                                       283P    225
124,-0.707106781186547,9.93649607039515E-015,0.707106781186548,      285P    226
55.06370849927,-0.707106781186548,9.76996261670138E-015,             285P    227
-0.707106781186548,65.6469696199553,-1.3988810110277E-014,-1.,       285P    228
6.12303176911189E-017,42.8388347649997;                              285P    229
100,34.,46.338834765,8.838834765,47.838834765,8.838834765,           287P    230
44.838834765,8.838834765;                                            287P    231
102,4,269,273,279,283;                                               289P    232
102,4,271,277,281,287;                                               291P    233
142,1,267,289,291,1;                                                 293P    234
144,267,1,0,293;                                                     295P    235
110,47.753048327,7.424621202,20.,754.859829514,-699.682159984,       297P    236
20.;                                                                 297P    237
110,47.399494937,9.899494937,20.,48.813708499,8.485281374,20.;       299P    238
120,297,299,0.,6.28318530717959;                                     301P    239
126,1,1,1,0,1,0,0.,0.,1.,1.,1.,1.,0.,6.283185307,0.,1.,              303P    240
6.283185307,0.,0.,1.,0.,0.,1.;                                       303P    241
110,47.399494937,9.899494937,20.,48.813708499,8.485281374,20.;       305P    242
126,1,1,1,0,1,0,0.,0.,1.,1.,1.,1.,1.,6.283185307,0.,1.,              307P    243
3.141592654,0.,0.,1.,0.,0.,1.;                                       307P    244
124,0.707106781186547,-1.16573417585641E-015,                        309P    245
-0.707106781186548,28.1286796565265,0.707106781186548,               309P    246
-9.99200722162641E-016,0.707106781186548,-40.4840187159354,          309P    247
-1.55431223447522E-015,-1.,6.12303176911189E-017,                    309P    248
27.4246212024991;                                                    309P    249
100,20.,47.753048327,7.424621202,49.253048327,7.424621202,           311P    250
46.253048328,7.424621202;                                            311P    251
126,1,1,1,0,1,0,0.,0.,1.,1.,1.,1.,1.,3.141592654,0.,0.,              313P    252
3.141592654,0.,0.,1.,0.,0.,1.;                                       313P    253
110,46.692388156,6.363961031,20.,45.278174593,7.778174593,20.;       315P    254
126,1,1,1,0,1,0,0.,0.,1.,1.,1.,1.,0.,3.141592654,0.,0.,              317P    255
6.283185307,0.,0.,1.,0.,0.,1.;                                       317P    256
124,-0.707106781186547,9.93649607039515E-015,0.707106781186548,      319P    257
64.9632034358817,-0.707106781186548,9.76996261670138E-015,           319P    258
-0.707106781186548,55.7474746833436,-1.3988810110277E-014,-1.,       319P    259
6.12303176911189E-017,28.8388347649996;                              319P    260
100,20.,46.338834765,8.838834765,47.838834765,8.838834765,           321P    261
44.838834765,8.838834765;                                            321P    262
102,4,303,307,313,317;                                               323P    263
102,4,305,311,315,321;                                               325P    264
142,1,301,323,325,1;                                                 327P    265
144,301,1,0,327;                                                     329P    266
110,47.753048327,7.424621202,8.4,754.859829514,-699.682159984,       331P    267
8.4;                                                                 331P    268
110,47.399494937,9.899494937,8.4,48.813708499,8.485281374,8.4;       333P    269
120,331,333,0.,6.28318530717959;                                     335P    270
126,1,1,1,0,1,0,0.,0.,1.,1.,1.,1.,0.,6.283185307,0.,1.,              337P    271
6.283185307,0.,0.,1.,0.,0.,1.;                                       337P    272
110,47.399494937,9.899494937,8.4,48.813708499,8.485281374,8.4;       339P    273
126,1,1,1,0,1,0,0.,0.,1.,1.,1.,1.,1.,6.283185307,0.,1.,              341P    274
3.141592654,0.,0.,1.,0.,0.,1.;                                       341P    275
124,0.707106781186547,5.55111512312578E-017,-0.707106781186548,      343P    276
19.9262409947626,0.707106781186548,2.22044604925031E-016,            343P    277
0.707106781186548,-32.2815800541715,2.22044604925031E-016,-1.,       343P    278
6.12303176911189E-017,15.824621202499;                               343P    279
100,8.4,47.753048327,7.424621202,49.253048327,7.424621202,           345P    280
46.253048328,7.424621202;                                            345P    281
126,1,1,1,0,1,0,0.,0.,1.,1.,1.,1.,1.,3.141592654,0.,0.,              347P    282
3.141592654,0.,0.,1.,0.,0.,1.;                                       347P    283
110,46.692388156,6.363961031,8.4,45.278174593,7.778174593,8.4;       349P    284
126,1,1,1,0,1,0,0.,0.,1.,1.,1.,1.,0.,3.141592654,0.,0.,              351P    285
6.283185307,0.,0.,1.,0.,0.,1.;                                       351P    286
124,-0.707106781186547,9.93649607039515E-015,0.707106781186548,      353P    287
73.1656420976456,-0.707106781186548,9.76996261670138E-015,           353P    288
-0.707106781186548,47.5450360215797,-1.3988810110277E-014,-1.,       353P    289
6.12303176911189E-017,17.2388347649996;                              353P    290
100,8.4,46.338834765,8.838834765,47.838834765,8.838834765,           355P    291
44.838834765,8.838834765;                                            355P    292
102,4,337,341,347,351;                                               357P    293
102,4,339,345,349,355;                                               359P    294
142,1,335,357,359,1;                                                 361P    295
144,335,1,0,361;                                                     363P    296
110,42.803300859,2.474873734,27.,749.910082046,-704.631907452,       365P    297
27.;                                                                 365P    298
110,42.449747468,4.949747468,27.,43.863961031,3.535533906,27.;       367P    299
120,365,367,0.,6.28318530717959;                                     369P    300
126,1,1,1,0,1,0,0.,0.,1.,1.,1.,1.,0.,6.283185307,0.,1.,              371P    301
6.283185307,0.,0.,1.,0.,0.,1.;                                       371P    302
110,42.449747468,4.949747468,27.,43.863961031,3.535533906,27.;       373P    303
126,1,1,1,0,1,0,0.,0.,1.,1.,1.,1.,1.,6.283185307,0.,1.,              375P    304
3.141592654,0.,0.,1.,0.,0.,1.;                                       375P    305
124,0.707106781186547,5.55111512312578E-017,-0.707106781186548,      377P    306
31.6286796566161,0.707106781186548,2.22044604925031E-016,            377P    307
0.707106781186548,-46.8835136524575,2.22044604925031E-016,-1.,       377P    308
6.12303176911189E-017,29.474873734499;                               377P    309
100,27.,42.803300859,2.474873734,44.303300859,2.474873734,           379P    310
41.30330086,2.474873734;                                             379P    311
126,1,1,1,0,1,0,0.,0.,1.,1.,1.,1.,1.,3.141592654,0.,0.,              381P    312
3.141592654,0.,0.,1.,0.,0.,1.;                                       381P    313
110,41.742640688,1.414213563,27.,40.328427126,2.828427126,27.;       383P    314
126,1,1,1,0,1,0,0.,0.,1.,1.,1.,1.,0.,3.141592654,0.,0.,              385P    315
6.283185307,0.,0.,1.,0.,0.,1.;                                       385P    316
124,-0.707106781186547,9.93649607039515E-015,0.707106781186548,      387P    317
51.5637084997922,-0.707106781186548,9.76996261670138E-015,           387P    318
-0.707106781186548,52.2474746838657,-1.3988810110277E-014,-1.,       387P    319
6.12303176911189E-017,30.8890872969996;                              387P    320
100,27.,41.389087297,3.889087297,42.889087296,3.889087297,           389P    321
39.889087298,3.889087297;                                            389P    322
102,4,371,375,381,385;                                               391P    323
102,4,373,379,383,389;                                               393P    324
142,1,369,391,393,1;                                                 395P    325
144,369,1,0,395;                                                     397P    326
110,47.753048327,7.424621202,27.,754.859829514,-699.682159984,       399P    327
27.;                                                                 399P    328
110,49.16726189,11.66726189,27.,50.581475452,10.253048327,27.;       401P    329
120,399,401,0.,6.28318530717959;                                     403P    330
126,1,1,1,0,1,0,0.,0.,1.,1.,1.,1.,0.,6.283185307,0.,1.,              405P    331
6.283185307,0.,0.,1.,0.,0.,1.;                                       405P    332
110,49.16726189,11.66726189,27.,50.581475452,10.253048327,27.;       407P    333
126,1,1,1,0,1,0,0.,0.,1.,1.,1.,1.,1.,6.283185307,0.,1.,              409P    334
3.141592654,0.,0.,1.,0.,0.,1.;                                       409P    335
124,0.707106781186547,-3.88578058618805E-016,                        411P    336
-0.707106781186548,33.0784271248323,0.707106781186548,               411P    337
-2.22044604925031E-016,0.707106781186548,-45.4337661842413,          411P    338
-4.44089209850063E-016,-1.,6.12303176911189E-017,                    411P    339
34.424621202499;                                                     411P    340
100,27.,47.753048327,7.424621202,51.753048328,7.424621202,           413P    341
43.753048327,7.424621202;                                            413P    342
126,1,1,1,0,1,0,0.,0.,1.,1.,1.,1.,1.,3.141592654,0.,0.,              415P    343
3.141592654,0.,0.,1.,0.,0.,1.;                                       415P    344
110,44.924621203,4.596194078,27.,43.51040764,6.01040764,27.;         417P    345
126,1,1,1,0,1,0,0.,0.,1.,1.,1.,1.,0.,3.141592654,0.,0.,              419P    346
6.283185307,0.,0.,1.,0.,0.,1.;                                       419P    347
124,-0.707106781186547,1.06026298851702E-014,0.707106781186548,      421P    348
60.0134559675759,-0.707106781186548,1.04360964314765E-014,           421P    349
-0.707106781186548,60.6972221516494,-1.49324996812084E-014,-1.,      421P    350
6.12303176911189E-017,35.8388347649997;                              421P    351
100,27.,46.338834765,8.838834765,50.338834765,8.838834765,           423P    352
42.338834765,8.838834765;                                            423P    353
102,4,405,409,415,419;                                               425P    354
102,4,407,413,417,423;                                               427P    355
142,1,403,425,427,1;                                                 429P    356
144,403,1,0,429;                                                     431P    357
110,31.1,12.5,0.,31.1,12.5,-1000.;                                   433P    358
110,29.6,12.5,2.,29.6,12.5,0.;                                       435P    359
120,433,435,0.,6.28318530717959;                                     437P    360
126,1,1,1,0,1,0,0.,0.,1.,1.,1.,1.,0.,6.283185307,0.,1.,              439P    361
6.283185307,0.,0.,1.,0.,0.,1.;                                       439P    362
110,29.6,12.5,2.,29.6,12.5,0.;                                       441P    363
126,1,1,1,0,1,0,0.,0.,1.,1.,1.,1.,1.,6.283185307,0.,1.,              443P    364
3.141592654,0.,0.,1.,0.,0.,1.;                                       443P    365
100,0.,31.1,12.5,29.6,12.5,32.6,12.5;                                445P    366
126,1,1,1,0,1,0,0.,0.,1.,1.,1.,1.,1.,3.141592654,0.,0.,              447P    367
3.141592654,0.,0.,1.,0.,0.,1.;                                       447P    368
110,32.6,12.5,0.,32.6,12.5,2.;                                       449P    369
126,1,1,1,0,1,0,0.,0.,1.,1.,1.,1.,0.,3.141592654,0.,0.,              451P    370
6.283185307,0.,0.,1.,0.,0.,1.;                                       451P    371
124,1.,-7.105427357601E-015,0.,8.74300631892328E-014,                453P    372
-7.105427357601E-015,-1.,6.98296672221876E-015,                      453P    373
25.0000000000002,-4.96169627852706E-029,-6.98296672221876E-015,      453P    374
-1.,4.00000000000009;                                                453P    375
100,2.,31.1,12.5,32.6,12.5,29.6,12.5;                                455P    376
102,4,439,443,447,451;                                               457P    377
102,4,441,445,449,455;                                               459P    378
142,1,437,457,459,1;                                                 461P    379
144,437,1,0,461;                                                     463P    380
110,19.5,12.5,0.,19.5,12.5,-1000.;                                   465P    381
110,18.,12.5,2.,18.,12.5,0.;                                         467P    382
120,465,467,0.,6.28318530717959;                                     469P    383
126,1,1,1,0,1,0,0.,0.,1.,1.,1.,1.,0.,6.283185307,0.,1.,              471P    384
6.283185307,0.,0.,1.,0.,0.,1.;                                       471P    385
110,18.,12.5,2.,18.,12.5,0.;                                         473P    386
126,1,1,1,0,1,0,0.,0.,1.,1.,1.,1.,1.,6.283185307,0.,1.,              475P    387
3.141592654,0.,0.,1.,0.,0.,1.;                                       475P    388
100,0.,19.5,12.5,18.,12.5,21.,12.5;                                  477P    389
126,1,1,1,0,1,0,0.,0.,1.,1.,1.,1.,1.,3.141592654,0.,0.,              479P    390
3.141592654,0.,0.,1.,0.,0.,1.;                                       479P    391
110,21.,12.5,0.,21.,12.5,2.;                                         481P    392
126,1,1,1,0,1,0,0.,0.,1.,1.,1.,1.,0.,3.141592654,0.,0.,              483P    393
6.283185307,0.,0.,1.,0.,0.,1.;                                       483P    394
124,1.,-7.105427357601E-015,0.,8.74300631892322E-014,                485P    395
-7.105427357601E-015,-1.,6.98296672221876E-015,                      485P    396
25.0000000000001,-4.96169627852706E-029,-6.98296672221876E-015,      485P    397
-1.,4.00000000000009;                                                485P    398
100,2.,19.5,12.5,21.,12.5,18.,12.5;                                  487P    399
102,4,471,475,479,483;                                               489P    400
102,4,473,477,481,487;                                               491P    401
142,1,469,489,491,1;                                                 493P    402
144,469,1,0,493;                                                     495P    403
110,12.5,19.5,0.,12.5,19.5,-1000.;                                   497P    404
110,11.,19.5,2.,11.,19.5,0.;                                         499P    405
120,497,499,0.,6.28318530717959;                                     501P    406
126,1,1,1,0,1,0,0.,0.,1.,1.,1.,1.,0.,6.283185307,0.,1.,              503P    407
6.283185307,0.,0.,1.,0.,0.,1.;                                       503P    408
110,11.,19.5,2.,11.,19.5,0.;                                         505P    409
126,1,1,1,0,1,0,0.,0.,1.,1.,1.,1.,1.,6.283185307,0.,1.,              507P    410
3.141592654,0.,0.,1.,0.,0.,1.;                                       507P    411
100,0.,12.5,19.5,11.,19.5,14.,19.5;                                  509P    412
126,1,1,1,0,1,0,0.,0.,1.,1.,1.,1.,1.,3.141592654,0.,0.,              511P    413
3.141592654,0.,0.,1.,0.,0.,1.;                                       511P    414
110,14.,19.5,0.,14.,19.5,2.;                                         513P    415
126,1,1,1,0,1,0,0.,0.,1.,1.,1.,1.,0.,3.141592654,0.,0.,              515P    416
6.283185307,0.,0.,1.,0.,0.,1.;                                       515P    417
124,1.,-7.105427357601E-015,0.,1.38333788868295E-013,                517P    418
-7.105427357601E-015,-1.,6.98296672221876E-015,                      517P    419
39.0000000000001,-4.96169627852706E-029,-6.98296672221876E-015,      517P    420
-1.,4.00000000000014;                                                517P    421
100,2.,12.5,19.5,14.,19.5,11.,19.5;                                  519P    422
102,4,503,507,511,515;                                               521P    423
102,4,505,509,513,519;                                               523P    424
142,1,501,521,523,1;                                                 525P    425
144,501,1,0,525;                                                     527P    426
110,12.5,5.5,0.,12.5,5.5,-1000.;                                     529P    427
110,11.,5.5,2.,11.,5.5,0.;                                           531P    428
120,529,531,0.,6.28318530717959;                                     533P    429
126,1,1,1,0,1,0,0.,0.,1.,1.,1.,1.,0.,6.283185307,0.,1.,              535P    430
6.283185307,0.,0.,1.,0.,0.,1.;                                       535P    431
110,11.,5.5,2.,11.,5.5,0.;                                           537P    432
126,1,1,1,0,1,0,0.,0.,1.,1.,1.,1.,1.,6.283185307,0.,1.,              539P    433
3.141592654,0.,0.,1.,0.,0.,1.;                                       539P    434
100,0.,12.5,5.5,11.,5.5,14.,5.5;                                     541P    435
126,1,1,1,0,1,0,0.,0.,1.,1.,1.,1.,1.,3.141592654,0.,0.,              543P    436
3.141592654,0.,0.,1.,0.,0.,1.;                                       543P    437
110,14.,5.5,0.,14.,5.5,2.;                                           545P    438
126,1,1,1,0,1,0,0.,0.,1.,1.,1.,1.,0.,3.141592654,0.,0.,              547P    439
6.283185307,0.,0.,1.,0.,0.,1.;                                       547P    440
124,1.,-7.105427357601E-015,0.,3.82610609861452E-014,                549P    441
-7.105427357601E-015,-1.,6.98296672221876E-015,                      549P    442
11.0000000000001,-4.96169627852706E-029,-6.98296672221876E-015,      549P    443
-1.,4.00000000000004;                                                549P    444
100,2.,12.5,5.5,14.,5.5,11.,5.5;                                     551P    445
102,4,535,539,543,547;                                               553P    446
102,4,537,541,545,551;                                               555P    447
142,1,533,553,555,1;                                                 557P    448
144,533,1,0,557;                                                     559P    449
110,5.5,12.5,0.,5.5,12.5,-1000.;                                     561P    450
110,4.,12.5,2.,4.,12.5,0.;                                           563P    451
120,561,563,0.,6.28318530717959;                                     565P    452
126,1,1,1,0,1,0,0.,0.,1.,1.,1.,1.,0.,6.283185307,0.,1.,              567P    453
6.283185307,0.,0.,1.,0.,0.,1.;                                       567P    454
110,4.,12.5,2.,4.,12.5,0.;                                           569P    455
126,1,1,1,0,1,0,0.,0.,1.,1.,1.,1.,1.,6.283185307,0.,1.,              571P    456
3.141592654,0.,0.,1.,0.,0.,1.;                                       571P    457
100,0.,5.5,12.5,4.,12.5,7.,12.5;                                     573P    458
126,1,1,1,0,1,0,0.,0.,1.,1.,1.,1.,1.,3.141592654,0.,0.,              575P    459
3.141592654,0.,0.,1.,0.,0.,1.;                                       575P    460
110,7.,12.5,0.,7.,12.5,2.;                                           577P    461
126,1,1,1,0,1,0,0.,0.,1.,1.,1.,1.,0.,3.141592654,0.,0.,              579P    462
6.283185307,0.,0.,1.,0.,0.,1.;                                       579P    463
124,1.,-7.105427357601E-015,0.,8.91647866652083E-014,                581P    464
-7.105427357601E-015,-1.,6.98296672221876E-015,25.,                  581P    465
-4.96169627852706E-029,-6.98296672221876E-015,-1.,                   581P    466
4.00000000000009;                                                    581P    467
100,2.,5.5,12.5,7.,12.5,4.,12.5;                                     583P    468
102,4,567,571,575,579;                                               585P    469
102,4,569,573,577,583;                                               587P    470
142,1,565,585,587,1;                                                 589P    471
144,565,1,0,589;                                                     591P    472
110,12.5,12.5,0.,12.5,12.5,-1000.;                                   593P    473
110,8.5,12.5,2.,8.5,12.5,0.;                                         595P    474
120,593,595,0.,6.28318530717959;                                     597P    475
126,1,1,1,0,1,0,0.,0.,1.,1.,1.,1.,0.,6.283185307,0.,1.,              599P    476
6.283185307,0.,0.,1.,0.,0.,1.;                                       599P    477
110,8.5,12.5,2.,8.5,12.5,0.;                                         601P    478
126,1,1,1,0,1,0,0.,0.,1.,1.,1.,1.,1.,6.283185307,0.,1.,              603P    479
3.141592654,0.,0.,1.,0.,0.,1.;                                       603P    480
100,0.,12.5,12.5,8.5,12.5,16.5,12.5;                                 605P    481
126,1,1,1,0,1,0,0.,0.,1.,1.,1.,1.,1.,3.141592654,0.,0.,              607P    482
3.141592654,0.,0.,1.,0.,0.,1.;                                       607P    483
110,16.5,12.5,0.,16.5,12.5,2.;                                       609P    484
126,1,1,1,0,1,0,0.,0.,1.,1.,1.,1.,0.,3.141592654,0.,0.,              611P    485
6.283185307,0.,0.,1.,0.,0.,1.;                                       611P    486
124,1.,-7.105427357601E-015,0.,8.91647866652086E-014,                613P    487
-7.105427357601E-015,-1.,6.98296672221876E-015,                      613P    488
25.0000000000001,-4.96169627852706E-029,-6.98296672221876E-015,      613P    489
-1.,4.00000000000009;                                                613P    490
100,2.,12.5,12.5,16.5,12.5,8.5,12.5;                                 615P    491
102,4,599,603,607,611;                                               617P    492
102,4,601,605,609,615;                                               619P    493
142,1,597,617,619,1;                                                 621P    494
144,597,1,0,621;                                                     623P    495
110,12.5,12.5,1.75,12.5,12.5,-998.25;                                625P    496
110,0.,12.5,1.75,0.,12.5,0.25;                                       627P    497
120,625,627,0.,6.28318530717959;                                     629P    498
126,1,1,1,0,1,0,0.,0.,1.,1.,1.,1.,0.,4.71238898,0.,0.,               631P    499
6.283185307,0.,0.,1.,0.,0.,1.;                                       631P    500
124,1.79586962139505E-010,-1.,6.93889384133549E-017,                 633P    501
24.9999999977552,-1.,-1.79586962139505E-010,                         633P    502
6.98296672222499E-015,25.0000000022448,-6.98296672221253E-015,       633P    503
-6.93889396674046E-017,-1.,3.50000000043514;                         633P    504
100,1.75,12.5,12.5,25.,12.5,12.499999999,25.;                        635P    505
126,1,1,1,0,1,0,0.,0.,1.,1.,1.,1.,0.,6.283185307,0.,1.,              637P    506
6.283185307,0.,0.,1.,0.,0.,1.;                                       637P    507
110,0.,12.5,1.75,0.,12.5,0.25;                                       639P    508
126,1,1,1,0,1,0,0.,0.,1.,1.,1.,1.,1.,6.283185307,0.,1.,              641P    509
4.71238898,0.,0.,1.,0.,0.,1.;                                        641P    510
100,0.25,12.5,12.5,0.,12.5,12.500000002,0.;                          643P    511
126,1,1,1,0,1,0,0.,0.,1.,1.,1.,1.,1.,4.71238898,0.,0.,               645P    512
4.71238898,0.,0.,1.,0.,0.,1.;                                        645P    513
110,12.5,0.,0.25,12.5,0.,1.75;                                       647P    514
102,4,631,637,641,645;                                               649P    515
102,4,635,639,643,647;                                               651P    516
142,1,629,649,651,1;                                                 653P    517
144,629,1,0,653;                                                     655P    518
128,1,1,1,1,0,0,1,0,0,0.,0.,1.,1.,0.,0.,1.,1.,1.,1.,1.,1.,           657P    519
55.329398192,0.25,54.,-0.078505357,0.25,54.,55.329398192,24.75,      657P    520
54.,-0.078505357,24.75,54.,0.,1.,0.,1.;                              657P    521
126,1,1,1,0,1,0,0.,0.,1.,1.,1.,1.,0.005928854,0.704118075,0.,        659P    522
0.317272394,0.,0.,0.,1.,0.,0.,1.;                                    659P    523
110,55.000892835,17.500892834,54.,37.75,0.25,54.;                    661P    524
126,1,1,1,0,1,0,0.,0.,1.,1.,1.,1.,0.317272394,0.,0.,                 663P    525
0.772983554,0.,0.,0.,1.,0.,0.,1.;                                    663P    526
110,37.749999986,0.25,54.,12.499999987,0.25,54.;                     665P    527
126,16,2,1,0,1,0,0.,0.,0.,0.125,0.125,0.25,0.25,0.375,0.375,         667P    528
0.5,0.5,0.625,0.625,0.75,0.75,0.875,0.875,1.,1.,1.,1.,1.,1.,1.,      667P    529
1.,1.,1.,1.,1.,1.,1.,1.,1.,1.,1.,1.,1.,0.772983554,0.,0.,            667P    530
0.793281492,3.838E-006,0.,0.813213327,0.008347316,0.,                667P    531
0.834373586,0.017205012,0.,0.854364727,0.035105849,0.,               667P    532
0.875213334,0.053774495,0.,0.893964841,0.081502244,0.,               667P    533
0.913135033,0.109849103,0.,0.92931609,0.146446609,0.,                667P    534
0.945511108,0.183075695,0.,0.958032876,0.226395123,0.,               667P    535
0.970302313,0.268841604,0.,0.978548211,0.315952645,0.,               667P    536
0.986468629,0.361204135,0.,0.99038017,0.409018474,0.,                667P    537
0.99406945,0.454115902,0.,0.994071146,0.5,0.,0.,1.,0.,0.,-1.;        667P    538
126,3,3,1,0,0,0,0.,0.,0.,0.,1.,1.,1.,1.,0.956578302289159,           669P    539
0.769794770286106,0.769794770286106,0.956578302289159,12.5,          669P    540
0.25,54.,5.324116139,0.25,54.,0.25,5.324116139,54.,0.25,12.5,        669P    541
54.,0.,1.,0.,0.,1.;                                                  669P    542
126,16,2,1,0,1,0,0.,0.,0.,0.125,0.125,0.25,0.25,0.375,0.375,         671P    543
0.5,0.5,0.625,0.625,0.75,0.75,0.875,0.875,1.,1.,1.,1.,1.,1.,1.,      671P    544
1.,1.,1.,1.,1.,1.,1.,1.,1.,1.,1.,1.,1.,0.994071146,0.5,0.,           671P    545
0.994069449,0.545904743,0.,0.99038017,0.590981526,0.,                671P    546
0.986463517,0.638836448,0.,0.978548211,0.684047355,0.,               671P    547
0.970293399,0.731197462,0.,0.958032876,0.773604877,0.,               671P    548
0.945498599,0.81695917,0.,0.92931609,0.853553391,0.,                 671P    549
0.913119617,0.890179187,0.,0.893964841,0.918497756,0.,               671P    550
0.87519606,0.946245665,0.,0.854364727,0.964894151,0.,                671P    551
0.834355641,0.982806549,0.,0.813213327,0.991652684,0.,               671P    552
0.793272363,0.999996163,0.,0.772983554,1.,0.,0.,1.,0.,0.,-1.;        671P    553
126,3,3,1,0,0,0,0.,0.,0.,0.,1.,1.,1.,1.,0.956578302289154,           673P    554
0.769794770286102,0.769794770286102,0.956578302289154,0.25,          673P    555
12.5,54.,0.25,19.675883861,54.,5.324116139,24.75,54.,12.5,           673P    556
24.75,54.,0.,1.,0.,0.,1.;                                            673P    557
126,1,1,1,0,1,0,0.,0.,1.,1.,1.,1.,0.772983554,1.,0.,                 675P    558
0.321784385,1.,0.,0.,1.,0.,0.,1.;                                    675P    559
110,12.499999987,24.75,54.,37.500000024,24.75,54.;                   677P    560
126,16,2,1,0,1,0,0.,0.,0.,0.125,0.125,0.25,0.25,0.375,0.375,         679P    561
0.5,0.5,0.625,0.625,0.75,0.75,0.875,0.875,1.,1.,1.,1.,1.,1.,1.,      679P    562
1.,1.,1.,1.,1.,1.,1.,1.,1.,1.,1.,1.,1.,0.321784385,1.,0.,            679P    563
0.300197251,0.999997913,0.,0.278739307,0.99529856,0.,                679P    564
0.256943354,0.990525182,0.,0.235477347,0.980963994,0.,               679P    565
0.213780693,0.971300073,0.,0.192630788,0.956852021,0.,               679P    566
0.1713573,0.942319545,0.,0.150844603,0.923102793,0.,                 679P    567
0.130313588,0.903868879,0.,0.110745104,0.880144503,0.,               679P    568
0.091255535,0.856515801,0.,0.07290904,0.828675942,0.,                679P    569
0.054725143,0.801082814,0.,0.037836297,0.769629419,0.,               679P    570
0.021187033,0.738622215,0.,0.005928854,0.704118075,0.,0.,1.,0.,      679P    571
0.,-1.;                                                              679P    572
126,3,3,1,0,0,0,0.,0.,0.,0.,1.,1.,1.,1.,0.956578302132404,           681P    573
0.908034843767152,0.908034843767152,0.956578302132404,37.5,          681P    574
24.75,54.,44.151837276,24.75,54.,50.297333589,22.20445208,54.,       681P    575
55.000892835,17.500892835,54.,0.,1.,0.,0.,1.;                        681P    576
102,6,659,663,667,671,675,679;                                       683P    577
102,6,661,665,669,673,677,681;                                       685P    578
142,1,657,683,685,1;                                                 687P    579
126,32,2,1,0,1,0,0.,0.,0.,0.0625,0.0625,0.125,0.125,0.1875,          689P    580
0.1875,0.25,0.25,0.3125,0.3125,0.375,0.375,0.4375,0.4375,0.5,        689P    581
0.5,0.5625,0.5625,0.625,0.625,0.6875,0.6875,0.75,0.75,0.8125,        689P    582
0.8125,0.875,0.875,0.9375,0.9375,1.,1.,1.,1.,1.,1.,1.,1.,1.,1.,      689P    583
1.,1.,1.,1.,1.,1.,1.,1.,1.,1.,1.,1.,1.,1.,1.,1.,1.,1.,1.,1.,1.,      689P    584
1.,1.,1.,1.,1.,0.464363323,0.5,0.,0.464363323,0.493969914,0.,        689P    585
0.463843143,0.488055695,0.,0.463322963,0.482141475,0.,               689P    586
0.462302593,0.476570402,0.,0.461282223,0.470999329,0.,               689P    587
0.459800876,0.465985496,0.,0.458319529,0.460971663,0.,               689P    588
0.456434132,0.456707748,0.,0.454548735,0.452443833,0.,               689P    589
0.452331742,0.449093697,0.,0.45011475,0.445743561,0.,                689P    590
0.447651359,0.443435947,0.,0.445187969,0.441128333,0.,               689P    591
0.442572848,0.439951922,0.,0.439957727,0.43877551,0.,                689P    592
0.437291373,0.43877551,0.,0.434625018,0.43877551,0.,                 689P    593
0.432009897,0.439951922,0.,0.429394776,0.441128333,0.,               689P    594
0.426931386,0.443435947,0.,0.424467996,0.445743561,0.,               689P    595
0.422251003,0.449093697,0.,0.42003401,0.452443833,0.,                689P    596
0.418148613,0.456707748,0.,0.416263216,0.460971663,0.,               689P    597
0.414781869,0.465985496,0.,0.413300522,0.470999329,0.,               689P    598
0.412280152,0.476570402,0.,0.411259782,0.482141475,0.,               689P    599
0.410739602,0.488055695,0.,0.410219422,0.493969914,0.,               689P    600
0.410219422,0.5,0.,0.,1.,0.,0.,1.;                                   689P    601
100,54.,31.1,12.5,29.6,12.5,32.6,12.5;                               691P    602
126,32,2,1,0,1,0,0.,0.,0.,0.0625,0.0625,0.125,0.125,0.1875,          693P    603
0.1875,0.25,0.25,0.3125,0.3125,0.375,0.375,0.4375,0.4375,0.5,        693P    604
0.5,0.5625,0.5625,0.625,0.625,0.6875,0.6875,0.75,0.75,0.8125,        693P    605
0.8125,0.875,0.875,0.9375,0.9375,1.,1.,1.,1.,1.,1.,1.,1.,1.,1.,      693P    606
1.,1.,1.,1.,1.,1.,1.,1.,1.,1.,1.,1.,1.,1.,1.,1.,1.,1.,1.,1.,1.,      693P    607
1.,1.,1.,1.,1.,0.410219422,0.5,0.,0.410219422,0.506030086,0.,        693P    608
0.410739602,0.511944305,0.,0.411259782,0.517858525,0.,               693P    609
0.412280152,0.523429598,0.,0.413300522,0.529000671,0.,               693P    610
0.414781869,0.534014504,0.,0.416263216,0.539028337,0.,               693P    611
0.418148613,0.543292252,0.,0.42003401,0.547556167,0.,                693P    612
0.422251003,0.550906303,0.,0.424467996,0.554256439,0.,               693P    613
0.426931386,0.556564053,0.,0.429394776,0.558871667,0.,               693P    614
0.432009897,0.560048078,0.,0.434625018,0.56122449,0.,                693P    615
0.437291373,0.56122449,0.,0.439957727,0.56122449,0.,                 693P    616
0.442572848,0.560048078,0.,0.445187969,0.558871667,0.,               693P    617
0.447651359,0.556564053,0.,0.45011475,0.554256439,0.,                693P    618
0.452331742,0.550906303,0.,0.454548735,0.547556167,0.,               693P    619
0.456434132,0.543292252,0.,0.458319529,0.539028337,0.,               693P    620
0.459800876,0.534014504,0.,0.461282223,0.529000671,0.,               693P    621
0.462302593,0.523429598,0.,0.463322963,0.517858525,0.,               693P    622
0.463843143,0.511944305,0.,0.464363323,0.506030086,0.,               693P    623
0.464363323,0.5,0.,0.,1.,0.,0.,1.;                                   693P    624
100,54.,31.1,12.5,32.6,12.5,29.6,12.5;                               695P    625
102,2,689,693;                                                       697P    626
102,2,691,695;                                                       699P    627
142,1,657,697,699,1;                                                 701P    628
126,32,2,1,0,1,0,0.,0.,0.,0.0625,0.0625,0.125,0.125,0.1875,          703P    629
0.1875,0.25,0.25,0.3125,0.3125,0.375,0.375,0.4375,0.4375,0.5,        703P    630
0.5,0.5625,0.5625,0.625,0.625,0.6875,0.6875,0.75,0.75,0.8125,        703P    631
0.8125,0.875,0.875,0.9375,0.9375,1.,1.,1.,1.,1.,1.,1.,1.,1.,1.,      703P    632
1.,1.,1.,1.,1.,1.,1.,1.,1.,1.,1.,1.,1.,1.,1.,1.,1.,1.,1.,1.,1.,      703P    633
1.,1.,1.,1.,1.,0.800055504,0.785714286,0.,0.800055504,               703P    634
0.7796842,0.,0.799535324,0.77376998,0.,0.799015144,0.767855761,      703P    635
0.,0.797994774,0.762284688,0.,0.796974405,0.756713615,0.,            703P    636
0.795493058,0.751699782,0.,0.794011711,0.746685948,0.,               703P    637
0.792126313,0.742422034,0.,0.790240916,0.738158119,0.,               703P    638
0.788023923,0.734807983,0.,0.785806931,0.731457847,0.,               703P    639
0.783343541,0.729150233,0.,0.78088015,0.726842619,0.,                703P    640
0.778265029,0.725666207,0.,0.775649908,0.724489796,0.,               703P    641
0.772983554,0.724489796,0.,0.770317199,0.724489796,0.,               703P    642
0.767702078,0.725666207,0.,0.765086957,0.726842619,0.,               703P    643
0.762623567,0.729150233,0.,0.760160177,0.731457847,0.,               703P    644
0.757943184,0.734807983,0.,0.755726192,0.738158119,0.,               703P    645
0.753840794,0.742422034,0.,0.751955397,0.746685948,0.,               703P    646
0.75047405,0.751699782,0.,0.748992703,0.756713615,0.,                703P    647
0.747972333,0.762284688,0.,0.746951964,0.767855761,0.,               703P    648
0.746431784,0.77376998,0.,0.745911604,0.7796842,0.,0.745911604,      703P    649
0.785714286,0.,0.,1.,0.,0.,1.;                                       703P    650
100,54.,12.5,19.5,11.,19.5,14.,19.5;                                 705P    651
126,32,2,1,0,1,0,0.,0.,0.,0.0625,0.0625,0.125,0.125,0.1875,          707P    652
0.1875,0.25,0.25,0.3125,0.3125,0.375,0.375,0.4375,0.4375,0.5,        707P    653
0.5,0.5625,0.5625,0.625,0.625,0.6875,0.6875,0.75,0.75,0.8125,        707P    654
0.8125,0.875,0.875,0.9375,0.9375,1.,1.,1.,1.,1.,1.,1.,1.,1.,1.,      707P    655
1.,1.,1.,1.,1.,1.,1.,1.,1.,1.,1.,1.,1.,1.,1.,1.,1.,1.,1.,1.,1.,      707P    656
1.,1.,1.,1.,1.,0.745911604,0.785714286,0.,0.745911604,               707P    657
0.791744372,0.,0.746431784,0.797658591,0.,0.746951964,               707P    658
0.803572811,0.,0.747972333,0.809143884,0.,0.748992703,               707P    659
0.814714957,0.,0.75047405,0.81972879,0.,0.751955397,                 707P    660
0.824742623,0.,0.753840794,0.829006538,0.,0.755726192,               707P    661
0.833270452,0.,0.757943184,0.836620589,0.,0.760160177,               707P    662
0.839970725,0.,0.762623567,0.842278339,0.,0.765086957,               707P    663
0.844585953,0.,0.767702078,0.845762364,0.,0.770317199,               707P    664
0.846938776,0.,0.772983554,0.846938776,0.,0.775649908,               707P    665
0.846938776,0.,0.778265029,0.845762364,0.,0.78088015,                707P    666
0.844585953,0.,0.783343541,0.842278339,0.,0.785806931,               707P    667
0.839970725,0.,0.788023923,0.836620589,0.,0.790240916,               707P    668
0.833270452,0.,0.792126313,0.829006538,0.,0.794011711,               707P    669
0.824742623,0.,0.795493058,0.81972879,0.,0.796974405,                707P    670
0.814714957,0.,0.797994774,0.809143884,0.,0.799015144,               707P    671
0.803572811,0.,0.799535324,0.797658591,0.,0.800055504,               707P    672
0.791744372,0.,0.800055504,0.785714286,0.,0.,1.,0.,0.,1.;            707P    673
100,54.,12.5,19.5,14.,19.5,11.,19.5;                                 709P    674
102,2,703,707;                                                       711P    675
102,2,705,709;                                                       713P    676
142,1,657,711,713,1;                                                 715P    677
126,32,2,1,0,1,0,0.,0.,0.,0.0625,0.0625,0.125,0.125,0.1875,          717P    678
0.1875,0.25,0.25,0.3125,0.3125,0.375,0.375,0.4375,0.4375,0.5,        717P    679
0.5,0.5625,0.5625,0.625,0.625,0.6875,0.6875,0.75,0.75,0.8125,        717P    680
0.8125,0.875,0.875,0.9375,0.9375,1.,1.,1.,1.,1.,1.,1.,1.,1.,1.,      717P    681
1.,1.,1.,1.,1.,1.,1.,1.,1.,1.,1.,1.,1.,1.,1.,1.,1.,1.,1.,1.,1.,      717P    682
1.,1.,1.,1.,1.,0.926391271,0.5,0.,0.926391271,0.493969914,0.,        717P    683
0.925871091,0.488055695,0.,0.925350911,0.482141475,0.,               717P    684
0.924330541,0.476570402,0.,0.923310172,0.470999329,0.,               717P    685
0.921828825,0.465985496,0.,0.920347478,0.460971663,0.,               717P    686
0.91846208,0.456707748,0.,0.916576683,0.452443833,0.,                717P    687
0.914359691,0.449093697,0.,0.912142698,0.445743561,0.,               717P    688
0.909679308,0.443435947,0.,0.907215917,0.441128333,0.,               717P    689
0.904600796,0.439951922,0.,0.901985675,0.43877551,0.,                717P    690
0.899319321,0.43877551,0.,0.896652967,0.43877551,0.,                 717P    691
0.894037845,0.439951922,0.,0.891422724,0.441128333,0.,               717P    692
0.888959334,0.443435947,0.,0.886495944,0.445743561,0.,               717P    693
0.884278951,0.449093697,0.,0.882061959,0.452443833,0.,               717P    694
0.880176561,0.456707748,0.,0.878291164,0.460971663,0.,               717P    695
0.876809817,0.465985496,0.,0.87532847,0.470999329,0.,0.8743081,      717P    696
0.476570402,0.,0.873287731,0.482141475,0.,0.872767551,               717P    697
0.488055695,0.,0.872247371,0.493969914,0.,0.872247371,0.5,0.,        717P    698
0.,1.,0.,0.,1.;                                                      717P    699
100,54.,5.5,12.5,4.,12.5,7.,12.5;                                    719P    700
126,32,2,1,0,1,0,0.,0.,0.,0.0625,0.0625,0.125,0.125,0.1875,          721P    701
0.1875,0.25,0.25,0.3125,0.3125,0.375,0.375,0.4375,0.4375,0.5,        721P    702
0.5,0.5625,0.5625,0.625,0.625,0.6875,0.6875,0.75,0.75,0.8125,        721P    703
0.8125,0.875,0.875,0.9375,0.9375,1.,1.,1.,1.,1.,1.,1.,1.,1.,1.,      721P    704
1.,1.,1.,1.,1.,1.,1.,1.,1.,1.,1.,1.,1.,1.,1.,1.,1.,1.,1.,1.,1.,      721P    705
1.,1.,1.,1.,1.,0.872247371,0.5,0.,0.872247371,0.506030086,0.,        721P    706
0.872767551,0.511944305,0.,0.873287731,0.517858525,0.,               721P    707
0.8743081,0.523429598,0.,0.87532847,0.529000671,0.,0.876809817,      721P    708
0.534014504,0.,0.878291164,0.539028337,0.,0.880176561,               721P    709
0.543292252,0.,0.882061959,0.547556167,0.,0.884278951,               721P    710
0.550906303,0.,0.886495944,0.554256439,0.,0.888959334,               721P    711
0.556564053,0.,0.891422724,0.558871667,0.,0.894037845,               721P    712
0.560048078,0.,0.896652967,0.56122449,0.,0.899319321,                721P    713
0.56122449,0.,0.901985675,0.56122449,0.,0.904600796,                 721P    714
0.560048078,0.,0.907215917,0.558871667,0.,0.909679308,               721P    715
0.556564053,0.,0.912142698,0.554256439,0.,0.914359691,               721P    716
0.550906303,0.,0.916576683,0.547556167,0.,0.91846208,                721P    717
0.543292252,0.,0.920347478,0.539028337,0.,0.921828825,               721P    718
0.534014504,0.,0.923310172,0.529000671,0.,0.924330541,               721P    719
0.523429598,0.,0.925350911,0.517858525,0.,0.925871091,               721P    720
0.511944305,0.,0.926391271,0.506030086,0.,0.926391271,0.5,0.,        721P    721
0.,1.,0.,0.,1.;                                                      721P    722
100,54.,5.5,12.5,7.,12.5,4.,12.5;                                    723P    723
102,2,717,721;                                                       725P    724
102,2,719,723;                                                       727P    725
142,1,657,725,727,1;                                                 729P    726
126,32,2,1,0,1,0,0.,0.,0.,0.0625,0.0625,0.125,0.125,0.1875,          731P    727
0.1875,0.25,0.25,0.3125,0.3125,0.375,0.375,0.4375,0.4375,0.5,        731P    728
0.5,0.5625,0.5625,0.625,0.625,0.6875,0.6875,0.75,0.75,0.8125,        731P    729
0.8125,0.875,0.875,0.9375,0.9375,1.,1.,1.,1.,1.,1.,1.,1.,1.,1.,      731P    730
1.,1.,1.,1.,1.,1.,1.,1.,1.,1.,1.,1.,1.,1.,1.,1.,1.,1.,1.,1.,1.,      731P    731
1.,1.,1.,1.,1.,0.845175421,0.5,0.,0.845175421,0.483919771,0.,        731P    732
0.843788274,0.468148519,0.,0.842401128,0.452377267,0.,               731P    733
0.839680142,0.437521072,0.,0.836959156,0.422664878,0.,               731P    734
0.833008897,0.409294656,0.,0.829058638,0.395924434,0.,               731P    735
0.824030912,0.384553995,0.,0.819003186,0.373183556,0.,               731P    736
0.813091206,0.364249859,0.,0.807179226,0.355316163,0.,               731P    737
0.800610185,0.349162525,0.,0.794041145,0.343008888,0.,               731P    738
0.787067488,0.339871791,0.,0.780093832,0.336734694,0.,               731P    739
0.772983554,0.336734694,0.,0.765873275,0.336734694,0.,               731P    740
0.758899619,0.339871791,0.,0.751925963,0.343008888,0.,               731P    741
0.745356922,0.349162525,0.,0.738787882,0.355316163,0.,               731P    742
0.732875901,0.364249859,0.,0.726963921,0.373183556,0.,               731P    743
0.721936195,0.384553995,0.,0.716908469,0.395924434,0.,               731P    744
0.71295821,0.409294656,0.,0.709007951,0.422664878,0.,                731P    745
0.706286965,0.437521072,0.,0.70356598,0.452377267,0.,                731P    746
0.702178833,0.468148519,0.,0.700791687,0.483919771,0.,               731P    747
0.700791687,0.5,0.,0.,1.,0.,0.,1.;                                   731P    748
100,54.,12.5,12.5,8.5,12.5,16.5,12.5;                                733P    749
126,32,2,1,0,1,0,0.,0.,0.,0.0625,0.0625,0.125,0.125,0.1875,          735P    750
0.1875,0.25,0.25,0.3125,0.3125,0.375,0.375,0.4375,0.4375,0.5,        735P    751
0.5,0.5625,0.5625,0.625,0.625,0.6875,0.6875,0.75,0.75,0.8125,        735P    752
0.8125,0.875,0.875,0.9375,0.9375,1.,1.,1.,1.,1.,1.,1.,1.,1.,1.,      735P    753
1.,1.,1.,1.,1.,1.,1.,1.,1.,1.,1.,1.,1.,1.,1.,1.,1.,1.,1.,1.,1.,      735P    754
1.,1.,1.,1.,1.,0.700791687,0.5,0.,0.700791687,0.516080229,0.,        735P    755
0.702178833,0.531851481,0.,0.70356598,0.547622733,0.,                735P    756
0.706286965,0.562478928,0.,0.709007951,0.577335122,0.,               735P    757
0.71295821,0.590705344,0.,0.716908469,0.604075566,0.,                735P    758
0.721936195,0.615446005,0.,0.726963921,0.626816444,0.,               735P    759
0.732875901,0.635750141,0.,0.738787882,0.644683837,0.,               735P    760
0.745356922,0.650837475,0.,0.751925963,0.656991112,0.,               735P    761
0.758899619,0.660128209,0.,0.765873275,0.663265306,0.,               735P    762
0.772983554,0.663265306,0.,0.780093832,0.663265306,0.,               735P    763
0.787067488,0.660128209,0.,0.794041145,0.656991112,0.,               735P    764
0.800610185,0.650837475,0.,0.807179226,0.644683837,0.,               735P    765
0.813091206,0.635750141,0.,0.819003186,0.626816444,0.,               735P    766
0.824030912,0.615446005,0.,0.829058638,0.604075566,0.,               735P    767
0.833008897,0.590705344,0.,0.836959156,0.577335122,0.,               735P    768
0.839680142,0.562478928,0.,0.842401128,0.547622733,0.,               735P    769
0.843788274,0.531851481,0.,0.845175421,0.516080229,0.,               735P    770
0.845175421,0.5,0.,0.,1.,0.,0.,1.;                                   735P    771
100,54.,12.5,12.5,16.5,12.5,8.5,12.5;                                737P    772
102,2,731,735;                                                       739P    773
102,2,733,737;                                                       741P    774
142,1,657,739,741,1;                                                 743P    775
126,32,2,1,0,1,0,0.,0.,0.,0.0625,0.0625,0.125,0.125,0.1875,          745P    776
0.1875,0.25,0.25,0.3125,0.3125,0.375,0.375,0.4375,0.4375,0.5,        745P    777
0.5,0.5625,0.5625,0.625,0.625,0.6875,0.6875,0.75,0.75,0.8125,        745P    778
0.8125,0.875,0.875,0.9375,0.9375,1.,1.,1.,1.,1.,1.,1.,1.,1.,1.,      745P    779
1.,1.,1.,1.,1.,1.,1.,1.,1.,1.,1.,1.,1.,1.,1.,1.,1.,1.,1.,1.,1.,      745P    780
1.,1.,1.,1.,1.,0.800055504,0.214285714,0.,0.800055504,               745P    781
0.208255628,0.,0.799535324,0.202341409,0.,0.799015144,               745P    782
0.196427189,0.,0.797994774,0.190856116,0.,0.796974405,               745P    783
0.185285043,0.,0.795493058,0.18027121,0.,0.794011711,                745P    784
0.175257377,0.,0.792126313,0.170993462,0.,0.790240916,               745P    785
0.166729548,0.,0.788023923,0.163379411,0.,0.785806931,               745P    786
0.160029275,0.,0.783343541,0.157721661,0.,0.78088015,                745P    787
0.155414047,0.,0.778265029,0.154237636,0.,0.775649908,               745P    788
0.153061224,0.,0.772983554,0.153061224,0.,0.770317199,               745P    789
0.153061224,0.,0.767702078,0.154237636,0.,0.765086957,               745P    790
0.155414047,0.,0.762623567,0.157721661,0.,0.760160177,               745P    791
0.160029275,0.,0.757943184,0.163379411,0.,0.755726192,               745P    792
0.166729548,0.,0.753840794,0.170993462,0.,0.751955397,               745P    793
0.175257377,0.,0.75047405,0.18027121,0.,0.748992703,                 745P    794
0.185285043,0.,0.747972333,0.190856116,0.,0.746951964,               745P    795
0.196427189,0.,0.746431784,0.202341409,0.,0.745911604,               745P    796
0.208255628,0.,0.745911604,0.214285714,0.,0.,1.,0.,0.,1.;            745P    797
100,54.,12.5,5.5,11.,5.5,14.,5.5;                                    747P    798
126,32,2,1,0,1,0,0.,0.,0.,0.0625,0.0625,0.125,0.125,0.1875,          749P    799
0.1875,0.25,0.25,0.3125,0.3125,0.375,0.375,0.4375,0.4375,0.5,        749P    800
0.5,0.5625,0.5625,0.625,0.625,0.6875,0.6875,0.75,0.75,0.8125,        749P    801
0.8125,0.875,0.875,0.9375,0.9375,1.,1.,1.,1.,1.,1.,1.,1.,1.,1.,      749P    802
1.,1.,1.,1.,1.,1.,1.,1.,1.,1.,1.,1.,1.,1.,1.,1.,1.,1.,1.,1.,1.,      749P    803
1.,1.,1.,1.,1.,0.745911604,0.214285714,0.,0.745911604,               749P    804
0.2203158,0.,0.746431784,0.22623002,0.,0.746951964,0.232144239,      749P    805
0.,0.747972333,0.237715312,0.,0.748992703,0.243286385,0.,            749P    806
0.75047405,0.248300218,0.,0.751955397,0.253314052,0.,                749P    807
0.753840794,0.257577966,0.,0.755726192,0.261841881,0.,               749P    808
0.757943184,0.265192017,0.,0.760160177,0.268542153,0.,               749P    809
0.762623567,0.270849767,0.,0.765086957,0.273157381,0.,               749P    810
0.767702078,0.274333793,0.,0.770317199,0.275510204,0.,               749P    811
0.772983554,0.275510204,0.,0.775649908,0.275510204,0.,               749P    812
0.778265029,0.274333793,0.,0.78088015,0.273157381,0.,                749P    813
0.783343541,0.270849767,0.,0.785806931,0.268542153,0.,               749P    814
0.788023923,0.265192017,0.,0.790240916,0.261841881,0.,               749P    815
0.792126313,0.257577966,0.,0.794011711,0.253314052,0.,               749P    816
0.795493058,0.248300218,0.,0.796974405,0.243286385,0.,               749P    817
0.797994774,0.237715312,0.,0.799015144,0.232144239,0.,               749P    818
0.799535324,0.22623002,0.,0.800055504,0.2203158,0.,0.800055504,      749P    819
0.214285714,0.,0.,1.,0.,0.,1.;                                       749P    820
100,54.,12.5,5.5,14.,5.5,11.,5.5;                                    751P    821
102,2,745,749;                                                       753P    822
102,2,747,751;                                                       755P    823
142,1,657,753,755,1;                                                 757P    824
126,32,2,1,0,1,0,0.,0.,0.,0.0625,0.0625,0.125,0.125,0.1875,          759P    825
0.1875,0.25,0.25,0.3125,0.3125,0.375,0.375,0.4375,0.4375,0.5,        759P    826
0.5,0.5625,0.5625,0.625,0.625,0.6875,0.6875,0.75,0.75,0.8125,        759P    827
0.8125,0.875,0.875,0.9375,0.9375,1.,1.,1.,1.,1.,1.,1.,1.,1.,1.,      759P    828
1.,1.,1.,1.,1.,1.,1.,1.,1.,1.,1.,1.,1.,1.,1.,1.,1.,1.,1.,1.,1.,      759P    829
1.,1.,1.,1.,1.,0.673719737,0.5,0.,0.673719737,0.493969914,0.,        759P    830
0.673199557,0.488055695,0.,0.672679377,0.482141475,0.,               759P    831
0.671659007,0.476570402,0.,0.670638638,0.470999329,0.,               759P    832
0.66915729,0.465985496,0.,0.667675943,0.460971663,0.,                759P    833
0.665790546,0.456707748,0.,0.663905149,0.452443833,0.,               759P    834
0.661688156,0.449093697,0.,0.659471164,0.445743561,0.,               759P    835
0.657007773,0.443435947,0.,0.654544383,0.441128333,0.,               759P    836
0.651929262,0.439951922,0.,0.649314141,0.43877551,0.,                759P    837
0.646647787,0.43877551,0.,0.643981432,0.43877551,0.,                 759P    838
0.641366311,0.439951922,0.,0.63875119,0.441128333,0.,0.6362878,      759P    839
0.443435947,0.,0.63382441,0.445743561,0.,0.631607417,                759P    840
0.449093697,0.,0.629390424,0.452443833,0.,0.627505027,               759P    841
0.456707748,0.,0.62561963,0.460971663,0.,0.624138283,                759P    842
0.465985496,0.,0.622656936,0.470999329,0.,0.621636566,               759P    843
0.476570402,0.,0.620616196,0.482141475,0.,0.620096016,               759P    844
0.488055695,0.,0.619575837,0.493969914,0.,0.619575837,0.5,0.,        759P    845
0.,1.,0.,0.,1.;                                                      759P    846
100,54.,19.5,12.5,18.,12.5,21.,12.5;                                 761P    847
126,32,2,1,0,1,0,0.,0.,0.,0.0625,0.0625,0.125,0.125,0.1875,          763P    848
0.1875,0.25,0.25,0.3125,0.3125,0.375,0.375,0.4375,0.4375,0.5,        763P    849
0.5,0.5625,0.5625,0.625,0.625,0.6875,0.6875,0.75,0.75,0.8125,        763P    850
0.8125,0.875,0.875,0.9375,0.9375,1.,1.,1.,1.,1.,1.,1.,1.,1.,1.,      763P    851
1.,1.,1.,1.,1.,1.,1.,1.,1.,1.,1.,1.,1.,1.,1.,1.,1.,1.,1.,1.,1.,      763P    852
1.,1.,1.,1.,1.,0.619575837,0.5,0.,0.619575837,0.506030086,0.,        763P    853
0.620096016,0.511944305,0.,0.620616196,0.517858525,0.,               763P    854
0.621636566,0.523429598,0.,0.622656936,0.529000671,0.,               763P    855
0.624138283,0.534014504,0.,0.62561963,0.539028337,0.,                763P    856
0.627505027,0.543292252,0.,0.629390424,0.547556167,0.,               763P    857
0.631607417,0.550906303,0.,0.63382441,0.554256439,0.,0.6362878,      763P    858
0.556564053,0.,0.63875119,0.558871667,0.,0.641366311,                763P    859
0.560048078,0.,0.643981432,0.56122449,0.,0.646647787,                763P    860
0.56122449,0.,0.649314141,0.56122449,0.,0.651929262,                 763P    861
0.560048078,0.,0.654544383,0.558871667,0.,0.657007773,               763P    862
0.556564053,0.,0.659471164,0.554256439,0.,0.661688156,               763P    863
0.550906303,0.,0.663905149,0.547556167,0.,0.665790546,               763P    864
0.543292252,0.,0.667675943,0.539028337,0.,0.66915729,                763P    865
0.534014504,0.,0.670638638,0.529000671,0.,0.671659007,               763P    866
0.523429598,0.,0.672679377,0.517858525,0.,0.673199557,               763P    867
0.511944305,0.,0.673719737,0.506030086,0.,0.673719737,0.5,0.,        763P    868
0.,1.,0.,0.,1.;                                                      763P    869
100,54.,19.5,12.5,21.,12.5,18.,12.5;                                 765P    870
102,2,759,763;                                                       767P    871
102,2,761,765;                                                       769P    872
142,1,657,767,769,1;                                                 771P    873
144,657,1,6,687,701,715,729,743,757,771;                             773P    874
110,12.5,0.25,53.75,1012.5,0.25,53.75;                               775P    875
110,12.499999987,0.25,53.5,37.9015,0.25,53.5;                        777P    876
120,775,777,0.,6.28318530717959;                                     779P    877
126,1,1,1,0,1,0,0.,0.,1.,1.,1.,1.,0.989646138,3.169550688,0.,        781P    878
0.994035785,3.141592654,0.,0.,1.,0.,0.,1.;                           781P    879
126,3,3,1,0,1,0,0.,0.,0.,0.,1.,1.,1.,1.,1.,1.,1.,1.,                 783P    880
37.638496383,0.243011402,53.9999023,37.675664255,0.245340328,        783P    881
53.999967429,37.712832128,0.247670164,54.,37.75,0.25,54.,0.,1.,      783P    882
0.,0.,0.;                                                            783P    883
126,1,1,1,0,1,0,0.,0.,1.,1.,1.,1.,0.994035785,3.141592654,0.,        785P    884
0.,3.141592654,0.,0.,1.,0.,0.,1.;                                    785P    885
110,37.749999986,0.25,54.,12.499999987,0.25,54.;                     787P    886
126,1,1,1,0,1,0,0.,0.,1.,1.,1.,1.,1E-009,3.141592654,0.,1E-009,      789P    887
4.71238898,0.,0.,1.,0.,0.,1.;                                        789P    888
126,3,3,1,0,0,0,0.,0.,0.,0.,0.873717085999973,                       791P    889
0.873717085999973,0.873717085999973,0.873717085999973,               791P    890
0.956578302165993,0.769794770395982,0.769794770395976,               791P    891
0.956578302165976,12.5,0.25,54.,12.5,0.103553391,54.,12.5,0.,        791P    892
53.896446609,12.5,0.,53.75,0.,0.873717085999973,-1.,0.,0.;           791P    893
126,1,1,1,0,1,0,0.,0.,1.,1.,1.,1.,1E-009,4.71238898,0.,              793P    894
0.967939745,4.71238898,0.,0.,1.,0.,0.,1.;                            793P    895
110,12.5,0.,53.75,37.087121438,0.,53.75;                             795P    896
126,10,2,1,0,1,0,0.,0.,0.,0.166666666666667,0.166666666666667,       797P    897
0.5,0.5,0.785714285714286,0.785714285714286,0.892857142857143,       797P    898
0.892857142857143,1.,1.,1.,1.,1.,1.,1.,1.,1.,1.,1.,1.,1.,1.,         797P    899
0.967939746,4.71238898,0.,0.968402069,4.538630273,0.,                797P    900
0.969996939,4.349209896,0.,0.972348666,4.069898705,0.,               797P    901
0.977334713,3.742473545,0.,0.980954449,3.504771683,0.,               797P    902
0.984220177,3.341653636,0.,0.98571751,3.266864191,0.,                797P    903
0.986807595,3.228594669,0.,0.988231732,3.178597584,0.,               797P    904
0.989646138,3.16955069,0.,0.,1.,0.,0.,1.;                            797P    905
126,31,3,1,0,0,0,0.,0.,0.,0.,0.000254943147047498,                   799P    906
0.000254943147047498,0.000382414720571303,0.000382414720571303,      799P    907
0.0005098862940951,0.0005098862940951,0.0007648294411426,            799P    908
0.0007648294411426,0.000892301014666405,0.000892301014666405,        799P    909
0.0010197725881902,0.0010197725881902,0.0012747157352377,            799P    910
0.0012747157352377,0.0014021873087615,0.0014021873087615,            799P    911
0.0015296588822853,0.0015296588822853,0.0016571304558091,            799P    912
0.0016571304558091,0.0017846020293328,0.0017846020293328,            799P    913
0.0019120736028566,0.0019120736028566,0.0019758093896185,            799P    914
0.0019758093896185,0.0020076772829995,0.0020076772829995,            799P    915
0.0020395451763804,0.0020395451763804,0.0020395451763804,            799P    916
0.0020395451763804,1.,1.,1.,1.,1.,1.,1.,1.,1.,1.,1.,1.,1.,1.,        799P    917
1.,1.,1.,1.,1.,1.,1.,1.,1.,1.,1.,1.,1.,1.,1.,1.,1.,1.,               799P    918
37.087121446,0.,53.75,37.091736252,0.,53.767094311,                  799P    919
37.099380333,0.001736326,53.783816564,37.114737938,0.006758336,      799P    920
53.808336057,37.120514353,0.00883854,53.816416451,37.133363073,      799P    921
0.013818396,53.832390805,37.140481693,0.016738907,53.840326007,      799P    922
37.163303141,0.026544278,53.863338609,37.180515636,0.034480609,      799P    923
53.877750772,37.209208217,0.048380041,53.898042592,                  799P    924
37.219256483,0.053348205,53.904583705,37.240362077,0.063966467,      799P    925
53.917211167,37.251319438,0.069566828,53.923233887,                  799P    926
37.285054631,0.087023219,53.940270876,37.308820572,0.099601791,      799P    927
53.950349872,37.34668725,0.119826921,53.963588137,37.359742028,      799P    928
0.126827932,53.967701296,37.386436955,0.14113429,53.975196514,       799P    929
37.400019685,0.148409809,53.978567362,37.427819473,0.163184717,      799P    930
53.984577732,37.44202937,0.170684686,53.987217166,37.471438113,      799P    931
0.185880265,53.99176758,37.486643537,0.193598014,53.993682154,       799P    932
37.518893409,0.209066698,53.996752186,37.53558511,0.216799939,       799P    933
53.997899959,37.565239018,0.228028379,53.999061049,                  799P    934
37.575949194,0.231753567,53.999356405,37.595458693,0.236842096,      799P    935
53.999659281,37.602510082,0.238443922,53.999736683,                  799P    936
37.618979021,0.241237073,53.999850285,37.628141991,0.242362348,      799P    937
53.999884149,37.638496383,0.243011402,53.9999023,0.,                 799P    938
0.0020395451763804,0.,0.,0.;                                         799P    939
102,5,781,785,789,793,797;                                           801P    940
102,5,783,787,791,795,799;                                           803P    941
142,1,779,801,803,1;                                                 805P    942
144,779,1,0,805;                                                     807P    943
128,3,3,3,3,0,0,0,0,0,0.063141456462455,0.063141456462455,           809P    944
0.063141456462455,0.063141456462455,0.936858543192044,               809P    945
0.936858543192044,0.936858543192044,0.936858543192044,0.,0.,0.,      809P    946
0.,1.,1.,1.,1.,0.956578302510743,0.769794770354921,                  809P    947
0.76979477028106,0.956578302289159,0.769794770464423,                809P    948
0.619482991611577,0.619482991552138,0.769794770286106,               809P    949
0.769794770464423,0.619482991611577,0.619482991552138,               809P    950
0.769794770286106,0.956578302510743,0.769794770354921,               809P    951
0.76979477028106,0.956578302289159,12.5,0.,53.75,12.5,0.,            809P    952
53.896446609,12.5,0.103553391,54.,12.5,0.25,54.,5.17766953,0.,       809P    953
53.75,5.17766953,0.,53.896446609,5.238329701,0.103553391,54.,        809P    954
5.324116139,0.25,54.,0.,5.17766953,53.75,0.,5.17766953,              809P    955
53.896446609,0.103553391,5.238329701,54.,0.25,5.324116139,54.,       809P    956
0.,12.5,53.75,0.,12.5,53.896446609,0.103553391,12.5,54.,0.25,        809P    957
12.5,54.,0.063141456462455,0.936858543192044,0.,1.;                  809P    958
126,1,1,1,0,1,0,0.,0.,1.,1.,1.,1.,0.063141456,1.,0.,                 811P    959
0.063141456,0.,0.,0.,1.,0.,0.,1.;                                    811P    960
100,53.75,12.5,12.5,0.,12.5,12.500000005,0.;                         813P    961
126,1,1,1,0,1,0,0.,0.,1.,1.,1.,1.,0.063141456,0.,0.,                 815P    962
0.936858543,0.,0.,0.,1.,0.,0.,1.;                                    815P    963
126,3,3,1,0,0,0,0.0631414570000275,0.0631414570000275,               817P    964
0.0631414570000275,0.0631414570000275,0.936858543,0.936858543,       817P    965
0.936858543,0.936858543,0.956578302165976,0.769794770395976,         817P    966
0.769794770395982,0.956578302165993,12.5,0.,53.75,12.5,0.,           817P    967
53.896446609,12.5,0.103553391,54.,12.5,0.25,54.,                     817P    968
0.0631414570000275,0.936858543,1.,0.,0.;                             817P    969
126,1,1,1,0,1,0,0.,0.,1.,1.,1.,1.,0.936858543,0.,0.,                 819P    970
0.936858543,1.,0.,0.,1.,0.,0.,1.;                                    819P    971
126,3,3,1,0,0,0,0.,0.,0.,0.,1.,1.,1.,1.,0.956578302289159,           821P    972
0.769794770286106,0.769794770286106,0.956578302289159,12.5,          821P    973
0.25,54.,5.324116139,0.25,54.,0.25,5.324116139,54.,0.25,12.5,        821P    974
54.,0.,1.,0.,0.,1.;                                                  821P    975
126,1,1,1,0,1,0,0.,0.,1.,1.,1.,1.,0.936858543,1.,0.,                 823P    976
0.063141456,1.,0.,0.,1.,0.,0.,1.;                                    823P    977
126,3,3,1,0,0,0,0.0631414569999997,0.0631414569999997,               825P    978
0.0631414569999997,0.0631414569999997,0.936858543000079,             825P    979
0.936858543000079,0.936858543000079,0.936858543000079,               825P    980
0.956578302165994,0.769794770395959,0.769794770395976,               825P    981
0.956578302166044,0.25,12.5,54.,0.103553391,12.5,54.,0.,12.5,        825P    982
53.896446609,0.,12.5,53.75,0.0631414569999997,                       825P    983
0.936858543000079,0.,1.,0.;                                          825P    984
102,4,811,815,819,823;                                               827P    985
102,4,813,817,821,825;                                               829P    986
142,1,809,827,829,1;                                                 831P    987
144,809,1,0,831;                                                     833P    988
128,3,3,3,3,0,0,0,0,0,0.0631414563358121,0.0631414563358121,         835P    989
0.0631414563358121,0.0631414563358121,0.936858543537435,             835P    990
0.936858543537435,0.936858543537435,0.936858543537435,0.,0.,0.,      835P    991
0.,1.,1.,1.,1.,0.956578302591964,0.769794770281083,                  835P    992
0.769794770253986,0.956578302510673,0.769794770529785,               835P    993
0.619482991552157,0.619482991530351,0.769794770464366,               835P    994
0.769794770529785,0.619482991552157,0.619482991530351,               835P    995
0.769794770464366,0.956578302591964,0.769794770281083,               835P    996
0.769794770253986,0.956578302510673,0.,12.5,53.75,0.,12.5,           835P    997
53.896446609,0.103553391,12.5,54.,0.25,12.5,54.,0.,19.82233047,      835P    998
53.75,0.,19.82233047,53.896446609,0.103553391,19.761670299,54.,      835P    999
0.25,19.675883861,54.,5.17766953,25.,53.75,5.17766953,25.,           835P   1000
53.896446609,5.238329701,24.896446609,54.,5.324116139,24.75,         835P   1001
54.,12.5,25.,53.75,12.5,25.,53.896446609,12.5,24.896446609,54.,      835P   1002
12.5,24.75,54.,0.0631414563358121,0.936858543537435,0.,1.;           835P   1003
126,1,1,1,0,1,0,0.,0.,1.,1.,1.,1.,0.936858544,1.,0.,                 837P   1004
0.063141456,1.,0.,0.,1.,0.,0.,1.;                                    837P   1005
124,6.12303176911189E-017,0.,-1.,66.25,0.,1.,0.,0.,1.,0.,            839P   1006
6.12303176911189E-017,41.25;                                         839P   1007
100,53.75,12.5,24.75,12.75,24.75,12.5,25.;                           841P   1008
126,1,1,1,0,1,0,0.,0.,1.,1.,1.,1.,0.063141456,1.,0.,                 843P   1009
0.063141456,0.,0.,0.,1.,0.,0.,1.;                                    843P   1010
100,53.75,12.5,12.5,12.5,25.,0.,12.5;                                845P   1011
126,1,1,1,0,1,0,0.,0.,1.,1.,1.,1.,0.063141456,0.,0.,                 847P   1012
0.936858544,0.,0.,0.,1.,0.,0.,1.;                                    847P   1013
126,3,3,1,0,0,0,0.0631414569999478,0.0631414569999478,               849P   1014
0.0631414569999478,0.0631414569999478,0.936858543,0.936858543,       849P   1015
0.936858543,0.936858543,0.956578302166027,0.769794770395976,         849P   1016
0.769794770395965,0.956578302165994,0.,12.5,53.75,0.,12.5,           849P   1017
53.896446609,0.103553391,12.5,54.,0.25,12.5,54.,                     849P   1018
0.0631414569999478,0.936858543,0.,-1.,0.;                            849P   1019
126,1,1,1,0,1,0,0.,0.,1.,1.,1.,1.,0.936858544,0.,0.,                 851P   1020
0.936858544,1.,0.,0.,1.,0.,0.,1.;                                    851P   1021
126,3,3,1,0,0,0,0.,0.,0.,0.,1.,1.,1.,1.,0.956578302289154,           853P   1022
0.769794770286102,0.769794770286102,0.956578302289154,0.25,          853P   1023
12.5,54.,0.25,19.675883861,54.,5.324116139,24.75,54.,12.5,           853P   1024
24.75,54.,0.,1.,0.,0.,1.;                                            853P   1025
102,4,837,843,847,851;                                               855P   1026
102,4,841,845,849,853;                                               857P   1027
142,1,835,855,857,1;                                                 859P   1028
144,835,1,0,859;                                                     861P   1029
110,37.5,24.75,53.75,-962.5,24.75,53.75;                             863P   1030
110,37.5,24.75,54.,12.5,24.75,54.;                                   865P   1031
120,863,865,0.,6.28318530717959;                                     867P   1032
126,1,1,1,0,1,0,0.,0.,1.,1.,1.,1.,0.,1.570796327,0.,1.,              869P   1033
1.570796327,0.,0.,1.,0.,0.,1.;                                       869P   1034
110,37.5,25.,53.75,12.5,25.,53.75;                                   871P   1035
126,1,1,1,0,1,0,0.,0.,1.,1.,1.,1.,1.,1.570796327,0.,1.,0.,0.,        873P   1036
0.,1.,0.,0.,1.;                                                      873P   1037
124,1.25574815128845E-026,-6.12303176911189E-017,1.,-41.25,1.,       875P   1038
2.050860094542E-010,0.,12.2499999949241,-2.050860094542E-010,        875P   1039
1.,6.12303176911189E-017,29.0000000025636;                           875P   1040
100,53.75,12.5,24.75,12.75,24.75,12.5,25.;                           877P   1041
126,1,1,1,0,1,0,0.,0.,1.,1.,1.,1.,1.000000001,0.,0.,-1E-009,0.,      879P   1042
0.,0.,1.,0.,0.,1.;                                                   879P   1043
110,12.499999987,24.75,54.,37.500000024,24.75,54.;                   881P   1044
126,1,1,1,0,1,0,0.,0.,1.,1.,1.,1.,0.,0.,0.,0.,1.570796327,0.,        883P   1045
0.,1.,0.,0.,1.;                                                      883P   1046
126,3,3,1,0,0,0,0.,0.,0.,0.,0.873717086000014,                       885P   1047
0.873717086000014,0.873717086000014,0.873717086000014,               885P   1048
0.956578302165992,0.769794770395974,0.769794770395979,               885P   1049
0.956578302166005,37.5,24.75,54.,37.5,24.896446609,54.,37.5,         885P   1050
25.,53.896446609,37.5,25.,53.75,0.,0.873717086000014,1.,0.,0.;       885P   1051
102,4,869,873,879,883;                                               887P   1052
102,4,871,877,881,885;                                               889P   1053
142,1,867,887,889,1;                                                 891P   1054
144,867,1,0,891;                                                     893P   1055
128,3,3,3,3,0,0,0,0,0,0.0631414564624967,0.0631414564624967,         895P   1056
0.0631414564624967,0.0631414564624967,0.936858542947626,             895P   1057
0.936858542947626,0.936858542947626,0.936858542947626,0.,0.,0.,      895P   1058
0.,1.,1.,1.,1.,0.956578302510717,0.769794770407175,                  895P   1059
0.76979477028107,0.956578302132404,0.908034844126266,                895P   1060
0.730730011878001,0.730730011758296,0.908034843767152,               895P   1061
0.908034844126266,0.730730011878001,0.730730011758296,               895P   1062
0.908034843767152,0.956578302510717,0.769794770407175,               895P   1063
0.76979477028107,0.956578302132404,37.5,25.,53.75,37.5,25.,          895P   1064
53.896446609,37.5,24.896446609,54.,37.5,24.75,54.,44.219027551,      895P   1065
25.,53.75,44.219027551,25.,53.896446609,44.191196428,                895P   1066
24.896446609,54.,44.151837276,24.75,54.,50.426599585,                895P   1067
22.428739475,53.75,50.426599585,22.428739474,53.896446609,           895P   1068
50.373055857,22.335836593,54.,50.297333589,22.20445208,54.,          895P   1069
55.17766953,17.67766953,53.75,55.17766953,17.67766953,               895P   1070
53.896446609,55.104446225,17.604446225,54.,55.000892835,             895P   1071
17.500892835,54.,0.0631414564624967,0.936858542947626,0.,1.;         895P   1072
126,1,1,1,0,1,0,0.,0.,1.,1.,1.,1.,0.063141456,0.,0.,                 897P   1073
0.936858543,0.,0.,0.,1.,0.,0.,1.;                                    897P   1074
126,3,3,1,0,0,0,0.0631414569999829,0.0631414569999829,               899P   1075
0.0631414569999829,0.0631414569999829,0.936858542999996,             899P   1076
0.936858542999996,0.936858542999996,0.936858542999996,               899P   1077
0.956578302166005,0.769794770395979,0.769794770395974,               899P   1078
0.956578302165992,37.5,25.,53.75,37.5,25.,53.896446609,37.5,         899P   1079
24.896446609,54.,37.5,24.75,54.,0.0631414569999829,                  899P   1080
0.936858542999996,-1.,0.,0.;                                         899P   1081
126,1,1,1,0,1,0,0.,0.,1.,1.,1.,1.,0.936858543,0.,0.,                 901P   1082
0.936858543,1.,0.,0.,1.,0.,0.,1.;                                    901P   1083
126,3,3,1,0,0,0,0.,0.,0.,0.,1.,1.,1.,1.,0.956578302132404,           903P   1084
0.908034843767152,0.908034843767152,0.956578302132404,37.5,          903P   1085
24.75,54.,44.151837276,24.75,54.,50.297333589,22.20445208,54.,       903P   1086
55.000892835,17.500892835,54.,0.,1.,0.,0.,1.;                        903P   1087
126,1,1,1,0,1,0,0.,0.,1.,1.,1.,1.,0.936858543,1.,0.,                 905P   1088
0.063141456,1.,0.,0.,1.,0.,0.,1.;                                    905P   1089
126,3,3,1,0,0,0,0.0631414569999777,0.0631414569999777,               907P   1090
0.0631414569999777,0.0631414569999777,0.936858542999915,             907P   1091
0.936858542999915,0.936858542999915,0.936858542999915,               907P   1092
0.956578302166008,0.769794770395996,0.769794770395973,               907P   1093
0.956578302165939,55.000892835,17.500892835,54.,55.104446225,        907P   1094
17.604446225,54.,55.17766953,17.67766953,53.896446609,               907P   1095
55.17766953,17.67766953,53.75,0.0631414569999777,                    907P   1096
0.936858542999915,0.707106781,-0.707106781,0.;                       907P   1097
126,1,1,1,0,1,0,0.,0.,1.,1.,1.,1.,0.063141456,1.,0.,                 909P   1098
0.063141456,0.,0.,0.,1.,0.,0.,1.;                                    909P   1099
100,53.75,37.5,0.,55.177669526,17.677669533,37.5,25.;                911P   1100
102,4,897,901,905,909;                                               913P   1101
102,4,899,903,907,911;                                               915P   1102
142,1,895,913,915,1;                                                 917P   1103
144,895,1,0,917;                                                     919P   1104
110,37.5,0.,53.75,37.5,0.,-946.25;                                   921P   1105
110,37.5,25.,53.75,37.5,25.,52.25;                                   923P   1106
120,921,923,0.,6.28318530717959;                                     925P   1107
126,10,2,1,0,1,0,0.,0.,0.,0.25,0.25,0.5,0.5,0.75,0.75,0.875,         927P   1108
0.875,1.,1.,1.,1.,1.,1.,1.,1.,1.,1.,1.,1.,1.,1.,0.186337685,         927P   1109
0.785398163,0.,0.323697716,0.78539409,0.,0.454005495,                927P   1110
0.78226923,0.,0.579114421,0.779269042,0.,0.686095646,                927P   1111
0.773637497,0.,0.782315451,0.768572439,0.,0.864165517,               927P   1112
0.761261109,0.,0.899394803,0.758114222,0.,0.935689021,               927P   1113
0.7542188,0.,0.962111695,0.751382881,0.,1.,0.746927136,0.,0.,        927P   1114
1.,0.,0.,-1.;                                                        927P   1115
126,15,3,1,0,1,0,0.,0.,0.,0.,0.125000000000001,                      929P   1116
0.125000000000001,0.250000000000001,0.250000000000001,               929P   1117
0.375000000000002,0.375000000000002,0.500000000000003,               929P   1118
0.500000000000003,0.750000000000001,0.750000000000001,               929P   1119
0.875000000000001,0.875000000000001,1.,1.,1.,1.,1.,1.,1.,1.,1.,      929P   1120
1.,1.,1.,1.,1.,1.,1.,1.,1.,1.,1.,55.177669738,17.677669738,          929P   1121
53.470493407,55.177671763,17.677671894,53.397694571,                 929P   1122
55.172310142,17.68320118,53.326026517,55.152812135,                  929P   1123
17.702655795,53.190677297,55.141991662,17.713300743,                 929P   1124
53.138548669,55.102547329,17.752493263,52.999436608,                 929P   1125
55.078470931,17.776336094,52.934972499,55.025855827,                 929P   1126
17.828255321,52.818594585,55.002684138,17.851006411,                 929P   1127
52.775234683,54.900283577,17.951017896,52.612100542,                 929P   1128
54.827321611,18.021563379,52.52930988,54.7051516,18.137967115,       929P   1129
52.415972604,54.64899216,18.191041733,52.370246179,                  929P   1130
54.586986841,18.249295422,52.322688355,54.542114861,                 929P   1131
18.291322781,52.2899326,54.484680946,18.344501179,52.250000038,      929P   1132
0.,1.,-0.704140853,-0.71006032,-4.0605E-005;                         929P   1133
126,1,1,1,0,1,0,0.,0.,1.,1.,1.,1.,1.,0.746927136,0.,1.,0.,0.,        931P   1134
0.,1.,0.,0.,1.;                                                      931P   1135
100,52.25,37.5,1E-009,54.484679127,18.344499855,37.5,25.;            933P   1136
126,1,1,1,0,1,0,0.,0.,1.,1.,1.,1.,1.,0.,0.,0.,0.,0.,0.,1.,0.,        935P   1137
0.,1.;                                                               935P   1138
110,37.5,25.,52.25,37.5,25.,53.75;                                   937P   1139
126,1,1,1,0,1,0,0.,0.,1.,1.,1.,1.,0.,0.,0.,0.,0.785398163,0.,        939P   1140
0.,1.,0.,0.,1.;                                                      939P   1141
124,2.22044604925031E-016,1.,4.93770312303063E-015,                  941P   1142
37.4999999999997,1.,2.22044604925031E-016,                           941P   1143
-4.93770312113114E-015,-37.4999999999997,                            941P   1144
-4.93770312113114E-015,4.93770312303063E-015,-1.,107.5;              941P   1145
100,53.75,37.5,0.,62.5,0.,55.177669533,17.677669526;                 943P   1146
126,1,1,1,0,1,0,0.,0.,1.,1.,1.,1.,0.,0.785398163,0.,                 945P   1147
0.186337685,0.785398163,0.,0.,1.,0.,0.,1.;                           945P   1148
110,55.177669526,17.677669533,53.75,55.177669526,17.677669533,       947P   1149
53.470493472;                                                        947P   1150
102,5,927,931,935,939,945;                                           949P   1151
102,5,929,933,937,943,947;                                           951P   1152
142,1,925,949,951,1;                                                 953P   1153
144,925,1,0,953;                                                     955P   1154
128,1,1,1,1,0,0,1,0,0,0.,0.,1.,1.,0.,0.,1.,1.,1.,1.,1.,1.,12.5,      957P   1155
0.,53.75,12.5,0.,52.25,37.234644175,0.,53.75,37.234644175,0.,        957P   1156
52.25,0.,1.,0.,1.;                                                   957P   1157
126,1,1,1,0,1,0,0.,0.,1.,1.,1.,1.,0.,0.994035785,0.,0.,0.,0.,        959P   1158
0.,1.,0.,0.,1.;                                                      959P   1159
110,37.087121438,0.,53.75,12.5,0.,53.75;                             961P   1160
126,1,1,1,0,1,0,0.,0.,1.,1.,1.,1.,0.,0.,0.,1.,0.,0.,0.,1.,0.,        963P   1161
0.,1.;                                                               963P   1162
110,12.500000005,0.,53.75,12.500000002,0.,52.25;                     965P   1163
126,1,1,1,0,1,0,0.,0.,1.,1.,1.,1.,1.,0.,0.,1.,0.993981812,0.,        967P   1164
0.,1.,0.,0.,1.;                                                      967P   1165
110,12.500000002,0.,52.25,37.08578643,0.,52.25;                      969P   1166
126,1,1,1,0,1,0,0.,0.,1.,1.,1.,1.,1.,0.993981812,0.,                 971P   1167
0.033151559,0.993981812,0.,0.,1.,0.,0.,1.;                           971P   1168
110,37.085786435,0.,52.25,37.085786435,0.,53.700272662;              973P   1169
126,2,2,1,0,1,0,0.,0.,0.,1.,1.,1.,1.,1.,1.,0.033151559,              975P   1170
0.993981812,0.,0.016488494,0.993982928,0.,0.,0.994035785,0.,0.,      975P   1171
1.,0.,0.,1.;                                                         975P   1172
126,3,3,1,0,1,0,0.,0.,0.,0.,1.,1.,1.,1.,1.,1.,1.,1.,                 977P   1173
37.085786438,0.,53.700272662,37.08580484,0.,53.716935726,            977P   1174
37.086249843,0.,53.733511506,37.087121446,0.,53.75,0.,1.,0.,0.,      977P   1175
0.;                                                                  977P   1176
102,5,959,963,967,971,975;                                           979P   1177
102,5,961,965,969,973,977;                                           981P   1178
142,1,957,979,981,1;                                                 983P   1179
144,957,1,0,983;                                                     985P   1180
110,12.5,12.5,53.75,12.5,12.5,-946.25;                               987P   1181
110,12.5,25.,53.75,12.5,25.,52.25;                                   989P   1182
120,987,989,0.,6.28318530717959;                                     991P   1183
126,1,1,1,0,1,0,0.,0.,1.,1.,1.,1.,0.,4.71238898,0.,0.,               993P   1184
6.283185307,0.,0.,1.,0.,0.,1.;                                       993P   1185
124,-1.,0.,6.98296672221876E-015,24.9999999999996,0.,1.,0.,0.,       995P   1186
-6.98296672221876E-015,0.,-1.,107.5;                                 995P   1187
100,53.75,12.5,12.5,25.,12.5,12.5,25.;                               997P   1188
126,1,1,1,0,1,0,0.,0.,1.,1.,1.,1.,0.,6.283185307,0.,1.,              999P   1189
6.283185307,0.,0.,1.,0.,0.,1.;                                       999P   1190
110,12.5,25.,53.75,12.5,25.,52.25;                                  1001P   1191
126,1,1,1,0,1,0,0.,0.,1.,1.,1.,1.,1.,6.283185307,0.,1.,             1003P   1192
4.71238898,0.,0.,1.,0.,0.,1.;                                       1003P   1193
100,52.25,12.5,12.5,12.5,25.,0.,12.5;                               1005P   1194
126,1,1,1,0,1,0,0.,0.,1.,1.,1.,1.,1.,4.71238898,0.,1.,              1007P   1195
3.141592653,0.,0.,1.,0.,0.,1.;                                      1007P   1196
100,52.25,12.5,12.5,0.,12.5,12.500000002,0.;                        1009P   1197
126,1,1,1,0,1,0,0.,0.,1.,1.,1.,1.,1.,3.141592653,0.,0.,             1011P   1198
3.141592653,0.,0.,1.,0.,0.,1.;                                      1011P   1199
110,12.500000002,0.,52.25,12.500000005,0.,53.75;                    1013P   1200
126,1,1,1,0,1,0,0.,0.,1.,1.,1.,1.,0.,3.141592653,0.,0.,             1015P   1201
4.71238898,0.,0.,1.,0.,0.,1.;                                       1015P   1202
124,6.12303176911189E-017,-1.,0.,25.,-1.,                           1017P   1203
-6.12303176911189E-017,6.98296672221876E-015,24.9999999999996,      1017P   1204
-6.98296672221876E-015,-4.27569270827966E-031,-1.,107.5;            1017P   1205
100,53.75,12.5,12.5,25.,12.499999995,12.5,25.;                      1019P   1206
102,6,993,999,1003,1007,1011,1015;                                  1021P   1207
102,6,997,1001,1005,1009,1013,1019;                                 1023P   1208
142,1,991,1021,1023,1;                                              1025P   1209
144,991,1,0,1025;                                                   1027P   1210
128,1,1,1,1,0,0,1,0,0,0.,0.,1.,1.,0.,0.,1.,1.,1.,1.,1.,1.,12.5,     1029P   1211
25.,52.25,12.5,25.,53.75,37.5,25.,52.25,37.5,25.,53.75,0.,1.,       1029P   1212
0.,1.;                                                              1029P   1213
126,1,1,1,0,1,0,0.,0.,1.,1.,1.,1.,0.,0.,0.,1.,0.,0.,0.,1.,0.,       1031P   1214
0.,1.;                                                              1031P   1215
110,12.5,25.,52.25,12.5,25.,53.75;                                  1033P   1216
126,1,1,1,0,1,0,0.,0.,1.,1.,1.,1.,1.,0.,0.,1.,1.,0.,0.,1.,0.,       1035P   1217
0.,1.;                                                              1035P   1218
110,12.5,25.,53.75,37.5,25.,53.75;                                  1037P   1219
126,1,1,1,0,1,0,0.,0.,1.,1.,1.,1.,1.,1.,0.,0.,1.,0.,0.,1.,0.,       1039P   1220
0.,1.;                                                              1039P   1221
110,37.5,25.,53.75,37.5,25.,52.25;                                  1041P   1222
126,1,1,1,0,1,0,0.,0.,1.,1.,1.,1.,0.,1.,0.,0.,0.,0.,0.,1.,0.,       1043P   1223
0.,1.;                                                              1043P   1224
110,37.5,25.,52.25,12.5,25.,52.25;                                  1045P   1225
102,4,1031,1035,1039,1043;                                          1047P   1226
102,4,1033,1037,1041,1045;                                          1049P   1227
142,1,1029,1047,1049,1;                                             1051P   1228
144,1029,1,0,1051;                                                  1053P   1229
128,3,3,3,3,0,0,1,0,0,0.,0.,0.,0.,0.000116851757956094,             1055P   1230
0.000116851757956094,0.000116851757956094,0.000116851757956094,     1055P   1231
0.,0.,0.,0.,1.006,1.006,1.006,1.006,1.,1.,1.,1.,1.,1.,1.,1.,1.,     1055P   1232
1.,1.,1.,1.,1.,1.,1.,37.638496383,0.243011402,53.9999023,           1055P   1233
37.675663756,0.245340721,53.99996744,37.712831754,0.247670354,      1055P   1234
54.,37.75,0.25,54.,37.642776245,0.2293639,53.999520643,             1055P   1235
37.678516316,0.236238513,53.999840201,37.714258039,0.243119237,     1055P   1236
54.,37.75,0.25,54.,37.647057029,0.215704771,53.999449625,           1055P   1237
37.681368877,0.227136307,53.999816557,37.715684323,0.238568119,     1055P   1238
54.,37.75,0.25,54.,37.651332995,0.20205263,53.999678427,            1055P   1239
37.684221437,0.218034099,53.999892832,37.717110607,0.234017,        1055P   1240
54.,37.75,0.25,54.,0.,0.000116851757956094,0.,1.006;                1055P   1241
126,1,1,1,0,1,0,0.,0.,1.,1.,1.,1.,0.000116852,0.999960059,0.,       1057P   1242
0.000116852,0.999869148,0.,0.,1.,0.,0.,1.;                          1057P   1243
126,3,3,1,0,1,0,0.,0.,0.,0.,1.,1.,1.,1.,1.,1.,1.,1.,37.75,0.25,     1059P   1244
54.,37.717085034,0.23409943,54.,37.684170068,0.218198859,           1059P   1245
53.999891439,37.651256487,0.202296904,53.999674333,0.,1.,0.,0.,     1059P   1246
0.;                                                                 1059P   1247
126,1,1,1,0,1,0,0.,0.,1.,1.,1.,1.,0.000116852,0.999869148,0.,       1061P   1248
0.,0.999999997,0.,0.,1.,0.,0.,1.;                                   1061P   1249
126,1,1,1,0,1,0,0.,0.,1.,1.,1.,1.,0.,1.000000719,0.,0.,0.,0.,       1063P   1250
0.,1.,0.,0.,1.;                                                     1063P   1251
126,3,3,1,0,1,0,0.,0.,0.,0.,1.,1.,1.,1.,1.,1.,1.,1.,                1065P   1252
37.651256531,0.202296891,53.999674334,37.647006094,0.215867614,     1065P   1253
53.999446897,37.642750816,0.229445298,53.99952292,37.638496505,     1065P   1254
0.24301141,53.9999023,0.,1.,0.,0.,0.;                               1065P   1255
126,1,1,1,0,1,0,0.,0.,1.,1.,1.,1.,0.,0.,0.,0.000116852,0.,0.,       1067P   1256
0.,1.,0.,0.,1.;                                                     1067P   1257
126,3,3,1,0,1,0,0.,0.,0.,0.,1.,1.,1.,1.,1.,1.,1.,1.,                1069P   1258
37.638496383,0.243011402,53.9999023,37.675664255,0.245340328,       1069P   1259
53.999967429,37.712832128,0.247670164,54.,37.75,0.25,54.,0.,1.,     1069P   1260
0.,0.,0.;                                                           1069P   1261
102,4,1057,1061,1063,1067;                                          1071P   1262
102,3,1059,1065,1069;                                               1073P   1263
142,1,1055,1071,1073,1;                                             1075P   1264
144,1055,1,0,1075;                                                  1077P   1265
128,31,2,3,2,0,0,0,0,0,0.0105079101256538,0.0105079101256538,       1079P   1266
0.0105079101256538,0.0105079101256538,0.0105397780190347,           1079P   1267
0.0105397780190347,0.0105716459124157,0.0105716459124157,           1079P   1268
0.0106353816991776,0.0106353816991776,0.0107628532727014,           1079P   1269
0.0107628532727014,0.0108903248462251,0.0108903248462251,           1079P   1270
0.0110177964197489,0.0110177964197489,0.0111452679932727,           1079P   1271
0.0111452679932727,0.0112727395667965,0.0112727395667965,           1079P   1272
0.011527682713844,0.011527682713844,0.0116551542873678,             1079P   1273
0.0116551542873678,0.0117826258608916,0.0117826258608916,           1079P   1274
0.0120375690079391,0.0120375690079391,0.0121650405814629,           1079P   1275
0.0121650405814629,0.0122925121549867,0.0122925121549867,           1079P   1276
0.0125474553020342,0.0125474553020342,0.0125474553020342,           1079P   1277
0.0125474553020342,0.,0.,0.,1.,1.,1.,1.,1.,1.,1.,1.,1.,1.,1.,       1079P   1278
1.,1.,1.,1.,1.,1.,1.,1.,1.,1.,1.,1.,1.,1.,1.,1.,1.,1.,1.,1.,1.,     1079P   1279
1.,1.,1.,0.999772406278582,0.999768168935237,0.999738445198914,     1079P   1280
0.999642718899167,0.999579000366555,0.999353457902,                 1079P   1281
0.999158610304782,0.998481134824961,0.997897534094171,              1079P   1282
0.996482227331835,0.995652990701839,0.993774274093863,              1079P   1283
0.99272296462829,0.990401560816186,0.989131445407718,               1079P   1284
0.986372620944983,0.984888352100401,0.980203525481381,              1079P   1285
0.976748191174615,0.971122806025161,0.969166710278925,              1079P   1286
0.965144733843362,0.963098922479959,0.956886415725437,              1079P   1287
0.952642152777333,0.946264116880439,0.944129676213214,              1079P   1288
0.939992253060124,0.937977259849007,0.932149305414386,              1079P   1289
0.928546788379354,0.92544985699866,1.,1.,1.,1.,1.,1.,1.,1.,1.,      1079P   1290
1.,1.,1.,1.,1.,1.,1.,1.,1.,1.,1.,1.,1.,1.,1.,1.,1.,1.,1.,1.,1.,     1079P   1291
1.,1.,37.651256487,0.202296903,53.999674333,37.647522837,           1079P   1292
0.203307722,53.999613783,37.64486826,0.203007329,53.99955455,       1079P   1293
37.640986668,0.200801982,53.999423601,37.639797031,0.198979516,     1079P   1294
53.99935286,37.637269453,0.192516666,53.999089758,37.636965734,     1079P   1295
0.186953161,53.998845213,37.637197024,0.16956265,53.997820135,      1079P   1296
37.638983481,0.156704612,53.996744653,37.643135146,0.130634288,     1079P   1297
53.993688489,37.645632677,0.117377923,53.991719544,                 1079P   1298
37.650926387,0.091006885,53.98692146,37.653745468,0.077845856,      1079P   1299
53.984089408,37.659594193,0.051662266,53.977549641,                 1079P   1300
37.662627457,0.038636937,53.973842169,37.668882015,0.012737034,     1079P   1301
53.965522512,37.672092758,-8.5675E-005,53.960922453,                1079P   1302
37.681829817,-0.037621199,53.946020935,37.688511741,                1079P   1303
-0.061634884,53.934558055,37.698951372,-0.096277945,                1079P   1304
53.915014866,37.702514495,-0.1076329,53.908081171,37.709762775,     1079P   1305
-0.12972056,53.893493764,37.71341238,-0.140347983,53.885913704,     1079P   1306
37.724477146,-0.171050697,53.862332159,37.732007934,                1079P   1307
-0.189960315,53.845496555,37.743695432,-0.216017474,                1079P   1308
53.818507664,37.747671045,-0.224337321,53.809184574,                1079P   1309
37.755584484,-0.239800361,53.790392845,37.759543679,                1079P   1310
-0.246995043,53.780875877,37.771440424,-0.266985319,                1079P   1311
53.751985955,37.779408105,-0.278217964,53.732265466,                1079P   1312
37.787352126,-0.287085124,53.712192929,37.64487934,0.222657612,     1079P   1313
53.9993331,37.637837218,0.222839622,53.999285277,37.631929869,      1079P   1314
0.222129931,53.999179317,37.621761585,0.219641935,53.998865815,     1079P   1315
37.617645838,0.217938068,53.998664497,37.606646198,0.212199666,     1079P   1316
53.997931646,37.601159438,0.207596854,53.99727363,37.586532286,     1079P   1317
0.193484123,53.994837864,37.579173773,0.183418214,53.992575648,     1079P   1318
37.565424772,0.163441414,53.986781897,37.559275363,0.153511461,     1079P   1319
53.983262,37.54776838,0.134270102,53.975122876,37.54241825,         1079P   1320
0.124921838,53.970492806,37.532308288,0.106932885,53.960211001,     1079P   1321
37.52755299,0.098288075,53.954554518,37.518581712,0.081815265,      1079P   1322
53.942308256,37.514387725,0.074023575,53.935734156,                 1079P   1323
37.502799987,0.052357068,53.915152951,37.49635272,0.040122381,      1079P   1324
53.900222849,37.488606429,0.025100147,53.876955974,                 1079P   1325
37.486336506,0.020623057,53.868999223,37.482504737,0.012824657,     1079P   1326
53.853045384,37.480961692,0.00954079,53.84512582,37.477406902,      1079P   1327
0.001316295,53.821715432,37.47649848,-0.001928062,53.806683696,     1079P   1328
37.477282979,-0.004320178,53.785783404,37.477916735,                1079P   1329
-0.004699975,53.779052088,37.479856704,-0.004816018,                1079P   1330
53.766524336,37.481164644,-0.004556756,53.760691631,                1079P   1331
37.486017141,-0.003193826,53.744449594,37.490492859,                1079P   1332
-0.001502153,53.735411258,37.495916238,0.,53.727928226,             1079P   1333
37.638496383,0.243011402,53.9999023,37.628141991,0.242362348,       1079P   1334
53.999884149,37.618979021,0.241237073,53.999850285,                 1079P   1335
37.602510082,0.238443922,53.999736683,37.595458693,0.236842096,     1079P   1336
53.999659281,37.575949194,0.231753567,53.999356405,                 1079P   1337
37.565239018,0.228028379,53.999061049,37.53558511,0.216799939,      1079P   1338
53.997899959,37.518893409,0.209066698,53.996752186,                 1079P   1339
37.486643537,0.193598014,53.993682154,37.471438113,0.185880265,     1079P   1340
53.99176758,37.44202937,0.170684686,53.987217166,37.427819473,      1079P   1341
0.163184717,53.984577732,37.400019685,0.148409809,53.978567362,     1079P   1342
37.386436955,0.14113429,53.975196514,37.359742028,0.126827932,      1079P   1343
53.967701296,37.34668725,0.119826921,53.963588137,37.308820572,     1079P   1344
0.099601791,53.950349872,37.285054631,0.087023219,53.940270876,     1079P   1345
37.251319438,0.069566828,53.923233887,37.240362077,0.063966467,     1079P   1346
53.917211167,37.219256483,0.053348205,53.904583705,                 1079P   1347
37.209208217,0.048380041,53.898042592,37.180515636,0.034480609,     1079P   1348
53.877750772,37.163303141,0.026544278,53.863338609,                 1079P   1349
37.140481693,0.016738907,53.840326007,37.133363073,0.013818396,     1079P   1350
53.832390805,37.120514353,0.00883854,53.816416451,37.114737938,     1079P   1351
0.006758336,53.808336057,37.099380333,0.001736326,53.783816564,     1079P   1352
37.091736252,0.,53.767094311,37.087121446,0.,53.75,                 1079P   1353
0.0105079101256538,0.0125474553020342,0.,1.;                        1079P   1354
126,1,1,1,0,1,0,0.,0.,1.,1.,1.,1.,0.01050791,1.,0.,0.01050791,      1081P   1355
0.,0.,0.,1.,0.,0.,1.;                                               1081P   1356
126,3,3,1,0,1,0,0.,0.,0.,0.,1.,1.,1.,1.,1.,1.,1.,1.,                1083P   1357
37.638496505,0.24301141,53.9999023,37.642750816,0.229445298,        1083P   1358
53.99952292,37.647006094,0.215867614,53.999446897,37.651256531,     1083P   1359
0.202296891,53.999674334,0.,1.,0.,0.,0.;                            1083P   1360
126,1,1,1,0,1,0,0.,0.,1.,1.,1.,1.,0.01050791,0.,0.,0.012547455,     1085P   1361
0.,0.,0.,1.,0.,0.,1.;                                               1085P   1362
126,15,3,1,0,1,0,0.,0.,0.,0.,0.124999999999999,                     1087P   1363
0.124999999999999,0.249999999999998,0.249999999999998,              1087P   1364
0.374999999999997,0.374999999999997,0.499999999999996,              1087P   1365
0.499999999999996,0.624999999999995,0.624999999999995,              1087P   1366
0.749999999999994,0.749999999999994,1.,1.,1.,1.,1.,1.,1.,1.,1.,     1087P   1367
1.,1.,1.,1.,1.,1.,1.,1.,1.,1.,1.,37.651256487,0.202296903,          1087P   1368
53.999674333,37.621120592,0.21045764,53.999185584,37.639419437,     1087P   1369
0.152737302,53.996505237,37.6460167,0.114695178,53.991434785,       1087P   1370
37.654391247,0.07477061,53.983472921,37.661845703,0.04185709,       1087P   1371
53.974875434,37.66711149,0.01905175,53.968590926,37.684117445,      1087P   1372
-0.04637274,53.942473291,37.686758351,-0.055654494,                 1087P   1373
53.937749166,37.702675529,-0.108783511,53.908126197,                1087P   1374
37.71027505,-0.131793137,53.892528203,37.724564608,                 1087P   1375
-0.171308186,53.862032342,37.727872999,-0.180107206,                1087P   1376
53.854874178,37.756075855,-0.244662932,53.790200051,                1087P   1377
37.773269052,-0.271365518,53.747777304,37.787352126,                1087P   1378
-0.287085125,53.712192929,0.,1.,0.113292243,0.362972843,            1087P   1379
-0.924886795;                                                       1087P   1380
126,1,1,1,0,1,0,0.,0.,1.,1.,1.,1.,0.012547455,0.,0.,                1089P   1381
0.012547455,1.,0.,0.,1.,0.,0.,1.;                                   1089P   1382
126,3,3,1,0,1,0,0.,0.,0.,0.,1.,1.,1.,1.,1.,1.,1.,1.,                1091P   1383
37.787352115,-0.287085111,53.712192958,37.607545916,                1091P   1384
-0.109963194,53.721901134,37.339334166,0.,53.736382542,             1091P   1385
37.087121453,0.,53.750000122,0.,1.,-0.053913915,3E-009,             1091P   1386
-0.998545587;                                                       1091P   1387
126,1,1,1,0,1,0,0.,0.,1.,1.,1.,1.,0.012547455,1.,0.,0.01050791,     1093P   1388
1.,0.,0.,1.,0.,0.,1.;                                               1093P   1389
126,31,3,1,0,0,0,0.,0.,0.,0.,0.000254943147047498,                  1095P   1390
0.000254943147047498,0.000382414720571303,0.000382414720571303,     1095P   1391
0.0005098862940951,0.0005098862940951,0.0007648294411426,           1095P   1392
0.0007648294411426,0.000892301014666405,0.000892301014666405,       1095P   1393
0.0010197725881902,0.0010197725881902,0.0012747157352377,           1095P   1394
0.0012747157352377,0.0014021873087615,0.0014021873087615,           1095P   1395
0.0015296588822853,0.0015296588822853,0.0016571304558091,           1095P   1396
0.0016571304558091,0.0017846020293328,0.0017846020293328,           1095P   1397
0.0019120736028566,0.0019120736028566,0.0019758093896185,           1095P   1398
0.0019758093896185,0.0020076772829995,0.0020076772829995,           1095P   1399
0.0020395451763804,0.0020395451763804,0.0020395451763804,           1095P   1400
0.0020395451763804,1.,1.,1.,1.,1.,1.,1.,1.,1.,1.,1.,1.,1.,1.,       1095P   1401
1.,1.,1.,1.,1.,1.,1.,1.,1.,1.,1.,1.,1.,1.,1.,1.,1.,1.,              1095P   1402
37.087121446,0.,53.75,37.091736252,0.,53.767094311,                 1095P   1403
37.099380333,0.001736326,53.783816564,37.114737938,0.006758336,     1095P   1404
53.808336057,37.120514353,0.00883854,53.816416451,37.133363073,     1095P   1405
0.013818396,53.832390805,37.140481693,0.016738907,53.840326007,     1095P   1406
37.163303141,0.026544278,53.863338609,37.180515636,0.034480609,     1095P   1407
53.877750772,37.209208217,0.048380041,53.898042592,                 1095P   1408
37.219256483,0.053348205,53.904583705,37.240362077,0.063966467,     1095P   1409
53.917211167,37.251319438,0.069566828,53.923233887,                 1095P   1410
37.285054631,0.087023219,53.940270876,37.308820572,0.099601791,     1095P   1411
53.950349872,37.34668725,0.119826921,53.963588137,37.359742028,     1095P   1412
0.126827932,53.967701296,37.386436955,0.14113429,53.975196514,      1095P   1413
37.400019685,0.148409809,53.978567362,37.427819473,0.163184717,     1095P   1414
53.984577732,37.44202937,0.170684686,53.987217166,37.471438113,     1095P   1415
0.185880265,53.99176758,37.486643537,0.193598014,53.993682154,      1095P   1416
37.518893409,0.209066698,53.996752186,37.53558511,0.216799939,      1095P   1417
53.997899959,37.565239018,0.228028379,53.999061049,                 1095P   1418
37.575949194,0.231753567,53.999356405,37.595458693,0.236842096,     1095P   1419
53.999659281,37.602510082,0.238443922,53.999736683,                 1095P   1420
37.618979021,0.241237073,53.999850285,37.628141991,0.242362348,     1095P   1421
53.999884149,37.638496383,0.243011402,53.9999023,0.,                1095P   1422
0.0020395451763804,0.,0.,0.;                                        1095P   1423
102,4,1081,1085,1089,1093;                                          1097P   1424
102,4,1083,1087,1091,1095;                                          1099P   1425
142,1,1079,1097,1099,1;                                             1101P   1426
144,1079,1,0,1101;                                                  1103P   1427
128,3,2,3,2,0,0,0,0,0,0.,0.,0.,0.,4.92668786770081E-005,            1105P   1428
4.92668786770081E-005,4.92668786770081E-005,                        1105P   1429
4.92668786770081E-005,0.,0.,0.,1.,1.,1.,1.,1.,1.,1.,                1105P   1430
0.923879532511288,0.924465640523656,0.924987484679663,              1105P   1431
0.925449856998658,1.,1.,1.,1.,37.085786438,0.,53.700272662,         1105P   1432
37.085786437,0.,53.716922827,37.086230507,0.,53.733498767,          1105P   1433
37.087121446,0.,53.75,37.5,0.,53.700272662,37.498206766,0.,         1105P   1434
53.709551302,37.496849557,0.,53.718771859,37.495916238,0.,          1105P   1435
53.727928226,37.792893219,-0.292893219,53.700272662,                1105P   1436
37.79072724,-0.29072724,53.704348887,37.788885529,-0.288796718,     1105P   1437
53.7083184,37.787352126,-0.287085124,53.712192929,0.,               1105P   1438
4.92668786770081E-005,0.,1.;                                        1105P   1439
126,1,1,1,0,1,0,0.,0.,1.,1.,1.,1.,4.9267E-005,0.,0.,                1107P   1440
4.9267E-005,1.,0.,0.,1.,0.,0.,1.;                                   1107P   1441
126,3,3,1,0,1,0,0.,0.,0.,0.,1.,1.,1.,1.,1.,1.,1.,1.,                1109P   1442
37.087121453,0.,53.750000122,37.339334166,0.,53.736382542,          1109P   1443
37.607545916,-0.109963194,53.721901134,37.787352115,                1109P   1444
-0.287085111,53.712192958,0.,1.,0.053913915,-3E-009,                1109P   1445
0.998545587;                                                        1109P   1446
126,1,1,1,0,1,0,0.,0.,1.,1.,1.,1.,4.9267E-005,1.,0.,0.,1.,0.,       1111P   1447
0.,1.,0.,0.,1.;                                                     1111P   1448
126,3,3,1,0,1,0,0.,0.,0.,0.,1.,1.,1.,1.,1.,1.,1.,1.,                1113P   1449
37.787352126,-0.287085125,53.712192929,37.788903119,                1113P   1450
-0.288816351,53.708273962,37.790752361,-0.290752361,                1113P   1451
53.704301607,37.79289322,-0.29289322,53.700272662,0.,1.,0.,0.,      1113P   1452
0.;                                                                 1113P   1453
126,1,1,1,0,1,0,0.,0.,1.,1.,1.,1.,0.,1.,0.,0.,0.,0.,0.,1.,0.,       1115P   1454
0.,1.;                                                              1115P   1455
100,53.700272662,37.085786438,-1.,37.792893219,-0.292893219,        1117P   1456
37.085786438,0.;                                                    1117P   1457
126,1,1,1,0,1,0,0.,0.,1.,1.,1.,1.,0.,0.,0.,4.9267E-005,0.,0.,       1119P   1458
0.,1.,0.,0.,1.;                                                     1119P   1459
126,3,3,1,0,1,0,0.,0.,0.,0.,1.,1.,1.,1.,1.,1.,1.,1.,                1121P   1460
37.085786438,0.,53.700272662,37.08580484,0.,53.716935726,           1121P   1461
37.086249843,0.,53.733511506,37.087121446,0.,53.75,0.,1.,0.,0.,     1121P   1462
0.;                                                                 1121P   1463
102,4,1107,1111,1115,1119;                                          1123P   1464
102,4,1109,1113,1117,1121;                                          1125P   1465
142,1,1105,1123,1125,1;                                             1127P   1466
144,1105,1,0,1127;                                                  1129P   1467
128,3,3,3,3,0,0,0,0,0,0.0631414564625825,0.0631414564625825,        1131P   1468
0.0631414564625825,0.0631414564625825,0.936858543664107,            1131P   1469
0.936858543664107,0.936858543664107,0.936858543664107,0.,0.,0.,     1131P   1470
0.,0.999859092308,0.999859092308,0.999859092308,0.999859092308,     1131P   1471
0.956578302510661,0.769794770254001,0.769794770281085,              1131P   1472
0.956578302591912,0.912103301208321,0.734004053153558,              1131P   1473
0.734004053179383,0.912103301285794,0.912097034338535,              1131P   1474
0.733999009966217,0.733999009992041,0.912097034416009,              1131P   1475
0.956559501901305,0.769779640691976,0.76977964071906,               1131P   1476
0.956559501982555,37.5,24.75,52.,37.5,24.896446609,52.,37.5,        1131P   1477
25.,52.103553391,37.5,25.,52.25,43.848628403,24.75,52.,             1131P   1478
43.886193458,24.896446609,52.,43.912755963,25.,52.103553391,        1131P   1479
43.912755964,25.,52.25,49.754582809,22.420823728,52.,               1131P   1480
49.827093601,22.553488521,52.,49.878366474,22.647296695,            1131P   1481
52.103553391,49.878366473,22.647296695,52.25,54.394182853,          1131P   1482
18.087263079,52.,54.49414632,18.194286044,52.,54.564831165,         1131P   1483
18.269962707,52.103553391,54.564831165,18.269962706,52.25,          1131P   1484
0.0631414564625825,0.936858543664107,0.,0.999859092308;             1131P   1485
126,1,1,1,0,1,0,0.,0.,1.,1.,1.,1.,0.063141457,0.9912494,0.,         1133P   1486
0.063141456,0.,0.,0.,1.,0.,0.,1.;                                   1133P   1487
126,9,3,1,0,1,0,0.,0.,0.,0.,0.25,0.25,0.5,0.5,0.75,0.75,1.,1.,      1135P   1488
1.,1.,1.,1.,1.,1.,1.,1.,1.,1.,1.,1.,54.279495228,18.1937088,        1135P   1489
52.,53.164968292,19.221513966,52.,51.964752095,20.142835293,        1135P   1490
52.,49.340778799,21.78888354,52.,47.953401723,22.487976965,52.,     1135P   1491
45.056233037,23.619539296,52.,43.541920061,24.049734017,52.,        1135P   1492
40.54065178,24.609868209,52.,39.026889806,24.749934505,52.,         1135P   1493
37.5,24.75,52.,0.,1.,0.,0.,-1.;                                     1135P   1494
126,1,1,1,0,1,0,0.,0.,1.,1.,1.,1.,0.063141456,0.,0.,                1137P   1495
0.936858544,0.,0.,0.,1.,0.,0.,1.;                                   1137P   1496
124,6.12303176911189E-017,0.,1.,-14.75,0.,1.,0.,0.,-1.,0.,          1139P   1497
6.12303176911189E-017,89.75;                                        1139P   1498
100,52.25,37.5,24.75,37.75,24.75,37.5,25.;                          1141P   1499
126,1,1,1,0,1,0,0.,0.,1.,1.,1.,1.,0.936858544,0.,0.,                1143P   1500
0.936858543,0.993895718,0.,0.,1.,0.,0.,1.;                          1143P   1501
124,1.49880108324396E-015,1.,-2.79588708961955E-015,                1145P   1502
37.4999999987739,1.,-1.49880108324396E-015,                         1145P   1503
-1.32980621339043E-014,-37.4999999987731,                           1145P   1504
-1.32980621339043E-014,-2.79588708961953E-015,-1.,                  1145P   1505
104.499999999566;                                                   1145P   1506
100,52.25,37.5,1E-009,62.499999999,1E-009,55.844499854,             1147P   1507
16.984679128;                                                       1147P   1508
126,4,2,1,0,1,0,0.,0.,0.,0.5,0.5,1.,1.,1.,1.,1.,1.,1.,1.,           1149P   1509
0.936858543,0.993895718,0.,0.714176913,0.993895718,0.,              1149P   1510
0.49727838,0.993137794,0.,0.376534119,0.992715869,0.,               1149P   1511
0.063141457,0.9912494,0.,0.,1.,0.,0.,-1.;                           1149P   1512
126,3,3,1,0,1,0,0.,0.,0.,0.,1.,1.,1.,1.,1.,1.,1.,1.,                1151P   1513
54.484679127,18.344499855,52.25,54.484679127,18.344499855,          1151P   1514
52.129854657,54.38061963,18.265680767,52.,54.279495228,             1151P   1515
18.1937088,52.,0.,1.,0.603790211,-0.797143262,0.;                   1151P   1516
102,4,1133,1137,1143,1149;                                          1153P   1517
102,4,1135,1141,1147,1151;                                          1155P   1518
142,1,1131,1153,1155,1;                                             1157P   1519
144,1131,1,0,1157;                                                  1159P   1520
110,37.233301156,0.25,52.25,-962.766698844,0.25,52.25;              1161P   1521
110,37.233301157,0.25,52.5,12.5,0.25,52.5;                          1163P   1522
120,1161,1163,0.,6.28318530717959;                                  1165P   1523
126,8,2,1,0,1,0,0.,0.,0.,0.25,0.25,0.5,0.5,0.75,0.75,1.,1.,1.,      1167P   1524
1.,1.,1.,1.,1.,1.,1.,1.,1.,0.056503364,3.141592651,0.,              1167P   1525
0.040894126,3.45044729,0.,0.033843517,3.606525075,0.,               1167P   1526
0.023180693,3.842565685,0.,0.016967975,4.039898327,0.,              1167P   1527
0.010937342,4.231447445,0.,0.008243874,4.410892504,0.,              1167P   1528
0.005964549,4.562746332,0.,0.005964215,4.71238898,0.,0.,1.,0.,      1167P   1529
0.,-1.;                                                             1167P   1530
126,11,3,1,0,1,0,0.,0.,0.,0.,0.12500000000001,0.12500000000001,     1169P   1531
0.18750000000001,0.18750000000001,0.25000000000001,                 1169P   1532
0.25000000000001,0.500000000000002,0.500000000000002,1.,1.,1.,      1169P   1533
1.,1.,1.,1.,1.,1.,1.,1.,1.,1.,1.,1.,1.,35.835786437,                1169P   1534
0.250000001,52.,35.964475767,0.224262114,52.,36.075524833,          1169P   1535
0.201824962,52.003921868,36.215638038,0.173824566,52.011691117,     1169P   1536
36.257932374,0.165411791,52.01460595,36.333700914,0.15036144,       1169P   1537
52.020570968,36.352284782,0.146700456,52.022127378,                 1169P   1538
36.572057153,0.102745177,52.044175655,36.714188824,0.074319006,     1169P   1539
52.069291991,37.012503721,0.014657557,52.144213802,                 1169P   1540
37.085775399,0.,52.200119117,37.085786438,0.,52.25,0.,1.,           1169P   1541
0.196116286,0.980580645,-8.174E-006;                                1169P   1542
126,1,1,1,0,1,0,0.,0.,1.,1.,1.,1.,0.005964215,4.71238898,0.,1.,     1171P   1543
4.71238898,0.,0.,1.,0.,0.,1.;                                       1171P   1544
110,37.08578643,0.,52.25,12.500000002,0.,52.25;                     1173P   1545
126,1,1,1,0,1,0,0.,0.,1.,1.,1.,1.,1.,4.71238898,0.,1.,              1175P   1546
3.141592654,0.,0.,1.,0.,0.,1.;                                      1175P   1547
124,5.32762429636836E-026,6.12303176911189E-017,1.,-39.75,-1.,      1177P   1548
8.70095811562497E-010,0.,12.7499999997825,                          1177P   1549
-8.70095811562497E-010,-1.,6.12303176911189E-017,                   1177P   1550
52.5000000108762;                                                   1177P   1551
100,52.25,12.5,0.25,12.75,0.25,12.5,0.5;                            1179P   1552
126,1,1,1,0,1,0,0.,0.,1.,1.,1.,1.,0.999999999,3.141592654,0.,       1181P   1553
0.056503364,3.141592654,0.,0.,1.,0.,0.,1.;                          1181P   1554
110,12.500000027,0.25,52.,35.83578644,0.25,52.;                     1183P   1555
102,4,1167,1171,1175,1181;                                          1185P   1556
102,4,1169,1173,1179,1183;                                          1187P   1557
142,1,1165,1185,1187,1;                                             1189P   1558
144,1165,1,0,1189;                                                  1191P   1559
128,3,3,3,3,0,0,0,0,0,0.0631414567159949,0.0631414567159949,        1193P   1560
0.0631414567159949,0.0631414567159949,0.936858542999987,            1193P   1561
0.936858542999987,0.936858542999987,0.936858542999987,0.,0.,0.,     1193P   1562
0.,1.,1.,1.,1.,0.956578302348137,0.769794770395979,                 1193P   1563
0.769794770335262,0.956578302165985,0.769794770333568,              1193P   1564
0.619482991644618,0.619482991595756,0.769794770186983,              1193P   1565
0.769794770333568,0.619482991644618,0.619482991595756,              1193P   1566
0.769794770186983,0.956578302348137,0.769794770395979,              1193P   1567
0.769794770335262,0.956578302165985,12.5,0.25,52.,12.5,             1193P   1568
0.103553391,52.,12.5,0.,52.103553391,12.5,0.,52.25,5.324116139,     1193P   1569
0.25,52.,5.238329702,0.103553391,52.,5.17766953,0.,                 1193P   1570
52.103553391,5.17766953,0.,52.25,0.25,5.324116139,52.,              1193P   1571
0.103553391,5.238329702,52.,0.,5.17766953,52.103553391,0.,          1193P   1572
5.17766953,52.25,0.25,12.5,52.,0.103553391,12.5,52.,0.,12.5,        1193P   1573
52.103553391,0.,12.5,52.25,0.0631414567159949,                      1193P   1574
0.936858542999987,0.,1.;                                            1193P   1575
126,1,1,1,0,1,0,0.,0.,1.,1.,1.,1.,0.063141457,1.,0.,                1195P   1576
0.063141457,0.,0.,0.,1.,0.,0.,1.;                                   1195P   1577
126,27,3,1,0,1,0,0.,0.,0.,0.,0.0624999999999997,                    1197P   1578
0.0937499999999996,0.0937499999999996,0.124999999999999,            1197P   1579
0.124999999999999,0.187499999999999,0.187499999999999,              1197P   1580
0.249999999999999,0.249999999999999,0.374999999999999,              1197P   1581
0.374999999999999,0.5,0.5,0.625,0.625,0.6875,0.6875,0.75,0.75,      1197P   1582
0.8125,0.84375,0.84375,0.875,0.875,1.,1.,1.,1.,1.,1.,1.,1.,1.,      1197P   1583
1.,1.,1.,1.,1.,1.,1.,1.,1.,1.,1.,1.,1.,1.,1.,1.,1.,1.,1.,1.,1.,     1197P   1584
1.,1.,0.25,12.5,52.,0.250031346,12.125111267,52.,0.27561851,        1197P   1585
11.565313793,52.,0.339515892,11.009319758,52.,0.390627528,          1197P   1586
10.639502276,52.,0.41834031,10.466360204,52.,0.52684709,            1197P   1587
9.880137415,52.,0.617648023,9.494720419,52.,0.836176048,            1197P   1588
8.734682819,52.,0.957632707,8.375899014,52.,1.415014521,            1197P   1589
7.220721395,52.,1.783806301,6.504800647,52.,2.709803674,            1197P   1590
5.088560395,52.,3.239666867,4.436163273,52.,4.436216993,            1197P   1591
3.239720587,52.,5.103388003,2.700020839,52.,6.14332678,             1197P   1592
2.020197061,52.,6.499496516,1.812167125,52.,7.230882945,            1197P   1593
1.433263234,52.,7.621285976,1.256377901,52.,8.360393639,            1197P   1594
0.963808723,52.,8.922573113,0.772147272,52.,9.496525676,            1197P   1595
0.622133969,52.,9.88177696,0.531380245,52.,10.086804774,            1197P   1596
0.488578443,52.,11.007543942,0.31823241,52.,11.75055974,            1197P   1597
0.250062664,52.,12.5,0.25,52.,0.,1.,0.,0.,-1.;                      1197P   1598
126,1,1,1,0,1,0,0.,0.,1.,1.,1.,1.,0.063141457,0.,0.,                1199P   1599
0.936858543,0.,0.,0.,1.,0.,0.,1.;                                   1199P   1600
124,-6.12303176911189E-017,8.62636845265042E-031,-1.,64.75,         1201P   1601
-1.40883940798198E-014,-1.,0.,0.500000000000176,-1.,                1201P   1602
1.40883940798198E-014,6.12303176911189E-017,64.75;                  1201P   1603
100,52.25,12.5,0.25,12.75,0.25,12.5,0.5;                            1203P   1604
126,1,1,1,0,1,0,0.,0.,1.,1.,1.,1.,0.936858543,0.,0.,                1205P   1605
0.936858543,1.,0.,0.,1.,0.,0.,1.;                                   1205P   1606
124,3.38786073852625E-016,-1.,-3.33066907393822E-015,               1207P   1607
25.0000000000002,-1.,-3.38786073852649E-016,                        1207P   1608
6.98296672221876E-015,24.9999999999996,-6.98296672221877E-015,      1207P   1609
3.33066907393822E-015,-1.,104.499999999565;                         1207P   1610
100,52.25,12.5,12.5,25.,12.499999998,12.5,25.;                      1209P   1611
126,1,1,1,0,1,0,0.,0.,1.,1.,1.,1.,0.936858543,1.,0.,                1211P   1612
0.063141457,1.,0.,0.,1.,0.,0.,1.;                                   1211P   1613
126,3,3,1,0,0,0,0.0631414570000248,0.0631414570000248,              1213P   1614
0.0631414570000248,0.0631414570000248,0.936858543,0.936858543,      1213P   1615
0.936858543,0.936858543,0.956578302165978,0.769794770395976,        1213P   1616
0.769794770395981,0.956578302165994,0.,12.5,52.25,0.,12.5,          1213P   1617
52.103553391,0.103553391,12.5,52.,0.25,12.5,52.,                    1213P   1618
0.0631414570000248,0.936858543,0.,1.,0.;                            1213P   1619
102,4,1195,1199,1205,1211;                                          1215P   1620
102,4,1197,1203,1209,1213;                                          1217P   1621
142,1,1193,1215,1217,1;                                             1219P   1622
144,1193,1,0,1219;                                                  1221P   1623
128,3,3,3,3,0,0,0,0,0,0.0631414564625642,0.0631414564625642,        1223P   1624
0.0631414564625642,0.0631414564625642,0.936858543664159,            1223P   1625
0.936858543664159,0.936858543664159,0.936858543664159,0.,0.,0.,     1223P   1626
0.,1.,1.,1.,1.,0.956578302510673,0.769794770253992,                 1223P   1627
0.769794770281083,0.956578302591946,0.769794770464367,              1223P   1628
0.619482991530356,0.619482991552157,0.76979477052977,               1223P   1629
0.769794770464367,0.619482991530356,0.619482991552157,              1223P   1630
0.76979477052977,0.956578302510673,0.769794770253992,               1223P   1631
0.769794770281083,0.956578302591946,0.25,12.5,52.,0.103553391,      1223P   1632
12.5,52.,0.,12.5,52.103553391,0.,12.5,52.25,0.25,19.675883861,      1223P   1633
52.,0.103553391,19.761670299,52.,0.,19.82233047,52.103553391,       1223P   1634
0.,19.82233047,52.25,5.324116139,24.75,52.,5.238329701,             1223P   1635
24.896446609,52.,5.17766953,25.,52.103553391,5.17766953,25.,        1223P   1636
52.25,12.5,24.75,52.,12.5,24.896446609,52.,12.5,25.,                1223P   1637
52.103553391,12.5,25.,52.25,0.0631414564625642,                     1223P   1638
0.936858543664159,0.,1.;                                            1223P   1639
126,1,1,1,0,1,0,0.,0.,1.,1.,1.,1.,0.936858544,1.,0.,                1225P   1640
0.063141456,1.,0.,0.,1.,0.,0.,1.;                                   1225P   1641
124,1.25574815128845E-026,-6.12303176911189E-017,-1.,64.75,1.,      1227P   1642
2.050860094542E-010,0.,12.2499999949241,2.050860094542E-010,        1227P   1643
-1.,6.12303176911189E-017,76.9999999974364;                         1227P   1644
100,52.25,12.5,24.75,12.75,24.75,12.5,25.;                          1229P   1645
126,1,1,1,0,1,0,0.,0.,1.,1.,1.,1.,0.063141456,1.,0.,                1231P   1646
0.063141456,0.,0.,0.,1.,0.,0.,1.;                                   1231P   1647
126,27,3,1,0,1,0,0.,0.,0.,0.,0.0624999999999998,                    1233P   1648
0.0937499999999998,0.0937499999999998,0.125,0.125,0.1875,           1233P   1649
0.1875,0.25,0.25,0.375,0.375,0.5,0.5,0.625,0.625,0.6875,0.6875,     1233P   1650
0.75,0.75,0.812500000000001,0.843750000000001,                      1233P   1651
0.843750000000001,0.875,0.875,1.,1.,1.,1.,1.,1.,1.,1.,1.,1.,1.,     1233P   1652
1.,1.,1.,1.,1.,1.,1.,1.,1.,1.,1.,1.,1.,1.,1.,1.,1.,1.,1.,1.,1.,     1233P   1653
12.5,24.75,52.,12.125111267,24.749968654,52.,11.565313793,          1233P   1654
24.72438149,52.,11.009319758,24.660484108,52.,10.639502276,         1233P   1655
24.609372472,52.,10.466360204,24.58165969,52.,9.880137415,          1233P   1656
24.47315291,52.,9.494720419,24.382351977,52.,8.734682819,           1233P   1657
24.163823952,52.,8.375899014,24.042367293,52.,7.220721395,          1233P   1658
23.584985479,52.,6.504800647,23.216193699,52.,5.088560395,          1233P   1659
22.290196326,52.,4.436163273,21.760333133,52.,3.239720587,          1233P   1660
20.563783007,52.,2.700020839,19.896611997,52.,2.020197061,          1233P   1661
18.85667322,52.,1.812167125,18.500503484,52.,1.433263234,           1233P   1662
17.769117055,52.,1.256377901,17.378714024,52.,0.963808723,          1233P   1663
16.639606361,52.,0.772147272,16.077426887,52.,0.622133969,          1233P   1664
15.503474324,52.,0.531380245,15.11822304,52.,0.488578443,           1233P   1665
14.913195226,52.,0.31823241,13.992456058,52.,0.250062664,           1233P   1666
13.24944026,52.,0.25,12.5,52.,0.,1.,0.,0.,-1.;                      1233P   1667
126,1,1,1,0,1,0,0.,0.,1.,1.,1.,1.,0.063141456,0.,0.,                1235P   1668
0.936858544,0.,0.,0.,1.,0.,0.,1.;                                   1235P   1669
126,3,3,1,0,0,0,0.0631414569999999,0.0631414569999999,              1237P   1670
0.0631414569999999,0.0631414569999999,0.936858542999981,            1237P   1671
0.936858542999981,0.936858542999981,0.936858542999981,              1237P   1672
0.956578302165993,0.76979477039598,0.769794770395976,               1237P   1673
0.956578302165981,0.25,12.5,52.,0.103553391,12.5,52.,0.,12.5,       1237P   1674
52.103553391,0.,12.5,52.25,0.0631414569999999,                      1237P   1675
0.936858542999981,0.,-1.,0.;                                        1237P   1676
126,1,1,1,0,1,0,0.,0.,1.,1.,1.,1.,0.936858544,0.,0.,                1239P   1677
0.936858544,1.,0.,0.,1.,0.,0.,1.;                                   1239P   1678
124,-1.,1.66533453730366E-016,6.98296672221877E-015,                1241P   1679
24.9999999999996,1.66533453730389E-016,1.,                          1241P   1680
3.33066907393821E-015,-1.77011183494696E-013,                       1241P   1681
-6.98296672221877E-015,3.33066907393821E-015,-1.,                   1241P   1682
104.499999999565;                                                   1241P   1683
100,52.25,12.5,12.5,25.,12.5,12.5,25.;                              1243P   1684
102,4,1225,1231,1235,1239;                                          1245P   1685
102,4,1229,1233,1237,1243;                                          1247P   1686
142,1,1223,1245,1247,1;                                             1249P   1687
144,1223,1,0,1249;                                                  1251P   1688
110,12.5,24.75,52.25,1012.5,24.75,52.25;                            1253P   1689
110,12.5,24.75,52.,37.5,24.75,52.;                                  1255P   1690
120,1253,1255,0.,6.28318530717959;                                  1257P   1691
126,1,1,1,0,1,0,0.,0.,1.,1.,1.,1.,0.,1.570796327,0.,1.,             1259P   1692
1.570796327,0.,0.,1.,0.,0.,1.;                                      1259P   1693
110,12.5,25.,52.25,37.5,25.,52.25;                                  1261P   1694
126,1,1,1,0,1,0,0.,0.,1.,1.,1.,1.,1.,1.570796327,0.,1.,0.,0.,       1263P   1695
0.,1.,0.,0.,1.;                                                     1263P   1696
124,1.25574815128845E-026,-6.12303176911189E-017,-1.,89.75,1.,      1265P   1697
2.050860094542E-010,0.,-12.7500000050759,2.050860094542E-010,       1265P   1698
-1.,6.12303176911189E-017,76.9999999923093;                         1265P   1699
100,52.25,37.5,24.75,37.75,24.75,37.5,25.;                          1267P   1700
126,1,1,1,0,1,0,0.,0.,1.,1.,1.,1.,1.,0.,0.,1E-009,0.,0.,0.,1.,      1269P   1701
0.,0.,1.;                                                           1269P   1702
110,37.500000005,24.75,52.,12.500000027,24.75,52.;                  1271P   1703
126,1,1,1,0,1,0,0.,0.,1.,1.,1.,1.,0.,0.,0.,0.,1.570796327,0.,       1273P   1704
0.,1.,0.,0.,1.;                                                     1273P   1705
124,6.12303176911189E-017,0.,1.,-39.75,0.,1.,0.,0.,-1.,0.,          1275P   1706
6.12303176911189E-017,64.75;                                        1275P   1707
100,52.25,12.5,24.75,12.75,24.75,12.5,25.;                          1277P   1708
102,4,1259,1263,1269,1273;                                          1279P   1709
102,4,1261,1267,1271,1277;                                          1281P   1710
142,1,1257,1279,1281,1;                                             1283P   1711
144,1257,1,0,1283;                                                  1285P   1712
110,37.676776696,0.176776696,52.,744.783557882,707.283557882,       1287P   1713
52.;                                                                1287P   1714
110,36.262563133,1.590990258,52.,53.586679272,18.915106397,52.;     1289P   1715
120,1287,1289,0.,6.28318530717959;                                  1291P   1716
126,1,1,1,0,1,0,0.,0.,1.,1.,1.,1.,0.004226669,1.570796327,0.,       1293P   1717
0.,1.552749835,0.,0.,1.,0.,0.,1.;                                   1293P   1718
126,3,3,1,0,1,0,0.,0.,0.,0.,1.,1.,1.,1.,1.,1.,1.,1.,37.75,0.25,     1295P   1719
54.,37.717085034,0.23409943,54.,37.684170068,0.218198859,           1295P   1720
53.999891439,37.651256487,0.202296904,53.999674333,0.,1.,0.,0.,     1295P   1721
0.;                                                                 1295P   1722
126,1,1,1,0,1,0,0.,0.,1.,1.,1.,1.,0.,1.552749835,0.,0.,             1297P   1723
3.141592654,0.,0.,1.,0.,0.,1.;                                      1297P   1724
124,-0.0127601040888147,0.70699164050478,0.70710678118655,          1299P   1725
1.26300402021047,0.0127601040888147,-0.706991640504784,             1299P   1726
0.707106781186546,-36.9485558726114,0.999837166486266,              1299P   1727
0.0180455122596941,6.12303176911189E-017,14.3261683204096;          1299P   1728
100,52.,37.676776696,0.176776696,39.676776696,0.176776695,          1301P   1729
37.640685671,2.176451029;                                           1301P   1730
126,1,1,1,0,1,0,0.,0.,1.,1.,1.,1.,0.,3.141592654,0.,1.,             1303P   1731
3.141592654,0.,0.,1.,0.,0.,1.;                                      1303P   1732
110,39.090990258,-1.237436867,52.,56.415106397,16.086679272,        1305P   1733
52.;                                                                1305P   1734
126,1,1,1,0,1,0,0.,0.,1.,1.,1.,1.,1.,3.141592654,0.,1.,             1307P   1735
1.570796327,0.,0.,1.,0.,0.,1.;                                      1307P   1736
124,0.707106781186432,-1.2267964422108E-014,-0.707106781186663,     1309P   1737
52.8789411616327,-0.707106781186663,1.24344978758018E-014,          1309P   1738
-0.707106781186432,93.1619497508434,1.73749903353837E-014,1.,       1309P   1739
6.12303176911189E-017,34.4991071654678;                             1309P   1740
100,52.,55.000892835,17.500892835,57.000892835,17.500892835,        1311P   1741
55.000892835,19.500892834;                                          1311P   1742
126,1,1,1,0,1,0,0.,0.,1.,1.,1.,1.,1.,1.570796327,0.,                1313P   1743
0.004226669,1.570796327,0.,0.,1.,0.,0.,1.;                          1313P   1744
110,55.000892835,17.500892834,54.,37.75,0.25,54.;                   1315P   1745
102,5,1293,1297,1303,1307,1313;                                     1317P   1746
102,5,1295,1301,1305,1311,1315;                                     1319P   1747
142,1,1291,1317,1319,1;                                             1321P   1748
144,1291,1,0,1321;                                                  1323P   1749
128,3,3,3,3,0,0,0,0,0,0.0631414567572006,0.0631414567572006,        1325P   1750
0.0631414567572006,0.0631414567572006,0.936858543651991,            1325P   1751
0.936858543651991,0.936858543651991,0.936858543651991,0.,0.,0.,     1325P   1752
0.,0.999451014947,0.999451014947,0.999451014947,0.999451014947,     1325P   1753
0.956578302321409,0.769794770254991,0.769794770342468,              1325P   1754
0.95657830258384,0.762959659448191,0.613982519082277,               1325P   1755
0.613982519152048,0.762959659657504,0.762853365707271,              1325P   1756
0.613896980485309,0.61389698055507,0.762853365916555,               1325P   1757
0.95625942109865,0.769538154464087,0.769538154551535,               1325P   1758
0.956259421360994,38.737436867,-1.237436867,52.,38.840990257,       1325P   1759
-1.340990258,52.,38.987436867,-1.340990257,52.,39.090990258,        1325P   1760
-1.237436867,52.,38.737436867,-1.237436867,53.049413842,            1325P   1761
38.840990257,-1.340990258,53.137232755,38.987436867,                1325P   1762
-1.340990257,53.199330105,39.090990258,-1.237436867,                1325P   1763
53.199330104,38.20499359,-0.70499359,53.780461851,38.263990116,     1325P   1764
-0.763990116,53.929457623,38.378930264,-0.732483655,                1325P   1765
54.034813544,38.482483656,-0.628930264,54.034813544,                1325P   1766
37.463171316,0.036828684,53.74922477,37.460089353,0.039910647,      1325P   1767
53.895606506,37.53113338,0.115313229,53.999114023,37.634686771,     1325P   1768
0.21886662,53.999114023,0.0631414567572006,0.936858543651991,       1325P   1769
0.,0.999451014947;                                                  1325P   1770
126,1,1,1,0,1,0,0.,0.,1.,1.,1.,1.,0.063141457,0.821373659,0.,       1327P   1771
0.063141457,0.,0.,0.,1.,0.,0.,1.;                                   1327P   1772
126,7,3,1,0,1,0,0.,0.,0.,0.,0.500000000000005,                      1329P   1773
0.500000000000005,0.750000000000003,0.750000000000003,1.,1.,1.,     1329P   1774
1.,1.,1.,1.,1.,1.,1.,1.,1.,37.79289322,-0.29289322,                 1329P   1775
53.700272662,38.064928172,-0.564928172,53.606309878,                1329P   1776
38.314758031,-0.814758031,53.376325382,38.570527441,                1329P   1777
-1.070527441,52.899984031,38.63803071,-1.13803071,52.711361679,     1329P   1778
38.717464523,-1.217464523,52.362549122,38.73736094,-1.23736094,     1329P   1779
52.183563988,38.737436867,-1.237436867,52.,0.,1.,-0.707106781,      1329P   1780
-0.707106781,0.;                                                    1329P   1781
126,1,1,1,0,1,0,0.,0.,1.,1.,1.,1.,0.063141457,0.,0.,                1331P   1782
0.936858544,0.,0.,0.,1.,0.,0.,1.;                                   1331P   1783
100,52.,38.914213562,-1.060660172,38.737436867,-1.237436867,        1333P   1784
39.090990258,-1.237436867;                                          1333P   1785
126,1,1,1,0,1,0,0.,0.,1.,1.,1.,1.,0.936858544,0.,0.,                1335P   1786
0.936858544,0.991310295,0.,0.,1.,0.,0.,1.;                          1335P   1787
124,0.707106781186545,1.45013723251708E-010,-0.70710678118655,      1337P   1788
47.8048250225357,-0.70710678118655,-1.45023770770081E-010,          1337P   1789
-0.707106781186545,63.5878336118654,-2.05087502536117E-010,1.,      1337P   1790
-7.04419703990988E-015,51.8232233122274;                            1337P   1791
100,52.,37.676776696,0.176776696,39.676776696,0.176776695,          1339P   1792
37.640685671,2.176451029;                                           1339P   1793
126,16,2,1,0,1,0,0.,0.,0.,0.03125,0.03125,0.0625,0.0625,0.125,      1341P   1794
0.125,0.25,0.25,0.375,0.375,0.5,0.5,0.75,0.75,1.,1.,1.,1.,1.,       1341P   1795
1.,1.,1.,1.,1.,1.,1.,1.,1.,1.,1.,1.,1.,1.,1.,0.936858543,           1341P   1796
0.991310295,0.,0.922458492,0.99482905,0.,0.896044449,               1341P   1797
0.992151098,0.,0.881877231,0.990714774,0.,0.862277797,              1341P   1798
0.987404616,0.,0.839349925,0.983532317,0.,0.806420185,              1341P   1799
0.976658095,0.,0.767334213,0.968498734,0.,0.706727084,              1341P   1800
0.954511079,0.,0.674641631,0.947106006,0.,0.612574128,              1341P   1801
0.93247721,0.,0.547392811,0.917114514,0.,0.51854677,                1341P   1802
0.910400775,0.,0.404704089,0.883904589,0.,0.323041275,              1341P   1803
0.867052293,0.,0.195645697,0.840762384,0.,0.086964653,              1341P   1804
0.82520529,0.,0.,1.,0.,0.,-1.;                                      1341P   1805
126,15,3,1,0,1,0,0.,0.,0.,0.,0.124999999999999,                     1343P   1806
0.124999999999999,0.249999999999998,0.249999999999998,              1343P   1807
0.374999999999997,0.374999999999997,0.499999999999996,              1343P   1808
0.499999999999996,0.624999999999995,0.624999999999995,              1343P   1809
0.749999999999994,0.749999999999994,1.,1.,1.,1.,1.,1.,1.,1.,1.,     1343P   1810
1.,1.,1.,1.,1.,1.,1.,1.,1.,1.,1.,37.651256487,0.202296903,          1343P   1811
53.999674333,37.621120592,0.21045764,53.999185584,37.639419437,     1343P   1812
0.152737302,53.996505237,37.6460167,0.114695178,53.991434785,       1343P   1813
37.654391247,0.07477061,53.983472921,37.661845703,0.04185709,       1343P   1814
53.974875434,37.66711149,0.01905175,53.968590926,37.684117445,      1343P   1815
-0.04637274,53.942473291,37.686758351,-0.055654494,                 1343P   1816
53.937749166,37.702675529,-0.108783511,53.908126197,                1343P   1817
37.71027505,-0.131793137,53.892528203,37.724564608,                 1343P   1818
-0.171308186,53.862032342,37.727872999,-0.180107206,                1343P   1819
53.854874178,37.756075855,-0.244662932,53.790200051,                1343P   1820
37.773269052,-0.271365518,53.747777304,37.787352126,                1343P   1821
-0.287085125,53.712192929,0.,1.,0.113292243,0.362972843,            1343P   1822
-0.924886795;                                                       1343P   1823
126,2,2,1,0,1,0,0.,0.,0.,1.,1.,1.,1.,1.,1.,0.086964653,             1345P   1824
0.82520529,0.,0.074995426,0.823491961,0.,0.063141457,               1345P   1825
0.821373659,0.,0.,1.,0.,0.,-1.;                                     1345P   1826
126,3,3,1,0,1,0,0.,0.,0.,0.,1.,1.,1.,1.,1.,1.,1.,1.,                1347P   1827
37.787352126,-0.287085125,53.712192929,37.788903119,                1347P   1828
-0.288816351,53.708273962,37.790752361,-0.290752361,                1347P   1829
53.704301607,37.79289322,-0.29289322,53.700272662,0.,1.,0.,0.,      1347P   1830
0.;                                                                 1347P   1831
102,5,1327,1331,1335,1341,1345;                                     1349P   1832
102,5,1329,1333,1339,1343,1347;                                     1351P   1833
142,1,1325,1349,1351,1;                                             1353P   1834
144,1325,1,0,1353;                                                  1355P   1835
110,37.085786438,-1.,52.25,37.085786438,-1.,1052.25;                1357P   1836
110,37.085786438,-2.,52.25,37.085786438,-2.,53.700272662;           1359P   1837
120,1357,1359,0.,6.28318530717959;                                  1361P   1838
126,1,1,1,0,1,0,0.,0.,1.,1.,1.,1.,0.,3.141592656,0.,1.,             1363P   1839
3.141592656,0.,0.,1.,0.,0.,1.;                                      1363P   1840
110,37.085786435,0.,52.25,37.085786435,0.,53.700272662;             1365P   1841
126,1,1,1,0,1,0,0.,0.,1.,1.,1.,1.,1.,3.141592654,0.,1.,             1367P   1842
2.35619449,0.,0.,1.,0.,0.,1.;                                       1367P   1843
124,-2.05100381123202E-010,1.,4.93770312011842E-015,                1369P   1844
38.085786445606,1.,2.05100658678958E-010,                           1369P   1845
-4.93770312404336E-015,-38.0857864377946,                           1369P   1846
-4.93770312505608E-015,4.93770311910569E-015,-1.,107.400545324;     1369P   1847
100,53.700272662,37.085786438,-1.,38.085786438,-1.,                 1371P   1848
37.792893219,-0.292893218;                                          1371P   1849
126,1,1,1,0,1,0,0.,0.,1.,1.,1.,1.,0.999999991,2.356194491,0.,       1373P   1850
1.1E-008,2.356194491,0.,0.,1.,0.,0.,1.;                             1373P   1851
110,37.792893218,-0.292893218,53.700272649,37.792893218,            1375P   1852
-0.292893218,52.250000016;                                          1375P   1853
126,1,1,1,0,1,0,0.,0.,1.,1.,1.,1.,0.,2.35619449,0.,0.,              1377P   1854
3.141592588,0.,0.,1.,0.,0.,1.;                                      1377P   1855
100,52.25,37.085786438,-1.,37.792893219,-0.292893219,               1379P   1856
37.085786504,0.;                                                    1379P   1857
102,4,1363,1367,1373,1377;                                          1381P   1858
102,4,1365,1371,1375,1379;                                          1383P   1859
142,1,1361,1381,1383,1;                                             1385P   1860
144,1361,1,0,1385;                                                  1387P   1861
110,38.914213562,-1.060660172,52.,38.914213562,-1.060660172,        1389P   1862
-948.;                                                              1389P   1863
110,38.914213562,-0.810660172,52.,38.914213562,-0.810660172,2.;     1391P   1864
120,1389,1391,0.,6.28318530717959;                                  1393P   1865
126,1,1,1,0,1,0,0.,0.,1.,1.,1.,1.,0.,3.926990817,0.,1.,             1395P   1866
3.926990817,0.,0.,1.,0.,0.,1.;                                      1395P   1867
110,38.737436867,-1.237436867,52.00000002,38.737436867,             1397P   1868
-1.237436867,1.99999998;                                            1397P   1869
126,1,1,1,0,1,0,0.,0.,1.,1.,1.,1.,1.,3.926990817,0.,1.,             1399P   1870
2.356194489,0.,0.,1.,0.,0.,1.;                                      1399P   1871
100,2.,38.914213562,-1.060660172,38.737436867,-1.237436867,         1401P   1872
39.090990258,-1.237436867;                                          1401P   1873
126,1,1,1,0,1,0,0.,0.,1.,1.,1.,1.,1.,2.356194487,0.,0.,             1403P   1874
2.356194487,0.,0.,1.,0.,0.,1.;                                      1403P   1875
110,39.090990258,-1.237436867,2.,39.090990258,-1.237436867,52.;     1405P   1876
126,1,1,1,0,1,0,0.,0.,1.,1.,1.,1.,0.,2.356194489,0.,0.,             1407P   1877
3.926990817,0.,0.,1.,0.,0.,1.;                                      1407P   1878
124,0.70710678218655,-0.707106780186545,-4.93770312100524E-015,     1409P   1879
10.6477092297592,-0.707106780186545,-0.70710678218655,              1409P   1880
4.93770312315653E-015,25.7058440821008,-6.98296672221876E-015,      1409P   1881
-1.13966261660736E-023,-1.,104.;                                    1409P   1882
100,52.,38.914213562,-1.060660172,39.164213562,-1.060660172,        1411P   1883
38.914213562,-0.810660172;                                          1411P   1884
102,4,1395,1399,1403,1407;                                          1413P   1885
102,4,1397,1401,1405,1411;                                          1415P   1886
142,1,1393,1413,1415,1;                                             1417P   1887
144,1393,1,0,1417;                                                  1419P   1888
110,56.238329701,16.263455967,52.,56.238329701,16.263455967,        1421P   1889
-948.;                                                              1421P   1890
110,56.238329701,16.513455967,52.00000001,56.238329701,             1423P   1891
16.513455967,1.99999999;                                            1423P   1892
120,1421,1423,0.,6.28318530717959;                                  1425P   1893
126,1,1,1,0,1,0,0.,0.,1.,1.,1.,1.,0.,2.356194487,0.,1.,             1427P   1894
2.356194487,0.,0.,1.,0.,0.,1.;                                      1427P   1895
110,56.415106397,16.086679272,52.,56.415106397,16.086679272,2.;     1429P   1896
126,1,1,1,0,1,0,0.,0.,1.,1.,1.,1.,1.,2.356194489,0.,1.,             1431P   1897
0.785398163,0.,0.,1.,0.,0.,1.;                                      1431P   1898
100,2.,56.238329701,16.263455967,56.415106397,16.086679272,         1433P   1899
56.415106396,16.440232662;                                          1433P   1900
126,1,1,1,0,1,0,0.,0.,1.,1.,1.,1.,1.,0.785398163,0.,0.,             1435P   1901
0.785398163,0.,0.,1.,0.,0.,1.;                                      1435P   1902
110,56.415106397,16.440232663,1.99999999,56.415106397,              1437P   1903
16.440232663,52.00000001;                                           1437P   1904
126,1,1,1,0,1,0,0.,0.,1.,1.,1.,1.,0.,0.785398163,0.,0.,             1439P   1905
2.356194489,0.,0.,1.,0.,0.,1.;                                      1439P   1906
124,0.707106781050555,0.70710678132254,-4.93770311469697E-015,      1441P   1907
4.97182541246008,0.70710678132254,-0.707106781050555,               1441P   1908
-4.9377031294648E-015,-12.0030483372468,-6.98296672221876E-015,     1441P   1909
9.0994545326001E-024,-1.,104.;                                      1441P   1910
100,52.,56.238329701,16.263455967,56.488329701,16.263455967,        1443P   1911
56.238329701,16.513455967;                                          1443P   1912
102,4,1427,1431,1435,1439;                                          1445P   1913
102,4,1429,1433,1437,1443;                                          1447P   1914
142,1,1425,1445,1447,1;                                             1449P   1915
144,1425,1,0,1449;                                                  1451P   1916
128,45,2,3,2,0,0,0,0,0,0.00403975034565816,0.00403975034565816,     1453P   1917
0.00403975034565816,0.00403975034565816,0.00426856122689409,        1453P   1918
0.00426856122689409,0.00438296666751206,0.00438296666751206,        1453P   1919
0.00449737210813002,0.00449737210813002,0.00472618298936596,        1453P   1920
0.00472618298936596,0.00484058842998392,0.00484058842998392,        1453P   1921
0.00495499387060189,0.00495499387060189,0.00518380475183782,        1453P   1922
0.00518380475183782,0.00541261563307375,0.00541261563307375,        1453P   1923
0.00564142651430969,0.00564142651430969,0.00575583195492765,        1453P   1924
0.00575583195492765,0.00587023739554562,0.00587023739554562,        1453P   1925
0.00609904827678155,0.00609904827678155,0.00621345371739952,        1453P   1926
0.00621345371739952,0.00632785915801749,0.00632785915801749,        1453P   1927
0.00655667003925342,0.00655667003925342,0.00678548092048935,        1453P   1928
0.00678548092048935,0.00689988636110732,0.00689988636110732,        1453P   1929
0.00701429180172529,0.00701429180172529,0.00724310268296122,        1453P   1930
0.00724310268296122,0.00735750812357919,0.00735750812357919,        1453P   1931
0.00747191356419715,0.00747191356419715,0.00770072444543309,        1453P   1932
0.00770072444543309,0.00770072444543309,0.00770072444543309,0.,     1453P   1933
0.,0.,1.,1.,1.,1.,1.,1.,1.,1.,1.,1.,1.,1.,1.,1.,1.,1.,1.,1.,1.,     1453P   1934
1.,1.,1.,1.,1.,1.,1.,1.,1.,1.,1.,1.,1.,1.,1.,1.,1.,1.,1.,1.,1.,     1453P   1935
1.,1.,1.,1.,1.,1.,1.,1.,1.,0.707106781186548,0.707990169467835,     1453P   1936
0.708849919049807,0.71010652398555,0.710519877050023,               1453P   1937
0.711335723796022,0.71174026954247,0.712919315264847,               1453P   1938
0.713659641729907,0.714706515259553,0.715044805668569,              1453P   1939
0.71570011718345,0.716017104047167,0.716917297788061,               1453P   1940
0.717457246854316,0.718422643878672,0.71885014721462,               1453P   1941
0.719559508717649,0.719846117196673,0.720175474828641,              1453P   1942
0.720268729305793,0.720418252253384,0.720474706786123,              1453P   1943
0.720590797924822,0.72059765725056,0.720499600223631,               1453P   1944
0.720448445663296,0.720311592473146,0.720225789819605,              1453P   1945
0.719916801394112,0.719642538474479,0.71894866548013,               1453P   1946
0.718539319362373,0.717833737756286,0.717583119524485,              1453P   1947
0.717049945685184,0.716765788104229,0.715876143775886,              1453P   1948
0.715235382461783,0.714201014509158,0.713843949513368,              1453P   1949
0.71310407319056,0.712720833806532,0.711555275208498,               1453P   1950
0.710749550694264,0.709913987128426,1.,1.,1.,1.,1.,1.,1.,1.,1.,     1453P   1951
1.,1.,1.,1.,1.,1.,1.,1.,1.,1.,1.,1.,1.,1.,1.,1.,1.,1.,1.,1.,1.,     1453P   1952
1.,1.,1.,1.,1.,1.,1.,1.,1.,1.,1.,1.,1.,1.,1.,1.,54.279495233,       1453P   1953
18.193708795,2.,54.292274378,18.20295437,2.,54.304837334,           1453P   1954
18.212071735,1.998578174,54.323370084,18.22555972,1.994401269,      1453P   1955
54.329495563,18.230024263,1.99266603,54.341641155,18.238888834,     1453P   1956
1.988498041,54.347692194,18.243311516,1.986049592,54.365406281,     1453P   1957
18.256275895,1.977749222,54.376634635,18.26451668,1.970970954,      1453P   1958
54.392633236,18.276284848,1.958983569,54.397824563,                 1453P   1959
18.280108105,1.954682524,54.407917975,18.287549631,1.945454302,     1453P   1960
54.412819763,18.291167729,1.940521034,54.426786926,                 1453P   1961
18.301487215,1.92508486,54.435229076,18.307738419,1.913857816,      1453P   1962
54.450398808,18.318987402,1.889547792,54.457159701,                 1453P   1963
18.324010096,1.876339137,54.468417574,18.332381977,1.849026334,     1453P   1964
54.472988923,18.33578625,1.834839155,54.478251636,18.339707389,     1453P   1965
1.812756111,54.479743978,18.340819776,1.805220402,54.482138426,     1453P   1966
18.342604936,1.790098561,54.483043483,18.343279903,1.782518985,     1453P   1967
54.484905063,18.344668315,1.759725727,54.485015236,                 1453P   1968
18.344750521,1.744457971,54.483442606,18.343577567,1.721445297,     1453P   1969
54.482622344,18.342965801,1.713750753,54.480430153,                 1453P   1970
18.341331299,1.698642816,54.479056556,18.340307318,1.691188749,     1453P   1971
54.474117084,18.33662655,1.669121038,54.46973975,18.33336615,       1453P   1972
1.654799322,54.458719802,18.325169537,1.626968806,54.452240684,     1453P   1973
18.320355036,1.613877547,54.44114234,18.312122772,1.595466358,      1453P   1974
54.437210452,18.309208432,1.589532472,54.428873201,18.30303467,     1453P   1975
1.578077642,54.424442983,18.299756884,1.572529734,54.410623169,     1453P   1976
18.289542765,1.556765977,54.400732907,18.282246523,1.547424014,     1453P   1977
54.384902478,18.270597094,1.535115302,54.379458788,                 1453P   1978
18.266595683,1.531298239,54.368228311,18.258351361,1.524250015,     1453P   1979
54.362435411,18.254104045,1.521020811,54.344897365,                 1453P   1980
18.241262687,1.512415463,54.332878259,18.23248498,1.508033836,      1453P   1981
54.320533347,18.223495796,1.504994156,54.986602014,                 1453P   1982
17.486602014,2.,54.997600378,17.497600378,2.002495436,              1453P   1983
55.008768201,17.508768201,2.003493306,55.025703585,                 1453P   1984
17.525703585,2.002651032,55.031374508,17.531374508,2.001980147,     1453P   1985
55.042762745,17.542762745,1.999818443,55.048510209,                 1453P   1986
17.548510209,1.998317144,55.065525869,17.565525869,1.992599301,     1453P   1987
55.076587762,17.576587762,1.987198704,55.092654776,                 1453P   1988
17.592654776,1.976684234,55.097919042,17.597919042,1.972778786,     1453P   1989
55.108244657,17.608244657,1.964134962,55.113306839,                 1453P   1990
17.613306839,1.959389522,55.127837129,17.627837129,1.944198162,     1453P   1991
55.136781017,17.636781017,1.932705595,55.15302664,17.65302664,      1453P   1992
1.907066195,55.16037153,17.66037153,1.892775464,55.172689487,       1453P   1993
17.672689487,1.862677511,55.177745851,17.677745851,1.84678407,      1453P   1994
55.183587532,17.683587532,1.821793845,55.185249126,                 1453P   1995
17.685249126,1.813226226,55.18791865,17.68791865,1.795978093,       1453P   1996
55.188930061,17.688930061,1.787304761,55.191011113,                 1453P   1997
17.691011113,1.761182491,55.191134733,17.691134733,1.743623366,     1453P   1998
55.189376146,17.689376146,1.717235428,55.1884591,17.6884591,        1453P   1999
1.708423854,55.18601362,17.68601362,1.691173626,55.184483081,       1453P   2000
17.684483081,1.682687442,55.178995135,17.678995135,1.65767304,      1453P   2001
55.174146623,17.674146623,1.641588584,55.162070717,                 1453P   2002
17.662070717,1.610830992,55.155019437,17.655019437,1.596617276,     1453P   2003
55.143111438,17.643111438,1.577112274,55.13891493,17.63891493,      1453P   2004
1.570908352,55.13008261,17.63008261,1.559118802,55.125420246,       1453P   2005
17.625420246,1.55350673,55.110991945,17.610991945,1.537867314,      1453P   2006
55.100820371,17.600820371,1.529039292,55.08488108,17.58488108,      1453P   2007
1.518106473,55.079448708,17.579448708,1.514846989,55.068365092,     1453P   2008
17.568365092,1.509108643,55.062708277,17.562708277,1.506634165,     1453P   2009
55.045775646,17.545775646,1.500512843,55.034439416,                 1453P   2010
17.534439416,1.498104624,55.023123676,17.523123676,1.497258887,     1453P   2011
54.986602014,17.486602014,3.,55.041306602,17.541306602,             1453P   2012
2.999999992,55.095160748,17.595160748,2.992890869,55.174707268,     1453P   2013
17.674707268,2.972006343,55.201016329,17.701016329,2.963330152,     1453P   2014
55.25321455,17.75321455,2.942490202,55.279236837,17.779236837,      1453P   2015
2.930247961,55.355461418,17.855461418,2.888746112,55.403838979,     1453P   2016
17.903838979,2.854854771,55.472839272,17.972839272,2.794917847,     1453P   2017
55.495241267,17.995241267,2.773412623,55.538818419,                 1453P   2018
18.038818419,2.727271508,55.559992421,18.059992421,2.702605167,     1453P   2019
55.620352396,18.120352396,2.625424302,55.656872348,                 1453P   2020
18.156872348,2.569289082,55.722538095,18.222538095,2.447738961,     1453P   2021
55.751828652,18.251828652,2.381695684,55.800623894,                 1453P   2022
18.300623894,2.245131673,55.820450332,18.320450332,2.174195775,     1453P   2023
55.843280618,18.343280618,2.063780553,55.849755835,                 1453P   2024
18.349755835,2.026102008,55.860146177,18.360146177,1.950492805,     1453P   2025
55.864074086,18.364074086,1.912594927,55.872153526,                 1453P   2026
18.372153526,1.798628637,55.872631785,18.372631785,1.722289853,     1453P   2027
55.865806288,18.365806288,1.607226483,55.862246284,                 1453P   2028
18.362246284,1.568753764,55.852733256,18.352733256,1.493214082,     1453P   2029
55.846772987,18.346772987,1.455943746,55.825343716,                 1453P   2030
18.325343716,1.345605189,55.806357125,18.306357125,1.27399661,      1453P   2031
55.758588713,18.258588713,1.134844032,55.730515881,                 1453P   2032
18.230515881,1.069387734,55.682467767,18.182467767,0.977331791,     1453P   2033
55.665451163,18.165451163,0.947662361,55.629384378,                 1453P   2034
18.129384378,0.890388209,55.610226787,18.110226787,0.862648672,     1453P   2035
55.5504943,18.0504943,0.783829884,55.507782296,18.007782296,        1453P   2036
0.737120071,55.439494125,17.939494125,0.675576509,55.416023576,     1453P   2037
17.916023576,0.656491196,55.367631617,17.867631617,0.621250074,     1453P   2038
55.342684091,17.842684091,0.605104056,55.267201566,                 1453P   2039
17.767201566,0.562077312,55.215532555,17.715532555,0.540169217,     1453P   2040
55.162533061,17.662533061,0.524970782,0.00403975034565816,          1453P   2041
0.00770072444543309,0.,1.;                                          1453P   2042
126,10,2,1,0,1,0,0.,0.,0.,0.125,0.125,0.25,0.25,0.5,0.5,0.75,       1455P   2043
0.75,1.,1.,1.,1.,1.,1.,1.,1.,1.,1.,1.,1.,1.,1.,0.005994999,0.,      1455P   2044
0.,0.006293903,0.084613358,0.,0.006442662,0.129714316,0.,           1455P   2045
0.00665465,0.193985153,0.,0.00681823,0.254469928,0.,                1455P   2046
0.007124786,0.367820558,0.,0.007306395,0.493071972,0.,              1455P   2047
0.007459284,0.598515881,0.,0.007553367,0.734848658,0.,              1455P   2048
0.007631807,0.848513057,0.,0.007678889,0.999999072,0.,0.,1.,0.,     1455P   2049
0.,-1.;                                                             1455P   2050
126,7,3,1,0,1,0,0.,0.,0.,0.,0.250000000000002,                      1457P   2051
0.250000000000002,0.500000000000004,0.500000000000004,1.,1.,1.,     1457P   2052
1.,1.,1.,1.,1.,1.,1.,1.,1.,54.484679447,18.344499559,               1457P   2053
1.749999962,54.593592238,18.243660131,1.67427621,54.657677118,      1457P   2054
18.183205367,1.628074697,54.834072548,18.015126156,1.464421911,     1457P   2055
54.901426211,17.949907245,1.386081441,55.102799191,                 1457P   2056
17.753215983,1.065267211,55.177569448,17.677769611,0.804279595,     1457P   2057
55.17766953,17.67766953,0.529506593,0.,1.,-0.657093163,             1457P   2058
-0.751728831,0.055967315;                                           1457P   2059
126,34,2,1,0,1,0,0.,0.,0.,0.125,0.125,0.25,0.25,0.375,0.375,        1459P   2060
0.4375,0.4375,0.46875,0.46875,0.484375,0.484375,0.4921875,          1459P   2061
0.4921875,0.49609375,0.49609375,0.5,0.5,0.517857142857143,          1459P   2062
0.517857142857143,0.535714285714286,0.535714285714286,0.5625,       1459P   2063
0.5625,0.625,0.625,0.75,0.75,0.8125,0.8125,0.875,0.875,1.,1.,       1459P   2064
1.,1.,1.,1.,1.,1.,1.,1.,1.,1.,1.,1.,1.,1.,1.,1.,1.,1.,1.,1.,1.,     1459P   2065
1.,1.,1.,1.,1.,1.,1.,1.,1.,1.,1.,1.,1.,1.,1.,0.007678889,           1459P   2066
0.999999046,0.,0.007635142,0.859215183,0.,0.007564945,              1459P   2067
0.752284084,0.,0.007481379,0.62498756,0.,0.007349138,               1459P   2068
0.526390602,0.,0.007189587,0.407431644,0.,0.006926204,              1459P   2069
0.307430254,0.,0.006768331,0.247488666,0.,0.006575611,              1459P   2070
0.19700323,0.,0.006451666,0.164534327,0.,0.006336474,               1459P   2071
0.143870644,0.,0.006254157,0.129104294,0.,0.006179422,              1459P   2072
0.120956311,0.,0.006130139,0.115583244,0.,0.006083355,              1459P   2073
0.113043899,0.,0.00605632,0.111576476,0.,0.006029525,               1459P   2074
0.111003151,0.,0.006001561,0.110404799,0.,0.005973575,              1459P   2075
0.110774552,0.,0.005867104,0.112181305,0.,0.005752515,              1459P   2076
0.127964803,0.,0.005677291,0.13832623,0.,0.005591441,               1459P   2077
0.155732032,0.,0.005494754,0.175335039,0.,0.00539617,               1459P   2078
0.201510875,0.,0.005215552,0.249468005,0.,0.005053029,              1459P   2079
0.311350171,0.,0.004798316,0.40833469,0.,0.004635885,               1459P   2080
0.529784208,0.,0.00456649,0.581671559,0.,0.004512349,               1459P   2081
0.639751869,0.,0.004463126,0.692556561,0.,0.004423581,              1459P   2082
0.753682662,0.,0.004354421,0.860583386,0.,0.00431108,               1459P   2083
0.999999583,0.,0.,1.,0.,0.,1.;                                      1459P   2084
126,42,3,1,0,1,0,0.,0.,0.,0.,0.000358227615016866,                  1461P   2085
0.000358227615016866,0.000358227615016866,0.000718588482673097,     1461P   2086
0.000718588482673097,0.000718588482673097,0.00124202201156236,      1461P   2087
0.00124202201156236,0.00124202201156236,0.00143408374850423,        1461P   2088
0.00143408374850423,0.00143408374850423,0.00146647940962474,        1461P   2089
0.00146647940962474,0.00146647940962474,0.00149935987466873,        1461P   2090
0.00149935987466873,0.00149935987466873,0.0015184272538041,         1461P   2091
0.0015184272538041,0.0015184272538041,0.00153756129623695,          1461P   2092
0.00153756129623695,0.00153756129623695,0.00156514523306947,        1461P   2093
0.00156514523306947,0.00156514523306947,0.00167407851885177,        1461P   2094
0.00167407851885177,0.00167407851885177,0.00209971445495259,        1461P   2095
0.00209971445495259,0.00209971445495259,0.00253395572802511,        1461P   2096
0.00253395572802511,0.00253395572802511,0.00290690706838077,        1461P   2097
0.00290690706838077,0.00290690706838077,0.00304756824259788,        1461P   2098
0.00304756824259788,0.00304756824259788,0.00304756824259788,1.,     1461P   2099
1.,1.,1.,1.,1.,1.,1.,1.,1.,1.,1.,1.,1.,1.,1.,1.,1.,1.,1.,1.,1.,     1461P   2100
1.,1.,1.,1.,1.,1.,1.,1.,1.,1.,1.,1.,1.,1.,1.,1.,1.,1.,1.,1.,1.,     1461P   2101
55.17766953,17.67766953,0.529506565,55.177669419,17.67766964,       1461P   2102
0.64891577,55.162814261,17.692524799,0.76983892,55.135126885,       1461P   2103
17.720212174,0.882645732,55.107234516,17.748104544,0.996287749,     1461P   2104
55.06569564,17.789643419,1.104472167,55.014903761,17.840435298,     1461P   2105
1.200964896,54.9414002,17.913938859,1.340604526,54.84604462,        1461P   2106
18.009294439,1.457081761,54.746896618,18.108442441,1.560252109,     1461P   2107
54.71024262,18.145096439,1.598393128,54.671813214,18.183525845,     1461P   2108
1.633868232,54.638760448,18.216578611,1.678103942,54.633166908,     1461P   2109
18.222172151,1.685589979,54.627777069,18.22756199,1.693446466,      1461P   2110
54.622972017,18.232367042,1.701957582,54.618128101,                 1461P   2111
18.237210958,1.710537535,54.613766554,18.241572505,1.719993393,     1461P   2112
54.611130674,18.244208385,1.730320393,54.609594456,                 1461P   2113
18.245744603,1.736339075,54.608661959,18.2466771,1.742779833,       1461P   2114
54.608591286,18.246747773,1.749177839,54.608520404,                 1461P   2115
18.246818655,1.755594697,54.609319717,18.246019342,1.762099332,     1461P   2116
54.610761048,18.244578011,1.768184663,54.612836531,                 1461P   2117
18.242502528,1.776947397,54.616205381,18.239133678,1.785123689,     1461P   2118
54.620041248,18.235297811,1.7926052,54.635029109,18.22030995,       1461P   2119
1.821837666,54.656045552,18.199293507,1.844138282,54.67631446,      1461P   2120
18.179024599,1.866096237,54.75582819,18.099510869,1.952235998,      1461P   2121
54.839019264,18.016319795,2.033043999,54.910796679,17.94454238,     1461P   2122
2.13184142,54.983455802,17.871883257,2.23185246,55.047024098,       1461P   2123
17.808314962,2.34856355,55.092808441,17.762530619,2.476502958,      1461P   2124
55.132183853,17.723155207,2.586533299,55.159368842,                 1461P   2125
17.695970217,2.707334273,55.170982426,17.684356634,2.829554449,     1461P   2126
55.1754167,17.679922359,2.876220306,55.177669511,17.677669549,      1461P   2127
2.923408174,55.17766953,17.67766953,2.970493499,0.,                 1461P   2128
0.00304756824259788,0.707106781,0.707106781,0.;                     1461P   2129
126,1,1,1,0,1,0,0.,0.,1.,1.,1.,1.,0.00431108,0.999999565,0.,        1463P   2130
0.00403975,0.999999565,0.,0.,1.,0.,0.,1.;                           1463P   2131
126,3,3,1,0,1,0,0.,0.,0.,0.,1.,1.,1.,1.,1.,1.,1.,1.,                1465P   2132
55.177669401,17.677669401,2.970493513,55.114731887,                 1465P   2133
17.614731887,2.990050869,55.051042758,17.551042758,2.99988616,      1465P   2134
54.986602014,17.486602014,2.999999385,0.,1.,0.,0.,0.;               1465P   2135
126,1,1,1,0,1,0,0.,0.,1.,1.,1.,1.,0.00403975,1.,0.,0.00403975,      1467P   2136
0.,0.,0.,1.,0.,0.,1.;                                               1467P   2137
126,5,3,1,0,1,0,0.,0.,0.,0.,0.5,0.5,1.,1.,1.,1.,1.,1.,1.,1.,1.,     1469P   2138
1.,54.986601766,17.486601766,3.,54.986601813,17.486601813,          1469P   2139
2.764297738,54.917566273,17.555637462,2.488155361,54.641423971,     1469P   2140
17.831779918,2.097631068,54.446161843,18.027042086,1.999999997,     1469P   2141
54.279495175,18.193708753,2.,0.,1.,-0.707106781,-0.707106781,       1469P   2142
-2.8E-007;                                                          1469P   2143
126,1,1,1,0,1,0,0.,0.,1.,1.,1.,1.,0.00403975,0.,0.,0.005994999,     1471P   2144
0.,0.,0.,1.,0.,0.,1.;                                               1471P   2145
126,3,3,1,0,1,0,0.,0.,0.,0.,1.,1.,1.,1.,1.,1.,1.,1.,                1473P   2146
54.279495228,18.1937088,2.,54.379896379,18.266347935,2.,            1473P   2147
54.484679127,18.344499855,1.870145343,54.484679127,                 1473P   2148
18.344499855,1.75,0.,1.,0.586102284,-0.810105243,-0.014615359;      1473P   2149
102,5,1455,1459,1463,1467,1471;                                     1475P   2150
102,5,1457,1461,1465,1469,1473;                                     1477P   2151
142,1,1453,1475,1477,1;                                             1479P   2152
144,1453,1,0,1479;                                                  1481P   2153
128,45,2,3,2,0,0,0,0,0,0.00403975034565816,0.00403975034565816,     1483P   2154
0.00403975034565816,0.00403975034565816,0.0042685612268941,         1483P   2155
0.0042685612268941,0.00438296666751206,0.00438296666751206,         1483P   2156
0.00449737210813003,0.00449737210813003,0.00472618298936597,        1483P   2157
0.00472618298936597,0.00484058842998393,0.00484058842998393,        1483P   2158
0.0049549938706019,0.0049549938706019,0.00518380475183784,          1483P   2159
0.00518380475183784,0.00541261563307377,0.00541261563307377,        1483P   2160
0.00564142651430971,0.00564142651430971,0.00575583195492768,        1483P   2161
0.00575583195492768,0.00587023739554565,0.00587023739554565,        1483P   2162
0.00609904827678158,0.00609904827678158,0.00621345371739955,        1483P   2163
0.00621345371739955,0.00632785915801752,0.00632785915801752,        1483P   2164
0.00655667003925345,0.00655667003925345,0.00678548092048939,        1483P   2165
0.00678548092048939,0.00689988636110736,0.00689988636110736,        1483P   2166
0.00701429180172532,0.00701429180172532,0.00724310268296126,        1483P   2167
0.00724310268296126,0.00735750812357923,0.00735750812357923,        1483P   2168
0.00747191356419719,0.00747191356419719,0.00770072444543313,        1483P   2169
0.00770072444543313,0.00770072444543313,0.00770072444543313,0.,     1483P   2170
0.,0.,1.,1.,1.,1.,1.,1.,1.,1.,1.,1.,1.,1.,1.,1.,1.,1.,1.,1.,1.,     1483P   2171
1.,1.,1.,1.,1.,1.,1.,1.,1.,1.,1.,1.,1.,1.,1.,1.,1.,1.,1.,1.,1.,     1483P   2172
1.,1.,1.,1.,1.,1.,1.,1.,1.,0.707106781186548,0.707990169467842,     1483P   2173
0.708849919049791,0.710106523985559,0.710519877049973,              1483P   2174
0.711335723796069,0.7117402695425,0.712919315264787,                1483P   2175
0.713659641729833,0.714706515259586,0.715044805668619,              1483P   2176
0.715700117183401,0.716017104047264,0.716917297787871,              1483P   2177
0.717457246854324,0.718422643878663,0.718850147214772,              1483P   2178
0.719559508717496,0.719846117196592,0.720175474828682,              1483P   2179
0.720268729305799,0.720418252253377,0.720474706786134,              1483P   2180
0.720590797924801,0.720597657250587,0.72049960022362,               1483P   2181
0.720448445663271,0.720311592473172,0.720225789819603,              1483P   2182
0.719916801394117,0.719642538474608,0.718948665480001,              1483P   2183
0.718539319362351,0.717833737756296,0.717583119524477,              1483P   2184
0.717049945685184,0.716765788104211,0.715876143775919,              1483P   2185
0.71523538246178,0.714201014509161,0.713843949513387,               1483P   2186
0.71310407319054,0.712720833806568,0.711555275208419,               1483P   2187
0.710749550694322,0.709913987128426,1.,1.,1.,1.,1.,1.,1.,1.,1.,     1483P   2188
1.,1.,1.,1.,1.,1.,1.,1.,1.,1.,1.,1.,1.,1.,1.,1.,1.,1.,1.,1.,1.,     1483P   2189
1.,1.,1.,1.,1.,1.,1.,1.,1.,1.,1.,1.,1.,1.,1.,1.,54.986602014,       1483P   2190
17.486602014,51.,55.041306602,17.541306602,51.000000008,            1483P   2191
55.095160748,17.595160748,51.007109131,55.174707268,                1483P   2192
17.674707268,51.027993657,55.201016329,17.701016329,                1483P   2193
51.036669848,55.25321455,17.75321455,51.057509798,55.279236837,     1483P   2194
17.779236837,51.069752039,55.355461418,17.855461418,                1483P   2195
51.111253888,55.403838979,17.903838979,51.145145229,                1483P   2196
55.472839272,17.972839272,51.205082153,55.495241267,                1483P   2197
17.995241267,51.226587377,55.538818419,18.038818419,                1483P   2198
51.272728492,55.559992421,18.059992421,51.297394833,                1483P   2199
55.620352396,18.120352396,51.374575698,55.656872348,                1483P   2200
18.156872348,51.430710918,55.722538095,18.222538095,                1483P   2201
51.552261039,55.751828652,18.251828652,51.618304316,                1483P   2202
55.800623894,18.300623894,51.754868327,55.820450332,                1483P   2203
18.320450332,51.825804225,55.843280618,18.343280618,                1483P   2204
51.936219447,55.849755835,18.349755835,51.973897992,                1483P   2205
55.860146177,18.360146177,52.049507195,55.864074086,                1483P   2206
18.364074086,52.087405073,55.872153526,18.372153526,                1483P   2207
52.201371363,55.872631785,18.372631785,52.277710147,                1483P   2208
55.865806288,18.365806288,52.392773517,55.862246284,                1483P   2209
18.362246284,52.431246236,55.852733256,18.352733256,                1483P   2210
52.506785918,55.846772987,18.346772987,52.544056254,                1483P   2211
55.825343716,18.325343716,52.654394811,55.806357125,                1483P   2212
18.306357125,52.72600339,55.758588713,18.258588713,                 1483P   2213
52.865155968,55.730515881,18.230515881,52.930612266,                1483P   2214
55.682467767,18.182467767,53.022668209,55.665451163,                1483P   2215
18.165451163,53.052337639,55.629384378,18.129384378,                1483P   2216
53.109611791,55.610226787,18.110226787,53.137351328,55.5504943,     1483P   2217
18.0504943,53.216170116,55.507782296,18.007782296,53.262879929,     1483P   2218
55.439494125,17.939494125,53.324423491,55.416023576,                1483P   2219
17.916023576,53.343508804,55.367631617,17.867631617,                1483P   2220
53.378749926,55.342684091,17.842684091,53.394895944,                1483P   2221
55.267201566,17.767201566,53.437922688,55.215532555,                1483P   2222
17.715532555,53.459830783,55.162533061,17.662533061,                1483P   2223
53.475029218,54.986602014,17.486602014,52.,54.997600378,            1483P   2224
17.497600378,51.997504564,55.008768201,17.508768201,                1483P   2225
51.996506694,55.025703585,17.525703585,51.997348968,                1483P   2226
55.031374508,17.531374508,51.998019853,55.042762745,                1483P   2227
17.542762745,52.000181557,55.048510209,17.548510209,                1483P   2228
52.001682856,55.065525869,17.565525869,52.007400699,                1483P   2229
55.076587762,17.576587762,52.012801296,55.092654776,                1483P   2230
17.592654776,52.023315766,55.097919042,17.597919042,                1483P   2231
52.027221214,55.108244657,17.608244657,52.035865038,                1483P   2232
55.113306839,17.613306839,52.040610478,55.127837129,                1483P   2233
17.627837129,52.055801838,55.136781017,17.636781017,                1483P   2234
52.067294405,55.15302664,17.65302664,52.092933805,55.16037153,      1483P   2235
17.66037153,52.107224536,55.172689487,17.672689487,                 1483P   2236
52.137322489,55.177745851,17.677745851,52.15321593,                 1483P   2237
55.183587532,17.683587532,52.178206155,55.185249126,                1483P   2238
17.685249126,52.186773774,55.18791865,17.68791865,52.204021907,     1483P   2239
55.188930061,17.688930061,52.212695239,55.191011113,                1483P   2240
17.691011113,52.238817509,55.191134733,17.691134733,                1483P   2241
52.256376634,55.189376146,17.689376146,52.282764572,55.1884591,     1483P   2242
17.6884591,52.291576146,55.18601362,17.68601362,52.308826374,       1483P   2243
55.184483081,17.684483081,52.317312558,55.178995135,                1483P   2244
17.678995135,52.34232696,55.174146623,17.674146623,                 1483P   2245
52.358411416,55.162070717,17.662070717,52.389169008,                1483P   2246
55.155019437,17.655019437,52.403382724,55.143111438,                1483P   2247
17.643111438,52.422887726,55.13891493,17.63891493,52.429091648,     1483P   2248
55.13008261,17.63008261,52.440881198,55.125420246,17.625420246,     1483P   2249
52.44649327,55.110991945,17.610991945,52.462132686,                 1483P   2250
55.100820371,17.600820371,52.470960708,55.08488108,17.58488108,     1483P   2251
52.481893527,55.079448708,17.579448708,52.485153011,                1483P   2252
55.068365092,17.568365092,52.490891357,55.062708277,                1483P   2253
17.562708277,52.493365835,55.045775646,17.545775646,                1483P   2254
52.499487157,55.034439416,17.534439416,52.501895376,                1483P   2255
55.023123676,17.523123676,52.502741113,54.279495233,                1483P   2256
18.193708795,52.,54.292274378,18.20295437,52.,54.304837334,         1483P   2257
18.212071735,52.001421826,54.323370084,18.22555972,                 1483P   2258
52.005598731,54.329495563,18.230024263,52.00733397,                 1483P   2259
54.341641155,18.238888834,52.011501959,54.347692194,                1483P   2260
18.243311516,52.013950408,54.365406281,18.256275895,                1483P   2261
52.022250778,54.376634635,18.26451668,52.029029046,                 1483P   2262
54.392633236,18.276284848,52.041016431,54.397824563,                1483P   2263
18.280108105,52.045317476,54.407917975,18.287549631,                1483P   2264
52.054545698,54.412819763,18.291167729,52.059478966,                1483P   2265
54.426786926,18.301487215,52.07491514,54.435229076,                 1483P   2266
18.307738419,52.086142184,54.450398808,18.318987402,                1483P   2267
52.110452208,54.457159701,18.324010096,52.123660863,                1483P   2268
54.468417574,18.332381977,52.150973666,54.472988923,                1483P   2269
18.33578625,52.165160845,54.478251636,18.339707389,                 1483P   2270
52.187243889,54.479743978,18.340819776,52.194779598,                1483P   2271
54.482138426,18.342604936,52.209901439,54.483043483,                1483P   2272
18.343279903,52.217481015,54.484905063,18.344668315,                1483P   2273
52.240274273,54.485015236,18.344750521,52.255542029,                1483P   2274
54.483442606,18.343577567,52.278554703,54.482622344,                1483P   2275
18.342965801,52.286249247,54.480430153,18.341331299,                1483P   2276
52.301357184,54.479056556,18.340307318,52.308811251,                1483P   2277
54.474117084,18.33662655,52.330878962,54.46973975,18.33336615,      1483P   2278
52.345200678,54.458719802,18.325169537,52.373031194,                1483P   2279
54.452240684,18.320355036,52.386122453,54.44114234,                 1483P   2280
18.312122772,52.404533642,54.437210452,18.309208432,                1483P   2281
52.410467528,54.428873201,18.30303467,52.421922358,                 1483P   2282
54.424442983,18.299756884,52.427470266,54.410623169,                1483P   2283
18.289542765,52.443234023,54.400732907,18.282246523,                1483P   2284
52.452575986,54.384902478,18.270597094,52.464884698,                1483P   2285
54.379458788,18.266595683,52.468701761,54.368228311,                1483P   2286
18.258351361,52.475749985,54.362435411,18.254104045,                1483P   2287
52.478979189,54.344897365,18.241262687,52.487584537,                1483P   2288
54.332878259,18.23248498,52.491966164,54.320533347,                 1483P   2289
18.223495796,52.495005844,0.00403975034565816,                      1483P   2290
0.00770072444543313,0.,1.;                                          1483P   2291
126,1,1,1,0,1,0,0.,0.,1.,1.,1.,1.,0.00403975,1.,0.,0.00403975,      1485P   2292
0.,0.,0.,1.,0.,0.,1.;                                               1485P   2293
126,5,3,1,0,1,0,0.,0.,0.,0.,0.5,0.5,1.,1.,1.,1.,1.,1.,1.,1.,1.,     1487P   2294
1.,54.279495175,18.193708753,52.,54.446161843,18.027042086,         1487P   2295
52.000000003,54.641423971,17.831779918,51.902368932,                1487P   2296
54.917566273,17.555637462,51.511844639,54.986601813,                1487P   2297
17.486601813,51.235702262,54.986601766,17.486601766,51.,0.,1.,      1487P   2298
-0.707106781,-0.707106781,2.8E-007;                                 1487P   2299
126,1,1,1,0,1,0,0.,0.,1.,1.,1.,1.,0.00403975,0.,0.,0.00431108,      1489P   2300
0.,0.,0.,1.,0.,0.,1.;                                               1489P   2301
126,3,3,1,0,1,0,0.,0.,0.,0.,1.,1.,1.,1.,1.,1.,1.,1.,                1491P   2302
54.986602014,17.486602014,51.,55.05104279,17.55104279,              1491P   2303
51.000113226,55.11473195,17.61473195,51.009948522,55.177669494,     1491P   2304
17.677669494,51.029505889,0.,1.,0.,0.,0.;                           1491P   2305
126,28,2,1,0,1,0,0.,0.,0.,0.125,0.125,0.1875,0.1875,0.25,0.25,      1493P   2306
0.375,0.375,0.40625,0.40625,0.4375,0.4375,0.4625,0.4625,            1493P   2307
0.48125,0.48125,0.5,0.5,0.5625,0.5625,0.625,0.625,0.75,0.75,        1493P   2308
0.875,0.875,1.,1.,1.,1.,1.,1.,1.,1.,1.,1.,1.,1.,1.,1.,1.,1.,1.,     1493P   2309
1.,1.,1.,1.,1.,1.,1.,1.,1.,1.,1.,1.,1.,1.,1.,0.00431108,            1493P   2310
3.34E-007,0.,0.004354646,0.140139968,0.,0.004424317,                1493P   2311
0.247453422,0.,0.004464102,0.308734084,0.,0.004513666,              1493P   2312
0.361657737,0.,0.004568775,0.420502044,0.,0.004639654,              1493P   2313
0.473020798,0.,0.004803761,0.594618383,0.,0.00506091,               1493P   2314
0.691636647,0.,0.005135304,0.719704461,0.,0.00522006,               1493P   2315
0.746841691,0.,0.005316457,0.777705748,0.,0.005409328,              1493P   2316
0.801953823,0.,0.005503303,0.826490379,0.,0.005594428,              1493P   2317
0.844872086,0.,0.0056873,0.863606069,0.,0.005767688,                1493P   2318
0.874067534,0.,0.005891205,0.890141618,0.,0.006006386,              1493P   2319
0.889326371,0.,0.00625721,0.887551042,0.,0.006588565,               1493P   2320
0.799580546,0.,0.006779006,0.749020992,0.,0.006934028,              1493P   2321
0.6895847,0.,0.007195308,0.589408833,0.,0.00735293,0.470768751,     1493P   2322
0.,0.00748316,0.372746362,0.,0.007565693,0.246575589,0.,            1493P   2323
0.007635367,0.140061507,0.,0.007678889,9.45E-007,0.,0.,1.,0.,       1493P   2324
0.,1.;                                                              1493P   2325
126,45,3,1,0,1,0,4.95536141880058E-017,4.95536141880058E-017,       1495P   2326
4.95536141880058E-017,4.95536141880058E-017,                        1495P   2327
0.000351460562757599,0.000351460562757599,0.000351460562757599,     1495P   2328
0.000711819616306294,0.000711819616306294,0.000711819616306294,     1495P   2329
0.00123028022621081,0.00123028022621081,0.00123028022621081,        1495P   2330
0.00142478738906446,0.00142478738906446,0.00142478738906446,        1495P   2331
0.0014609615508135,0.0014609615508135,0.0014609615508135,           1495P   2332
0.00149768304529074,0.00149768304529074,0.00149768304529074,        1495P   2333
0.00151706505057213,0.00151706505057213,0.00151706505057213,        1495P   2334
0.00153656291193341,0.00153656291193341,0.00153656291193341,        1495P   2335
0.00156295366883492,0.00156295366883492,0.00156295366883492,        1495P   2336
0.00164240140334956,0.00164240140334956,0.00164240140334956,        1495P   2337
0.00173536714096375,0.00173536714096375,0.00173536714096375,        1495P   2338
0.0021079420968022,0.0021079420968022,0.0021079420968022,           1495P   2339
0.00248539013448437,0.00248539013448437,0.00248539013448437,        1495P   2340
0.00286180267169163,0.00286180267169163,0.00286180267169163,        1495P   2341
0.00304453228536809,0.00304453228536809,0.00304453228536809,        1495P   2342
0.00304453228536809,1.,1.,1.,1.,1.,1.,1.,1.,1.,1.,1.,1.,1.,1.,      1495P   2343
1.,1.,1.,1.,1.,1.,1.,1.,1.,1.,1.,1.,1.,1.,1.,1.,1.,1.,1.,1.,1.,     1495P   2344
1.,1.,1.,1.,1.,1.,1.,1.,1.,1.,1.,55.17766953,17.67766953,           1495P   2345
51.029506382,55.177669492,17.677669568,51.146659903,                1495P   2346
55.163386807,17.691952252,51.265248954,55.136705473,                1495P   2347
17.718633586,51.376159551,55.109324134,17.746014925,                1495P   2348
51.489979973,55.068255902,17.787083157,51.598460005,                1495P   2349
55.017868265,17.837470795,51.695293553,54.945640843,                1495P   2350
17.909698216,51.834098186,54.851852519,18.003486541,                1495P   2351
51.950470424,54.753885104,18.101453955,52.052964807,                1495P   2352
54.716836276,18.138502784,52.091725623,54.678148443,                1495P   2353
18.177190616,52.127823581,54.643889711,18.211449348,                1495P   2354
52.171416135,54.6375068,18.217832259,52.179538076,54.631318808,     1495P   2355
18.224020251,52.188033359,54.625729005,18.229610054,                1495P   2356
52.197250585,54.620093814,18.235245245,52.206542653,                1495P   2357
54.614914911,18.240424148,52.216791763,54.61170893,                 1495P   2358
18.243630129,52.228162632,54.610006124,18.245332935,                1495P   2359
52.234202089,54.608881909,18.24645715,52.240686186,                 1495P   2360
54.608639257,18.246699802,52.24717898,54.608395546,                 1495P   2361
18.246943513,52.253700098,54.609051161,18.246287898,                1495P   2362
52.260366765,54.610405657,18.244933402,52.266609717,                1495P   2363
54.612238694,18.243100365,52.275058288,54.615317606,                1495P   2364
18.240021453,52.282995345,54.618871165,18.236467894,                1495P   2365
52.290264653,54.629492274,18.225846785,52.311991634,                1495P   2366
54.644057175,18.211281884,52.329543154,54.658520908,                1495P   2367
18.196818151,52.34625478,54.675519241,18.179819818,                 1495P   2368
52.365894923,54.693252465,18.162086595,52.384239284,                1495P   2369
54.710964959,18.1443741,52.402573867,54.781865813,18.073473246,     1495P   2370
52.475964859,54.852678603,18.002660456,52.550902613,                1495P   2371
54.915295518,17.940043541,52.638071091,54.978416715,                1495P   2372
17.876922345,52.725941573,55.034431371,17.820907688,                1495P   2373
52.826256812,55.077492695,17.777846365,52.935715651,                1495P   2374
55.120329223,17.735009837,53.044603074,55.151241458,                1495P   2375
17.704097602,53.165000322,55.166412642,17.688926418,                1495P   2376
53.287744274,55.173857557,17.681481502,53.34797809,                 1495P   2377
55.177669474,17.677669586,53.409346361,55.17766953,17.67766953,     1495P   2378
53.470493448,4.95536141880058E-017,0.00304453228536809,             1495P   2379
0.707106781,0.707106781,0.;                                         1495P   2380
126,10,2,1,0,1,0,0.,0.,0.,0.25,0.25,0.5,0.5,0.75,0.75,0.875,        1497P   2381
0.875,1.,1.,1.,1.,1.,1.,1.,1.,1.,1.,1.,1.,1.,1.,0.007678889,        1497P   2382
9.28E-007,0.,0.007631819,0.151447941,0.,0.007553367,                1497P   2383
0.265151342,0.,0.007459343,0.401424793,0.,0.007306395,              1497P   2384
0.506928028,0.,0.007124901,0.63212233,0.,0.00681823,                1497P   2385
0.745530072,0.,0.006654845,0.805950565,0.,0.006442662,              1497P   2386
0.870285684,0.,0.006294086,0.915334949,0.,0.005994999,1.,0.,0.,     1497P   2387
1.,0.,0.,-1.;                                                       1497P   2388
126,15,3,1,0,1,0,0.,0.,0.,0.,0.125000000000001,                     1499P   2389
0.125000000000001,0.250000000000001,0.250000000000001,              1499P   2390
0.375000000000002,0.375000000000002,0.500000000000003,              1499P   2391
0.500000000000003,0.750000000000001,0.750000000000001,              1499P   2392
0.875000000000001,0.875000000000001,1.,1.,1.,1.,1.,1.,1.,1.,1.,     1499P   2393
1.,1.,1.,1.,1.,1.,1.,1.,1.,1.,1.,55.177669738,17.677669738,         1499P   2394
53.470493407,55.177671763,17.677671894,53.397694571,                1499P   2395
55.172310142,17.68320118,53.326026517,55.152812135,                 1499P   2396
17.702655795,53.190677297,55.141991662,17.713300743,                1499P   2397
53.138548669,55.102547329,17.752493263,52.999436608,                1499P   2398
55.078470931,17.776336094,52.934972499,55.025855827,                1499P   2399
17.828255321,52.818594585,55.002684138,17.851006411,                1499P   2400
52.775234683,54.900283577,17.951017896,52.612100542,                1499P   2401
54.827321611,18.021563379,52.52930988,54.7051516,18.137967115,      1499P   2402
52.415972604,54.64899216,18.191041733,52.370246179,                 1499P   2403
54.586986841,18.249295422,52.322688355,54.542114861,                1499P   2404
18.291322781,52.2899326,54.484680946,18.344501179,52.250000038,     1499P   2405
0.,1.,-0.704140853,-0.71006032,-4.0605E-005;                        1499P   2406
126,1,1,1,0,1,0,0.,0.,1.,1.,1.,1.,0.005994999,1.,0.,0.00403975,     1501P   2407
1.,0.,0.,1.,0.,0.,1.;                                               1501P   2408
126,3,3,1,0,1,0,0.,0.,0.,0.,1.,1.,1.,1.,1.,1.,1.,1.,                1503P   2409
54.484679127,18.344499855,52.25,54.484679127,18.344499855,          1503P   2410
52.129854657,54.38061963,18.265680767,52.,54.279495228,             1503P   2411
18.1937088,52.,0.,1.,0.603790211,-0.797143262,0.;                   1503P   2412
102,5,1485,1489,1493,1497,1501;                                     1505P   2413
102,5,1487,1491,1495,1499,1503;                                     1507P   2414
142,1,1483,1505,1507,1;                                             1509P   2415
144,1483,1,0,1509;                                                  1511P   2416
128,3,3,3,3,0,0,0,0,0,0.0631414565279916,0.0631414565279916,        1513P   2417
0.0631414565279916,0.0631414565279916,0.936858543931878,            1513P   2418
0.936858543931878,0.936858543931878,0.936858543931878,0.,0.,0.,     1513P   2419
0.,1.,1.,1.,1.,0.956578302468712,0.769794770196759,                 1513P   2420
0.76979477029507,0.956578302763645,0.7697947704306,                 1513P   2421
0.619482991484299,0.619482991563414,0.769794770667944,              1513P   2422
0.7697947704306,0.619482991484299,0.619482991563414,                1513P   2423
0.769794770667944,0.956578302468712,0.769794770196759,              1513P   2424
0.76979477029507,0.956578302763645,55.17766953,17.67766953,         1513P   2425
53.75,55.17766953,17.67766953,53.896446609,55.104446225,            1513P   2426
17.604446225,54.,55.000892834,17.500892834,54.,55.902543264,        1513P   2427
16.952795795,53.75,55.963203435,16.892135624,53.896446609,          1513P   2428
55.93287335,16.7760191,54.,55.829319959,16.67246571,54.,            1513P   2429
56.415106397,16.440232663,53.025126265,56.518659788,                1513P   2430
16.336679272,53.110912703,56.518659787,16.190232662,                1513P   2431
53.171572875,56.415106396,16.086679272,53.171572875,                1513P   2432
56.415106397,16.440232663,52.,56.518659788,16.336679272,52.,        1513P   2433
56.518659787,16.190232662,52.,56.415106396,16.086679272,52.,        1513P   2434
0.0631414565279916,0.936858543931878,0.,1.;                         1513P   2435
126,1,1,1,0,1,0,0.,0.,1.,1.,1.,1.,0.936858544,1.,0.,                1515P   2436
0.063141457,1.,0.,0.,1.,0.,0.,1.;                                   1515P   2437
100,52.,56.238329701,16.263455967,56.415106397,16.086679272,        1517P   2438
56.415106396,16.440232662;                                          1517P   2439
126,1,1,1,0,1,0,0.,0.,1.,1.,1.,1.,0.063141457,1.,0.,                1519P   2440
0.063141457,0.,0.,0.,1.,0.,0.,1.;                                   1519P   2441
126,5,3,1,0,1,0,0.,0.,0.,0.,0.5,0.5,1.,1.,1.,1.,1.,1.,1.,1.,1.,     1521P   2442
1.,56.415106397,16.440232663,52.,56.414928336,16.440410724,         1521P   2443
52.430186436,56.295099654,16.560239406,52.894804334,                1521P   2444
55.810239406,17.045099654,53.5800694,55.480903563,17.374435496,     1521P   2445
53.749748974,55.17766953,17.67766953,53.75,0.,1.,0.707106781,       1521P   2446
0.707106781,0.;                                                     1521P   2447
126,1,1,1,0,1,0,0.,0.,1.,1.,1.,1.,0.063141457,0.,0.,                1523P   2448
0.936858544,0.,0.,0.,1.,0.,0.,1.;                                   1523P   2449
126,3,3,1,0,0,0,0.0631414570001081,0.0631414570001081,              1525P   2450
0.0631414570001081,0.0631414570001081,0.936858543000048,            1525P   2451
0.936858543000048,0.936858543000048,0.936858543000048,              1525P   2452
0.956578302165924,0.769794770395968,0.769794770396001,              1525P   2453
0.956578302166025,55.17766953,17.67766953,53.75,55.17766953,        1525P   2454
17.67766953,53.896446609,55.104446225,17.604446225,54.,             1525P   2455
55.000892835,17.500892835,54.,0.0631414570001081,                   1525P   2456
0.936858543000048,-0.707106781,0.707106781,0.;                      1525P   2457
126,1,1,1,0,1,0,0.,0.,1.,1.,1.,1.,0.936858544,0.,0.,                1527P   2458
0.936858544,1.,0.,0.,1.,0.,0.,1.;                                   1527P   2459
124,1.42663658664333E-014,0.707106781186432,0.707106781186663,      1529P   2460
5.85634021270987,-1.4432899320127E-014,-0.707106781186663,          1529P   2461
0.707106781186432,-6.89365978704435,1.,-2.02615701994091E-014,      1529P   2462
6.12303176911189E-017,-3.00089283453085;                            1529P   2463
100,52.,55.000892835,17.500892835,57.000892834,17.500892835,        1531P   2464
55.000892835,19.500892835;                                          1531P   2465
102,4,1515,1519,1523,1527;                                          1533P   2466
102,4,1517,1521,1525,1531;                                          1535P   2467
142,1,1513,1533,1535,1;                                             1537P   2468
144,1513,1,0,1537;                                                  1539P   2469
128,21,27,3,3,0,0,1,0,0,0.453397881240052,0.453397881240052,        1541P   2470
0.453397881240052,0.453397881240052,0.521723146085046,              1541P   2471
0.521723146085046,0.521723146085046,0.590048410930039,              1541P   2472
0.590048410930039,0.590048410930039,0.658373675775032,              1541P   2473
0.658373675775032,0.658373675775032,0.726698940620026,              1541P   2474
0.726698940620026,0.726698940620026,0.79502420546502,               1541P   2475
0.79502420546502,0.79502420546502,0.863349470310013,                1541P   2476
0.863349470310013,0.863349470310013,1.,1.,1.,1.,0.,0.,0.,0.,        1541P   2477
0.12575098652467,0.12575098652467,0.12575098652467,                 1541P   2478
0.251501973049339,0.251501973049339,0.251501973049339,              1541P   2479
0.377252959574009,0.377252959574009,0.377252959574009,              1541P   2480
0.503003946098679,0.503003946098679,0.503003946098679,              1541P   2481
0.628754932623349,0.628754932623349,0.628754932623349,              1541P   2482
0.754505919148018,0.754505919148018,0.754505919148018,              1541P   2483
0.880256905672688,0.880256905672688,0.880256905672688,              1541P   2484
0.943132398935023,0.943132398935023,0.943132398935023,              1541P   2485
1.00600789219736,1.00600789219736,1.00600789219736,                 1541P   2486
1.00600789219736,1.,1.,1.,1.,1.,1.,1.,1.,1.,1.,1.,1.,1.,1.,1.,      1541P   2487
1.,1.,1.,1.,1.,1.,1.,1.,1.,1.,1.,1.,1.,1.,1.,1.,1.,1.,1.,1.,1.,     1541P   2488
1.,1.,1.,1.,1.,1.,1.,1.,1.,1.,1.,1.,1.,1.,1.,1.,1.,1.,1.,1.,1.,     1541P   2489
1.,1.,1.,1.,1.,1.,1.,1.,1.,1.,1.,1.,1.,1.,1.,1.,1.,1.,1.,1.,1.,     1541P   2490
1.,1.,1.,1.,1.,1.,1.,1.,1.,1.,1.,1.,1.,1.,1.,1.,1.,1.,1.,1.,1.,     1541P   2491
1.,1.,1.,1.,1.,1.,1.,1.,1.,1.,1.,1.,1.,1.,1.,1.,1.,1.,1.,1.,1.,     1541P   2492
1.,1.,1.,1.,1.,1.,1.,1.,1.,1.,1.,1.,1.,1.,1.,1.,1.,1.,1.,1.,1.,     1541P   2493
1.,1.,1.,1.,1.,1.,1.,1.,1.,1.,1.,1.,1.,1.,1.,1.,1.,1.,1.,1.,1.,     1541P   2494
1.,1.,1.,1.,1.,1.,1.,1.,1.,1.,1.,1.,1.,1.,1.,1.,1.,1.,1.,1.,1.,     1541P   2495
1.,1.,1.,1.,1.,1.,1.,1.,1.,1.,1.,1.,1.,1.,1.,1.,1.,1.,1.,1.,1.,     1541P   2496
1.,1.,1.,1.,1.,1.,1.,1.,1.,1.,1.,1.,1.,1.,1.,1.,1.,1.,1.,1.,1.,     1541P   2497
1.,1.,1.,1.,1.,1.,1.,1.,1.,1.,1.,1.,1.,1.,1.,1.,1.,1.,1.,1.,1.,     1541P   2498
1.,1.,1.,1.,1.,1.,1.,1.,1.,1.,1.,1.,1.,1.,1.,1.,1.,1.,1.,1.,1.,     1541P   2499
1.,1.,1.,1.,1.,1.,1.,1.,1.,1.,1.,1.,1.,1.,1.,1.,1.,1.,1.,1.,1.,     1541P   2500
1.,1.,1.,1.,1.,1.,1.,1.,1.,1.,1.,1.,1.,1.,1.,1.,1.,1.,1.,1.,1.,     1541P   2501
1.,1.,1.,1.,1.,1.,1.,1.,1.,1.,1.,1.,1.,1.,1.,1.,1.,1.,1.,1.,1.,     1541P   2502
1.,1.,1.,1.,1.,1.,1.,1.,1.,1.,1.,1.,1.,1.,1.,1.,1.,1.,1.,1.,1.,     1541P   2503
1.,1.,1.,1.,1.,1.,1.,1.,1.,1.,1.,1.,1.,1.,1.,1.,1.,1.,1.,1.,1.,     1541P   2504
1.,1.,1.,1.,1.,1.,1.,1.,1.,1.,1.,1.,1.,1.,1.,1.,1.,1.,1.,1.,1.,     1541P   2505
1.,1.,1.,1.,1.,1.,1.,1.,1.,1.,1.,1.,1.,1.,1.,1.,1.,1.,1.,1.,1.,     1541P   2506
1.,1.,1.,1.,1.,1.,1.,1.,1.,1.,1.,1.,1.,1.,1.,1.,1.,1.,1.,1.,1.,     1541P   2507
1.,1.,1.,1.,1.,1.,1.,1.,1.,1.,1.,1.,1.,1.,1.,1.,1.,1.,1.,1.,1.,     1541P   2508
1.,1.,1.,1.,1.,1.,1.,1.,1.,1.,1.,1.,1.,1.,1.,1.,1.,1.,1.,1.,1.,     1541P   2509
1.,1.,1.,1.,1.,1.,1.,1.,1.,1.,1.,1.,1.,1.,1.,1.,1.,1.,1.,1.,1.,     1541P   2510
1.,1.,1.,1.,1.,1.,1.,1.,1.,1.,1.,1.,1.,1.,1.,1.,1.,1.,1.,1.,1.,     1541P   2511
1.,1.,1.,1.,1.,1.,1.,1.,1.,1.,1.,1.,1.,1.,1.,1.,1.,1.,1.,1.,1.,     1541P   2512
1.,1.,1.,1.,1.,1.,1.,1.,1.,1.,1.,1.,1.,1.,1.,1.,1.,1.,1.,1.,1.,     1541P   2513
1.,1.,1.,1.,1.,1.,1.,1.,1.,1.,1.,1.,1.,1.,1.,1.,1.,1.,1.,1.,1.,     1541P   2514
1.,1.,1.,1.,1.,1.,1.,1.,1.,1.,1.,1.,1.,1.,1.,1.,1.,1.,1.,1.,1.,     1541P   2515
1.,1.,1.,1.,1.,1.,1.,1.,1.,1.,1.,1.,1.,35.821834555,                1541P   2516
0.252790377,52.000015573,35.919259429,0.233305402,51.999798078,     1541P   2517
36.017723904,0.213612507,52.001888175,36.11320131,0.194517025,      1541P   2518
52.006234458,36.208678716,0.175421544,52.010580741,                 1541P   2519
36.301099063,0.156937475,52.017177931,36.387038467,0.139749595,     1541P   2520
52.025623424,36.47297787,0.122561714,52.034068917,36.552403243,     1541P   2521
0.106676638,52.044350783,36.623281038,0.09250108,52.055850341,      1541P   2522
36.694158833,0.078325522,52.067349898,36.756498686,0.065857549,     1541P   2523
52.080055449,36.809825865,0.055192114,52.093315962,                 1541P   2524
36.863153043,0.04452668,52.106576475,36.907502011,0.035656883,      1541P   2525
52.1203852,36.943602623,0.028436763,52.134199603,36.979703234,      1541P   2526
0.021216643,52.148014005,37.007592054,0.015638874,52.161832686,     1541P   2527
37.028652203,0.011426847,52.175281524,37.0707725,0.003002792,       1541P   2528
52.202179199,37.0857865,0.,52.22753926,37.085786438,0.,52.25,       1541P   2529
35.863917948,0.294868528,52.000485258,35.960176076,0.274286502,     1541P   2530
51.996973576,36.05760412,0.252849698,51.996010255,36.152171874,     1541P   2531
0.231568142,51.997801329,36.246739627,0.210286587,51.999592404,     1541P   2532
36.338374609,0.189182815,52.004137222,36.423635889,0.169229461,     1541P   2533
52.011138101,36.508897169,0.149276107,52.018138979,                 1541P   2534
36.587751403,0.130486185,52.027581491,36.658145661,0.113528124,     1541P   2535
52.038792692,36.728539919,0.096570063,52.050003893,                 1541P   2536
36.790483688,0.081444587,52.062966894,36.843483551,0.068412793,     1541P   2537
52.076878471,36.896483414,0.055381,52.090790048,36.940573769,       1541P   2538
0.044435028,52.105638952,36.97646808,0.035488235,52.120707879,      1541P   2539
37.012362392,0.026541442,52.135776807,37.040097213,0.019583951,     1541P   2540
52.151062099,37.061042161,0.014320099,52.166043481,                 1541P   2541
37.102932055,0.003792396,52.196006247,37.117867753,-4E-009,         1541P   2542
52.224668499,37.117868317,0.,52.25,35.907600369,0.338605152,        1541P   2543
51.995629273,36.002539309,0.316356851,51.988985373,                 1541P   2544
36.098796703,0.292661111,51.985218757,36.192336888,0.268763357,     1541P   2545
51.984753456,36.285877074,0.244865603,51.984288155,                 1541P   2546
36.376625186,0.220796882,51.987126435,36.461120882,0.197817167,     1541P   2547
51.993030748,36.545616579,0.174837451,51.99893506,36.623826222,     1541P   2548
0.1529651,52.007887563,36.693674863,0.13310733,52.019131057,        1541P   2549
36.763523505,0.113249561,52.030374552,36.825020465,0.095408663,     1541P   2550
52.043887069,36.877651148,0.079983533,52.058703812,                 1541P   2551
36.930281831,0.064558404,52.073520556,36.974080558,0.051539715,     1541P   2552
52.089626392,37.009742256,0.040878595,52.106134357,                 1541P   2553
37.045403954,0.030217476,52.122642322,37.07296516,0.021901524,      1541P   2554
52.139547041,37.093780238,0.015604599,52.156192569,                 1541P   2555
37.135410393,0.003010749,52.189483624,37.150258135,                 1541P   2556
-0.001547276,52.221629737,37.150259112,-0.001547268,52.25,          1541P   2557
35.951842804,0.382972692,51.984421251,36.045396584,0.358493126,     1541P   2558
51.975020205,36.140428322,0.332070022,51.968885928,                 1541P   2559
36.232894175,0.305191411,51.966611586,36.325360029,0.278312799,     1541P   2560
51.964337245,36.415182953,0.251017418,51.965926644,                 1541P   2561
36.498881089,0.224832383,51.971163036,36.582579225,0.198647348,     1541P   2562
51.976399429,36.660118625,0.173595209,51.985261301,                 1541P   2563
36.729400528,0.150789727,51.996889035,36.798682432,0.127984244,     1541P   2564
52.008516768,36.859715988,0.107428485,52.022883792,                 1541P   2565
36.911964051,0.089629994,52.038864585,36.964212114,0.071831502,     1541P   2566
52.054845378,37.007708937,0.056779289,52.072421563,                 1541P   2567
37.043129927,0.044443525,52.090547451,37.078550917,0.032107762,     1541P   2568
52.108673339,37.105932604,0.022473695,52.127342269,                 1541P   2569
37.126613423,0.01517629,52.145775436,37.167975061,0.000581478,      1541P   2570
52.18264177,37.182732176,-0.004710481,52.21843692,37.182733394,     1541P   2571
-0.00471045,52.25,35.996085238,0.427340233,51.973213229,            1541P   2572
36.088253858,0.400629402,51.961055037,36.18205994,0.371478933,      1541P   2573
51.9525531,36.273451463,0.341619464,51.948469717,36.364842985,      1541P   2574
0.311759995,51.944386335,36.45374072,0.281237954,51.944726852,      1541P   2575
36.536641295,0.2518476,51.949295325,36.619541871,0.222457245,       1541P   2576
51.953863798,36.696411029,0.194225318,51.96263504,36.765126194,     1541P   2577
0.168472123,51.974647012,36.833841358,0.142718927,51.986658984,     1541P   2578
36.89441151,0.119448307,52.001880516,36.946276954,0.099276454,      1541P   2579
52.019025358,36.998142398,0.079104601,52.036170201,                 1541P   2580
37.041337317,0.062018863,52.055216734,37.076517599,0.048008455,     1541P   2581
52.074960545,37.111697881,0.033998048,52.094704356,                 1541P   2582
37.138900049,0.023045867,52.115137496,37.159446609,0.01474798,      1541P   2583
52.135358303,37.20053973,-0.001847793,52.175799916,                 1541P   2584
37.215206217,-0.007873686,52.215244102,37.215207676,                1541P   2585
-0.007873633,52.25,36.040878305,0.472329547,51.955631814,           1541P   2586
36.131596851,0.4428218,51.941096437,36.224123276,0.410475957,       1541P   2587
51.930666356,36.314394586,0.377271716,51.925224172,                 1541P   2588
36.404665895,0.344067476,51.919781989,36.492600882,0.310058125,     1541P   2589
51.919333234,36.574672551,0.277284456,51.923663779,36.65674422,     1541P   2590
0.244510787,51.927994325,36.73291799,0.213002585,51.937075069,      1541P   2591
36.801045698,0.18425436,51.949823709,36.869173406,0.155506135,      1541P   2592
51.962572349,36.929263863,0.129521729,51.978953592,                 1541P   2593
36.980733487,0.106996871,51.997521493,37.03220311,0.084472013,      1541P   2594
52.016089394,37.075086018,0.065392196,52.036819726,                 1541P   2595
37.110017628,0.049747011,52.058360358,37.144949239,0.034101826,     1541P   2596
52.07990099,37.171966073,0.021871992,52.102243113,37.192374051,     1541P   2597
0.012606297,52.12437504,37.233190006,-0.005925092,52.168638896,     1541P   2598
37.247763231,-0.012653192,52.211897256,37.247764759,-0.0126531,     1541P   2599
52.25,36.084836367,0.516560138,51.931216477,36.174184759,           1541P   2600
0.483796944,51.914859942,36.265502656,0.447915721,51.903076255,     1541P   2601
36.35471584,0.41112854,51.896822569,36.443929024,0.374341359,       1541P   2602
51.890568883,36.530954643,0.336707163,51.889850169,                 1541P   2603
36.612243321,0.300479921,51.894407817,36.693532,0.264252678,        1541P   2604
51.898965465,36.769048856,0.229464308,51.908766738,                 1541P   2605
36.836621566,0.197749129,51.922604234,36.904194276,0.16603395,      1541P   2606
51.936441729,36.963831495,0.137395397,51.954276655,37.0149271,      1541P   2607
0.112583319,51.974512741,37.066022706,0.087771242,51.994748828,     1541P   2608
37.108610757,0.066769321,52.01735978,37.143307356,0.049553579,      1541P   2609
52.040860328,37.178003954,0.032337836,52.064360876,37.20484562,     1541P   2610
0.018887054,52.088741635,37.225122613,0.008697866,52.112894475,     1541P   2611
37.265676598,-0.01168051,52.161200154,37.280161775,-0.01907322,     1541P   2612
52.208415786,37.280163252,-0.019073064,52.25,36.128794429,          1541P   2613
0.560790729,51.906801141,36.216772667,0.524772088,51.888623447,     1541P   2614
36.306882035,0.485355486,51.875486155,36.395037094,0.444985364,     1541P   2615
51.868420966,36.483192153,0.404615242,51.861355777,                 1541P   2616
36.569308403,0.363356202,51.860367103,36.649814091,0.323675386,     1541P   2617
51.865151854,36.730319779,0.28399457,51.869936604,36.805179722,     1541P   2618
0.24592603,51.880458407,36.872197434,0.211243897,51.895384758,      1541P   2619
36.939215147,0.176561765,51.910311109,36.998399127,0.145269066,     1541P   2620
51.929599718,37.049120714,0.118169768,51.95150399,37.099842302,     1541P   2621
0.09107047,51.973408263,37.142135497,0.068146446,51.997899834,      1541P   2622
37.176597084,0.049360146,52.023360298,37.21105867,0.030573846,      1541P   2623
52.048820762,37.237725167,0.015902117,52.075240158,                 1541P   2624
37.257871175,0.004789436,52.10141391,37.29816319,-0.017435927,      1541P   2625
52.153761413,37.31256032,-0.025493248,52.204934315,                 1541P   2626
37.312561745,-0.025493028,52.25,36.17189876,0.604244007,            1541P   2627
51.87553962,36.258590051,0.564513674,51.856100961,36.347564565,     1541P   2628
0.52122417,51.842187363,36.434725608,0.477035095,51.834859826,      1541P   2629
36.52188665,0.43284602,51.827532289,36.60714841,0.387826443,        1541P   2630
51.826793938,36.68691819,0.344623232,51.832271389,36.76668797,      1541P   2631
0.301420021,51.83774884,36.840930308,0.260068468,51.849402369,      1541P   2632
36.907426123,0.222448229,51.86576982,36.973921938,0.184827991,      1541P   2633
51.882137271,37.032679581,0.150941289,51.90317347,37.083049293,     1541P   2634
0.121620916,51.926990984,37.133419005,0.092300544,51.950808498,     1541P   2635
37.175434728,0.067526608,51.977377425,37.209675136,0.047234122,     1541P   2636
52.004960829,37.243915544,0.026941637,52.032544232,                 1541P   2637
37.270417153,0.011105754,52.061131857,37.290439856,                 1541P   2638
-0.000886045,52.089436261,37.330485262,-0.024869642,                1541P   2639
52.146045069,37.344799602,-0.033553956,52.201318277,                1541P   2640
37.344800857,-0.033553649,52.25,36.21263063,0.645397137,            1541P   2641
51.837799743,36.298288443,0.601697151,51.817728457,                 1541P   2642
36.386345803,0.554384683,51.803648501,36.472699646,0.506304594,     1541P   2643
51.796616263,36.559053488,0.458224505,51.789584026,                 1541P   2644
36.643617135,0.409449202,51.789601133,36.722783449,0.362769978,     1541P   2645
51.796211483,36.801949763,0.316090755,51.802821834,                 1541P   2646
36.875683058,0.271543613,51.815982876,36.94174753,0.231084554,      1541P   2647
51.8341077,37.007812002,0.190625496,51.852232523,37.066215868,      1541P   2648
0.154255832,51.875273644,37.116293048,0.122818789,51.901216471,     1541P   2649
37.166370229,0.091381745,51.927159298,37.2081546,0.064855833,       1541P   2650
51.955972778,37.242210387,0.043140339,51.985816603,                 1541P   2651
37.276266174,0.021424846,52.015660427,37.302629876,0.004493468,     1541P   2652
52.046524207,37.322549397,-0.008324705,52.077050201,                1541P   2653
37.36238844,-0.033961051,52.13810219,37.376633361,-0.043231124,     1541P   2654
52.197591898,37.376634387,-0.043230712,52.25,36.253362499,          1541P   2655
0.686550267,51.800059866,36.337986835,0.638880628,51.779355952,     1541P   2656
36.425127041,0.587545196,51.765109639,36.510673683,0.535574093,     1541P   2657
51.758372701,36.596220326,0.483602991,51.751635762,                 1541P   2658
36.680085859,0.431071961,51.752408328,36.758648708,0.380916725,     1541P   2659
51.760151578,36.837211556,0.330761488,51.767894828,                 1541P   2660
36.910435807,0.283018759,51.782563383,36.976068936,0.23972088,      1541P   2661
51.802445579,37.041702066,0.196423,51.822327775,37.099752155,       1541P   2662
0.157570375,51.847373818,37.149536804,0.124016661,51.875441958,     1541P   2663
37.199321452,0.090462947,51.903510098,37.240874472,0.062185058,     1541P   2664
51.934568132,37.274745638,0.039046557,51.966672377,                 1541P   2665
37.308616804,0.015908055,51.998776622,37.334842598,                 1541P   2666
-0.002118817,52.031916557,37.354658938,-0.015763365,                1541P   2667
52.064664142,37.394291617,-0.04305246,52.130159312,                 1541P   2668
37.408467121,-0.052908293,52.193865518,37.408467916,                1541P   2669
-0.052907775,52.25,36.291699705,0.725380984,51.755847172,           1541P   2670
36.375548245,0.673488372,51.73513951,36.461992139,0.617983581,      1541P   2671
51.721336634,36.546920848,0.562052224,51.71545226,36.631849556,     1541P   2672
0.506120866,51.709567885,36.715175113,0.449840907,51.711600436,     1541P   2673
36.79326829,0.396257486,51.720916206,36.871361467,0.342674065,      1541P   2674
51.730231976,36.944186178,0.291824088,51.746783277,                 1541P   2675
37.009479236,0.245787313,51.768738667,37.074772295,0.199750539,     1541P   2676
51.790694057,37.132541658,0.158526361,51.818001995,                 1541P   2677
37.182093489,0.122960633,51.848407243,37.23164532,0.087394904,      1541P   2678
51.878812491,37.273013358,0.057463108,51.912282076,                 1541P   2679
37.306736646,0.032984866,51.94678407,37.340459935,0.008506624,      1541P   2680
51.981286064,37.366574926,-0.010547038,52.016809974,                1541P   2681
37.386308295,-0.024965186,52.051870004,37.425775033,                1541P   2682
-0.053801484,52.121990063,37.439894535,-0.064201838,                1541P   2683
52.190028879,37.43989504,-0.064201197,52.25,36.326305736,           1541P   2684
0.760538801,51.706413662,36.409773495,0.704405732,51.686253786,     1541P   2685
36.495860763,0.644784506,51.673413631,36.58046369,0.584987392,      1541P   2686
51.668847233,36.665066618,0.525190278,51.664280835,                 1541P   2687
36.748097313,0.465296601,51.667984927,36.825928723,0.40843334,      1541P   2688
51.679226926,36.903760134,0.351570078,51.690468925,                 1541P   2689
36.976356084,0.297774101,51.709199336,37.041451692,0.249153031,     1541P   2690
51.733475006,37.106547301,0.200531961,51.757750675,                 1541P   2691
37.164150424,0.157084229,51.787518749,37.213563149,0.119637575,     1541P   2692
51.82042345,37.262975873,0.08219092,51.853328152,37.304231856,      1541P   2693
0.050719578,51.88933599,37.337865105,0.024996271,51.926339476,      1541P   2694
37.371498355,-0.000727036,51.963342962,37.397545272,                1541P   2695
-0.020732308,52.001331717,37.417227545,-0.035866887,                1541P   2696
52.038772144,37.456592091,-0.066136046,52.113652998,                1541P   2697
37.470676711,-0.077038515,52.186109995,37.470676927,                1541P   2698
-0.077037752,52.25,36.360911767,0.795696619,51.656980153,           1541P   2699
36.443998745,0.735323091,51.637368061,36.529729387,0.671585432,     1541P   2700
51.625490628,36.614006533,0.607922561,51.622242207,                 1541P   2701
36.698283679,0.544259689,51.618993785,36.781019513,0.480752295,     1541P   2702
51.624369418,36.858589157,0.420609193,51.637537646,                 1541P   2703
36.936158801,0.36046609,51.650705874,37.00852599,0.303724115,       1541P   2704
51.671615395,37.073424149,0.252518748,51.698211344,                 1541P   2705
37.138322308,0.201313382,51.724807293,37.19575919,0.155642097,      1541P   2706
51.757035503,37.245032808,0.116314517,51.792439658,                 1541P   2707
37.294306426,0.076986936,51.827843813,37.335450354,0.043976048,     1541P   2708
51.866389904,37.368993565,0.017007676,51.905894882,                 1541P   2709
37.402536775,-0.009960696,51.94539986,37.428515618,                 1541P   2710
-0.030917578,51.98585346,37.448146795,-0.046768588,                 1541P   2711
52.025674284,37.487409149,-0.078470608,52.105315933,                1541P   2712
37.501458886,-0.089875192,52.18219111,37.501458815,                 1541P   2713
-0.089874307,52.25,36.391770476,0.827165128,51.602349356,           1541P   2714
36.474874333,0.76253818,51.583832687,36.560590146,0.6947401,        1541P   2715
51.573433965,36.644835369,0.62730819,51.571966255,36.729080592,     1541P   2716
0.559876281,51.570498546,36.811767977,0.49289174,51.577955205,      1541P   2717
36.889284784,0.429618068,51.593401763,36.96680159,0.366344396,      1541P   2718
51.608848321,37.039111544,0.306818168,51.632232164,                 1541P   2719
37.103955453,0.253183427,51.661394613,37.168799363,0.199548685,     1541P   2720
51.690557062,37.226184898,0.151801988,51.725443064,                 1541P   2721
37.275413434,0.110724655,51.763508584,37.324641971,0.069647322,     1541P   2722
51.801574104,37.365746988,0.035211274,51.842784867,37.39925816,     1541P   2723
0.007092523,51.884894869,37.432769333,-0.021026228,                 1541P   2724
51.927004871,37.458722937,-0.042859545,51.970004047,                1541P   2725
37.478334972,-0.059369821,52.012273113,37.517559042,                1541P   2726
-0.092390373,52.096811247,37.531595057,-0.104254677,                1541P   2727
52.178190077,37.531594698,-0.104253671,52.25,36.418024326,          1541P   2728
0.854065439,51.544434133,36.501593319,0.785373977,51.527363711,     1541P   2729
36.587688794,0.713730192,51.518772695,36.67224673,0.64275047,       1541P   2730
51.51937986,36.756804666,0.571770748,51.519987025,36.839738845,     1541P   2731
0.501536205,51.52978402,36.9174563,0.435348823,51.547731353,        1541P   2732
36.995173756,0.369161441,51.565678686,37.067638327,0.307057465,     1541P   2733
51.591722754,37.132606501,0.251179829,51.623606488,                 1541P   2734
37.197574674,0.195302192,51.655490223,37.255054097,0.145646622,     1541P   2735
51.693157952,37.304357154,0.102962752,51.733986241,                 1541P   2736
37.353660212,0.060278882,51.774814529,37.39482031,0.024537708,      1541P   2737
51.818768983,37.428374258,-0.004633493,51.86354867,                 1541P   2738
37.461928206,-0.033804693,51.908328357,37.487912207,                1541P   2739
-0.056438493,51.953923459,37.507546672,-0.07355063,                 1541P   2740
51.998683059,37.546815604,-0.107774905,52.088202258,                1541P   2741
37.560865688,-0.120057765,52.174137347,37.560865099,                1541P   2742
-0.120056669,52.25,36.444278175,0.88096575,51.48651891,             1541P   2743
36.528312305,0.808209774,51.470894735,36.614787441,0.732720285,     1541P   2744
51.464111424,36.699658091,0.658192749,51.466793465,                 1541P   2745
36.784528741,0.583665214,51.469475505,36.867709712,0.510180671,     1541P   2746
51.481612835,36.945627817,0.441079579,51.502060943,                 1541P   2747
37.023545922,0.371978486,51.522509051,37.096165111,0.307296763,     1541P   2748
51.551213344,37.161257548,0.249176231,51.585818363,                 1541P   2749
37.226349986,0.191055699,51.620423383,37.283923296,0.139491257,     1541P   2750
51.660872841,37.333300874,0.095200849,51.704463897,                 1541P   2751
37.382678453,0.050910441,51.748054954,37.423893631,0.013864142,     1541P   2752
51.7947531,37.457490355,-0.016359508,51.842202471,37.491087079,     1541P   2753
-0.046583158,51.889651843,37.517101476,-0.07001744,                 1541P   2754
51.937842871,37.536758373,-0.087731439,51.985093004,                1541P   2755
37.576072166,-0.123159438,52.07959327,37.590136319,                 1541P   2756
-0.135860853,52.170084617,37.5901355,-0.135859667,52.25,            1541P   2757
36.465923915,0.903294262,51.425350718,36.550870907,0.826664664,     1541P   2758
51.41151767,36.638120153,0.747545305,51.406866362,36.723648278,     1541P   2759
0.669691878,51.41191375,36.809176404,0.59183845,51.416961138,       1541P   2760
36.892899701,0.515331327,51.431695415,36.971272243,0.443533502,     1541P   2761
51.454864696,37.049644784,0.371735678,51.478033978,                 1541P   2762
37.122630749,0.304682676,51.509582997,37.188026229,0.24450566,      1541P   2763
51.547063049,37.253421709,0.184328644,51.584543101,                 1541P   2764
37.311234366,0.131021767,51.627897549,37.36080625,0.085267944,      1541P   2765
51.674352278,37.410378133,0.039514121,51.720807007,                 1541P   2766
37.451742521,0.001282646,51.770327549,37.485456941,                 1541P   2767
-0.029895592,51.820511031,37.519171362,-0.06107383,                 1541P   2768
51.870694513,37.545271864,-0.085232692,51.921531668,                1541P   2769
37.56499282,-0.103491188,51.971314508,37.604434733,                 1541P   2770
-0.140008181,52.070880187,37.618540778,-0.153087013,                1541P   2771
52.165980294,37.618539786,-0.153085769,52.25,36.482731824,          1541P   2772
0.920797274,51.363077769,36.568986954,0.840602515,51.351141697,     1541P   2773
36.657375272,0.758154849,51.348725467,36.743890186,0.677260364,     1541P   2774
51.356232825,36.830405101,0.59636588,51.363740182,36.914964677,     1541P   2775
0.517103918,51.381157431,36.994050297,0.442853041,51.407123,        1541P   2776
37.073135916,0.368602164,51.43308857,37.146712101,0.299397508,      1541P   2777
51.467546607,37.212602227,0.237356961,51.507955867,                 1541P   2778
37.278492352,0.175316415,51.548365127,37.33670422,0.120433465,      1541P   2779
51.594668724,37.386603592,0.07335707,51.644023548,37.436502964,     1541P   2780
0.026280674,51.693378372,37.478123132,-0.013020553,                 1541P   2781
51.745750061,37.512040658,-0.045059996,51.798691306,                1541P   2782
37.545958183,-0.077099438,51.851632552,37.572209072,                1541P   2783
-0.101911455,51.905134416,37.592042276,-0.120660666,                1541P   2784
51.957465626,37.631708685,-0.158159088,52.062128045,                1541P   2785
37.645889442,-0.171577542,52.161855735,37.645888381,                1541P   2786
-0.171576308,52.25,36.499539734,0.938300287,51.30080482,            1541P   2787
36.587103,0.854540366,51.290765723,36.676630391,0.768764392,        1541P   2788
51.290584572,36.764132094,0.684828851,51.300551899,                 1541P   2789
36.851633798,0.60089331,51.310519226,36.937029653,0.51887651,       1541P   2790
51.330619448,37.016828351,0.44217258,51.359381305,37.096627049,     1541P   2791
0.365468651,51.388143162,37.170793453,0.294112339,51.425510217,     1541P   2792
37.237178224,0.230208262,51.468848685,37.303562995,0.166304185,     1541P   2793
51.512187153,37.362174074,0.109845163,51.5614399,37.412400935,      1541P   2794
0.061446195,51.613694819,37.462627795,0.013047228,51.665949738,     1541P   2795
37.504503744,-0.027323752,51.721172572,37.538624374,                1541P   2796
-0.060224399,51.776871582,37.572745003,-0.093125047,                1541P   2797
51.832570591,37.599146279,-0.118590218,51.888737165,                1541P   2798
37.619091732,-0.137830144,51.943616745,37.658982637,                1541P   2799
-0.176309994,52.053375904,37.673238106,-0.19006807,                 1541P   2800
52.157731176,37.673236975,-0.190066848,52.25,36.511518961,          1541P   2801
0.950986658,51.237453087,36.600782611,0.863969082,51.229412315,     1541P   2802
36.691812073,0.77516544,51.231565599,36.780628523,0.688472858,      1541P   2803
51.244084529,36.869444973,0.601780276,51.256603459,                 1541P   2804
36.955970307,0.517275662,51.279470409,37.036740248,0.438361762,     1541P   2805
51.311101921,37.117510188,0.359447862,51.342733432,                 1541P   2806
37.192490052,0.286159035,51.383072562,37.259560965,0.220583993,     1541P   2807
51.429393492,37.326631878,0.155008951,51.475714421,                 1541P   2808
37.385802027,0.097139922,51.527959863,37.436489571,0.047558995,     1541P   2809
51.583150843,37.487177115,-0.002021932,51.638341823,                1541P   2810
37.529415453,-0.043347408,51.69644426,37.563824627,                 1541P   2811
-0.077016003,51.754924467,37.598233801,-0.110684599,                1541P   2812
51.813404673,37.624849777,-0.136731588,51.872254397,                1541P   2813
37.64495569,-0.156408509,51.9296979,37.685167517,-0.19576235,       1541P   2814
52.044584906,37.699530537,-0.209822289,52.153586481,                1541P   2815
37.69952944,-0.209821148,52.25,36.519019263,0.959184478,            1541P   2816
51.174963888,36.610248414,0.869243038,51.168822752,                 1541P   2817
36.703047211,0.777724242,51.173219521,36.793434476,0.688561354,     1541P   2818
51.188210132,36.88382174,0.599398465,51.203200742,36.971721441,     1541P   2819
0.512666792,51.228765368,37.05368742,0.431775666,51.263208092,      1541P   2820
37.135653399,0.35088454,51.297650816,37.21165143,0.275867966,       1541P   2821
51.340914086,37.27958914,0.2087996,51.39017799,37.347526851,        1541P   2822
0.141731234,51.439441894,37.407412764,0.082602778,51.494648921,     1541P   2823
37.458693948,0.031966384,51.552750714,37.509975132,                 1541P   2824
-0.018670011,51.610852507,37.552685187,-0.060847509,                1541P   2825
51.671815126,37.587471452,-0.095201506,51.733060731,                1541P   2826
37.622257718,-0.129555502,51.794306335,37.649156244,                1541P   2827
-0.156121638,51.855827025,37.669473732,-0.176188456,                1541P   2828
51.915824259,37.710108707,-0.216322093,52.035818726,                1541P   2829
37.724615088,-0.230651133,52.149452365,37.72461416,                 1541P   2830
-0.230650183,52.25,36.522769414,0.963283388,51.143719288,           1541P   2831
36.614981315,0.871880016,51.13852797,36.70866478,0.779003643,       1541P   2832
51.144046483,36.799837452,0.688605602,51.160272933,                 1541P   2833
36.891010124,0.59820756,51.176499383,36.979597008,0.510362357,      1541P   2834
51.203412847,37.062161006,0.428482618,51.239261177,                 1541P   2835
37.144725004,0.346602879,51.275109507,37.221232118,0.270722432,     1541P   2836
51.319834848,37.289603228,0.202907404,51.370570239,                 1541P   2837
37.357974338,0.135092376,51.421305631,37.418218132,0.075334206,     1541P   2838
51.47799345,37.469796137,0.024170078,51.537550649,37.521374141,     1541P   2839
-0.026994051,51.597107849,37.564320054,-0.06959756,                 1541P   2840
51.659500559,37.599294865,-0.104294257,51.722128863,                1541P   2841
37.634269676,-0.138990953,51.784757166,37.661309478,                1541P   2842
-0.165816662,51.847613339,37.681732753,-0.18607843,                 1541P   2843
51.908887438,37.722579302,-0.226601965,52.031435637,                1541P   2844
37.737157363,-0.241065555,52.147385308,37.737156521,                1541P   2845
-0.241064701,52.25,36.525408032,0.966268422,51.112684485,           1541P   2846
36.618668092,0.87348523,51.108419381,36.713302195,0.779328341,      1541P   2847
51.115037759,36.805323538,0.687765966,51.13248075,36.897344881,     1541P   2848
0.59620359,51.149923741,36.986679509,0.507309386,51.178169284,      1541P   2849
37.069897171,0.424498697,51.215408995,37.153114833,0.341688008,     1541P   2850
51.252648706,37.230181758,0.264994495,51.298824398,                 1541P   2851
37.299031068,0.196476916,51.351021603,37.367880379,0.127959337,     1541P   2852
51.403218809,37.428520954,0.067608885,51.461379773,                 1541P   2853
37.480428802,0.015948482,51.522386162,37.53233665,-0.035711921,     1541P   2854
51.583392551,37.575545597,-0.078715936,51.647210559,                1541P   2855
37.610730971,-0.113734781,51.711217656,37.645916346,                1541P   2856
-0.148753627,51.775224754,37.673114304,-0.175823299,                1541P   2857
51.839413394,37.693656085,-0.196268283,51.901961833,                1541P   2858
37.734739645,-0.237158249,52.027058712,37.749398306,                1541P   2859
-0.251748222,52.145320875,37.749397581,-0.251747492,52.25,          1541P   2860
36.527018599,0.968220852,51.082057633,36.621373366,0.874136712,     1541P   2861
51.07867772,36.717008709,0.778772645,51.086356607,36.809929732,     1541P   2862
0.686112882,51.10498049,36.902850754,0.593453119,51.123604372,      1541P   2863
36.99298451,0.503570433,51.15315003,37.076904569,0.419882619,       1541P   2864
51.19175343,37.160824628,0.336194805,51.23035683,37.238497422,      1541P   2865
0.258735362,51.27795942,37.307866442,0.189556022,51.331598778,      1541P   2866
37.377235462,0.120376682,51.385238136,37.438309785,0.059468405,     1541P   2867
51.444856343,37.490579253,0.007340628,51.507298852,37.54284872,     1541P   2868
-0.04478715,51.56974136,37.586347313,-0.088168314,51.634974404,     1541P   2869
37.621764961,-0.123490512,51.700351874,37.657182609,                1541P   2870
-0.15881271,51.765729344,37.684555561,-0.186112097,                 1541P   2871
51.831243859,37.705228572,-0.206729593,51.895061091,                1541P   2872
37.746574595,-0.247964585,52.022695555,37.761322939,                1541P   2873
-0.262673505,52.143262731,37.761322369,-0.262672932,52.25,          1541P   2874
36.528629166,0.970173282,51.051430782,36.624078641,0.874788195,     1541P   2875
51.048936059,36.720715224,0.778216948,51.057675456,                 1541P   2876
36.814535925,0.684459798,51.077480229,36.908356627,0.590702647,     1541P   2877
51.097285003,36.999289511,0.499831481,51.128130776,                 1541P   2878
37.083911967,0.415266542,51.168097865,37.168534423,0.330701603,     1541P   2879
51.208064955,37.246813087,0.25247623,51.257094442,37.316701816,     1541P   2880
0.182635129,51.312175953,37.386590545,0.112794028,51.367257464,     1541P   2881
37.448098616,0.051327925,51.428332913,37.500729704,                 1541P   2882
-0.001267227,51.492211541,37.553360791,-0.053862379,                1541P   2883
51.556090168,37.59714903,-0.097620693,51.622738248,                 1541P   2884
37.632798951,-0.133246243,51.689486091,37.668448873,                1541P   2885
-0.168871793,51.756233934,37.695996818,-0.196400894,                1541P   2886
51.823074324,37.71680106,-0.217190903,51.888160349,                 1541P   2887
37.758409545,-0.258770921,52.018332398,37.773247573,                1541P   2888
-0.273598788,52.141204587,37.773247157,-0.273598372,52.25,          1541P   2889
36.5290598,0.9709402,51.021303824,36.625655112,0.874344888,         1541P   2890
51.019644766,36.723349222,0.776650778,51.029396944,                 1541P   2891
36.818126818,0.681873182,51.050339222,36.912904415,0.587095585,     1541P   2892
51.071281501,37.004694534,0.495305466,51.103388328,37.09007478,     1541P   2893
0.40992522,51.144685177,37.175455026,0.324544974,51.185982027,      1541P   2894
37.254392209,0.245607791,51.236409574,37.324848247,0.175151753,     1541P   2895
51.292909016,37.395304286,0.104695714,51.349408458,                 1541P   2896
37.457288668,0.042711332,51.411921503,37.510318033,                 1541P   2897
-0.010318033,51.477220079,37.563347397,-0.063347397,                1541P   2898
51.542518656,37.607456064,-0.107456064,51.61056905,                 1541P   2899
37.643363402,-0.143363402,51.678676814,37.679270739,                1541P   2900
-0.179270739,51.746784577,37.707013211,-0.207013211,                1541P   2901
51.814942649,37.727963455,-0.227963455,51.881290566,                1541P   2902
37.769863943,-0.269863943,52.0139864,37.784802229,-0.284802229,     1541P   2903
52.13915431,37.78480201,-0.28480201,52.25,36.528893731,             1541P   2904
0.971106269,50.991548224,36.626652393,0.873347607,50.99069043,      1541P   2905
36.72542601,0.77457399,51.001421538,36.821184635,0.678815365,       1541P   2906
51.023470068,36.91694326,0.58305674,51.045518598,37.009616862,      1541P   2907
0.490383138,51.078857825,37.095780963,0.404219037,51.121459253,     1541P   2908
37.181945063,0.318054937,51.164060681,37.261566615,0.238433385,     1541P   2909
51.215864555,37.332613893,0.167386107,51.273763521,37.40366117,     1541P   2910
0.09633883,51.331662487,37.466143869,0.033856131,51.395598012,      1541P   2911
37.519590724,-0.019590724,51.462304023,37.573037579,                1541P   2912
-0.073037579,51.529010034,37.617483111,-0.117483111,                1541P   2913
51.598452805,37.65366139,-0.15366139,51.667912292,37.689839669,     1541P   2914
-0.189839669,51.737371779,37.717787299,-0.217787299,                1541P   2915
51.806841063,37.738891612,-0.238891612,51.87444541,37.78110024,     1541P   2916
-0.28110024,52.009654103,37.796144666,-0.296144666,                 1541P   2917
52.137110409,37.796144667,-0.296144667,52.25,0.453397881240052,     1541P   2918
1.,0.,1.00600789219736;                                             1541P   2919
126,1,1,1,0,1,0,0.,0.,1.,1.,1.,1.,0.456657866,0.,0.,1.,0.,0.,       1543P   2920
0.,1.,0.,0.,1.;                                                     1543P   2921
126,11,3,1,0,1,0,0.,0.,0.,0.,0.12500000000001,0.12500000000001,     1545P   2922
0.18750000000001,0.18750000000001,0.25000000000001,                 1545P   2923
0.25000000000001,0.500000000000002,0.500000000000002,1.,1.,1.,      1545P   2924
1.,1.,1.,1.,1.,1.,1.,1.,1.,1.,1.,1.,1.,35.835786437,                1545P   2925
0.250000001,52.,35.964475767,0.224262114,52.,36.075524833,          1545P   2926
0.201824962,52.003921868,36.215638038,0.173824566,52.011691117,     1545P   2927
36.257932374,0.165411791,52.01460595,36.333700914,0.15036144,       1545P   2928
52.020570968,36.352284782,0.146700456,52.022127378,                 1545P   2929
36.572057153,0.102745177,52.044175655,36.714188824,0.074319006,     1545P   2930
52.069291991,37.012503721,0.014657557,52.144213802,                 1545P   2931
37.085775399,0.,52.200119117,37.085786438,0.,52.25,0.,1.,           1545P   2932
0.196116286,0.980580645,-8.174E-006;                                1545P   2933
126,1,1,1,0,1,0,0.,0.,1.,1.,1.,1.,1.,0.,0.,1.,1.000001894,0.,       1547P   2934
0.,1.,0.,0.,1.;                                                     1547P   2935
124,6.56511491281542E-008,0.999999999999998,                        1549P   2936
-5.39407640863255E-014,38.0857840032784,0.999999999999998,          1549P   2937
-6.56511496277545E-008,-6.38161703304863E-014,                      1549P   2938
-38.0857865036478,-6.38161738717593E-014,                           1549P   2939
-5.39407598967204E-014,-1.,104.500000000002;                        1549P   2940
100,52.25,37.085786438,-1.,38.085786438,-1.,37.792893266,           1551P   2941
-0.292893265;                                                       1551P   2942
126,1,1,1,0,1,0,0.,0.,1.,1.,1.,1.,1.,1.000001894,0.,                1553P   2943
0.698162564,1.000003254,0.,0.,1.,0.,0.,1.;                          1553P   2944
126,7,3,1,0,1,0,0.,0.,0.,0.,0.249999999999997,                      1555P   2945
0.249999999999997,0.499999999999994,0.499999999999994,1.,1.,1.,     1555P   2946
1.,1.,1.,1.,1.,1.,1.,1.,1.,37.792893219,-0.292893219,52.25,         1555P   2947
37.792833617,-0.292833617,52.178558861,37.786867649,                1555P   2948
-0.286867649,52.108176244,37.763122978,-0.263122978,                1555P   2949
51.969528057,37.749608437,-0.249608437,51.913362164,                1555P   2950
37.665760745,-0.165760745,51.675441989,37.575020706,                1555P   2951
-0.075020706,51.520614761,37.445433779,0.054566221,                 1555P   2952
51.385194279,0.,1.,-0.707106781,-0.707106781,0.;                    1555P   2953
126,10,2,1,0,1,0,0.,0.,0.,0.25,0.25,0.5,0.5,0.75,0.75,0.875,        1557P   2954
0.875,1.,1.,1.,1.,1.,1.,1.,1.,1.,1.,1.,1.,1.,1.,0.698162927,        1557P   2955
1.000011091,0.,0.708230412,0.80547744,0.,0.704468666,               1557P   2956
0.652384572,0.,0.700262744,0.48121488,0.,0.678573542,               1557P   2957
0.352641337,0.,0.65858709,0.234161689,0.,0.623840353,               1557P   2958
0.150014084,0.,0.608045293,0.111762536,0.,0.590936732,              1557P   2959
0.084662469,0.,0.571307878,0.053570241,0.,0.554557942,              1557P   2960
0.044393683,0.,0.,1.,0.,0.,1.;                                      1557P   2961
126,5,3,1,0,1,0,0.,0.,0.,0.,0.5,0.5,1.,1.,1.,1.,1.,1.,1.,1.,1.,     1559P   2962
1.,37.445438006,0.054561994,51.385189045,37.380289201,              1559P   2963
0.119710799,51.605924883,37.194046556,0.175665906,51.77519358,      1559P   2964
36.762525611,0.209065615,51.962513267,36.525737172,0.176760314,     1559P   2965
52.000002416,36.288682577,0.202914501,52.,0.,1.,0.042308764,        1559P   2966
0.961561215,-0.271311625;                                           1559P   2967
126,2,2,1,0,1,0,0.,0.,0.,1.,1.,1.,1.,1.,1.,0.554561625,             1561P   2968
0.044375491,0.,0.513315589,0.021809307,0.,0.456657866,0.,0.,0.,     1561P   2969
1.,0.,0.,1.;                                                        1561P   2970
126,3,3,1,0,1,0,0.,0.,0.,0.,1.,1.,1.,1.,1.,1.,1.,1.,                1563P   2971
36.288680611,0.202896654,52.,36.190328582,0.213736578,52.,          1563P   2972
36.039363857,0.229437693,52.,35.835786437,0.250000001,52.,0.,       1563P   2973
1.,0.,0.,0.;                                                        1563P   2974
102,5,1543,1547,1553,1557,1561;                                     1565P   2975
102,5,1545,1551,1555,1559,1563;                                     1567P   2976
142,1,1541,1565,1567,1;                                             1569P   2977
144,1541,1,0,1569;                                                  1571P   2978
128,1,1,1,1,0,0,1,0,0,0.,0.,1.,1.,0.,0.,1.,1.,1.,1.,1.,1.,          1573P   2979
54.603672204,0.055611234,52.,-0.074176972,0.055611234,52.,          1573P   2980
54.603672204,24.75,52.,-0.074176972,24.75,52.,0.,1.,0.,1.;          1573P   2981
126,16,2,1,0,1,0,0.,0.,0.,0.125,0.125,0.25,0.25,0.375,0.375,        1575P   2982
0.5,0.5,0.625,0.625,0.75,0.75,0.875,0.875,1.,1.,1.,1.,1.,1.,1.,     1575P   2983
1.,1.,1.,1.,1.,1.,1.,1.,1.,1.,1.,1.,1.,0.994071146,0.503935889,     1575P   2984
0.,0.994069427,0.549458797,0.,0.990330889,0.594201229,0.,           1575P   2985
0.986367121,0.641639184,0.,0.97834095,0.686534464,0.,               1575P   2986
0.969984954,0.733274658,0.,0.957551696,0.775387009,0.,              1575P   2987
0.944862738,0.818365436,0.,0.928451485,0.854706186,0.,              1575P   2988
0.912054381,0.891015605,0.,0.892628229,0.919139323,0.,              1575P   2989
0.873626354,0.946648806,0.,0.852499378,0.965170496,0.,              1575P   2990
0.832241316,0.982930422,0.,0.810798527,0.991718392,0.,              1575P   2991
0.790600564,0.999996192,0.,0.770031609,1.,0.,0.,1.,0.,0.,-1.;       1575P   2992
126,27,3,1,0,1,0,0.,0.,0.,0.,0.0624999999999997,                    1577P   2993
0.0937499999999995,0.0937499999999995,0.124999999999999,            1577P   2994
0.124999999999999,0.187499999999999,0.187499999999999,              1577P   2995
0.249999999999999,0.249999999999999,0.375,0.375,0.5,0.5,0.625,      1577P   2996
0.625,0.6875,0.6875,0.75,0.75,0.8125,0.84375,0.84375,0.875,         1577P   2997
0.875,1.,1.,1.,1.,1.,1.,1.,1.,1.,1.,1.,1.,1.,1.,1.,1.,1.,1.,1.,     1577P   2998
1.,1.,1.,1.,1.,1.,1.,1.,1.,1.,1.,1.,1.,0.25,12.5,52.,               1577P   2999
0.250031332,12.87472013,52.,0.275618486,13.434391152,52.,           1577P   3000
0.339515873,13.990448413,52.,0.390627516,14.360350196,52.,          1577P   3001
0.418387519,14.533805508,52.,0.526752673,15.119531161,52.,          1577P   3002
0.617506397,15.504782445,52.,0.836034422,16.264820045,52.,          1577P   3003
0.957797346,16.624420022,52.,1.414685243,17.778640533,52.,          1577P   3004
1.784268368,18.495768815,52.,2.709341607,19.910870143,52.,          1577P   3005
3.240236329,20.564298795,52.,4.435647531,21.759817345,52.,          1577P   3006
5.104026076,22.300308438,52.,6.143007743,22.9796383,52.,            1577P   3007
6.499017962,23.187585917,52.,7.230404391,23.566489809,52.,          1577P   3008
7.6216174,23.743716517,52.,8.360062215,24.03609686,52.,             1577P   3009
8.921993121,24.227687497,52.,9.496069968,24.377736207,52.,          1577P   3010
9.881486964,24.46853714,52.,10.086889076,24.511421564,52.,          1577P   3011
11.007206736,24.681767562,52.,11.750222533,24.749937308,52.,        1577P   3012
12.5,24.75,52.,0.,1.,0.,0.,1.;                                      1577P   3013
126,1,1,1,0,1,0,0.,0.,1.,1.,1.,1.,0.770031609,1.,0.,                1579P   3014
0.312808065,1.,0.,0.,1.,0.,0.,1.;                                   1579P   3015
110,12.500000027,24.75,52.,37.500000005,24.75,52.;                  1581P   3016
126,14,2,1,0,1,0,0.,0.,0.,0.25,0.25,0.375,0.375,0.5,0.5,0.625,      1583P   3017
0.625,0.75,0.75,0.875,0.875,1.,1.,1.,1.,1.,1.,1.,1.,1.,1.,1.,       1583P   3018
1.,1.,1.,1.,1.,1.,1.,0.312808065,1.,0.,0.270920267,0.999996022,     1583P   3019
0.,0.229752751,0.982984034,0.,0.208898801,0.974366386,0.,           1583P   3020
0.18848129,0.961453812,0.,0.16798929,0.948494129,0.,                1583P   3021
0.148119484,0.931310636,0.,0.128265284,0.914140638,0.,              1583P   3022
0.109210103,0.892893763,0.,0.090254039,0.871757405,0.,              1583P   3023
0.072257904,0.846761116,0.,0.054433494,0.82200335,0.,               1583P   3024
0.037708042,0.793662778,0.,0.021216493,0.765718545,0.,              1583P   3025
0.005928854,0.734502795,0.,0.,1.,0.,0.,-1.;                         1583P   3026
126,9,3,1,0,1,0,0.,0.,0.,0.,0.25,0.25,0.5,0.5,0.75,0.75,1.,1.,      1585P   3027
1.,1.,1.,1.,1.,1.,1.,1.,1.,1.,1.,1.,37.5,24.75,52.,                 1585P   3028
39.026889806,24.749934505,52.,40.520953693,24.613544512,52.,        1585P   3029
43.561618148,24.046057714,52.,45.057370749,23.619094934,52.,        1585P   3030
47.952264011,22.488421328,52.,49.353298272,21.781029933,52.,        1585P   3031
51.952232623,20.150688901,52.,53.164968292,19.221513966,52.,        1585P   3032
54.279495228,18.1937088,52.,0.,1.,0.,0.,1.;                         1585P   3033
126,1,1,1,0,1,0,0.,0.,1.,1.,1.,1.,0.005928854,0.734502795,0.,       1587P   3034
0.33496182,0.005964215,0.,0.,1.,0.,0.,1.;                           1587P   3035
110,54.279495233,18.193708795,52.,36.288680309,0.202893871,52.;     1589P   3036
126,2,2,1,0,1,0,0.,0.,0.,1.,1.,1.,1.,1.,1.,0.334961815,             1591P   3037
0.005964327,0.,0.337659947,0.006622772,0.,0.34324477,               1591P   3038
0.007871779,0.,0.,1.,0.,0.,1.;                                      1591P   3039
126,3,3,1,0,1,0,0.,0.,0.,0.,1.,1.,1.,1.,1.,1.,1.,1.,                1593P   3040
36.288680611,0.202896654,52.,36.190328582,0.213736578,52.,          1593P   3041
36.039363857,0.229437693,52.,35.835786437,0.250000001,52.,0.,       1593P   3042
1.,0.,0.,0.;                                                        1593P   3043
126,1,1,1,0,1,0,0.,0.,1.,1.,1.,1.,0.34324477,0.007871779,0.,        1595P   3044
0.770031609,0.007871779,0.,0.,1.,0.,0.,1.;                          1595P   3045
110,35.83578644,0.25,52.,12.500000027,0.25,52.;                     1597P   3046
126,16,2,1,0,1,0,0.,0.,0.,0.125,0.125,0.25,0.25,0.375,0.375,        1599P   3047
0.5,0.5,0.625,0.625,0.75,0.75,0.875,0.875,1.,1.,1.,1.,1.,1.,1.,     1599P   3048
1.,1.,1.,1.,1.,1.,1.,1.,1.,1.,1.,1.,1.,0.770031609,0.007871779,     1599P   3049
0.,0.790591313,0.007875585,0.,0.810798527,0.016153386,0.,           1599P   3050
0.832223132,0.024929887,0.,0.852499378,0.042701283,0.,              1599P   3051
0.873608849,0.061202972,0.,0.892628229,0.088732456,0.,              1599P   3052
0.912038758,0.116828107,0.,0.928451485,0.153165593,0.,              1599P   3053
0.944850062,0.189471752,0.,0.957551696,0.23248477,0.,               1599P   3054
0.96997592,0.274558363,0.,0.97834095,0.321337315,0.,0.98636194,     1599P   3055
0.366192331,0.,0.990330889,0.41367055,0.,0.994069426,               1599P   3056
0.458392499,0.,0.994071146,0.503935889,0.,0.,1.,0.,0.,-1.;          1599P   3057
126,27,3,1,0,1,0,0.,0.,0.,0.,0.0624999999999997,                    1601P   3058
0.0937499999999997,0.0937499999999997,0.125,0.125,0.1875,           1601P   3059
0.1875,0.25,0.25,0.375,0.375,0.5,0.5,0.625,0.625,0.6875,0.6875,     1601P   3060
0.75,0.75,0.8125,0.84375,0.84375,0.875,0.875,1.,1.,1.,1.,1.,1.,     1601P   3061
1.,1.,1.,1.,1.,1.,1.,1.,1.,1.,1.,1.,1.,1.,1.,1.,1.,1.,1.,1.,1.,     1601P   3062
1.,1.,1.,1.,1.,12.5,0.25,52.,12.12527987,0.250031332,52.,           1601P   3063
11.565608848,0.275618486,52.,11.009551587,0.339515873,52.,          1601P   3064
10.639649804,0.390627516,52.,10.466194492,0.418387519,52.,          1601P   3065
9.880468839,0.526752673,52.,9.495217555,0.617506397,52.,            1601P   3066
8.735179955,0.836034422,52.,8.375579978,0.957797346,52.,            1601P   3067
7.221359467,1.414685243,52.,6.504231185,1.784268368,52.,            1601P   3068
5.089129857,2.709341607,52.,4.435701205,3.240236329,52.,            1601P   3069
3.240182655,4.435647531,52.,2.699691562,5.104026076,52.,            1601P   3070
2.0203617,6.143007743,52.,1.812414083,6.499017962,52.,              1601P   3071
1.433510191,7.230404391,52.,1.256283483,7.6216174,52.,              1601P   3072
0.96390314,8.360062215,52.,0.772312503,8.921993121,52.,             1601P   3073
0.622263793,9.496069968,52.,0.53146286,9.881486964,52.,             1601P   3074
0.488578436,10.086889076,52.,0.318232438,11.007206736,52.,          1601P   3075
0.250062692,11.750222533,52.,0.25,12.5,52.,0.,1.,0.,0.,1.;          1601P   3076
102,7,1575,1579,1583,1587,1591,1595,1599;                           1603P   3077
102,7,1577,1581,1585,1589,1593,1597,1601;                           1605P   3078
142,1,1573,1603,1605,1;                                             1607P   3079
126,32,2,1,0,1,0,0.,0.,0.,0.0625,0.0625,0.125,0.125,0.1875,         1609P   3080
0.1875,0.25,0.25,0.3125,0.3125,0.375,0.375,0.4375,0.4375,0.5,       1609P   3081
0.5,0.5625,0.5625,0.625,0.625,0.6875,0.6875,0.75,0.75,0.8125,       1609P   3082
0.8125,0.875,0.875,0.9375,0.9375,1.,1.,1.,1.,1.,1.,1.,1.,1.,1.,     1609P   3083
1.,1.,1.,1.,1.,1.,1.,1.,1.,1.,1.,1.,1.,1.,1.,1.,1.,1.,1.,1.,1.,     1609P   3084
1.,1.,1.,1.,1.,0.457290705,0.503935889,0.,0.457290705,              1609P   3085
0.497953271,0.,0.45676358,0.492085607,0.,0.456236454,               1609P   3086
0.486217943,0.,0.455202461,0.480690724,0.,0.454168467,              1609P   3087
0.475163505,0.,0.452667341,0.47018914,0.,0.451166216,               1609P   3088
0.465214775,0.,0.449255645,0.460984425,0.,0.447345074,              1609P   3089
0.456754074,0.,0.44509848,0.45343031,0.,0.442851886,                1609P   3090
0.450106545,0.,0.440355605,0.447817096,0.,0.437859324,              1609P   3091
0.445527647,0.,0.435209286,0.444360496,0.,0.432559248,              1609P   3092
0.443193345,0.,0.429857292,0.443193345,0.,0.427155337,              1609P   3093
0.443193345,0.,0.424505299,0.444360496,0.,0.421855261,              1609P   3094
0.445527647,0.,0.41935898,0.447817096,0.,0.416862699,               1609P   3095
0.450106545,0.,0.414616105,0.45343031,0.,0.412369511,               1609P   3096
0.456754074,0.,0.41045894,0.460984425,0.,0.408548369,               1609P   3097
0.465214775,0.,0.407047243,0.47018914,0.,0.405546118,               1609P   3098
0.475163505,0.,0.404512124,0.480690724,0.,0.40347813,               1609P   3099
0.486217943,0.,0.402951005,0.492085607,0.,0.40242388,               1609P   3100
0.497953271,0.,0.40242388,0.503935889,0.,0.,1.,0.,0.,1.;            1609P   3101
100,52.,31.1,12.5,29.6,12.5,32.6,12.5;                              1611P   3102
126,32,2,1,0,1,0,0.,0.,0.,0.0625,0.0625,0.125,0.125,0.1875,         1613P   3103
0.1875,0.25,0.25,0.3125,0.3125,0.375,0.375,0.4375,0.4375,0.5,       1613P   3104
0.5,0.5625,0.5625,0.625,0.625,0.6875,0.6875,0.75,0.75,0.8125,       1613P   3105
0.8125,0.875,0.875,0.9375,0.9375,1.,1.,1.,1.,1.,1.,1.,1.,1.,1.,     1613P   3106
1.,1.,1.,1.,1.,1.,1.,1.,1.,1.,1.,1.,1.,1.,1.,1.,1.,1.,1.,1.,1.,     1613P   3107
1.,1.,1.,1.,1.,0.40242388,0.503935889,0.,0.40242388,                1613P   3108
0.509918508,0.,0.402951005,0.515786172,0.,0.40347813,               1613P   3109
0.521653836,0.,0.404512124,0.527181055,0.,0.405546118,              1613P   3110
0.532708273,0.,0.407047243,0.537682639,0.,0.408548369,              1613P   3111
0.542657004,0.,0.41045894,0.546887354,0.,0.412369511,               1613P   3112
0.551117704,0.,0.414616105,0.554441469,0.,0.416862699,              1613P   3113
0.557765234,0.,0.41935898,0.560054683,0.,0.421855261,               1613P   3114
0.562344132,0.,0.424505299,0.563511283,0.,0.427155337,              1613P   3115
0.564678434,0.,0.429857292,0.564678434,0.,0.432559248,              1613P   3116
0.564678434,0.,0.435209286,0.563511283,0.,0.437859324,              1613P   3117
0.562344132,0.,0.440355605,0.560054683,0.,0.442851886,              1613P   3118
0.557765234,0.,0.44509848,0.554441469,0.,0.447345074,               1613P   3119
0.551117704,0.,0.449255645,0.546887354,0.,0.451166216,              1613P   3120
0.542657004,0.,0.452667341,0.537682639,0.,0.454168467,              1613P   3121
0.532708273,0.,0.455202461,0.527181055,0.,0.456236454,              1613P   3122
0.521653836,0.,0.45676358,0.515786172,0.,0.457290705,               1613P   3123
0.509918508,0.,0.457290705,0.503935889,0.,0.,1.,0.,0.,1.;           1613P   3124
100,52.,31.1,12.5,32.6,12.5,29.6,12.5;                              1615P   3125
102,2,1609,1613;                                                    1617P   3126
102,2,1611,1615;                                                    1619P   3127
142,1,1573,1617,1619,1;                                             1621P   3128
126,32,2,1,0,1,0,0.,0.,0.,0.0625,0.0625,0.125,0.125,0.1875,         1623P   3129
0.1875,0.25,0.25,0.3125,0.3125,0.375,0.375,0.4375,0.4375,0.5,       1623P   3130
0.5,0.5625,0.5625,0.625,0.625,0.6875,0.6875,0.75,0.75,0.8125,       1623P   3131
0.8125,0.875,0.875,0.9375,0.9375,1.,1.,1.,1.,1.,1.,1.,1.,1.,1.,     1623P   3132
1.,1.,1.,1.,1.,1.,1.,1.,1.,1.,1.,1.,1.,1.,1.,1.,1.,1.,1.,1.,1.,     1623P   3133
1.,1.,1.,1.,1.,0.66944243,0.503935889,0.,0.66944243,                1623P   3134
0.497953271,0.,0.668915304,0.492085607,0.,0.668388179,              1623P   3135
0.486217943,0.,0.667354186,0.480690724,0.,0.666320192,              1623P   3136
0.475163505,0.,0.664819066,0.47018914,0.,0.66331794,                1623P   3137
0.465214775,0.,0.661407369,0.460984425,0.,0.659496798,              1623P   3138
0.456754074,0.,0.657250205,0.45343031,0.,0.655003611,               1623P   3139
0.450106545,0.,0.65250733,0.447817096,0.,0.650011048,               1623P   3140
0.445527647,0.,0.64736101,0.444360496,0.,0.644710972,               1623P   3141
0.443193345,0.,0.642009017,0.443193345,0.,0.639307062,              1623P   3142
0.443193345,0.,0.636657024,0.444360496,0.,0.634006986,              1623P   3143
0.445527647,0.,0.631510705,0.447817096,0.,0.629014423,              1623P   3144
0.450106545,0.,0.62676783,0.45343031,0.,0.624521236,                1623P   3145
0.456754074,0.,0.622610665,0.460984425,0.,0.620700094,              1623P   3146
0.465214775,0.,0.619198968,0.47018914,0.,0.617697842,               1623P   3147
0.475163505,0.,0.616663849,0.480690724,0.,0.615629855,              1623P   3148
0.486217943,0.,0.61510273,0.492085607,0.,0.614575604,               1623P   3149
0.497953271,0.,0.614575604,0.503935889,0.,0.,1.,0.,0.,1.;           1623P   3150
100,52.,19.5,12.5,18.,12.5,21.,12.5;                                1625P   3151
126,32,2,1,0,1,0,0.,0.,0.,0.0625,0.0625,0.125,0.125,0.1875,         1627P   3152
0.1875,0.25,0.25,0.3125,0.3125,0.375,0.375,0.4375,0.4375,0.5,       1627P   3153
0.5,0.5625,0.5625,0.625,0.625,0.6875,0.6875,0.75,0.75,0.8125,       1627P   3154
0.8125,0.875,0.875,0.9375,0.9375,1.,1.,1.,1.,1.,1.,1.,1.,1.,1.,     1627P   3155
1.,1.,1.,1.,1.,1.,1.,1.,1.,1.,1.,1.,1.,1.,1.,1.,1.,1.,1.,1.,1.,     1627P   3156
1.,1.,1.,1.,1.,0.614575604,0.503935889,0.,0.614575604,              1627P   3157
0.509918508,0.,0.61510273,0.515786172,0.,0.615629855,               1627P   3158
0.521653836,0.,0.616663849,0.527181055,0.,0.617697842,              1627P   3159
0.532708273,0.,0.619198968,0.537682639,0.,0.620700094,              1627P   3160
0.542657004,0.,0.622610665,0.546887354,0.,0.624521236,              1627P   3161
0.551117704,0.,0.62676783,0.554441469,0.,0.629014423,               1627P   3162
0.557765234,0.,0.631510705,0.560054683,0.,0.634006986,              1627P   3163
0.562344132,0.,0.636657024,0.563511283,0.,0.639307062,              1627P   3164
0.564678434,0.,0.642009017,0.564678434,0.,0.644710972,              1627P   3165
0.564678434,0.,0.64736101,0.563511283,0.,0.650011048,               1627P   3166
0.562344132,0.,0.65250733,0.560054683,0.,0.655003611,               1627P   3167
0.557765234,0.,0.657250205,0.554441469,0.,0.659496798,              1627P   3168
0.551117704,0.,0.661407369,0.546887354,0.,0.66331794,               1627P   3169
0.542657004,0.,0.664819066,0.537682639,0.,0.666320192,              1627P   3170
0.532708273,0.,0.667354186,0.527181055,0.,0.668388179,              1627P   3171
0.521653836,0.,0.668915304,0.515786172,0.,0.66944243,               1627P   3172
0.509918508,0.,0.66944243,0.503935889,0.,0.,1.,0.,0.,1.;            1627P   3173
100,52.,19.5,12.5,21.,12.5,18.,12.5;                                1629P   3174
102,2,1623,1627;                                                    1631P   3175
102,2,1625,1629;                                                    1633P   3176
142,1,1573,1631,1633,1;                                             1635P   3177
126,32,2,1,0,1,0,0.,0.,0.,0.0625,0.0625,0.125,0.125,0.1875,         1637P   3178
0.1875,0.25,0.25,0.3125,0.3125,0.375,0.375,0.4375,0.4375,0.5,       1637P   3179
0.5,0.5625,0.5625,0.625,0.625,0.6875,0.6875,0.75,0.75,0.8125,       1637P   3180
0.8125,0.875,0.875,0.9375,0.9375,1.,1.,1.,1.,1.,1.,1.,1.,1.,1.,     1637P   3181
1.,1.,1.,1.,1.,1.,1.,1.,1.,1.,1.,1.,1.,1.,1.,1.,1.,1.,1.,1.,1.,     1637P   3182
1.,1.,1.,1.,1.,0.797465022,0.787401095,0.,0.797465022,              1637P   3183
0.781418477,0.,0.796937897,0.775550813,0.,0.796410771,              1637P   3184
0.769683149,0.,0.795376778,0.76415593,0.,0.794342784,               1637P   3185
0.758628711,0.,0.792841658,0.753654346,0.,0.791340533,              1637P   3186
0.748679981,0.,0.789429962,0.744449631,0.,0.787519391,              1637P   3187
0.740219281,0.,0.785272797,0.736895516,0.,0.783026203,              1637P   3188
0.733571751,0.,0.780529922,0.731282302,0.,0.778033641,              1637P   3189
0.728992853,0.,0.775383603,0.727825702,0.,0.772733565,              1637P   3190
0.726658551,0.,0.770031609,0.726658551,0.,0.767329654,              1637P   3191
0.726658551,0.,0.764679616,0.727825702,0.,0.762029578,              1637P   3192
0.728992853,0.,0.759533297,0.731282302,0.,0.757037016,              1637P   3193
0.733571751,0.,0.754790422,0.736895516,0.,0.752543828,              1637P   3194
0.740219281,0.,0.750633257,0.744449631,0.,0.748722686,              1637P   3195
0.748679981,0.,0.74722156,0.753654346,0.,0.745720435,               1637P   3196
0.758628711,0.,0.744686441,0.76415593,0.,0.743652447,               1637P   3197
0.769683149,0.,0.743125322,0.775550813,0.,0.742598197,              1637P   3198
0.781418477,0.,0.742598197,0.787401095,0.,0.,1.,0.,0.,1.;           1637P   3199
100,52.,12.5,19.5,11.,19.5,14.,19.5;                                1639P   3200
126,32,2,1,0,1,0,0.,0.,0.,0.0625,0.0625,0.125,0.125,0.1875,         1641P   3201
0.1875,0.25,0.25,0.3125,0.3125,0.375,0.375,0.4375,0.4375,0.5,       1641P   3202
0.5,0.5625,0.5625,0.625,0.625,0.6875,0.6875,0.75,0.75,0.8125,       1641P   3203
0.8125,0.875,0.875,0.9375,0.9375,1.,1.,1.,1.,1.,1.,1.,1.,1.,1.,     1641P   3204
1.,1.,1.,1.,1.,1.,1.,1.,1.,1.,1.,1.,1.,1.,1.,1.,1.,1.,1.,1.,1.,     1641P   3205
1.,1.,1.,1.,1.,0.742598197,0.787401095,0.,0.742598197,              1641P   3206
0.793383714,0.,0.743125322,0.799251378,0.,0.743652447,              1641P   3207
0.805119042,0.,0.744686441,0.810646261,0.,0.745720435,              1641P   3208
0.816173479,0.,0.74722156,0.821147845,0.,0.748722686,               1641P   3209
0.82612221,0.,0.750633257,0.83035256,0.,0.752543828,0.83458291,     1641P   3210
0.,0.754790422,0.837906675,0.,0.757037016,0.84123044,0.,            1641P   3211
0.759533297,0.843519889,0.,0.762029578,0.845809338,0.,              1641P   3212
0.764679616,0.846976489,0.,0.767329654,0.84814364,0.,               1641P   3213
0.770031609,0.84814364,0.,0.772733565,0.84814364,0.,                1641P   3214
0.775383603,0.846976489,0.,0.778033641,0.845809338,0.,              1641P   3215
0.780529922,0.843519889,0.,0.783026203,0.84123044,0.,               1641P   3216
0.785272797,0.837906675,0.,0.787519391,0.83458291,0.,               1641P   3217
0.789429962,0.83035256,0.,0.791340533,0.82612221,0.,                1641P   3218
0.792841658,0.821147845,0.,0.794342784,0.816173479,0.,              1641P   3219
0.795376778,0.810646261,0.,0.796410771,0.805119042,0.,              1641P   3220
0.796937897,0.799251378,0.,0.797465022,0.793383714,0.,              1641P   3221
0.797465022,0.787401095,0.,0.,1.,0.,0.,1.;                          1641P   3222
100,52.,12.5,19.5,14.,19.5,11.,19.5;                                1643P   3223
102,2,1637,1641;                                                    1645P   3224
102,2,1639,1643;                                                    1647P   3225
142,1,1573,1645,1647,1;                                             1649P   3226
126,32,2,1,0,1,0,0.,0.,0.,0.0625,0.0625,0.125,0.125,0.1875,         1651P   3227
0.1875,0.25,0.25,0.3125,0.3125,0.375,0.375,0.4375,0.4375,0.5,       1651P   3228
0.5,0.5625,0.5625,0.625,0.625,0.6875,0.6875,0.75,0.75,0.8125,       1651P   3229
0.8125,0.875,0.875,0.9375,0.9375,1.,1.,1.,1.,1.,1.,1.,1.,1.,1.,     1651P   3230
1.,1.,1.,1.,1.,1.,1.,1.,1.,1.,1.,1.,1.,1.,1.,1.,1.,1.,1.,1.,1.,     1651P   3231
1.,1.,1.,1.,1.,0.797465022,0.220470683,0.,0.797465022,              1651P   3232
0.214488065,0.,0.796937897,0.208620401,0.,0.796410771,              1651P   3233
0.202752737,0.,0.795376778,0.197225518,0.,0.794342784,              1651P   3234
0.191698299,0.,0.792841658,0.186723934,0.,0.791340533,              1651P   3235
0.181749569,0.,0.789429962,0.177519218,0.,0.787519391,              1651P   3236
0.173288868,0.,0.785272797,0.169965104,0.,0.783026203,              1651P   3237
0.166641339,0.,0.780529922,0.16435189,0.,0.778033641,               1651P   3238
0.162062441,0.,0.775383603,0.16089529,0.,0.772733565,               1651P   3239
0.159728139,0.,0.770031609,0.159728139,0.,0.767329654,              1651P   3240
0.159728139,0.,0.764679616,0.16089529,0.,0.762029578,               1651P   3241
0.162062441,0.,0.759533297,0.16435189,0.,0.757037016,               1651P   3242
0.166641339,0.,0.754790422,0.169965104,0.,0.752543828,              1651P   3243
0.173288868,0.,0.750633257,0.177519218,0.,0.748722686,              1651P   3244
0.181749569,0.,0.74722156,0.186723934,0.,0.745720435,               1651P   3245
0.191698299,0.,0.744686441,0.197225518,0.,0.743652447,              1651P   3246
0.202752737,0.,0.743125322,0.208620401,0.,0.742598197,              1651P   3247
0.214488065,0.,0.742598197,0.220470683,0.,0.,1.,0.,0.,1.;           1651P   3248
100,52.,12.5,5.5,11.,5.5,14.,5.5;                                   1653P   3249
126,32,2,1,0,1,0,0.,0.,0.,0.0625,0.0625,0.125,0.125,0.1875,         1655P   3250
0.1875,0.25,0.25,0.3125,0.3125,0.375,0.375,0.4375,0.4375,0.5,       1655P   3251
0.5,0.5625,0.5625,0.625,0.625,0.6875,0.6875,0.75,0.75,0.8125,       1655P   3252
0.8125,0.875,0.875,0.9375,0.9375,1.,1.,1.,1.,1.,1.,1.,1.,1.,1.,     1655P   3253
1.,1.,1.,1.,1.,1.,1.,1.,1.,1.,1.,1.,1.,1.,1.,1.,1.,1.,1.,1.,1.,     1655P   3254
1.,1.,1.,1.,1.,0.742598197,0.220470683,0.,0.742598197,              1655P   3255
0.226453302,0.,0.743125322,0.232320966,0.,0.743652447,              1655P   3256
0.23818863,0.,0.744686441,0.243715849,0.,0.745720435,               1655P   3257
0.249243067,0.,0.74722156,0.254217433,0.,0.748722686,               1655P   3258
0.259191798,0.,0.750633257,0.263422148,0.,0.752543828,              1655P   3259
0.267652498,0.,0.754790422,0.270976263,0.,0.757037016,              1655P   3260
0.274300028,0.,0.759533297,0.276589477,0.,0.762029578,              1655P   3261
0.278878926,0.,0.764679616,0.280046077,0.,0.767329654,              1655P   3262
0.281213227,0.,0.770031609,0.281213227,0.,0.772733565,              1655P   3263
0.281213227,0.,0.775383603,0.280046077,0.,0.778033641,              1655P   3264
0.278878926,0.,0.780529922,0.276589477,0.,0.783026203,              1655P   3265
0.274300028,0.,0.785272797,0.270976263,0.,0.787519391,              1655P   3266
0.267652498,0.,0.789429962,0.263422148,0.,0.791340533,              1655P   3267
0.259191798,0.,0.792841658,0.254217433,0.,0.794342784,              1655P   3268
0.249243067,0.,0.795376778,0.243715849,0.,0.796410771,              1655P   3269
0.23818863,0.,0.796937897,0.232320966,0.,0.797465022,               1655P   3270
0.226453302,0.,0.797465022,0.220470683,0.,0.,1.,0.,0.,1.;           1655P   3271
100,52.,12.5,5.5,14.,5.5,11.,5.5;                                   1657P   3272
102,2,1651,1655;                                                    1659P   3273
102,2,1653,1657;                                                    1661P   3274
142,1,1573,1659,1661,1;                                             1663P   3275
126,32,2,1,0,1,0,0.,0.,0.,0.0625,0.0625,0.125,0.125,0.1875,         1665P   3276
0.1875,0.25,0.25,0.3125,0.3125,0.375,0.375,0.4375,0.4375,0.5,       1665P   3277
0.5,0.5625,0.5625,0.625,0.625,0.6875,0.6875,0.75,0.75,0.8125,       1665P   3278
0.8125,0.875,0.875,0.9375,0.9375,1.,1.,1.,1.,1.,1.,1.,1.,1.,1.,     1665P   3279
1.,1.,1.,1.,1.,1.,1.,1.,1.,1.,1.,1.,1.,1.,1.,1.,1.,1.,1.,1.,1.,     1665P   3280
1.,1.,1.,1.,1.,0.925487615,0.503935889,0.,0.925487615,              1665P   3281
0.497953271,0.,0.924960489,0.492085607,0.,0.924433364,              1665P   3282
0.486217943,0.,0.92339937,0.480690724,0.,0.922365377,               1665P   3283
0.475163505,0.,0.920864251,0.47018914,0.,0.919363125,               1665P   3284
0.465214775,0.,0.917452554,0.460984425,0.,0.915541983,              1665P   3285
0.456754074,0.,0.913295389,0.45343031,0.,0.911048796,               1665P   3286
0.450106545,0.,0.908552514,0.447817096,0.,0.906056233,              1665P   3287
0.445527647,0.,0.903406195,0.444360496,0.,0.900756157,              1665P   3288
0.443193345,0.,0.898054202,0.443193345,0.,0.895352247,              1665P   3289
0.443193345,0.,0.892702209,0.444360496,0.,0.890052171,              1665P   3290
0.445527647,0.,0.887555889,0.447817096,0.,0.885059608,              1665P   3291
0.450106545,0.,0.882813014,0.45343031,0.,0.880566421,               1665P   3292
0.456754074,0.,0.87865585,0.460984425,0.,0.876745279,               1665P   3293
0.465214775,0.,0.875244153,0.47018914,0.,0.873743027,               1665P   3294
0.475163505,0.,0.872709033,0.480690724,0.,0.87167504,               1665P   3295
0.486217943,0.,0.871147915,0.492085607,0.,0.870620789,              1665P   3296
0.497953271,0.,0.870620789,0.503935889,0.,0.,1.,0.,0.,1.;           1665P   3297
100,52.,5.5,12.5,4.,12.5,7.,12.5;                                   1667P   3298
126,32,2,1,0,1,0,0.,0.,0.,0.0625,0.0625,0.125,0.125,0.1875,         1669P   3299
0.1875,0.25,0.25,0.3125,0.3125,0.375,0.375,0.4375,0.4375,0.5,       1669P   3300
0.5,0.5625,0.5625,0.625,0.625,0.6875,0.6875,0.75,0.75,0.8125,       1669P   3301
0.8125,0.875,0.875,0.9375,0.9375,1.,1.,1.,1.,1.,1.,1.,1.,1.,1.,     1669P   3302
1.,1.,1.,1.,1.,1.,1.,1.,1.,1.,1.,1.,1.,1.,1.,1.,1.,1.,1.,1.,1.,     1669P   3303
1.,1.,1.,1.,1.,0.870620789,0.503935889,0.,0.870620789,              1669P   3304
0.509918508,0.,0.871147915,0.515786172,0.,0.87167504,               1669P   3305
0.521653836,0.,0.872709033,0.527181055,0.,0.873743027,              1669P   3306
0.532708273,0.,0.875244153,0.537682639,0.,0.876745279,              1669P   3307
0.542657004,0.,0.87865585,0.546887354,0.,0.880566421,               1669P   3308
0.551117704,0.,0.882813014,0.554441469,0.,0.885059608,              1669P   3309
0.557765234,0.,0.887555889,0.560054683,0.,0.890052171,              1669P   3310
0.562344132,0.,0.892702209,0.563511283,0.,0.895352247,              1669P   3311
0.564678434,0.,0.898054202,0.564678434,0.,0.900756157,              1669P   3312
0.564678434,0.,0.903406195,0.563511283,0.,0.906056233,              1669P   3313
0.562344132,0.,0.908552514,0.560054683,0.,0.911048796,              1669P   3314
0.557765234,0.,0.913295389,0.554441469,0.,0.915541983,              1669P   3315
0.551117704,0.,0.917452554,0.546887354,0.,0.919363125,              1669P   3316
0.542657004,0.,0.920864251,0.537682639,0.,0.922365377,              1669P   3317
0.532708273,0.,0.92339937,0.527181055,0.,0.924433364,               1669P   3318
0.521653836,0.,0.924960489,0.515786172,0.,0.925487615,              1669P   3319
0.509918508,0.,0.925487615,0.503935889,0.,0.,1.,0.,0.,1.;           1669P   3320
100,52.,5.5,12.5,7.,12.5,4.,12.5;                                   1671P   3321
102,2,1665,1669;                                                    1673P   3322
102,2,1667,1671;                                                    1675P   3323
142,1,1573,1673,1675,1;                                             1677P   3324
126,32,2,1,0,1,0,0.,0.,0.,0.0625,0.0625,0.125,0.125,0.1875,         1679P   3325
0.1875,0.25,0.25,0.3125,0.3125,0.375,0.375,0.4375,0.4375,0.5,       1679P   3326
0.5,0.5625,0.5625,0.625,0.625,0.6875,0.6875,0.75,0.75,0.8125,       1679P   3327
0.8125,0.875,0.875,0.9375,0.9375,1.,1.,1.,1.,1.,1.,1.,1.,1.,1.,     1679P   3328
1.,1.,1.,1.,1.,1.,1.,1.,1.,1.,1.,1.,1.,1.,1.,1.,1.,1.,1.,1.,1.,     1679P   3329
1.,1.,1.,1.,1.,0.843187377,0.503935889,0.,0.843187377,              1679P   3330
0.48798224,0.,0.841781709,0.472335136,0.,0.840376041,               1679P   3331
0.456688032,0.,0.837618725,0.441948782,0.,0.834861409,              1679P   3332
0.427209532,0.,0.830858407,0.413944558,0.,0.826855404,              1679P   3333
0.400679583,0.,0.821760548,0.38939865,0.,0.816665693,               1679P   3334
0.378117716,0.,0.810674776,0.369254344,0.,0.804683859,              1679P   3335
0.360390971,0.,0.79802711,0.354285774,0.,0.79137036,                1679P   3336
0.348180577,0.,0.784303592,0.345068174,0.,0.777236824,              1679P   3337
0.341955772,0.,0.770031609,0.341955772,0.,0.762826395,              1679P   3338
0.341955772,0.,0.755759627,0.345068174,0.,0.748692859,              1679P   3339
0.348180577,0.,0.742036109,0.354285774,0.,0.73537936,               1679P   3340
0.360390971,0.,0.729388443,0.369254344,0.,0.723397526,              1679P   3341
0.378117716,0.,0.71830267,0.38939865,0.,0.713207815,                1679P   3342
0.400679583,0.,0.709204812,0.413944558,0.,0.70520181,               1679P   3343
0.427209532,0.,0.702444494,0.441948782,0.,0.699687177,              1679P   3344
0.456688032,0.,0.69828151,0.472335136,0.,0.696875842,               1679P   3345
0.48798224,0.,0.696875842,0.503935889,0.,0.,1.,0.,0.,1.;            1679P   3346
100,52.,12.5,12.5,8.5,12.5,16.5,12.5;                               1681P   3347
126,32,2,1,0,1,0,0.,0.,0.,0.0625,0.0625,0.125,0.125,0.1875,         1683P   3348
0.1875,0.25,0.25,0.3125,0.3125,0.375,0.375,0.4375,0.4375,0.5,       1683P   3349
0.5,0.5625,0.5625,0.625,0.625,0.6875,0.6875,0.75,0.75,0.8125,       1683P   3350
0.8125,0.875,0.875,0.9375,0.9375,1.,1.,1.,1.,1.,1.,1.,1.,1.,1.,     1683P   3351
1.,1.,1.,1.,1.,1.,1.,1.,1.,1.,1.,1.,1.,1.,1.,1.,1.,1.,1.,1.,1.,     1683P   3352
1.,1.,1.,1.,1.,0.696875842,0.503935889,0.,0.696875842,              1683P   3353
0.519889539,0.,0.69828151,0.535536643,0.,0.699687177,               1683P   3354
0.551183747,0.,0.702444494,0.565922997,0.,0.70520181,               1683P   3355
0.580662247,0.,0.709204812,0.593927221,0.,0.713207815,              1683P   3356
0.607192196,0.,0.71830267,0.618473129,0.,0.723397526,               1683P   3357
0.629754063,0.,0.729388443,0.638617435,0.,0.73537936,               1683P   3358
0.647480808,0.,0.742036109,0.653586005,0.,0.748692859,              1683P   3359
0.659691202,0.,0.755759627,0.662803605,0.,0.762826395,              1683P   3360
0.665916007,0.,0.770031609,0.665916007,0.,0.777236824,              1683P   3361
0.665916007,0.,0.784303592,0.662803605,0.,0.79137036,               1683P   3362
0.659691202,0.,0.79802711,0.653586005,0.,0.804683859,               1683P   3363
0.647480808,0.,0.810674776,0.638617435,0.,0.816665693,              1683P   3364
0.629754063,0.,0.821760548,0.618473129,0.,0.826855404,              1683P   3365
0.607192196,0.,0.830858407,0.593927221,0.,0.834861409,              1683P   3366
0.580662247,0.,0.837618725,0.565922997,0.,0.840376041,              1683P   3367
0.551183747,0.,0.841781709,0.535536643,0.,0.843187377,              1683P   3368
0.519889539,0.,0.843187377,0.503935889,0.,0.,1.,0.,0.,1.;           1683P   3369
100,52.,12.5,12.5,16.5,12.5,8.5,12.5;                               1685P   3370
102,2,1679,1683;                                                    1687P   3371
102,2,1681,1685;                                                    1689P   3372
142,1,1573,1687,1689,1;                                             1691P   3373
144,1573,1,6,1607,1621,1635,1649,1663,1677,1691;                    1693P   3374
128,1,1,1,1,0,0,1,0,0,0.,0.,1.,1.,0.,0.,1.,1.,1.,1.,1.,1.,          1695P   3375
39.090990258,-1.237436867,2.,56.415106397,16.086679272,2.,          1695P   3376
39.090990258,-1.237436867,52.,56.415106397,16.086679272,52.,0.,     1695P   3377
1.,0.,1.;                                                           1695P   3378
126,1,1,1,0,1,0,0.,0.,1.,1.,1.,1.,1.,1.,0.,0.,1.,0.,0.,1.,0.,       1697P   3379
0.,1.;                                                              1697P   3380
110,56.415106397,16.086679272,52.,39.090990258,-1.237436867,        1699P   3381
52.;                                                                1699P   3382
126,1,1,1,0,1,0,0.,0.,1.,1.,1.,1.,0.,1.,0.,0.,0.,0.,0.,1.,0.,       1701P   3383
0.,1.;                                                              1701P   3384
110,39.090990258,-1.237436867,52.,39.090990258,-1.237436867,2.;     1703P   3385
126,1,1,1,0,1,0,0.,0.,1.,1.,1.,1.,0.,0.,0.,1.,0.,0.,0.,1.,0.,       1705P   3386
0.,1.;                                                              1705P   3387
110,39.090990258,-1.237436867,2.,56.415106397,16.086679272,2.;      1707P   3388
126,1,1,1,0,1,0,0.,0.,1.,1.,1.,1.,1.,0.,0.,1.,1.,0.,0.,1.,0.,       1709P   3389
0.,1.;                                                              1709P   3390
110,56.415106397,16.086679272,2.,56.415106397,16.086679272,52.;     1711P   3391
102,4,1697,1701,1705,1709;                                          1713P   3392
102,4,1699,1703,1707,1711;                                          1715P   3393
142,1,1695,1713,1715,1;                                             1717P   3394
126,32,2,1,0,1,0,0.,0.,0.,0.0625,0.0625,0.125,0.125,0.1875,         1719P   3395
0.1875,0.25,0.25,0.3125,0.3125,0.375,0.375,0.4375,0.4375,0.5,       1719P   3396
0.5,0.5625,0.5625,0.625,0.625,0.6875,0.6875,0.75,0.75,0.8125,       1719P   3397
0.8125,0.875,0.875,0.9375,0.9375,1.,1.,1.,1.,1.,1.,1.,1.,1.,1.,     1719P   3398
1.,1.,1.,1.,1.,1.,1.,1.,1.,1.,1.,1.,1.,1.,1.,1.,1.,1.,1.,1.,1.,     1719P   3399
1.,1.,1.,1.,1.,0.724489796,0.5,0.,0.724489796,0.502954742,0.,       1719P   3400
0.725666207,0.50585271,0.,0.726842619,0.508750677,0.,               1719P   3401
0.729150233,0.511480503,0.,0.731457847,0.514210329,0.,              1719P   3402
0.734807983,0.516667107,0.,0.738158119,0.519123885,0.,              1719P   3403
0.742422034,0.521213203,0.,0.746685948,0.523302522,0.,              1719P   3404
0.751699782,0.524944088,0.,0.756713615,0.526585655,0.,              1719P   3405
0.762284688,0.527716386,0.,0.767855761,0.528847117,0.,              1719P   3406
0.77376998,0.529423558,0.,0.7796842,0.53,0.,0.785714286,0.53,       1719P   3407
0.,0.791744372,0.53,0.,0.797658591,0.529423558,0.,0.803572811,      1719P   3408
0.528847117,0.,0.809143884,0.527716386,0.,0.814714957,              1719P   3409
0.526585655,0.,0.81972879,0.524944088,0.,0.824742623,               1719P   3410
0.523302522,0.,0.829006538,0.521213203,0.,0.833270452,              1719P   3411
0.519123885,0.,0.836620589,0.516667107,0.,0.839970725,              1719P   3412
0.514210329,0.,0.842278339,0.511480503,0.,0.844585953,              1719P   3413
0.508750677,0.,0.845762364,0.50585271,0.,0.846938776,               1719P   3414
0.502954742,0.,0.846938776,0.5,0.,0.,1.,0.,0.,1.;                   1719P   3415
124,-0.707106781186547,1.21569421196455E-014,                       1721P   3416
-0.707106781186548,109.061183182026,-0.707106781186548,             1721P   3417
1.19904086659517E-014,0.707106781186548,30.5489898729527,           1721P   3418
1.70974345792274E-014,1.,6.12303176911189E-017,                     1721P   3419
14.6256313294981;                                                   1721P   3420
100,27.,52.702795796,12.374368671,54.202795796,12.374368671,        1723P   3421
51.202795795,12.374368671;                                          1723P   3422
126,32,2,1,0,1,0,0.,0.,0.,0.0625,0.0625,0.125,0.125,0.1875,         1725P   3423
0.1875,0.25,0.25,0.3125,0.3125,0.375,0.375,0.4375,0.4375,0.5,       1725P   3424
0.5,0.5625,0.5625,0.625,0.625,0.6875,0.6875,0.75,0.75,0.8125,       1725P   3425
0.8125,0.875,0.875,0.9375,0.9375,1.,1.,1.,1.,1.,1.,1.,1.,1.,1.,     1725P   3426
1.,1.,1.,1.,1.,1.,1.,1.,1.,1.,1.,1.,1.,1.,1.,1.,1.,1.,1.,1.,1.,     1725P   3427
1.,1.,1.,1.,1.,0.846938776,0.5,0.,0.846938776,0.497045258,0.,       1725P   3428
0.845762364,0.49414729,0.,0.844585953,0.491249323,0.,               1725P   3429
0.842278339,0.488519497,0.,0.839970725,0.485789671,0.,              1725P   3430
0.836620589,0.483332893,0.,0.833270452,0.480876115,0.,              1725P   3431
0.829006538,0.478786797,0.,0.824742623,0.476697478,0.,              1725P   3432
0.81972879,0.475055912,0.,0.814714957,0.473414345,0.,               1725P   3433
0.809143884,0.472283614,0.,0.803572811,0.471152883,0.,              1725P   3434
0.797658591,0.470576442,0.,0.791744372,0.47,0.,0.785714286,         1725P   3435
0.47,0.,0.7796842,0.47,0.,0.77376998,0.470576442,0.,                1725P   3436
0.767855761,0.471152883,0.,0.762284688,0.472283614,0.,              1725P   3437
0.756713615,0.473414345,0.,0.751699782,0.475055912,0.,              1725P   3438
0.746685948,0.476697478,0.,0.742422034,0.478786797,0.,              1725P   3439
0.738158119,0.480876115,0.,0.734807983,0.483332893,0.,              1725P   3440
0.731457847,0.485789671,0.,0.729150233,0.488519497,0.,              1725P   3441
0.726842619,0.491249323,0.,0.725666207,0.49414729,0.,               1725P   3442
0.724489796,0.497045258,0.,0.724489796,0.5,0.,0.,1.,0.,0.,1.;       1725P   3443
124,0.707106781186547,2.27595720048157E-015,-0.707106781186548,     1727P   3444
34.5281745930491,0.707106781186548,2.44249065417534E-015,           1727P   3445
0.707106781186548,-43.9840187160245,3.33066907387547E-015,-1.,      1727P   3446
6.12303176911189E-017,39.3743686705008;                             1727P   3447
100,27.,52.702795796,12.374368671,54.202795796,12.374368671,        1729P   3448
51.202795795,12.374368671;                                          1729P   3449
102,2,1719,1725;                                                    1731P   3450
102,2,1723,1729;                                                    1733P   3451
142,1,1695,1731,1733,1;                                             1735P   3452
126,32,2,1,0,1,0,0.,0.,0.,0.0625,0.0625,0.125,0.125,0.1875,         1737P   3453
0.1875,0.25,0.25,0.3125,0.3125,0.375,0.375,0.4375,0.4375,0.5,       1737P   3454
0.5,0.5625,0.5625,0.625,0.625,0.6875,0.6875,0.75,0.75,0.8125,       1737P   3455
0.8125,0.875,0.875,0.9375,0.9375,1.,1.,1.,1.,1.,1.,1.,1.,1.,1.,     1737P   3456
1.,1.,1.,1.,1.,1.,1.,1.,1.,1.,1.,1.,1.,1.,1.,1.,1.,1.,1.,1.,1.,     1737P   3457
1.,1.,1.,1.,1.,0.43877551,0.872,0.,0.43877551,0.874954742,0.,       1737P   3458
0.439951922,0.87785271,0.,0.441128333,0.880750677,0.,               1737P   3459
0.443435947,0.883480503,0.,0.445743561,0.886210329,0.,              1737P   3460
0.449093697,0.888667107,0.,0.452443833,0.891123885,0.,              1737P   3461
0.456707748,0.893213203,0.,0.460971663,0.895302522,0.,              1737P   3462
0.465985496,0.896944088,0.,0.470999329,0.898585655,0.,              1737P   3463
0.476570402,0.899716386,0.,0.482141475,0.900847117,0.,              1737P   3464
0.488055695,0.901423558,0.,0.493969914,0.902,0.,0.5,0.902,0.,       1737P   3465
0.506030086,0.902,0.,0.511944305,0.901423558,0.,0.517858525,        1737P   3466
0.900847117,0.,0.523429598,0.899716386,0.,0.529000671,              1737P   3467
0.898585655,0.,0.534014504,0.896944088,0.,0.539028337,              1737P   3468
0.895302522,0.,0.543292252,0.893213203,0.,0.547556167,              1737P   3469
0.891123885,0.,0.550906303,0.888667107,0.,0.554256439,              1737P   3470
0.886210329,0.,0.556564053,0.883480503,0.,0.558871667,              1737P   3471
0.880750677,0.,0.560048078,0.87785271,0.,0.56122449,                1737P   3472
0.874954742,0.,0.56122449,0.872,0.,0.,1.,0.,0.,1.;                  1737P   3473
124,-0.707106781186547,9.93649607039515E-015,                       1739P   3474
-0.707106781186548,113.763621844309,-0.707106781186548,             1739P   3475
9.76996261670138E-015,0.707106781186548,8.94705627509582,           1739P   3476
1.3988810110277E-014,1.,6.12303176911189E-017,38.1753787975003;     1739P   3477
100,45.6,47.753048327,7.424621202,49.253048327,7.424621202,         1741P   3478
46.253048328,7.424621202;                                           1741P   3479
126,32,2,1,0,1,0,0.,0.,0.,0.0625,0.0625,0.125,0.125,0.1875,         1743P   3480
0.1875,0.25,0.25,0.3125,0.3125,0.375,0.375,0.4375,0.4375,0.5,       1743P   3481
0.5,0.5625,0.5625,0.625,0.625,0.6875,0.6875,0.75,0.75,0.8125,       1743P   3482
0.8125,0.875,0.875,0.9375,0.9375,1.,1.,1.,1.,1.,1.,1.,1.,1.,1.,     1743P   3483
1.,1.,1.,1.,1.,1.,1.,1.,1.,1.,1.,1.,1.,1.,1.,1.,1.,1.,1.,1.,1.,     1743P   3484
1.,1.,1.,1.,1.,0.56122449,0.872,0.,0.56122449,0.869045258,0.,       1743P   3485
0.560048078,0.86614729,0.,0.558871667,0.863249323,0.,               1743P   3486
0.556564053,0.860519497,0.,0.554256439,0.857789671,0.,              1743P   3487
0.550906303,0.855332893,0.,0.547556167,0.852876115,0.,              1743P   3488
0.543292252,0.850786797,0.,0.539028337,0.848697478,0.,              1743P   3489
0.534014504,0.847055912,0.,0.529000671,0.845414345,0.,              1743P   3490
0.523429598,0.844283614,0.,0.517858525,0.843152883,0.,              1743P   3491
0.511944305,0.842576442,0.,0.506030086,0.842,0.,0.5,0.842,0.,       1743P   3492
0.493969914,0.842,0.,0.488055695,0.842576442,0.,0.482141475,        1743P   3493
0.843152883,0.,0.476570402,0.844283614,0.,0.470999329,              1743P   3494
0.845414345,0.,0.465985496,0.847055912,0.,0.460971663,              1743P   3495
0.848697478,0.,0.456707748,0.850786797,0.,0.452443833,              1743P   3496
0.852876115,0.,0.449093697,0.855332893,0.,0.445743561,              1743P   3497
0.857789671,0.,0.443435947,0.860519497,0.,0.441128333,              1743P   3498
0.863249323,0.,0.439951922,0.86614729,0.,0.43877551,                1743P   3499
0.869045258,0.,0.43877551,0.872,0.,0.,1.,0.,0.,1.;                  1743P   3500
124,0.707106781186547,5.55111512312578E-017,-0.707106781186548,     1745P   3501
46.2306132549021,0.707106781186548,2.22044604925031E-016,           1745P   3502
0.707106781186548,-58.5859523143111,2.22044604925031E-016,-1.,      1745P   3503
6.12303176911189E-017,53.024621202499;                              1745P   3504
100,45.6,47.753048327,7.424621202,49.253048327,7.424621202,         1747P   3505
46.253048328,7.424621202;                                           1747P   3506
102,2,1737,1743;                                                    1749P   3507
102,2,1741,1747;                                                    1751P   3508
142,1,1695,1749,1751,1;                                             1753P   3509
126,32,2,1,0,1,0,0.,0.,0.,0.0625,0.0625,0.125,0.125,0.1875,         1755P   3510
0.1875,0.25,0.25,0.3125,0.3125,0.375,0.375,0.4375,0.4375,0.5,       1755P   3511
0.5,0.5625,0.5625,0.625,0.625,0.6875,0.6875,0.75,0.75,0.8125,       1755P   3512
0.8125,0.875,0.875,0.9375,0.9375,1.,1.,1.,1.,1.,1.,1.,1.,1.,1.,     1755P   3513
1.,1.,1.,1.,1.,1.,1.,1.,1.,1.,1.,1.,1.,1.,1.,1.,1.,1.,1.,1.,1.,     1755P   3514
1.,1.,1.,1.,1.,0.43877551,0.64,0.,0.43877551,0.642954742,0.,        1755P   3515
0.439951922,0.64585271,0.,0.441128333,0.648750677,0.,               1755P   3516
0.443435947,0.651480503,0.,0.445743561,0.654210329,0.,              1755P   3517
0.449093697,0.656667107,0.,0.452443833,0.659123885,0.,              1755P   3518
0.456707748,0.661213203,0.,0.460971663,0.663302522,0.,              1755P   3519
0.465985496,0.664944088,0.,0.470999329,0.666585655,0.,              1755P   3520
0.476570402,0.667716386,0.,0.482141475,0.668847117,0.,              1755P   3521
0.488055695,0.669423558,0.,0.493969914,0.67,0.,0.5,0.67,0.,         1755P   3522
0.506030086,0.67,0.,0.511944305,0.669423558,0.,0.517858525,         1755P   3523
0.668847117,0.,0.523429598,0.667716386,0.,0.529000671,              1755P   3524
0.666585655,0.,0.534014504,0.664944088,0.,0.539028337,              1755P   3525
0.663302522,0.,0.543292252,0.661213203,0.,0.547556167,              1755P   3526
0.659123885,0.,0.550906303,0.656667107,0.,0.554256439,              1755P   3527
0.654210329,0.,0.556564053,0.651480503,0.,0.558871667,              1755P   3528
0.648750677,0.,0.560048078,0.64585271,0.,0.56122449,                1755P   3529
0.642954742,0.,0.56122449,0.64,0.,0.,1.,0.,0.,1.;                   1755P   3530
124,-0.707106781186547,9.93649607039515E-015,                       1757P   3531
-0.707106781186548,105.561183182545,-0.707106781186548,             1757P   3532
9.76996261670138E-015,0.707106781186548,17.1494949368598,           1757P   3533
1.3988810110277E-014,1.,6.12303176911189E-017,26.5753787975003;     1757P   3534
100,34.,47.753048327,7.424621202,49.253048327,7.424621202,          1759P   3535
46.253048328,7.424621202;                                           1759P   3536
126,32,2,1,0,1,0,0.,0.,0.,0.0625,0.0625,0.125,0.125,0.1875,         1761P   3537
0.1875,0.25,0.25,0.3125,0.3125,0.375,0.375,0.4375,0.4375,0.5,       1761P   3538
0.5,0.5625,0.5625,0.625,0.625,0.6875,0.6875,0.75,0.75,0.8125,       1761P   3539
0.8125,0.875,0.875,0.9375,0.9375,1.,1.,1.,1.,1.,1.,1.,1.,1.,1.,     1761P   3540
1.,1.,1.,1.,1.,1.,1.,1.,1.,1.,1.,1.,1.,1.,1.,1.,1.,1.,1.,1.,1.,     1761P   3541
1.,1.,1.,1.,1.,0.56122449,0.64,0.,0.56122449,0.637045258,0.,        1761P   3542
0.560048078,0.63414729,0.,0.558871667,0.631249323,0.,               1761P   3543
0.556564053,0.628519497,0.,0.554256439,0.625789671,0.,              1761P   3544
0.550906303,0.623332893,0.,0.547556167,0.620876115,0.,              1761P   3545
0.543292252,0.618786797,0.,0.539028337,0.616697478,0.,              1761P   3546
0.534014504,0.615055912,0.,0.529000671,0.613414345,0.,              1761P   3547
0.523429598,0.612283614,0.,0.517858525,0.611152883,0.,              1761P   3548
0.511944305,0.610576442,0.,0.506030086,0.61,0.,0.5,0.61,0.,         1761P   3549
0.493969914,0.61,0.,0.488055695,0.610576442,0.,0.482141475,         1761P   3550
0.611152883,0.,0.476570402,0.612283614,0.,0.470999329,              1761P   3551
0.613414345,0.,0.465985496,0.615055912,0.,0.460971663,              1761P   3552
0.616697478,0.,0.456707748,0.618786797,0.,0.452443833,              1761P   3553
0.620876115,0.,0.449093697,0.623332893,0.,0.445743561,              1761P   3554
0.625789671,0.,0.443435947,0.628519497,0.,0.441128333,              1761P   3555
0.631249323,0.,0.439951922,0.63414729,0.,0.43877551,                1761P   3556
0.637045258,0.,0.43877551,0.64,0.,0.,1.,0.,0.,1.;                   1761P   3557
124,0.707106781186547,5.55111512312578E-017,-0.707106781186548,     1763P   3558
38.0281745931382,0.707106781186548,2.22044604925031E-016,           1763P   3559
0.707106781186548,-50.3835136525471,2.22044604925031E-016,-1.,      1763P   3560
6.12303176911189E-017,41.424621202499;                              1763P   3561
100,34.,47.753048327,7.424621202,49.253048327,7.424621202,          1765P   3562
46.253048328,7.424621202;                                           1765P   3563
102,2,1755,1761;                                                    1767P   3564
102,2,1759,1765;                                                    1769P   3565
142,1,1695,1767,1769,1;                                             1771P   3566
126,32,2,1,0,1,0,0.,0.,0.,0.0625,0.0625,0.125,0.125,0.1875,         1773P   3567
0.1875,0.25,0.25,0.3125,0.3125,0.375,0.375,0.4375,0.4375,0.5,       1773P   3568
0.5,0.5625,0.5625,0.625,0.625,0.6875,0.6875,0.75,0.75,0.8125,       1773P   3569
0.8125,0.875,0.875,0.9375,0.9375,1.,1.,1.,1.,1.,1.,1.,1.,1.,1.,     1773P   3570
1.,1.,1.,1.,1.,1.,1.,1.,1.,1.,1.,1.,1.,1.,1.,1.,1.,1.,1.,1.,1.,     1773P   3571
1.,1.,1.,1.,1.,0.43877551,0.36,0.,0.43877551,0.362954742,0.,        1773P   3572
0.439951922,0.36585271,0.,0.441128333,0.368750677,0.,               1773P   3573
0.443435947,0.371480503,0.,0.445743561,0.374210329,0.,              1773P   3574
0.449093697,0.376667107,0.,0.452443833,0.379123885,0.,              1773P   3575
0.456707748,0.381213203,0.,0.460971663,0.383302522,0.,              1773P   3576
0.465985496,0.384944088,0.,0.470999329,0.386585655,0.,              1773P   3577
0.476570402,0.387716386,0.,0.482141475,0.388847117,0.,              1773P   3578
0.488055695,0.389423558,0.,0.493969914,0.39,0.,0.5,0.39,0.,         1773P   3579
0.506030086,0.39,0.,0.511944305,0.389423558,0.,0.517858525,         1773P   3580
0.388847117,0.,0.523429598,0.387716386,0.,0.529000671,              1773P   3581
0.386585655,0.,0.534014504,0.384944088,0.,0.539028337,              1773P   3582
0.383302522,0.,0.543292252,0.381213203,0.,0.547556167,              1773P   3583
0.379123885,0.,0.550906303,0.376667107,0.,0.554256439,              1773P   3584
0.374210329,0.,0.556564053,0.371480503,0.,0.558871667,              1773P   3585
0.368750677,0.,0.560048078,0.36585271,0.,0.56122449,                1773P   3586
0.362954742,0.,0.56122449,0.36,0.,0.,1.,0.,0.,1.;                   1773P   3587
124,-0.707106781186547,9.93649607039515E-015,                       1775P   3588
-0.707106781186548,95.6616882459334,-0.707106781186548,             1775P   3589
9.76996261670138E-015,0.707106781186548,27.0489898734714,           1775P   3590
1.3988810110277E-014,1.,6.12303176911189E-017,12.5753787975003;     1775P   3591
100,20.,47.753048327,7.424621202,49.253048327,7.424621202,          1777P   3592
46.253048328,7.424621202;                                           1777P   3593
126,32,2,1,0,1,0,0.,0.,0.,0.0625,0.0625,0.125,0.125,0.1875,         1779P   3594
0.1875,0.25,0.25,0.3125,0.3125,0.375,0.375,0.4375,0.4375,0.5,       1779P   3595
0.5,0.5625,0.5625,0.625,0.625,0.6875,0.6875,0.75,0.75,0.8125,       1779P   3596
0.8125,0.875,0.875,0.9375,0.9375,1.,1.,1.,1.,1.,1.,1.,1.,1.,1.,     1779P   3597
1.,1.,1.,1.,1.,1.,1.,1.,1.,1.,1.,1.,1.,1.,1.,1.,1.,1.,1.,1.,1.,     1779P   3598
1.,1.,1.,1.,1.,0.56122449,0.36,0.,0.56122449,0.357045258,0.,        1779P   3599
0.560048078,0.35414729,0.,0.558871667,0.351249323,0.,               1779P   3600
0.556564053,0.348519497,0.,0.554256439,0.345789671,0.,              1779P   3601
0.550906303,0.343332893,0.,0.547556167,0.340876115,0.,              1779P   3602
0.543292252,0.338786797,0.,0.539028337,0.336697478,0.,              1779P   3603
0.534014504,0.335055912,0.,0.529000671,0.333414345,0.,              1779P   3604
0.523429598,0.332283614,0.,0.517858525,0.331152883,0.,              1779P   3605
0.511944305,0.330576442,0.,0.506030086,0.33,0.,0.5,0.33,0.,         1779P   3606
0.493969914,0.33,0.,0.488055695,0.330576442,0.,0.482141475,         1779P   3607
0.331152883,0.,0.476570402,0.332283614,0.,0.470999329,              1779P   3608
0.333414345,0.,0.465985496,0.335055912,0.,0.460971663,              1779P   3609
0.336697478,0.,0.456707748,0.338786797,0.,0.452443833,              1779P   3610
0.340876115,0.,0.449093697,0.343332893,0.,0.445743561,              1779P   3611
0.345789671,0.,0.443435947,0.348519497,0.,0.441128333,              1779P   3612
0.351249323,0.,0.439951922,0.35414729,0.,0.43877551,                1779P   3613
0.357045258,0.,0.43877551,0.36,0.,0.,1.,0.,0.,1.;                   1779P   3614
124,0.707106781186547,-1.16573417585641E-015,                       1781P   3615
-0.707106781186548,28.1286796565265,0.707106781186548,              1781P   3616
-9.99200722162641E-016,0.707106781186548,-40.4840187159354,         1781P   3617
-1.55431223447522E-015,-1.,6.12303176911189E-017,                   1781P   3618
27.4246212024991;                                                   1781P   3619
100,20.,47.753048327,7.424621202,49.253048327,7.424621202,          1783P   3620
46.253048328,7.424621202;                                           1783P   3621
102,2,1773,1779;                                                    1785P   3622
102,2,1777,1783;                                                    1787P   3623
142,1,1695,1785,1787,1;                                             1789P   3624
126,32,2,1,0,1,0,0.,0.,0.,0.0625,0.0625,0.125,0.125,0.1875,         1791P   3625
0.1875,0.25,0.25,0.3125,0.3125,0.375,0.375,0.4375,0.4375,0.5,       1791P   3626
0.5,0.5625,0.5625,0.625,0.625,0.6875,0.6875,0.75,0.75,0.8125,       1791P   3627
0.8125,0.875,0.875,0.9375,0.9375,1.,1.,1.,1.,1.,1.,1.,1.,1.,1.,     1791P   3628
1.,1.,1.,1.,1.,1.,1.,1.,1.,1.,1.,1.,1.,1.,1.,1.,1.,1.,1.,1.,1.,     1791P   3629
1.,1.,1.,1.,1.,0.43877551,0.128,0.,0.43877551,0.130954742,0.,       1791P   3630
0.439951922,0.13385271,0.,0.441128333,0.136750677,0.,               1791P   3631
0.443435947,0.139480503,0.,0.445743561,0.142210329,0.,              1791P   3632
0.449093697,0.144667107,0.,0.452443833,0.147123885,0.,              1791P   3633
0.456707748,0.149213203,0.,0.460971663,0.151302522,0.,              1791P   3634
0.465985496,0.152944088,0.,0.470999329,0.154585655,0.,              1791P   3635
0.476570402,0.155716386,0.,0.482141475,0.156847117,0.,              1791P   3636
0.488055695,0.157423558,0.,0.493969914,0.158,0.,0.5,0.158,0.,       1791P   3637
0.506030086,0.158,0.,0.511944305,0.157423558,0.,0.517858525,        1791P   3638
0.156847117,0.,0.523429598,0.155716386,0.,0.529000671,              1791P   3639
0.154585655,0.,0.534014504,0.152944088,0.,0.539028337,              1791P   3640
0.151302522,0.,0.543292252,0.149213203,0.,0.547556167,              1791P   3641
0.147123885,0.,0.550906303,0.144667107,0.,0.554256439,              1791P   3642
0.142210329,0.,0.556564053,0.139480503,0.,0.558871667,              1791P   3643
0.136750677,0.,0.560048078,0.13385271,0.,0.56122449,                1791P   3644
0.130954742,0.,0.56122449,0.128,0.,0.,1.,0.,0.,1.;                  1791P   3645
124,-0.707106781186547,9.93649607039515E-015,                       1793P   3646
-0.707106781186548,87.4592495841694,-0.707106781186548,             1793P   3647
9.76996261670138E-015,0.707106781186548,35.2514285352354,           1793P   3648
1.3988810110277E-014,1.,6.12303176911189E-017,                      1793P   3649
0.975378797500336;                                                  1793P   3650
100,8.4,47.753048327,7.424621202,49.253048327,7.424621202,          1795P   3651
46.253048328,7.424621202;                                           1795P   3652
126,32,2,1,0,1,0,0.,0.,0.,0.0625,0.0625,0.125,0.125,0.1875,         1797P   3653
0.1875,0.25,0.25,0.3125,0.3125,0.375,0.375,0.4375,0.4375,0.5,       1797P   3654
0.5,0.5625,0.5625,0.625,0.625,0.6875,0.6875,0.75,0.75,0.8125,       1797P   3655
0.8125,0.875,0.875,0.9375,0.9375,1.,1.,1.,1.,1.,1.,1.,1.,1.,1.,     1797P   3656
1.,1.,1.,1.,1.,1.,1.,1.,1.,1.,1.,1.,1.,1.,1.,1.,1.,1.,1.,1.,1.,     1797P   3657
1.,1.,1.,1.,1.,0.56122449,0.128,0.,0.56122449,0.125045258,0.,       1797P   3658
0.560048078,0.12214729,0.,0.558871667,0.119249323,0.,               1797P   3659
0.556564053,0.116519497,0.,0.554256439,0.113789671,0.,              1797P   3660
0.550906303,0.111332893,0.,0.547556167,0.108876115,0.,              1797P   3661
0.543292252,0.106786797,0.,0.539028337,0.104697478,0.,              1797P   3662
0.534014504,0.103055912,0.,0.529000671,0.101414345,0.,              1797P   3663
0.523429598,0.100283614,0.,0.517858525,0.099152883,0.,              1797P   3664
0.511944305,0.098576442,0.,0.506030086,0.098,0.,0.5,0.098,0.,       1797P   3665
0.493969914,0.098,0.,0.488055695,0.098576442,0.,0.482141475,        1797P   3666
0.099152883,0.,0.476570402,0.100283614,0.,0.470999329,              1797P   3667
0.101414345,0.,0.465985496,0.103055912,0.,0.460971663,              1797P   3668
0.104697478,0.,0.456707748,0.106786797,0.,0.452443833,              1797P   3669
0.108876115,0.,0.449093697,0.111332893,0.,0.445743561,              1797P   3670
0.113789671,0.,0.443435947,0.116519497,0.,0.441128333,              1797P   3671
0.119249323,0.,0.439951922,0.12214729,0.,0.43877551,                1797P   3672
0.125045258,0.,0.43877551,0.128,0.,0.,1.,0.,0.,1.;                  1797P   3673
124,0.707106781186547,5.55111512312578E-017,-0.707106781186548,     1799P   3674
19.9262409947626,0.707106781186548,2.22044604925031E-016,           1799P   3675
0.707106781186548,-32.2815800541715,2.22044604925031E-016,-1.,      1799P   3676
6.12303176911189E-017,15.824621202499;                              1799P   3677
100,8.4,47.753048327,7.424621202,49.253048327,7.424621202,          1801P   3678
46.253048328,7.424621202;                                           1801P   3679
102,2,1791,1797;                                                    1803P   3680
102,2,1795,1801;                                                    1805P   3681
142,1,1695,1803,1805,1;                                             1807P   3682
126,32,2,1,0,1,0,0.,0.,0.,0.0625,0.0625,0.125,0.125,0.1875,         1809P   3683
0.1875,0.25,0.25,0.3125,0.3125,0.375,0.375,0.4375,0.4375,0.5,       1809P   3684
0.5,0.5625,0.5625,0.625,0.625,0.6875,0.6875,0.75,0.75,0.8125,       1809P   3685
0.8125,0.875,0.875,0.9375,0.9375,1.,1.,1.,1.,1.,1.,1.,1.,1.,1.,     1809P   3686
1.,1.,1.,1.,1.,1.,1.,1.,1.,1.,1.,1.,1.,1.,1.,1.,1.,1.,1.,1.,1.,     1809P   3687
1.,1.,1.,1.,1.,0.153061225,0.5,0.,0.153061225,0.502954742,0.,       1809P   3688
0.154237636,0.50585271,0.,0.155414047,0.508750677,0.,               1809P   3689
0.157721661,0.511480503,0.,0.160029275,0.514210329,0.,              1809P   3690
0.163379412,0.516667107,0.,0.166729548,0.519123885,0.,              1809P   3691
0.170993462,0.521213203,0.,0.175257377,0.523302522,0.,              1809P   3692
0.18027121,0.524944088,0.,0.185285043,0.526585655,0.,               1809P   3693
0.190856116,0.527716386,0.,0.196427189,0.528847117,0.,              1809P   3694
0.202341409,0.529423558,0.,0.208255628,0.53,0.,0.214285714,         1809P   3695
0.53,0.,0.2203158,0.53,0.,0.22623002,0.529423558,0.,                1809P   3696
0.232144239,0.528847117,0.,0.237715312,0.527716386,0.,              1809P   3697
0.243286385,0.526585655,0.,0.248300218,0.524944088,0.,              1809P   3698
0.253314052,0.523302522,0.,0.257577966,0.521213203,0.,              1809P   3699
0.261841881,0.519123885,0.,0.265192017,0.516667107,0.,              1809P   3700
0.268542153,0.514210329,0.,0.270849767,0.511480503,0.,              1809P   3701
0.273157381,0.508750677,0.,0.274333793,0.50585271,0.,               1809P   3702
0.275510204,0.502954742,0.,0.275510204,0.5,0.,0.,1.,0.,0.,1.;       1809P   3703
124,-0.707106781186547,9.93649607039515E-015,                       1811P   3704
-0.707106781186548,92.1616882464555,-0.707106781186548,             1811P   3705
9.76996261670138E-015,0.707106781186548,13.6494949373819,           1811P   3706
1.3988810110277E-014,1.,6.12303176911189E-017,24.5251262655004;     1811P   3707
100,27.,42.803300859,2.474873734,44.303300859,2.474873734,          1813P   3708
41.30330086,2.474873734;                                            1813P   3709
126,32,2,1,0,1,0,0.,0.,0.,0.0625,0.0625,0.125,0.125,0.1875,         1815P   3710
0.1875,0.25,0.25,0.3125,0.3125,0.375,0.375,0.4375,0.4375,0.5,       1815P   3711
0.5,0.5625,0.5625,0.625,0.625,0.6875,0.6875,0.75,0.75,0.8125,       1815P   3712
0.8125,0.875,0.875,0.9375,0.9375,1.,1.,1.,1.,1.,1.,1.,1.,1.,1.,     1815P   3713
1.,1.,1.,1.,1.,1.,1.,1.,1.,1.,1.,1.,1.,1.,1.,1.,1.,1.,1.,1.,1.,     1815P   3714
1.,1.,1.,1.,1.,0.275510204,0.5,0.,0.275510204,0.497045258,0.,       1815P   3715
0.274333793,0.49414729,0.,0.273157381,0.491249323,0.,               1815P   3716
0.270849767,0.488519497,0.,0.268542153,0.485789671,0.,              1815P   3717
0.265192017,0.483332893,0.,0.261841881,0.480876115,0.,              1815P   3718
0.257577966,0.478786797,0.,0.253314052,0.476697478,0.,              1815P   3719
0.248300218,0.475055912,0.,0.243286385,0.473414345,0.,              1815P   3720
0.237715312,0.472283614,0.,0.232144239,0.471152883,0.,              1815P   3721
0.22623002,0.470576442,0.,0.2203158,0.47,0.,0.214285714,0.47,       1815P   3722
0.,0.208255628,0.47,0.,0.202341409,0.470576442,0.,0.196427189,      1815P   3723
0.471152883,0.,0.190856116,0.472283614,0.,0.185285043,              1815P   3724
0.473414345,0.,0.18027121,0.475055912,0.,0.175257377,               1815P   3725
0.476697478,0.,0.170993462,0.478786797,0.,0.166729548,              1815P   3726
0.480876115,0.,0.163379412,0.483332893,0.,0.160029275,              1815P   3727
0.485789671,0.,0.157721661,0.488519497,0.,0.155414047,              1815P   3728
0.491249323,0.,0.154237636,0.49414729,0.,0.153061225,               1815P   3729
0.497045258,0.,0.153061225,0.5,0.,0.,1.,0.,0.,1.;                   1815P   3730
124,0.707106781186547,5.55111512312578E-017,-0.707106781186548,     1817P   3731
31.6286796566161,0.707106781186548,2.22044604925031E-016,           1817P   3732
0.707106781186548,-46.8835136524575,2.22044604925031E-016,-1.,      1817P   3733
6.12303176911189E-017,29.474873734499;                              1817P   3734
100,27.,42.803300859,2.474873734,44.303300859,2.474873734,          1819P   3735
41.30330086,2.474873734;                                            1819P   3736
102,2,1809,1815;                                                    1821P   3737
102,2,1813,1819;                                                    1823P   3738
142,1,1695,1821,1823,1;                                             1825P   3739
126,32,2,1,0,1,0,0.,0.,0.,0.0625,0.0625,0.125,0.125,0.1875,         1827P   3740
0.1875,0.25,0.25,0.3125,0.3125,0.375,0.375,0.4375,0.4375,0.5,       1827P   3741
0.5,0.5625,0.5625,0.625,0.625,0.6875,0.6875,0.75,0.75,0.8125,       1827P   3742
0.8125,0.875,0.875,0.9375,0.9375,1.,1.,1.,1.,1.,1.,1.,1.,1.,1.,     1827P   3743
1.,1.,1.,1.,1.,1.,1.,1.,1.,1.,1.,1.,1.,1.,1.,1.,1.,1.,1.,1.,1.,     1827P   3744
1.,1.,1.,1.,1.,0.336734694,0.5,0.,0.336734694,0.507879312,0.,       1827P   3745
0.339871791,0.515607226,0.,0.343008888,0.523335139,0.,              1827P   3746
0.349162525,0.530614675,0.,0.355316163,0.53789421,0.,               1827P   3747
0.364249859,0.544445619,0.,0.373183556,0.550997027,0.,              1827P   3748
0.384553995,0.556568542,0.,0.395924434,0.562140058,0.,              1827P   3749
0.409294656,0.566517569,0.,0.422664878,0.57089508,0.,               1827P   3750
0.437521072,0.573910363,0.,0.452377267,0.576925645,0.,              1827P   3751
0.468148519,0.578462822,0.,0.483919771,0.58,0.,0.5,0.58,0.,         1827P   3752
0.516080229,0.58,0.,0.531851481,0.578462822,0.,0.547622733,         1827P   3753
0.576925645,0.,0.562478928,0.573910363,0.,0.577335122,              1827P   3754
0.57089508,0.,0.590705344,0.566517569,0.,0.604075566,               1827P   3755
0.562140058,0.,0.615446005,0.556568542,0.,0.626816444,              1827P   3756
0.550997027,0.,0.635750141,0.544445619,0.,0.644683837,              1827P   3757
0.53789421,0.,0.650837475,0.530614675,0.,0.656991112,               1827P   3758
0.523335139,0.,0.660128209,0.515607226,0.,0.663265306,              1827P   3759
0.507879312,0.,0.663265306,0.5,0.,0.,1.,0.,0.,1.;                   1827P   3760
124,-0.707106781186547,9.93649607039515E-015,                       1829P   3761
-0.707106781186548,100.611435714239,-0.707106781186548,             1829P   3762
9.76996261670138E-015,0.707106781186548,22.0992424051656,           1829P   3763
1.3988810110277E-014,1.,6.12303176911189E-017,19.5753787975003;     1829P   3764
100,27.,47.753048327,7.424621202,51.753048328,7.424621202,          1831P   3765
43.753048327,7.424621202;                                           1831P   3766
126,32,2,1,0,1,0,0.,0.,0.,0.0625,0.0625,0.125,0.125,0.1875,         1833P   3767
0.1875,0.25,0.25,0.3125,0.3125,0.375,0.375,0.4375,0.4375,0.5,       1833P   3768
0.5,0.5625,0.5625,0.625,0.625,0.6875,0.6875,0.75,0.75,0.8125,       1833P   3769
0.8125,0.875,0.875,0.9375,0.9375,1.,1.,1.,1.,1.,1.,1.,1.,1.,1.,     1833P   3770
1.,1.,1.,1.,1.,1.,1.,1.,1.,1.,1.,1.,1.,1.,1.,1.,1.,1.,1.,1.,1.,     1833P   3771
1.,1.,1.,1.,1.,0.663265306,0.5,0.,0.663265306,0.492120688,0.,       1833P   3772
0.660128209,0.484392774,0.,0.656991112,0.476664861,0.,              1833P   3773
0.650837475,0.469385325,0.,0.644683837,0.46210579,0.,               1833P   3774
0.635750141,0.455554381,0.,0.626816444,0.449002973,0.,              1833P   3775
0.615446005,0.443431458,0.,0.604075566,0.437859942,0.,              1833P   3776
0.590705344,0.433482431,0.,0.577335122,0.42910492,0.,               1833P   3777
0.562478928,0.426089637,0.,0.547622733,0.423074355,0.,              1833P   3778
0.531851481,0.421537178,0.,0.516080229,0.42,0.,0.5,0.42,0.,         1833P   3779
0.483919771,0.42,0.,0.468148519,0.421537178,0.,0.452377267,         1833P   3780
0.423074355,0.,0.437521072,0.426089637,0.,0.422664878,              1833P   3781
0.42910492,0.,0.409294656,0.433482431,0.,0.395924434,               1833P   3782
0.437859942,0.,0.384553995,0.443431458,0.,0.373183556,              1833P   3783
0.449002973,0.,0.364249859,0.455554381,0.,0.355316163,              1833P   3784
0.46210579,0.,0.349162525,0.469385325,0.,0.343008888,               1833P   3785
0.476664861,0.,0.339871791,0.484392774,0.,0.336734694,              1833P   3786
0.492120688,0.,0.336734694,0.5,0.,0.,1.,0.,0.,1.;                   1833P   3787
124,0.707106781186547,-3.88578058618805E-016,                       1835P   3788
-0.707106781186548,33.0784271248323,0.707106781186548,              1835P   3789
-2.22044604925031E-016,0.707106781186548,-45.4337661842413,         1835P   3790
-4.44089209850063E-016,-1.,6.12303176911189E-017,                   1835P   3791
34.424621202499;                                                    1835P   3792
100,27.,47.753048327,7.424621202,51.753048328,7.424621202,          1837P   3793
43.753048327,7.424621202;                                           1837P   3794
102,2,1827,1833;                                                    1839P   3795
102,2,1831,1837;                                                    1841P   3796
142,1,1695,1839,1841,1;                                             1843P   3797
144,1695,1,7,1717,1735,1753,1771,1789,1807,1825,1843;               1845P   3798
128,3,3,3,3,0,0,0,0,0,0.0631414565279831,0.0631414565279831,        1847P   3799
0.0631414565279831,0.0631414565279831,0.936858543985995,            1847P   3800
0.936858543985995,0.936858543985995,0.936858543985995,0.,0.,0.,     1847P   3801
0.,1.,1.,1.,1.,0.956578302468715,0.769794770185181,                 1847P   3802
0.769794770295059,0.95657830279835,0.769794770430602,               1847P   3803
0.619482991474981,0.619482991563404,0.769794770695872,              1847P   3804
0.769794770430602,0.619482991474981,0.619482991563404,              1847P   3805
0.769794770695872,0.956578302468715,0.769794770185181,              1847P   3806
0.769794770295059,0.95657830279835,56.415106397,16.440232663,       1847P   3807
2.,56.518659788,16.336679272,2.,56.518659787,16.190232662,2.,       1847P   3808
56.415106396,16.086679272,2.,56.415106397,16.440232663,             1847P   3809
0.974873735,56.518659788,16.336679272,0.889087297,56.518659787,     1847P   3810
16.190232662,0.828427125,56.415106396,16.086679272,0.828427125,     1847P   3811
55.902543264,16.952795795,0.25,55.963203435,16.892135624,           1847P   3812
0.103553391,55.93287335,16.7760191,0.,55.829319959,16.67246571,     1847P   3813
0.,55.17766953,17.67766953,0.25,55.17766953,17.67766953,            1847P   3814
0.103553391,55.104446225,17.604446225,0.,55.000892834,              1847P   3815
17.500892834,0.,0.0631414565279831,0.936858543985995,0.,1.;         1847P   3816
126,1,1,1,0,1,0,0.,0.,1.,1.,1.,1.,0.936858544,1.,0.,                1849P   3817
0.063141457,1.,0.,0.,1.,0.,0.,1.;                                   1849P   3818
126,3,3,1,0,0,0,0.0631414570002115,0.0631414570002115,              1851P   3819
0.0631414570002115,0.0631414570002115,0.936858543,0.936858543,      1851P   3820
0.936858543,0.936858543,0.956578302165856,0.769794770395967,        1851P   3821
0.769794770396012,0.956578302165991,55.000892835,17.500892835,      1851P   3822
0.,55.104446225,17.604446225,0.,55.17766953,17.67766953,            1851P   3823
0.103553391,55.17766953,17.67766953,0.25,0.0631414570002115,        1851P   3824
0.936858543,-0.707106781,0.707106781,0.;                            1851P   3825
126,1,1,1,0,1,0,0.,0.,1.,1.,1.,1.,0.063141457,1.,0.,                1853P   3826
0.063141457,0.,0.,0.,1.,0.,0.,1.;                                   1853P   3827
126,5,3,1,0,1,0,0.,0.,0.,0.,0.5,0.5,1.,1.,1.,1.,1.,1.,1.,1.,1.,     1855P   3828
1.,55.17766953,17.67766953,0.25,55.481857276,17.373481784,          1855P   3829
0.250251816,55.810391743,17.044947317,0.419715163,56.294947317,     1855P   3830
16.560391743,1.105411102,56.414928895,16.440410165,1.571162317,     1855P   3831
56.415106397,16.440232663,2.,0.,1.,0.707106781,0.707106781,0.;      1855P   3832
126,1,1,1,0,1,0,0.,0.,1.,1.,1.,1.,0.063141457,0.,0.,                1857P   3833
0.936858544,0.,0.,0.,1.,0.,0.,1.;                                   1857P   3834
124,0.707106781049168,0.707106781323927,-1.01590137144019E-009,     1859P   3835
4.97182541454759,0.707106781323927,-0.707106781049168,              1859P   3836
1.0158914931696E-009,-12.0030483393807,-6.98471299820257E-015,      1859P   3837
-1.43669451253203E-009,-1.,4.00000002336601;                        1859P   3838
100,2.,56.238329701,16.263455967,56.488329701,16.263455967,         1861P   3839
56.238329701,16.513455967;                                          1861P   3840
126,1,1,1,0,1,0,0.,0.,1.,1.,1.,1.,0.936858544,0.,0.,                1863P   3841
0.936858544,1.,0.,0.,1.,0.,0.,1.;                                   1863P   3842
124,0.707106781186548,-6.35025365625097E-011,0.707106781186548,     1865P   3843
14.6951749786487,-0.707106781186548,6.35026475848122E-011,          1865P   3844
0.707106781186548,54.9781835656051,-8.98062735288363E-011,-1.,      1865P   3845
6.12303176911189E-017,19.5008928394394;                             1865P   3846
100,2.,55.000892835,17.500892835,57.000892835,17.500892834,         1867P   3847
55.000892834,19.500892835;                                          1867P   3848
102,4,1849,1853,1857,1863;                                          1869P   3849
102,4,1851,1855,1861,1867;                                          1871P   3850
142,1,1847,1869,1871,1;                                             1873P   3851
144,1847,1,0,1873;                                                  1875P   3852
128,3,3,3,3,0,0,0,0,0,0.0631414567630091,0.0631414567630091,        1877P   3853
0.0631414567630091,0.0631414567630091,0.936858543,0.936858543,      1877P   3854
0.936858543,0.936858543,0.000555133222000002,                       1877P   3855
0.000555133222000002,0.000555133222000002,0.000555133222000002,     1877P   3856
1.,1.,1.,1.,0.956255843668863,0.769535275647224,                    1877P   3857
0.769535275596577,0.956255843516923,0.762848443807323,              1877P   3858
0.61389301970698,0.613893019666577,0.762848443686113,               1877P   3859
0.7629559300187,0.613979517930074,0.613979517889665,                1877P   3860
0.762955929897473,0.956578302302995,0.769794770316506,              1877P   3861
0.769794770265842,0.956578302151004,37.463155643,0.036844357,       1877P   3862
0.25077589,37.460072368,0.039927632,0.10439421,37.531115468,        1877P   3863
0.115331141,0.000886732,37.634668859,0.218884532,0.000886732,       1877P   3864
38.204985598,-0.704985597,0.21952518,38.263981455,-0.763981455,     1877P   3865
0.070528322,38.378921131,-0.732474521,-0.034828366,                 1877P   3866
38.482474521,-0.62892113,-0.034828366,38.737436867,                 1877P   3867
-1.237436867,0.950576538,38.840990257,-1.340990257,0.86275682,      1877P   3868
38.987436867,-1.340990257,0.800658901,39.090990258,                 1877P   3869
-1.237436867,0.800658901,38.737436867,-1.237436867,2.,              1877P   3870
38.840990257,-1.340990257,2.,38.987436867,-1.340990257,2.,          1877P   3871
39.090990258,-1.237436867,2.,0.0631414567630091,0.936858543,        1877P   3872
0.000555133222000002,1.;                                            1877P   3873
126,1,1,1,0,1,0,0.,0.,1.,1.,1.,1.,0.936858543,1.,0.,                1879P   3874
0.063141457,1.,0.,0.,1.,0.,0.,1.;                                   1879P   3875
124,0.707106782183457,-0.707106780189638,                           1881P   3876
-1.96573199243918E-014,10.6477092298756,-0.707106780189638,         1881P   3877
-0.707106782183457,-9.78191367375926E-015,25.7058440822235,         1881P   3878
-6.98296675614254E-015,2.08166817003426E-014,-1.,                   1881P   3879
4.0000000000003;                                                    1881P   3880
100,2.,38.914213562,-1.060660172,39.164213562,-1.060660172,         1883P   3881
38.914213562,-0.810660172;                                          1883P   3882
126,1,1,1,0,1,0,0.,0.,1.,1.,1.,1.,0.063141457,1.,0.,                1885P   3883
0.063141457,0.178637979,0.,0.,1.,0.,0.,1.;                          1885P   3884
126,5,3,1,0,1,0,0.,0.,0.,0.,0.5,0.5,1.,1.,1.,1.,1.,1.,1.,1.,1.,     1887P   3885
1.,38.737436867,-1.237436867,2.,38.73728472,-1.23728472,            1887P   3886
1.632161692,38.659546144,-1.159546144,1.265400007,38.310997733,     1887P   3887
-0.810997733,0.617074632,38.064412866,-0.564412866,0.393512133,     1887P   3888
37.792893219,-0.292893219,0.299727339,0.,1.,-0.707106781,           1887P   3889
-0.707106781,0.;                                                    1887P   3890
126,2,2,1,0,1,0,0.,0.,0.,1.,1.,1.,1.,1.,1.,0.063141457,             1889P   3891
0.178637979,0.,0.074995425,0.176519715,0.,0.086964653,              1889P   3892
0.174806417,0.,0.,1.,0.,0.,-1.;                                     1889P   3893
126,3,3,1,0,1,0,0.,0.,0.,0.,1.,1.,1.,1.,1.,1.,1.,1.,                1891P   3894
37.792893219,-0.292893219,0.299727339,37.79075236,-0.29075236,      1891P   3895
0.295698393,37.788903119,-0.288816351,0.291726038,37.787352126,     1891P   3896
-0.287085125,0.287807071,0.,1.,0.,0.,0.;                            1891P   3897
126,16,2,1,0,1,0,0.,0.,0.,0.25,0.25,0.5,0.5,0.625,0.625,0.75,       1893P   3898
0.75,0.875,0.875,0.9375,0.9375,0.96875,0.96875,1.,1.,1.,1.,1.,      1893P   3899
1.,1.,1.,1.,1.,1.,1.,1.,1.,1.,1.,1.,1.,1.,1.,0.086964653,           1893P   3900
0.174806417,0.,0.195439574,0.159279106,0.,0.322530326,              1893P   3901
0.133065587,0.,0.404376132,0.116184212,0.,0.518507591,              1893P   3902
0.089621612,0.,0.5473682,0.082904684,0.,0.612560687,                1893P   3903
0.067539642,0.,0.674748645,0.05288273,0.,0.706881006,               1893P   3904
0.045467501,0.,0.76763098,0.031448147,0.,0.80676544,                1893P   3905
0.023284386,0.,0.839782549,0.016396753,0.,0.862728896,              1893P   3906
0.01253406,0.,0.882328058,0.009234818,0.,0.896476617,               1893P   3907
0.007820219,0.,0.922564993,0.005211855,0.,0.936858543,              1893P   3908
0.008704518,0.,0.,1.,0.,0.,1.;                                      1893P   3909
126,19,3,1,0,1,0,0.,0.,0.,0.,0.125000000000001,                     1895P   3910
0.125000000000001,0.250000000000001,0.250000000000001,              1895P   3911
0.375000000000002,0.375000000000002,0.500000000000002,              1895P   3912
0.500000000000002,0.625000000000003,0.625000000000003,              1895P   3913
0.750000000000003,0.750000000000003,0.875000000000004,              1895P   3914
0.875000000000004,0.937500000000002,0.937500000000002,1.,1.,1.,     1895P   3915
1.,1.,1.,1.,1.,1.,1.,1.,1.,1.,1.,1.,1.,1.,1.,1.,1.,1.,1.,1.,1.,     1895P   3916
37.787352126,-0.287085125,0.287807071,37.780323945,                 1895P   3917
-0.279240229,0.270048631,37.77250443,-0.268671702,0.250709467,      1895P   3918
37.755721808,-0.240723249,0.209916259,37.743426606,                 1895P   3919
-0.215692797,0.18079747,37.731347524,-0.188076291,0.153089117,      1895P   3920
37.724648123,-0.171528137,0.13815123,37.710322947,-0.131937891,     1895P   3921
0.107570274,37.698760498,-0.095714904,0.084588145,37.690689816,     1895P   3922
-0.068777953,0.069567078,37.68372964,-0.044880199,0.056931539,      1895P   3923
37.667504557,0.017538972,0.032012323,37.665146924,0.02727352,       1895P   3924
0.028927424,37.651036388,0.089591025,0.012662379,37.648234856,      1895P   3925
0.101846481,0.010264682,37.639894189,0.150029078,0.003862344,       1895P   3926
37.638655381,0.156009913,0.003240612,37.636200548,0.189562904,      1895P   3927
0.00084301,37.636299984,0.206347092,0.000568234,37.651256488,       1895P   3928
0.202296903,0.000325667,0.,1.,0.,0.,0.;                             1895P   3929
126,1,1,1,0,1,0,0.,0.,1.,1.,1.,1.,0.936858543,0.008704518,0.,       1897P   3930
0.936858543,1.,0.,0.,1.,0.,0.,1.;                                   1897P   3931
124,-0.0127601037988029,0.706991640510016,-0.707106781186548,       1899P   3932
39.4467701933565,0.0127601037988028,-0.706991640510016,             1899P   3933
-0.707106781186548,1.2352103223897,-0.999837166493668,              1899P   3934
-0.0180455118495555,6.12303176911189E-017,39.6738316797968;         1899P   3935
100,2.,37.676776696,0.176776696,39.676776696,0.176776695,           1901P   3936
37.640685672,2.176451029;                                           1901P   3937
102,5,1879,1885,1889,1893,1897;                                     1903P   3938
102,5,1883,1887,1891,1895,1901;                                     1905P   3939
142,1,1877,1903,1905,1;                                             1907P   3940
144,1877,1,0,1907;                                                  1909P   3941
128,31,2,3,2,0,0,0,0,0,0.0105079101258231,0.0105079101258231,       1911P   3942
0.0105079101258231,0.0105079101258231,0.0105397780192055,           1911P   3943
0.0105397780192055,0.010571645912588,0.010571645912588,             1911P   3944
0.010635381699353,0.010635381699353,0.0107628532728829,             1911P   3945
0.0107628532728829,0.0108903248464128,0.0108903248464128,           1911P   3946
0.0110177964199427,0.0110177964199427,0.0111452679934726,           1911P   3947
0.0111452679934726,0.0112727395670025,0.0112727395670025,           1911P   3948
0.0115276827140623,0.0115276827140623,0.0116551542875922,           1911P   3949
0.0116551542875922,0.0117826258611221,0.0117826258611221,           1911P   3950
0.012037569008182,0.012037569008182,0.0121650405817119,             1911P   3951
0.0121650405817119,0.0122925121552418,0.0122925121552418,           1911P   3952
0.0125474553023016,0.0125474553023016,0.0125474553023016,           1911P   3953
0.0125474553023016,0.,0.,0.,1.,1.,1.,1.,1.,1.,1.,1.,1.,1.,1.,       1911P   3954
1.,1.,1.,1.,1.,1.,1.,1.,1.,1.,1.,1.,1.,1.,1.,1.,1.,1.,1.,1.,1.,     1911P   3955
1.,1.,1.,0.999772406278582,0.999768168935236,0.999738445198914,     1911P   3956
0.999642718899167,0.999579000366555,0.999353457901998,              1911P   3957
0.999158610304783,0.998481134824958,0.997897534094177,              1911P   3958
0.996482227331829,0.995652990701828,0.993774274093872,              1911P   3959
0.992722964628286,0.990401560816188,0.989131445407705,              1911P   3960
0.986372620944995,0.9848883521004,0.980203525481381,                1911P   3961
0.976748191174618,0.971122806025158,0.969166710278929,              1911P   3962
0.965144733843358,0.963098922479944,0.956886415725464,              1911P   3963
0.952642152777331,0.94626411688044,0.944129676213206,               1911P   3964
0.939992253060131,0.937977259848982,0.932149305414437,              1911P   3965
0.928546788379315,0.92544985699866,1.,1.,1.,1.,1.,1.,1.,1.,1.,      1911P   3966
1.,1.,1.,1.,1.,1.,1.,1.,1.,1.,1.,1.,1.,1.,1.,1.,1.,1.,1.,1.,1.,     1911P   3967
1.,1.,37.638496383,0.243011402,9.77E-005,37.628141991,              1911P   3968
0.242362348,0.000115851,37.618979021,0.241237073,0.000149715,       1911P   3969
37.602510082,0.238443922,0.000263317,37.595458693,0.236842096,      1911P   3970
0.000340719,37.575949194,0.231753567,0.000643595,37.565239018,      1911P   3971
0.228028379,0.000938951,37.53558511,0.216799939,0.002100041,        1911P   3972
37.518893409,0.209066698,0.003247814,37.486643537,0.193598014,      1911P   3973
0.006317846,37.471438113,0.185880265,0.00823242,37.44202937,        1911P   3974
0.170684686,0.012782834,37.427819473,0.163184717,0.015422268,       1911P   3975
37.400019685,0.148409809,0.021432638,37.386436955,0.14113429,       1911P   3976
0.024803486,37.359742028,0.126827932,0.032298704,37.34668725,       1911P   3977
0.119826921,0.036411863,37.308820572,0.099601791,0.049650128,       1911P   3978
37.285054631,0.087023219,0.059729124,37.251319438,0.069566828,      1911P   3979
0.076766113,37.240362077,0.063966467,0.082788833,37.219256483,      1911P   3980
0.053348205,0.095416295,37.209208217,0.048380041,0.101957408,       1911P   3981
37.180515636,0.034480609,0.122249228,37.163303141,0.026544278,      1911P   3982
0.136661391,37.140481693,0.016738907,0.159673993,37.133363073,      1911P   3983
0.013818396,0.167609195,37.120514353,0.00883854,0.183583549,        1911P   3984
37.114737938,0.006758336,0.191663943,37.099380333,0.001736326,      1911P   3985
0.216183436,37.091736252,0.,0.232905689,37.087121446,0.,0.25,       1911P   3986
37.64487934,0.222657612,0.0006669,37.637837218,0.222839622,         1911P   3987
0.000714723,37.631929869,0.222129931,0.000820683,37.621761585,      1911P   3988
0.219641935,0.001134185,37.617645838,0.217938068,0.001335503,       1911P   3989
37.606646198,0.212199666,0.002068354,37.601159438,0.207596854,      1911P   3990
0.00272637,37.586532286,0.193484123,0.005162136,37.579173773,       1911P   3991
0.183418214,0.007424352,37.565424772,0.163441414,0.013218103,       1911P   3992
37.559275363,0.153511461,0.016738,37.54776838,0.134270102,          1911P   3993
0.024877124,37.54241825,0.124921838,0.029507194,37.532308288,       1911P   3994
0.106932885,0.039788999,37.52755299,0.098288075,0.045445482,        1911P   3995
37.518581712,0.081815265,0.057691744,37.514387725,0.074023575,      1911P   3996
0.064265844,37.502799987,0.052357068,0.084847049,37.49635272,       1911P   3997
0.040122381,0.099777151,37.488606429,0.025100147,0.123044026,       1911P   3998
37.486336506,0.020623057,0.131000777,37.482504737,0.012824657,      1911P   3999
0.146954616,37.480961692,0.00954079,0.15487418,37.477406902,        1911P   4000
0.001316295,0.178284568,37.47649848,-0.001928062,0.193316304,       1911P   4001
37.477282979,-0.004320178,0.214216596,37.477916735,                 1911P   4002
-0.004699975,0.220947912,37.479856704,-0.004816018,0.233475664,     1911P   4003
37.481164644,-0.004556756,0.239308369,37.486017141,                 1911P   4004
-0.003193826,0.255550406,37.490492859,-0.001502153,0.264588742,     1911P   4005
37.495916238,0.,0.272071774,37.651256487,0.202296903,               1911P   4006
0.000325667,37.647522837,0.203307722,0.000386217,37.64486826,       1911P   4007
0.203007329,0.00044545,37.640986668,0.200801982,0.000576399,        1911P   4008
37.639797031,0.198979516,0.00064714,37.637269453,0.192516666,       1911P   4009
0.000910242,37.636965734,0.186953161,0.001154787,37.637197024,      1911P   4010
0.16956265,0.002179865,37.638983481,0.156704612,0.003255347,        1911P   4011
37.643135146,0.130634288,0.006311511,37.645632677,0.117377923,      1911P   4012
0.008280456,37.650926387,0.091006885,0.01307854,37.653745468,       1911P   4013
0.077845856,0.015910592,37.659594193,0.051662266,0.022450359,       1911P   4014
37.662627457,0.038636937,0.026157831,37.668882015,0.012737034,      1911P   4015
0.034477488,37.672092758,-8.5675E-005,0.039077547,37.681829817,     1911P   4016
-0.037621199,0.053979065,37.688511741,-0.061634884,0.065441945,     1911P   4017
37.698951372,-0.096277945,0.084985134,37.702514495,-0.1076329,      1911P   4018
0.091918829,37.709762775,-0.12972056,0.106506236,37.71341238,       1911P   4019
-0.140347983,0.114086296,37.724477146,-0.171050697,0.137667841,     1911P   4020
37.732007934,-0.189960315,0.154503445,37.743695432,                 1911P   4021
-0.216017474,0.181492336,37.747671045,-0.224337321,0.190815426,     1911P   4022
37.755584484,-0.239800361,0.209607155,37.759543679,                 1911P   4023
-0.246995043,0.219124123,37.771440424,-0.266985319,0.248014045,     1911P   4024
37.779408105,-0.278217964,0.267734534,37.787352126,                 1911P   4025
-0.287085124,0.287807071,0.0105079101258231,0.0125474553023016,     1911P   4026
0.,1.;                                                              1911P   4027
126,1,1,1,0,1,0,0.,0.,1.,1.,1.,1.,0.01050791,1.,0.,0.01050791,      1913P   4028
0.,0.,0.,1.,0.,0.,1.;                                               1913P   4029
124,0.0127600389223811,-0.298852665843793,-0.954213951650654,       1915P   4030
36.2687495907781,-0.0127602297653914,0.954165269251664,             1915P   4031
-0.299008052550821,0.191270721558395,0.999837165714015,             1915P   4032
0.0159913436570583,0.0083617572918689,-38.6269612947793;            1915P   4033
100,-0.999512287,37.638496474,0.21505703,38.63849726,               1917P   4034
0.21505703,38.637586985,0.257715257;                                1917P   4035
126,1,1,1,0,1,0,0.,0.,1.,1.,1.,1.,0.01050791,0.,0.,0.012547455,     1919P   4036
0.,0.,0.,1.,0.,0.,1.;                                               1919P   4037
126,31,3,1,0,0,0,0.0105079101258231,0.0105079101258231,             1921P   4038
0.0105079101258231,0.0105079101258231,0.0105397780192055,           1921P   4039
0.0105397780192055,0.010571645912588,0.010571645912588,             1921P   4040
0.010635381699353,0.010635381699353,0.0107628532728829,             1921P   4041
0.0107628532728829,0.0108903248464128,0.0108903248464128,           1921P   4042
0.0110177964199427,0.0110177964199427,0.0111452679934726,           1921P   4043
0.0111452679934726,0.0112727395670025,0.0112727395670025,           1921P   4044
0.0115276827140623,0.0115276827140623,0.0116551542875922,           1921P   4045
0.0116551542875922,0.0117826258611221,0.0117826258611221,           1921P   4046
0.012037569008182,0.012037569008182,0.0121650405817119,             1921P   4047
0.0121650405817119,0.0122925121552418,0.0122925121552418,           1921P   4048
0.0125474553023016,0.0125474553023016,0.0125474553023016,           1921P   4049
0.0125474553023016,1.,1.,1.,1.,1.,1.,1.,1.,1.,1.,1.,1.,1.,1.,       1921P   4050
1.,1.,1.,1.,1.,1.,1.,1.,1.,1.,1.,1.,1.,1.,1.,1.,1.,1.,              1921P   4051
37.638496383,0.243011402,9.77E-005,37.628141991,0.242362348,        1921P   4052
0.000115851,37.618979021,0.241237073,0.000149715,37.602510082,      1921P   4053
0.238443922,0.000263317,37.595458693,0.236842096,0.000340719,       1921P   4054
37.575949194,0.231753567,0.000643595,37.565239018,0.228028379,      1921P   4055
0.000938951,37.53558511,0.216799939,0.002100041,37.518893409,       1921P   4056
0.209066698,0.003247814,37.486643537,0.193598014,0.006317846,       1921P   4057
37.471438113,0.185880265,0.00823242,37.44202937,0.170684686,        1921P   4058
0.012782834,37.427819473,0.163184717,0.015422268,37.400019685,      1921P   4059
0.148409809,0.021432638,37.386436955,0.14113429,0.024803486,        1921P   4060
37.359742028,0.126827932,0.032298704,37.34668725,0.119826921,       1921P   4061
0.036411863,37.308820572,0.099601791,0.049650128,37.285054631,      1921P   4062
0.087023219,0.059729124,37.251319438,0.069566828,0.076766113,       1921P   4063
37.240362077,0.063966467,0.082788833,37.219256483,0.053348205,      1921P   4064
0.095416295,37.209208217,0.048380041,0.101957408,37.180515636,      1921P   4065
0.034480609,0.122249228,37.163303141,0.026544278,0.136661391,       1921P   4066
37.140481693,0.016738907,0.159673993,37.133363073,0.013818396,      1921P   4067
0.167609195,37.120514353,0.00883854,0.183583549,37.114737938,       1921P   4068
0.006758336,0.191663943,37.099380333,0.001736326,0.216183436,       1921P   4069
37.091736252,0.,0.232905689,37.087121446,0.,0.25,                   1921P   4070
0.0105079101258231,0.0125474553023016,0.,0.,0.;                     1921P   4071
126,1,1,1,0,1,0,0.,0.,1.,1.,1.,1.,0.012547455,0.,0.,                1923P   4072
0.012547455,1.,0.,0.,1.,0.,0.,1.;                                   1923P   4073
126,3,3,1,0,1,0,0.,0.,0.,0.,1.,1.,1.,1.,1.,1.,1.,1.,                1925P   4074
37.087121453,0.,0.249999878,37.339334166,0.,0.263617458,            1925P   4075
37.607545916,-0.109963194,0.278098866,37.787352115,                 1925P   4076
-0.287085111,0.287807042,0.,1.,-0.053913915,3E-009,0.998545587;     1925P   4077
126,1,1,1,0,1,0,0.,0.,1.,1.,1.,1.,0.012547455,1.,0.,0.01050791,     1927P   4078
1.,0.,0.,1.,0.,0.,1.;                                               1927P   4079
126,19,3,1,0,1,0,0.,0.,0.,0.,0.125000000000001,                     1929P   4080
0.125000000000001,0.250000000000001,0.250000000000001,              1929P   4081
0.375000000000002,0.375000000000002,0.500000000000002,              1929P   4082
0.500000000000002,0.625000000000003,0.625000000000003,              1929P   4083
0.750000000000003,0.750000000000003,0.875000000000004,              1929P   4084
0.875000000000004,0.937500000000002,0.937500000000002,1.,1.,1.,     1929P   4085
1.,1.,1.,1.,1.,1.,1.,1.,1.,1.,1.,1.,1.,1.,1.,1.,1.,1.,1.,1.,1.,     1929P   4086
37.787352126,-0.287085125,0.287807071,37.780323945,                 1929P   4087
-0.279240229,0.270048631,37.77250443,-0.268671702,0.250709467,      1929P   4088
37.755721808,-0.240723249,0.209916259,37.743426606,                 1929P   4089
-0.215692797,0.18079747,37.731347524,-0.188076291,0.153089117,      1929P   4090
37.724648123,-0.171528137,0.13815123,37.710322947,-0.131937891,     1929P   4091
0.107570274,37.698760498,-0.095714904,0.084588145,37.690689816,     1929P   4092
-0.068777953,0.069567078,37.68372964,-0.044880199,0.056931539,      1929P   4093
37.667504557,0.017538972,0.032012323,37.665146924,0.02727352,       1929P   4094
0.028927424,37.651036388,0.089591025,0.012662379,37.648234856,      1929P   4095
0.101846481,0.010264682,37.639894189,0.150029078,0.003862344,       1929P   4096
37.638655381,0.156009913,0.003240612,37.636200548,0.189562904,      1929P   4097
0.00084301,37.636299984,0.206347092,0.000568234,37.651256488,       1929P   4098
0.202296903,0.000325667,0.,1.,0.,0.,0.;                             1929P   4099
102,4,1913,1919,1923,1927;                                          1931P   4100
102,4,1917,1921,1925,1929;                                          1933P   4101
142,1,1911,1931,1933,1;                                             1935P   4102
144,1911,1,0,1935;                                                  1937P   4103
128,3,2,3,2,0,0,0,0,0,0.,0.,0.,0.,0.000116851757956137,             1939P   4104
0.000116851757956137,0.000116851757956137,0.000116851757956137,     1939P   4105
0.,0.,0.,1.,1.,1.,1.,1.,1.,1.,0.999772406278582,                    1939P   4106
0.999924148030362,0.999999998308419,1.,1.,1.,1.,1.,                 1939P   4107
37.651256487,0.202296903,0.000325667,37.684170397,0.218196962,      1939P   4108
0.000108533,37.717085087,0.234098432,0.,37.75,0.25,0.,              1939P   4109
37.64487934,0.222657612,0.0006669,37.679911759,0.231767458,         1939P   4110
0.000222305,37.714958421,0.240884394,0.,37.75,0.25,0.,              1939P   4111
37.638496383,0.243011402,9.77E-005,37.675663756,0.245340721,        1939P   4112
3.256E-005,37.712831754,0.247670354,0.,37.75,0.25,0.,0.,            1939P   4113
0.000116851757956137,0.,1.;                                         1939P   4114
126,1,1,1,0,1,0,0.,0.,1.,1.,1.,1.,0.000116852,1.,0.,                1941P   4115
0.000116852,0.999969313,0.,0.,1.,0.,0.,1.;                          1941P   4116
126,3,3,1,0,1,0,0.,0.,0.,0.,1.,1.,1.,1.,1.,1.,1.,1.,                1943P   4117
37.749999993,0.25,0.,37.71283212,0.247670164,0.,37.675664247,       1943P   4118
0.245340327,3.2571E-005,37.638496374,0.243011401,9.77E-005,0.,      1943P   4119
1.,0.,0.,0.;                                                        1943P   4120
126,1,1,1,0,1,0,0.,0.,1.,1.,1.,1.,0.000116852,0.999969313,0.,       1945P   4121
0.,1.,0.,0.,1.,0.,0.,1.;                                            1945P   4122
126,1,1,1,0,1,0,0.,0.,1.,1.,1.,1.,0.,1.,0.,0.,0.,0.,0.,1.,0.,       1947P   4123
0.,1.;                                                              1947P   4124
124,-9.11220641025556E-008,0.299124947931854,0.954213951650654,     1949P   4125
38.5279195497984,0.0279543524057569,-0.95384104477179,              1949P   4126
0.299008052550821,-0.333110320682107,0.999609200728748,             1949P   4127
0.0266744603211632,-0.00836175729187588,-38.6373938731335;          1949P   4128
100,-0.999512287,37.638496474,0.21505703,38.63849726,               1951P   4129
0.21505703,38.637586985,0.257715257;                                1951P   4130
126,1,1,1,0,1,0,0.,0.,1.,1.,1.,1.,0.,0.,0.,0.000116852,             1953P   4131
0.000131607,0.,0.,1.,0.,0.,1.;                                      1953P   4132
126,3,3,1,0,1,0,0.,0.,0.,0.,1.,1.,1.,1.,1.,1.,1.,1.,                1955P   4133
37.651256488,0.202296903,0.000325667,37.684170068,0.218198859,      1955P   4134
0.000108561,37.717085034,0.23409943,0.,37.75,0.250000001,0.,0.,     1955P   4135
1.,0.,0.,0.;                                                        1955P   4136
102,4,1941,1945,1947,1953;                                          1957P   4137
102,3,1943,1951,1955;                                               1959P   4138
142,1,1939,1957,1959,1;                                             1961P   4139
144,1939,1,0,1961;                                                  1963P   4140
128,3,2,3,2,0,0,0,0,0,0.,0.,0.,0.,4.92668786769848E-005,            1965P   4141
4.92668786769848E-005,4.92668786769848E-005,                        1965P   4142
4.92668786769848E-005,0.,0.,0.,1.,1.,1.,1.,1.,1.,1.,                1965P   4143
0.923879532511287,0.924465640523659,0.924987484679661,              1965P   4144
0.925449856998659,1.,1.,1.,1.,37.792893219,-0.292893219,            1965P   4145
0.299727338,37.79072724,-0.29072724,0.295651113,37.788885529,       1965P   4146
-0.288796718,0.2916816,37.787352126,-0.287085124,0.287807071,       1965P   4147
37.5,0.,0.299727338,37.498206766,0.,0.290448698,37.496849557,       1965P   4148
0.,0.281228141,37.495916238,0.,0.272071774,37.085786438,0.,         1965P   4149
0.299727338,37.085786437,0.,0.283077173,37.086230507,0.,            1965P   4150
0.266501233,37.087121446,0.,0.25,0.,4.92668786769848E-005,0.,       1965P   4151
1.;                                                                 1965P   4152
126,1,1,1,0,1,0,0.,0.,1.,1.,1.,1.,4.9267E-005,0.,0.,                1967P   4153
4.9267E-005,1.,0.,0.,1.,0.,0.,1.;                                   1967P   4154
126,3,3,1,0,1,0,0.,0.,0.,0.,1.,1.,1.,1.,1.,1.,1.,1.,                1969P   4155
37.787352115,-0.287085111,0.287807042,37.607545916,                 1969P   4156
-0.109963194,0.278098866,37.339334166,0.,0.263617458,               1969P   4157
37.087121453,0.,0.249999878,0.,1.,0.053913915,-3E-009,              1969P   4158
-0.998545587;                                                       1969P   4159
126,1,1,1,0,1,0,0.,0.,1.,1.,1.,1.,4.9267E-005,1.,0.,0.,1.,0.,       1971P   4160
0.,1.,0.,0.,1.;                                                     1971P   4161
126,3,3,1,0,1,0,0.,0.,0.,0.,1.,1.,1.,1.,1.,1.,1.,1.,                1973P   4162
37.087121446,0.,0.25,37.086249843,0.,0.266488494,37.08580484,       1973P   4163
0.,0.283064274,37.085786438,0.,0.299727338,0.,1.,0.,0.,0.;          1973P   4164
126,1,1,1,0,1,0,0.,0.,1.,1.,1.,1.,0.,1.,0.,0.,0.,0.,0.,1.,0.,       1975P   4165
0.,1.;                                                              1975P   4166
124,-2.05100381123202E-010,1.,4.93770312011842E-015,                1977P   4167
38.0857864456063,1.,2.05100658678958E-010,                          1977P   4168
-4.93770312404336E-015,-38.0857864377949,                           1977P   4169
-4.93770312505608E-015,4.93770311910569E-015,-1.,                   1977P   4170
0.599454676000193;                                                  1977P   4171
100,0.299727338,37.085786438,-1.,38.085786438,-1.,37.792893219,     1979P   4172
-0.292893218;                                                       1979P   4173
126,1,1,1,0,1,0,0.,0.,1.,1.,1.,1.,0.,0.,0.,4.9267E-005,0.,0.,       1981P   4174
0.,1.,0.,0.,1.;                                                     1981P   4175
126,3,3,1,0,1,0,0.,0.,0.,0.,1.,1.,1.,1.,1.,1.,1.,1.,                1983P   4176
37.792893219,-0.292893219,0.299727339,37.79075236,-0.29075236,      1983P   4177
0.295698393,37.788903119,-0.288816351,0.291726038,37.787352126,     1983P   4178
-0.287085125,0.287807071,0.,1.,0.,0.,0.;                            1983P   4179
102,4,1967,1971,1975,1981;                                          1985P   4180
102,4,1969,1973,1979,1983;                                          1987P   4181
142,1,1965,1985,1987,1;                                             1989P   4182
144,1965,1,0,1989;                                                  1991P   4183
128,1,1,1,1,0,0,1,0,0,0.,0.,1.,1.,0.,0.,1.,1.,1.,1.,1.,1.,          1993P   4184
37.43768176,0.06231824,-0.020675934,38.737436867,-1.237436867,      1993P   4185
-0.020675934,37.43768176,0.06231824,54.020675934,38.737436867,      1993P   4186
-1.237436867,54.020675934,0.,1.,0.,1.;                              1993P   4187
126,10,2,1,0,1,0,0.,0.,0.,0.25,0.25,0.375,0.375,0.5,0.5,0.75,       1995P   4188
0.75,1.,1.,1.,1.,1.,1.,1.,1.,1.,1.,1.,1.,1.,1.,0.273291066,         1995P   4189
0.005928854,0.,0.429966531,0.007230424,0.,0.565176757,              1995P   4190
0.010204394,0.,0.634332748,0.011725491,0.,0.695166458,              1995P   4191
0.01364241,0.,0.755709553,0.015550171,0.,0.805990431,               1995P   4192
0.017799578,0.,0.904114958,0.022189359,0.,0.954076809,              1995P   4193
0.02745531,0.,0.999912206,0.032286335,0.,1.,0.037391291,0.,0.,      1995P   4194
1.,0.,0.,-1.;                                                       1995P   4195
126,7,3,1,0,1,0,0.,0.,0.,0.,0.499999999999998,                      1997P   4196
0.499999999999998,0.749999999999999,0.749999999999999,1.,1.,1.,     1997P   4197
1.,1.,1.,1.,1.,1.,1.,1.,1.,37.792893219,-0.292893219,               1997P   4198
0.299727339,38.064412866,-0.564412866,0.393512133,38.315221464,     1997P   4199
-0.815221464,0.624931078,38.570297176,-1.070297176,1.09939044,      1997P   4200
38.638031438,-1.138031438,1.288996033,38.717464493,                 1997P   4201
-1.217464493,1.637096222,38.737360793,-1.237360793,1.816080846,     1997P   4202
38.737436867,-1.237436867,2.,0.,1.,0.707106781,0.707106781,0.;      1997P   4203
126,1,1,1,0,1,0,0.,0.,1.,1.,1.,1.,1.,0.037391291,0.,1.,             1999P   4204
0.962608709,0.,0.,1.,0.,0.,1.;                                      1999P   4205
110,38.737436867,-1.237436867,1.99999998,38.737436867,              2001P   4206
-1.237436867,52.00000002;                                           2001P   4207
126,8,2,1,0,1,0,0.,0.,0.,0.25,0.25,0.5,0.5,0.75,0.75,1.,1.,1.,      2003P   4208
1.,1.,1.,1.,1.,1.,1.,1.,1.,1.,0.962608709,0.,0.999912375,           2003P   4209
0.967703807,0.,0.954076541,0.972544718,0.,0.904381071,              2003P   4210
0.977793262,0.,0.805989687,0.982200455,0.,0.705354882,              2003P   4211
0.986708137,0.,0.565175986,0.989795623,0.,0.430263879,              2003P   4212
0.992767106,0.,0.273291067,0.994071146,0.,0.,1.,0.,0.,-1.;          2003P   4213
126,5,3,1,0,1,0,0.,0.,0.,0.,0.5,0.5,1.,1.,1.,1.,1.,1.,1.,1.,1.,     2005P   4214
1.,38.737436867,-1.237436867,52.,38.737285013,-1.237285013,         2005P   4215
52.367127977,38.659671772,-1.159671772,52.733962882,                2005P   4216
38.31087017,-0.81087017,53.38356608,38.064928172,-0.564928172,      2005P   4217
53.606309878,37.79289322,-0.29289322,53.700272662,0.,1.,            2005P   4218
0.707106781,0.707106781,0.;                                         2005P   4219
126,1,1,1,0,1,0,0.,0.,1.,1.,1.,1.,0.273291066,0.994071146,0.,       2007P   4220
0.273291066,0.967234796,0.,0.,1.,0.,0.,1.;                          2007P   4221
110,37.792893218,-0.292893218,53.700272649,37.792893218,            2009P   4222
-0.292893218,52.250000016;                                          2009P   4223
126,6,2,1,0,1,0,0.,0.,0.,0.5,0.5,0.75,0.75,1.,1.,1.,1.,1.,1.,       2011P   4224
1.,1.,1.,1.,0.273291066,0.967234796,0.,0.273153498,0.963268881,     2011P   4225
0.,0.218485348,0.959538013,0.,0.186230159,0.957336734,0.,           2011P   4226
0.135912247,0.955321348,0.,0.08073999,0.95311153,0.,                2011P   4227
0.005964215,0.951232129,0.,0.,1.,0.,0.,1.;                          2011P   4228
126,7,3,1,0,1,0,0.,0.,0.,0.,0.249999999999997,                      2013P   4229
0.249999999999997,0.499999999999994,0.499999999999994,1.,1.,1.,     2013P   4230
1.,1.,1.,1.,1.,1.,1.,1.,1.,37.792893219,-0.292893219,52.25,         2013P   4231
37.792833617,-0.292833617,52.178558861,37.786867649,                2013P   4232
-0.286867649,52.108176244,37.763122978,-0.263122978,                2013P   4233
51.969528057,37.749608437,-0.249608437,51.913362164,                2013P   4234
37.665760745,-0.165760745,51.675441989,37.575020706,                2013P   4235
-0.075020706,51.520614761,37.445433779,0.054566221,                 2013P   4236
51.385194279,0.,1.,-0.707106781,-0.707106781,0.;                    2013P   4237
126,4,2,1,0,1,0,0.,0.,0.,0.5,0.5,1.,1.,1.,1.,1.,1.,1.,1.,           2015P   4238
0.005968965,0.951231911,0.,0.026751117,0.949538349,0.,              2015P   4239
0.037348628,0.947738936,0.,0.04794614,0.945939522,0.,               2015P   4240
0.04794614,0.94410436,0.,0.,1.,0.,0.,1.;                            2015P   4241
124,0.652546733825463,0.272365122901249,0.707106781187048,          2017P   4242
-23.4712261445062,-0.652546733826387,-0.272365122901635,            2017P   4243
0.707106781186047,-11.153665526044,0.385182450724634,               2017P   4244
-0.922840441058889,6.12303176911189E-017,37.480569957117;           2017P   4245
100,51.,36.792893224,0.707106786,37.792893224,0.707106786,          2019P   4246
37.715733665,1.092289236;                                           2019P   4247
126,1,1,1,0,1,0,0.,0.,1.,1.,1.,1.,0.04794614,0.94410436,0.,         2021P   4248
0.04794614,0.05589564,0.,0.,1.,0.,0.,1.;                            2021P   4249
110,37.500000003,3E-009,51.000000001,37.500000002,3E-009,3.;        2023P   4250
126,4,2,1,0,1,0,0.,0.,0.,0.5,0.5,1.,1.,1.,1.,1.,1.,1.,1.,           2025P   4251
0.047946139,0.05589564,0.,0.047946139,0.054060478,0.,               2025P   4252
0.037348628,0.052261064,0.,0.026751116,0.050461651,0.,              2025P   4253
0.005968964,0.048768089,0.,0.,1.,0.,0.,1.;                          2025P   4254
124,0.707106781186045,-1.45041034738114E-010,0.707106781187051,     2027P   4255
8.65506858216997,-0.707106781187051,1.45041145760416E-010,          2027P   4256
0.707106781186045,24.6022907402229,-2.05119088381167E-010,-1.,      2027P   4257
6.12303176911189E-017,3.70710679379699;                             2027P   4258
100,3.,36.792893223,0.707106786,37.792893223,0.707106786,           2029P   4259
37.715733664,1.092289237;                                           2029P   4260
126,6,2,1,0,1,0,0.,0.,0.,0.25,0.25,0.5,0.5,1.,1.,1.,1.,1.,1.,       2031P   4261
1.,1.,1.,1.,0.005964215,0.048767871,0.,0.080497474,0.046894565,     2031P   4262
0.,0.135912247,0.044678652,0.,0.185911291,0.042679302,0.,           2031P   4263
0.218485348,0.040461987,0.,0.273153164,0.036740751,0.,              2031P   4264
0.273291066,0.032765204,0.,0.,1.,0.,0.,1.;                          2031P   4265
126,5,3,1,0,1,0,0.,0.,0.,0.,0.5,0.5,1.,1.,1.,1.,1.,1.,1.,1.,1.,     2033P   4266
1.,37.445433779,0.054566221,2.614805721,37.574600424,               2033P   4267
-0.074600424,2.479824441,37.674289358,-0.174289358,2.300011667,     2033P   4268
37.769029055,-0.269029055,2.031877455,37.792773726,                 2033P   4269
-0.292773726,1.893229268,37.792893219,-0.292893219,1.75,0.,1.,      2033P   4270
-0.707106781,-0.707106781,0.;                                       2033P   4271
126,1,1,1,0,1,0,0.,0.,1.,1.,1.,1.,0.273291066,0.032765204,0.,       2035P   4272
0.273291066,0.005928854,0.,0.,1.,0.,0.,1.;                          2035P   4273
110,37.792893219,-0.292893219,1.75,37.792893219,-0.292893219,       2037P   4274
0.299727338;                                                        2037P   4275
102,10,1995,1999,2003,2007,2011,2015,2021,2025,2031,2035;           2039P   4276
102,10,1997,2001,2005,2009,2013,2019,2023,2029,2033,2037;           2041P   4277
142,1,1993,2039,2041,1;                                             2043P   4278
144,1993,1,0,2043;                                                  2045P   4279
128,1,1,1,1,0,0,1,0,0,0.,0.,1.,1.,0.,0.,1.,1.,1.,1.,1.,1.,          2047P   4280
56.415106397,16.440232663,-0.071,54.597555281,18.257783778,         2047P   4281
-0.071,56.415106397,16.440232663,54.071,54.597555281,               2047P   4282
18.257783778,54.071,0.,1.,0.,1.;                                    2047P   4283
126,1,1,1,0,1,0,0.,0.,1.,1.,1.,1.,0.680826448,0.988908675,0.,       2049P   4284
0.680826448,0.994071146,0.,0.,1.,0.,0.,1.;                          2049P   4285
110,55.177669526,17.677669533,53.470493472,55.177669526,            2051P   4286
17.677669533,53.75;                                                 2051P   4287
126,16,2,1,0,1,0,0.,0.,0.,0.125,0.125,0.25,0.25,0.375,0.375,        2053P   4288
0.5,0.5,0.625,0.625,0.75,0.75,0.875,0.875,1.,1.,1.,1.,1.,1.,1.,     2053P   4289
1.,1.,1.,1.,1.,1.,1.,1.,1.,1.,1.,1.,1.,0.680826446,0.994071146,     2053P   4290
0.,0.618262724,0.994069408,0.,0.556941188,0.993531535,0.,           2053P   4291
0.492000449,0.992961918,0.,0.430217833,0.991801735,0.,              2053P   4292
0.366228558,0.990600114,0.,0.308271575,0.988802448,0.,              2053P   4293
0.249428013,0.986977283,0.,0.199409449,0.984604131,0.,              2053P   4294
0.149691963,0.982245264,0.,0.110977767,0.979435874,0.,              2053P   4295
0.073304605,0.976702029,0.,0.047801981,0.973646443,0.,              2053P   4296
0.023474538,0.970731662,0.,0.011366147,0.967630219,0.,              2053P   4297
3.6738E-005,0.964728305,0.,0.,0.961748735,0.,0.,1.,0.,0.,-1.;       2053P   4298
126,5,3,1,0,1,0,0.,0.,0.,0.,0.5,0.5,1.,1.,1.,1.,1.,1.,1.,1.,1.,     2055P   4299
1.,55.17766953,17.67766953,53.75,55.480903563,17.374435496,         2055P   4300
53.749748974,55.811698667,17.043640392,53.578006989,                2055P   4301
56.293640393,16.561698667,52.896866745,56.414928336,                2055P   4302
16.440410724,52.430186436,56.415106397,16.440232663,52.,0.,1.,      2055P   4303
-0.707106781,-0.707106781,0.;                                       2055P   4304
126,1,1,1,0,1,0,0.,0.,1.,1.,1.,1.,0.,0.961748735,0.,0.,             2057P   4305
0.038251265,0.,0.,1.,0.,0.,1.;                                      2057P   4306
110,56.415106397,16.440232663,52.00000001,56.415106397,             2059P   4307
16.440232663,1.99999999;                                            2059P   4308
126,16,2,1,0,1,0,0.,0.,0.,0.125,0.125,0.25,0.25,0.375,0.375,        2061P   4309
0.5,0.5,0.625,0.625,0.75,0.75,0.875,0.875,1.,1.,1.,1.,1.,1.,1.,     2061P   4310
1.,1.,1.,1.,1.,1.,1.,1.,1.,1.,1.,1.,1.,0.,0.038251265,0.,           2061P   4311
3.6623E-005,0.035281036,0.,0.011366147,0.032369781,0.,              2061P   4312
0.02336434,0.029286702,0.,0.047801981,0.026353557,0.,               2061P   4313
0.07311245,0.023315649,0.,0.110977767,0.020564126,0.,               2061P   4314
0.149422316,0.017770513,0.,0.199409449,0.015395869,0.,              2061P   4315
0.249095695,0.013035518,0.,0.308271575,0.011197552,0.,              2061P   4316
0.365856201,0.009409009,0.,0.430217833,0.008198265,0.,              2061P   4317
0.491613634,0.007043314,0.,0.556941188,0.006468465,0.,              2061P   4318
0.618065953,0.005930598,0.,0.680826446,0.005928854,0.,0.,1.,0.,     2061P   4319
0.,-1.;                                                             2061P   4320
126,5,3,1,0,1,0,0.,0.,0.,0.,0.5,0.5,1.,1.,1.,1.,1.,1.,1.,1.,1.,     2063P   4321
1.,56.415106397,16.440232663,2.,56.414928895,16.440410165,          2063P   4322
1.571162317,56.293488973,16.561850087,1.103347395,55.811850087,     2063P   4323
17.043488973,0.421778871,55.481857276,17.373481784,0.250251816,     2063P   4324
55.17766953,17.67766953,0.25,0.,1.,-0.707106781,-0.707106781,       2063P   4325
0.;                                                                 2063P   4326
126,1,1,1,0,1,0,0.,0.,1.,1.,1.,1.,0.680826448,0.005928854,0.,       2065P   4327
0.680826448,0.011091325,0.,0.,1.,0.,0.,1.;                          2065P   4328
110,55.177669526,17.677669533,0.25,55.177669526,17.677669533,       2067P   4329
0.529506528;                                                        2067P   4330
126,36,2,1,0,1,0,0.,0.,0.,0.125,0.125,0.25,0.25,0.3125,0.3125,      2069P   4331
0.375,0.375,0.40625,0.40625,0.4375,0.4375,0.46875,0.46875,          2069P   4332
0.484375,0.484375,0.5,0.5,0.515625,0.515625,0.53125,0.53125,        2069P   4333
0.5625,0.5625,0.59375,0.59375,0.625,0.625,0.6875,0.6875,0.75,       2069P   4334
0.75,0.875,0.875,1.,1.,1.,1.,1.,1.,1.,1.,1.,1.,1.,1.,1.,1.,1.,      2069P   4335
1.,1.,1.,1.,1.,1.,1.,1.,1.,1.,1.,1.,1.,1.,1.,1.,1.,1.,1.,1.,1.,     2069P   4336
1.,1.,1.,1.,0.680826446,0.011091326,0.,0.680826544,0.014625482,     2069P   4337
0.,0.707253518,0.018013593,0.,0.732648685,0.021269419,0.,           2069P   4338
0.780766143,0.024132847,0.,0.803233692,0.025469872,0.,              2069P   4339
0.830840004,0.026727123,0.,0.855745112,0.027861355,0.,              2069P   4340
0.886931173,0.029020036,0.,0.8998582,0.029500324,0.,0.91659038,     2069P   4341
0.030085678,0.,0.931614013,0.030611261,0.,0.946637835,              2069P   4342
0.031131408,0.,0.965001024,0.031767169,0.,0.97573853,               2069P   4343
0.032235468,0.,0.983974382,0.032594661,0.,0.988284879,              2069P   4344
0.032890963,0.,0.994572964,0.033323205,0.,0.99385334,               2069P   4345
0.033718864,0.,0.993173274,0.034092775,0.,0.986141385,              2069P   4346
0.034513641,0.,0.981430656,0.034795583,0.,0.97323261,               2069P   4347
0.035139139,0.,0.963641655,0.035541068,0.,0.944172912,              2069P   4348
0.036222653,0.,0.929240978,0.036745407,0.,0.914308822,              2069P   4349
0.037261769,0.,0.90088151,0.037726093,0.,0.884852814,               2069P   4350
0.038325061,0.,0.85376461,0.03948678,0.,0.828920578,                2069P   4351
0.040628172,0.,0.801586558,0.041883958,0.,0.779341535,              2069P   4352
0.043219969,0.,0.731967563,0.046065195,0.,0.706944825,              2069P   4353
0.049293478,0.,0.680826489,0.052663109,0.,0.680826446,              2069P   4354
0.056176231,0.,0.,1.,0.,0.,1.;                                      2069P   4355
126,42,3,1,0,1,0,0.,0.,0.,0.,0.000358227615016866,                  2071P   4356
0.000358227615016866,0.000358227615016866,0.000718588482673097,     2071P   4357
0.000718588482673097,0.000718588482673097,0.00124202201156236,      2071P   4358
0.00124202201156236,0.00124202201156236,0.00143408374850423,        2071P   4359
0.00143408374850423,0.00143408374850423,0.00146647940962474,        2071P   4360
0.00146647940962474,0.00146647940962474,0.00149935987466873,        2071P   4361
0.00149935987466873,0.00149935987466873,0.0015184272538041,         2071P   4362
0.0015184272538041,0.0015184272538041,0.00153756129623695,          2071P   4363
0.00153756129623695,0.00153756129623695,0.00156514523306947,        2071P   4364
0.00156514523306947,0.00156514523306947,0.00167407851885177,        2071P   4365
0.00167407851885177,0.00167407851885177,0.00209971445495259,        2071P   4366
0.00209971445495259,0.00209971445495259,0.00253395572802511,        2071P   4367
0.00253395572802511,0.00253395572802511,0.00290690706838077,        2071P   4368
0.00290690706838077,0.00290690706838077,0.00304756824259788,        2071P   4369
0.00304756824259788,0.00304756824259788,0.00304756824259788,1.,     2071P   4370
1.,1.,1.,1.,1.,1.,1.,1.,1.,1.,1.,1.,1.,1.,1.,1.,1.,1.,1.,1.,1.,     2071P   4371
1.,1.,1.,1.,1.,1.,1.,1.,1.,1.,1.,1.,1.,1.,1.,1.,1.,1.,1.,1.,1.,     2071P   4372
55.17766953,17.67766953,0.529506565,55.177669419,17.67766964,       2071P   4373
0.64891577,55.162814261,17.692524799,0.76983892,55.135126885,       2071P   4374
17.720212174,0.882645732,55.107234516,17.748104544,0.996287749,     2071P   4375
55.06569564,17.789643419,1.104472167,55.014903761,17.840435298,     2071P   4376
1.200964896,54.9414002,17.913938859,1.340604526,54.84604462,        2071P   4377
18.009294439,1.457081761,54.746896618,18.108442441,1.560252109,     2071P   4378
54.71024262,18.145096439,1.598393128,54.671813214,18.183525845,     2071P   4379
1.633868232,54.638760448,18.216578611,1.678103942,54.633166908,     2071P   4380
18.222172151,1.685589979,54.627777069,18.22756199,1.693446466,      2071P   4381
54.622972017,18.232367042,1.701957582,54.618128101,                 2071P   4382
18.237210958,1.710537535,54.613766554,18.241572505,1.719993393,     2071P   4383
54.611130674,18.244208385,1.730320393,54.609594456,                 2071P   4384
18.245744603,1.736339075,54.608661959,18.2466771,1.742779833,       2071P   4385
54.608591286,18.246747773,1.749177839,54.608520404,                 2071P   4386
18.246818655,1.755594697,54.609319717,18.246019342,1.762099332,     2071P   4387
54.610761048,18.244578011,1.768184663,54.612836531,                 2071P   4388
18.242502528,1.776947397,54.616205381,18.239133678,1.785123689,     2071P   4389
54.620041248,18.235297811,1.7926052,54.635029109,18.22030995,       2071P   4390
1.821837666,54.656045552,18.199293507,1.844138282,54.67631446,      2071P   4391
18.179024599,1.866096237,54.75582819,18.099510869,1.952235998,      2071P   4392
54.839019264,18.016319795,2.033043999,54.910796679,17.94454238,     2071P   4393
2.13184142,54.983455802,17.871883257,2.23185246,55.047024098,       2071P   4394
17.808314962,2.34856355,55.092808441,17.762530619,2.476502958,      2071P   4395
55.132183853,17.723155207,2.586533299,55.159368842,                 2071P   4396
17.695970217,2.707334273,55.170982426,17.684356634,2.829554449,     2071P   4397
55.1754167,17.679922359,2.876220306,55.177669511,17.677669549,      2071P   4398
2.923408174,55.17766953,17.67766953,2.970493499,0.,                 2071P   4399
0.00304756824259788,0.707106781,0.707106781,0.;                     2071P   4400
126,1,1,1,0,1,0,0.,0.,1.,1.,1.,1.,0.680826446,0.056176231,0.,       2073P   4401
0.680826446,0.943823769,0.,0.,1.,0.,0.,1.;                          2073P   4402
110,55.17766953,17.67766953,2.970493484,55.17766953,                2075P   4403
17.67766953,51.029506516;                                           2075P   4404
126,36,2,1,0,1,0,0.,0.,0.,0.125,0.125,0.25,0.25,0.3125,0.3125,      2077P   4405
0.375,0.375,0.40625,0.40625,0.4375,0.4375,0.46875,0.46875,          2077P   4406
0.484375,0.484375,0.5,0.5,0.515625,0.515625,0.53125,0.53125,        2077P   4407
0.5625,0.5625,0.59375,0.59375,0.625,0.625,0.6875,0.6875,0.75,       2077P   4408
0.75,0.875,0.875,1.,1.,1.,1.,1.,1.,1.,1.,1.,1.,1.,1.,1.,1.,1.,      2077P   4409
1.,1.,1.,1.,1.,1.,1.,1.,1.,1.,1.,1.,1.,1.,1.,1.,1.,1.,1.,1.,1.,     2077P   4410
1.,1.,1.,1.,0.680826446,0.943823767,0.,0.680826481,0.947354148,     2077P   4411
0.,0.707195437,0.950738771,0.,0.732521109,0.953989482,0.,           2077P   4412
0.780518441,0.956850448,0.,0.802923357,0.958185933,0.,              2077P   4413
0.830453898,0.959442029,0.,0.85528292,0.960574868,0.,               2077P   4414
0.886436073,0.961733974,0.,0.899272398,0.962211572,0.,              2077P   4415
0.916052681,0.962799384,0.,0.931059929,0.963325087,0.,              2077P   4416
0.946067419,0.963843799,0.,0.964338523,0.964475313,0.,              2077P   4417
0.975187132,0.964943988,0.,0.983409149,0.965299191,0.,              2077P   4418
0.987822737,0.965592115,0.,0.994288333,0.966021227,0.,              2077P   4419
0.99390851,0.966411475,0.,0.993539982,0.966790119,0.,               2077P   4420
0.986677111,0.967213528,0.,0.982066931,0.967497956,0.,              2077P   4421
0.973869047,0.967844814,0.,0.964353513,0.968247422,0.,              2077P   4422
0.944769628,0.968934228,0.,0.92981453,0.969458702,0.,               2077P   4423
0.914859146,0.969974954,0.,0.901530692,0.970435045,0.,              2077P   4424
0.885348134,0.971038907,0.,0.854236832,0.972199846,0.,              2077P   4425
0.82933072,0.973341846,0.,0.801896782,0.974599753,0.,               2077P   4426
0.779573083,0.975938422,0.,0.732089471,0.978785838,0.,              2077P   4427
0.707001684,0.982018777,0.,0.680826543,0.985391838,0.,              2077P   4428
0.680826446,0.988908674,0.,0.,1.,0.,0.,1.;                          2077P   4429
126,45,3,1,0,1,0,4.95536141880058E-017,4.95536141880058E-017,       2079P   4430
4.95536141880058E-017,4.95536141880058E-017,                        2079P   4431
0.000351460562757599,0.000351460562757599,0.000351460562757599,     2079P   4432
0.000711819616306294,0.000711819616306294,0.000711819616306294,     2079P   4433
0.00123028022621081,0.00123028022621081,0.00123028022621081,        2079P   4434
0.00142478738906446,0.00142478738906446,0.00142478738906446,        2079P   4435
0.0014609615508135,0.0014609615508135,0.0014609615508135,           2079P   4436
0.00149768304529074,0.00149768304529074,0.00149768304529074,        2079P   4437
0.00151706505057213,0.00151706505057213,0.00151706505057213,        2079P   4438
0.00153656291193341,0.00153656291193341,0.00153656291193341,        2079P   4439
0.00156295366883492,0.00156295366883492,0.00156295366883492,        2079P   4440
0.00164240140334956,0.00164240140334956,0.00164240140334956,        2079P   4441
0.00173536714096375,0.00173536714096375,0.00173536714096375,        2079P   4442
0.0021079420968022,0.0021079420968022,0.0021079420968022,           2079P   4443
0.00248539013448437,0.00248539013448437,0.00248539013448437,        2079P   4444
0.00286180267169163,0.00286180267169163,0.00286180267169163,        2079P   4445
0.00304453228536809,0.00304453228536809,0.00304453228536809,        2079P   4446
0.00304453228536809,1.,1.,1.,1.,1.,1.,1.,1.,1.,1.,1.,1.,1.,1.,      2079P   4447
1.,1.,1.,1.,1.,1.,1.,1.,1.,1.,1.,1.,1.,1.,1.,1.,1.,1.,1.,1.,1.,     2079P   4448
1.,1.,1.,1.,1.,1.,1.,1.,1.,1.,1.,55.17766953,17.67766953,           2079P   4449
51.029506382,55.177669492,17.677669568,51.146659903,                2079P   4450
55.163386807,17.691952252,51.265248954,55.136705473,                2079P   4451
17.718633586,51.376159551,55.109324134,17.746014925,                2079P   4452
51.489979973,55.068255902,17.787083157,51.598460005,                2079P   4453
55.017868265,17.837470795,51.695293553,54.945640843,                2079P   4454
17.909698216,51.834098186,54.851852519,18.003486541,                2079P   4455
51.950470424,54.753885104,18.101453955,52.052964807,                2079P   4456
54.716836276,18.138502784,52.091725623,54.678148443,                2079P   4457
18.177190616,52.127823581,54.643889711,18.211449348,                2079P   4458
52.171416135,54.6375068,18.217832259,52.179538076,54.631318808,     2079P   4459
18.224020251,52.188033359,54.625729005,18.229610054,                2079P   4460
52.197250585,54.620093814,18.235245245,52.206542653,                2079P   4461
54.614914911,18.240424148,52.216791763,54.61170893,                 2079P   4462
18.243630129,52.228162632,54.610006124,18.245332935,                2079P   4463
52.234202089,54.608881909,18.24645715,52.240686186,                 2079P   4464
54.608639257,18.246699802,52.24717898,54.608395546,                 2079P   4465
18.246943513,52.253700098,54.609051161,18.246287898,                2079P   4466
52.260366765,54.610405657,18.244933402,52.266609717,                2079P   4467
54.612238694,18.243100365,52.275058288,54.615317606,                2079P   4468
18.240021453,52.282995345,54.618871165,18.236467894,                2079P   4469
52.290264653,54.629492274,18.225846785,52.311991634,                2079P   4470
54.644057175,18.211281884,52.329543154,54.658520908,                2079P   4471
18.196818151,52.34625478,54.675519241,18.179819818,                 2079P   4472
52.365894923,54.693252465,18.162086595,52.384239284,                2079P   4473
54.710964959,18.1443741,52.402573867,54.781865813,18.073473246,     2079P   4474
52.475964859,54.852678603,18.002660456,52.550902613,                2079P   4475
54.915295518,17.940043541,52.638071091,54.978416715,                2079P   4476
17.876922345,52.725941573,55.034431371,17.820907688,                2079P   4477
52.826256812,55.077492695,17.777846365,52.935715651,                2079P   4478
55.120329223,17.735009837,53.044603074,55.151241458,                2079P   4479
17.704097602,53.165000322,55.166412642,17.688926418,                2079P   4480
53.287744274,55.173857557,17.681481502,53.34797809,                 2079P   4481
55.177669474,17.677669586,53.409346361,55.17766953,17.67766953,     2079P   4482
53.470493448,4.95536141880058E-017,0.00304453228536809,             2079P   4483
0.707106781,0.707106781,0.;                                         2079P   4484
102,8,2049,2053,2057,2061,2065,2069,2073,2077;                      2081P   4485
102,8,2051,2055,2059,2063,2067,2071,2075,2079;                      2083P   4486
142,1,2047,2081,2083,1;                                             2085P   4487
144,2047,1,0,2085;                                                  2087P   4488
110,54.279495233,18.193708795,51.,-652.827285954,                   2089P   4489
-688.913072391,51.;                                                 2089P   4490
110,54.986602014,17.486602014,51.,36.8878422,-0.6121578,51.;        2091P   4491
120,2089,2091,0.,6.28318530717959;                                  2093P   4492
126,1,1,1,0,1,0,0.,0.,1.,1.,1.,1.,1.4E-008,0.,0.,3E-009,            2095P   4493
1.570796338,0.,0.,1.,0.,0.,1.;                                      2095P   4494
126,5,3,1,0,1,0,0.,0.,0.,0.,0.5,0.5,1.,1.,1.,1.,1.,1.,1.,1.,1.,     2097P   4495
1.,54.986601766,17.486601766,51.,54.986601813,17.486601813,         2097P   4496
51.235702262,54.917566273,17.555637462,51.511844639,                2097P   4497
54.641423971,17.831779918,51.902368932,54.446161843,                2097P   4498
18.027042086,52.000000003,54.279495175,18.193708753,52.,0.,1.,      2097P   4499
0.707106781,0.707106781,-2.8E-007;                                  2097P   4500
126,1,1,1,0,1,0,0.,0.,1.,1.,1.,1.,0.,1.570796327,0.,                2099P   4501
0.994035785,1.570796327,0.,0.,1.,0.,0.,1.;                          2099P   4502
110,54.279495233,18.193708795,52.,36.288680309,0.202893871,52.;     2101P   4503
126,14,2,1,0,1,0,0.,0.,0.,0.125,0.125,0.1875,0.1875,0.25,0.25,      2103P   4504
0.375,0.375,0.5,0.5,0.75,0.75,1.,1.,1.,1.,1.,1.,1.,1.,1.,1.,1.,     2103P   4505
1.,1.,1.,1.,1.,1.,1.,0.994035153,1.570809311,0.,0.992564615,        2103P   4506
1.523834741,0.,0.989320934,1.441381315,0.,0.988861047,              2103P   4507
1.429691126,0.,0.986871785,1.379619083,0.,0.985396178,              2103P   4508
1.342476323,0.,0.984432381,1.317719034,0.,0.981699785,              2103P   4509
1.247526146,0.,0.979684468,1.190010682,0.,0.977202806,              2103P   4510
1.119186133,0.,0.975275448,1.052881601,0.,0.970814603,              2103P   4511
0.899420622,0.,0.96858305,0.743670676,0.,0.96617681,                2103P   4512
0.575728482,0.,0.96617681,0.395412666,0.,0.,1.,0.,0.,-1.;           2103P   4513
126,5,3,1,0,1,0,0.,0.,0.,0.,0.5,0.5,1.,1.,1.,1.,1.,1.,1.,1.,1.,     2105P   4514
1.,36.288682577,0.202914501,52.,36.525737172,0.176760314,           2105P   4515
52.000002416,36.762525611,0.209065615,51.962513267,                 2105P   4516
37.194046556,0.175665906,51.77519358,37.380289201,0.119710799,      2105P   4517
51.605924883,37.445438006,0.054561994,51.385189045,0.,1.,           2105P   4518
-0.059468188,-0.53908147,-0.840151596;                              2105P   4519
126,1,1,1,0,1,0,0.,0.,1.,1.,1.,1.,0.966176809,0.39540552,0.,        2107P   4520
0.966176809,0.,0.,0.,1.,0.,0.,1.;                                   2107P   4521
124,0.652546733825463,0.272365122901249,0.707106781187048,          2109P   4522
-23.4712261445062,-0.652546733826387,-0.272365122901635,            2109P   4523
0.707106781186047,-11.153665526044,0.385182450724634,               2109P   4524
-0.922840441058889,6.12303176911189E-017,37.480569957117;           2109P   4525
100,51.,36.792893224,0.707106786,37.792893224,0.707106786,          2111P   4526
37.715733665,1.092289236;                                           2111P   4527
126,1,1,1,0,1,0,0.,0.,1.,1.,1.,1.,0.966176809,0.,0.,0.,0.,0.,       2113P   4528
0.,1.,0.,0.,1.;                                                     2113P   4529
110,37.500000003,3E-009,51.000000001,54.986602012,17.486602012,     2115P   4530
51.000000002;                                                       2115P   4531
102,5,2095,2099,2103,2107,2113;                                     2117P   4532
102,5,2097,2101,2105,2111,2115;                                     2119P   4533
142,1,2093,2117,2119,1;                                             2121P   4534
144,2093,1,0,2121;                                                  2123P   4535
110,37.085786438,-1.,0.299727338,37.085786438,-1.,                  2125P   4536
1000.299727338;                                                     2125P   4537
110,38.085786438,-1.,0.299727338,38.085786438,-1.,1.75;             2127P   4538
120,2125,2127,0.,6.28318530717959;                                  2129P   4539
126,1,1,1,0,1,0,0.,0.,1.,1.,1.,1.,1.,0.785398163,0.,0.,             2131P   4540
0.785398163,0.,0.,1.,0.,0.,1.;                                      2131P   4541
110,37.792893219,-0.292893219,1.75,37.792893219,-0.292893219,       2133P   4542
0.299727338;                                                        2133P   4543
126,1,1,1,0,1,0,0.,0.,1.,1.,1.,1.,0.,0.785398163,0.,0.,             2135P   4544
1.570796327,0.,0.,1.,0.,0.,1.;                                      2135P   4545
100,0.299727338,37.085786438,-1.,37.792893219,-0.292893219,         2137P   4546
37.085786438,0.;                                                    2137P   4547
126,1,1,1,0,1,0,0.,0.,1.,1.,1.,1.,0.,1.57079633,0.,1.,              2139P   4548
1.57079633,0.,0.,1.,0.,0.,1.;                                       2139P   4549
110,37.085786435,0.,0.299727338,37.085786435,0.,1.75;               2141P   4550
126,1,1,1,0,1,0,0.,0.,1.,1.,1.,1.,1.,1.570794738,0.,1.,             2143P   4551
0.785398163,0.,0.,1.,0.,0.,1.;                                      2143P   4552
124,1.58904757840972E-006,0.999999999998737,                        2145P   4553
3.09775102182209E-015,38.0857275069196,0.999999999998737,           2145P   4554
-1.58904757907585E-006,-6.7776552223418E-015,-38.0857880270008,     2145P   4555
-6.77765029985948E-015,3.09776179183479E-015,-1.,                   2145P   4556
3.50000000000026;                                                   2145P   4557
100,1.75,37.085786438,-1.,38.085786438,-1.,37.792894343,            2147P   4558
-0.292894343;                                                       2147P   4559
102,4,2131,2135,2139,2143;                                          2149P   4560
102,4,2133,2137,2141,2147;                                          2151P   4561
142,1,2129,2149,2151,1;                                             2153P   4562
144,2129,1,0,2153;                                                  2155P   4563
110,55.000892835,17.500892835,2.,-652.105888352,-689.605888352,     2157P   4564
2.;                                                                 2157P   4565
110,56.415106397,16.086679272,2.,39.090990258,-1.237436867,2.;      2159P   4566
120,2157,2159,0.,6.28318530717959;                                  2161P   4567
126,1,1,1,0,1,0,0.,0.,1.,1.,1.,1.,1.,4.694342489,0.,                2163P   4568
0.995773331,4.71238898,0.,0.,1.,0.,0.,1.;                           2163P   4569
126,3,3,1,0,1,0,0.,0.,0.,0.,1.,1.,1.,1.,1.,1.,1.,1.,                2165P   4570
37.651256488,0.202296903,0.000325667,37.684170068,0.218198859,      2165P   4571
0.000108561,37.717085034,0.23409943,0.,37.75,0.250000001,0.,0.,     2165P   4572
1.,0.,0.,0.;                                                        2165P   4573
126,1,1,1,0,1,0,0.,0.,1.,1.,1.,1.,0.995773331,4.712388975,0.,       2167P   4574
0.,4.712388974,0.,0.,1.,0.,0.,1.;                                   2167P   4575
110,37.749999993,0.25,0.,55.00089282,17.500892838,0.;               2169P   4576
126,1,1,1,0,1,0,0.,0.,1.,1.,1.,1.,0.,4.71238898,0.,0.,              2171P   4577
6.283185307,0.,0.,1.,0.,0.,1.;                                      2171P   4578
124,-2.72004530010861E-010,0.707106781186548,                       2173P   4579
-0.707106781186548,44.0401064117396,2.72004418988558E-010,          2173P   4580
-0.707106781186548,-0.707106781186548,31.2901063820066,-1.,         2173P   4581
-3.84672460551627E-010,6.12303176911189E-017,57.0008928412321;      2173P   4582
100,2.,55.000892835,17.500892835,57.000892835,17.500892834,         2175P   4583
55.000892834,19.500892835;                                          2175P   4584
126,1,1,1,0,1,0,0.,0.,1.,1.,1.,1.,0.,6.283185307,0.,1.,             2177P   4585
6.283185307,0.,0.,1.,0.,0.,1.;                                      2177P   4586
110,56.415106397,16.086679272,2.,39.090990258,-1.237436867,2.;      2179P   4587
126,1,1,1,0,1,0,0.,0.,1.,1.,1.,1.,1.,6.283185307,0.,1.,             2181P   4588
4.694342489,0.,0.,1.,0.,0.,1.;                                      2181P   4589
124,0.707106781186548,-6.3503091674022E-011,0.707106781186548,      2183P   4590
9.6210588384988,-0.707106781186548,6.35032026963245E-011,           2183P   4591
0.707106781186548,25.404067427755,-8.98069951738023E-011,-1.,       2183P   4592
6.12303176911189E-017,2.17677669888364;                             2183P   4593
100,2.,37.676776696,0.176776696,39.676776696,0.176776695,           2185P   4594
37.640685672,2.176451029;                                           2185P   4595
102,5,2163,2167,2171,2177,2181;                                     2187P   4596
102,5,2165,2169,2175,2179,2185;                                     2189P   4597
142,1,2161,2187,2189,1;                                             2191P   4598
144,2161,1,0,2191;                                                  2193P   4599
110,37.9015,0.25,0.25,-962.0985,0.25,0.25;                          2195P   4600
110,37.901499993,0.25,0.5,12.499999987,0.25,0.5;                    2197P   4601
120,2195,2197,0.,6.28318530717959;                                  2199P   4602
126,1,1,1,0,1,0,0.,0.,1.,1.,1.,1.,0.005964215,3.141592654,0.,       2201P   4603
0.010353862,3.16955069,0.,0.,1.,0.,0.,1.;                           2201P   4604
126,3,3,1,0,1,0,0.,0.,0.,0.,1.,1.,1.,1.,1.,1.,1.,1.,                2203P   4605
37.749999993,0.25,0.,37.71283212,0.247670164,0.,37.675664247,       2203P   4606
0.245340327,3.2571E-005,37.638496374,0.243011401,9.77E-005,0.,      2203P   4607
1.,0.,0.,0.;                                                        2203P   4608
126,8,2,1,0,1,0,0.,0.,0.,0.142857142857143,0.142857142857143,       2205P   4609
0.285714285714286,0.285714285714286,0.5,0.5,1.,1.,1.,1.,1.,1.,      2205P   4610
1.,1.,1.,1.,1.,1.,0.010353862,3.16955069,0.,0.012112155,            2205P   4611
3.180797152,0.,0.014053881,3.261814795,0.,0.015487311,              2205P   4612
3.321623991,0.,0.017611846,3.438053774,0.,0.020131965,              2205P   4613
3.576162528,0.,0.022660087,3.742132142,0.,0.03092178,               2205P   4614
4.28450716,0.,0.032060254,4.71238898,0.,0.,1.,0.,0.,1.;             2205P   4615
126,31,3,1,0,0,0,0.0105079101258231,0.0105079101258231,             2207P   4616
0.0105079101258231,0.0105079101258231,0.0105397780192055,           2207P   4617
0.0105397780192055,0.010571645912588,0.010571645912588,             2207P   4618
0.010635381699353,0.010635381699353,0.0107628532728829,             2207P   4619
0.0107628532728829,0.0108903248464128,0.0108903248464128,           2207P   4620
0.0110177964199427,0.0110177964199427,0.0111452679934726,           2207P   4621
0.0111452679934726,0.0112727395670025,0.0112727395670025,           2207P   4622
0.0115276827140623,0.0115276827140623,0.0116551542875922,           2207P   4623
0.0116551542875922,0.0117826258611221,0.0117826258611221,           2207P   4624
0.012037569008182,0.012037569008182,0.0121650405817119,             2207P   4625
0.0121650405817119,0.0122925121552418,0.0122925121552418,           2207P   4626
0.0125474553023016,0.0125474553023016,0.0125474553023016,           2207P   4627
0.0125474553023016,1.,1.,1.,1.,1.,1.,1.,1.,1.,1.,1.,1.,1.,1.,       2207P   4628
1.,1.,1.,1.,1.,1.,1.,1.,1.,1.,1.,1.,1.,1.,1.,1.,1.,1.,              2207P   4629
37.638496383,0.243011402,9.77E-005,37.628141991,0.242362348,        2207P   4630
0.000115851,37.618979021,0.241237073,0.000149715,37.602510082,      2207P   4631
0.238443922,0.000263317,37.595458693,0.236842096,0.000340719,       2207P   4632
37.575949194,0.231753567,0.000643595,37.565239018,0.228028379,      2207P   4633
0.000938951,37.53558511,0.216799939,0.002100041,37.518893409,       2207P   4634
0.209066698,0.003247814,37.486643537,0.193598014,0.006317846,       2207P   4635
37.471438113,0.185880265,0.00823242,37.44202937,0.170684686,        2207P   4636
0.012782834,37.427819473,0.163184717,0.015422268,37.400019685,      2207P   4637
0.148409809,0.021432638,37.386436955,0.14113429,0.024803486,        2207P   4638
37.359742028,0.126827932,0.032298704,37.34668725,0.119826921,       2207P   4639
0.036411863,37.308820572,0.099601791,0.049650128,37.285054631,      2207P   4640
0.087023219,0.059729124,37.251319438,0.069566828,0.076766113,       2207P   4641
37.240362077,0.063966467,0.082788833,37.219256483,0.053348205,      2207P   4642
0.095416295,37.209208217,0.048380041,0.101957408,37.180515636,      2207P   4643
0.034480609,0.122249228,37.163303141,0.026544278,0.136661391,       2207P   4644
37.140481693,0.016738907,0.159673993,37.133363073,0.013818396,      2207P   4645
0.167609195,37.120514353,0.00883854,0.183583549,37.114737938,       2207P   4646
0.006758336,0.191663943,37.099380333,0.001736326,0.216183436,       2207P   4647
37.091736252,0.,0.232905689,37.087121446,0.,0.25,                   2207P   4648
0.0105079101258231,0.0125474553023016,0.,0.,0.;                     2207P   4649
126,1,1,1,0,1,0,0.,0.,1.,1.,1.,1.,0.032060254,4.71238898,0.,        2209P   4650
0.999999999,4.71238898,0.,0.,1.,0.,0.,1.;                           2209P   4651
110,37.087121438,0.,0.25,12.5,0.,0.25;                              2211P   4652
126,1,1,1,0,1,0,0.,0.,1.,1.,1.,1.,0.999999999,4.71238898,0.,        2213P   4653
0.999999999,3.141592654,0.,0.,1.,0.,0.,1.;                          2213P   4654
124,2.35552542173764E-026,6.12303176911189E-017,1.,12.25,-1.,       2215P   4655
3.84699199769021E-010,0.,12.7499999999038,                          2215P   4656
-3.84699199769021E-010,-1.,6.12303176911189E-017,                   2215P   4657
0.50000000480874;                                                   2215P   4658
100,0.25,12.5,0.25,12.75,0.25,12.5,0.5;                             2217P   4659
126,1,1,1,0,1,0,0.,0.,1.,1.,1.,1.,1.,3.141592654,0.,                2219P   4660
0.005964215,3.141592654,0.,0.,1.,0.,0.,1.;                          2219P   4661
110,12.499999987,0.25,0.,37.749999993,0.25,0.;                      2221P   4662
102,5,2201,2205,2209,2213,2219;                                     2223P   4663
102,5,2203,2207,2211,2217,2221;                                     2225P   4664
142,1,2199,2223,2225,1;                                             2227P   4665
144,2199,1,0,2227;                                                  2229P   4666
128,3,3,3,3,0,0,0,0,0,0.063141456462576,0.063141456462576,          2231P   4667
0.063141456462576,0.063141456462576,0.936858543664149,              2231P   4668
0.936858543664149,0.936858543664149,0.936858543664149,0.,0.,0.,     2231P   4669
0.,1.,1.,1.,1.,0.956578302510665,0.769794770253992,                 2231P   4670
0.769794770281084,0.956578302591939,0.76979477046436,               2231P   4671
0.619482991530357,0.619482991552158,0.769794770529765,              2231P   4672
0.76979477046436,0.619482991530357,0.619482991552158,               2231P   4673
0.769794770529765,0.956578302510665,0.769794770253992,              2231P   4674
0.769794770281084,0.956578302591939,0.25,12.5,0.,0.103553391,       2231P   4675
12.5,0.,0.,12.5,0.103553391,0.,12.5,0.25,0.25,19.675883861,0.,      2231P   4676
0.103553391,19.761670299,0.,0.,19.82233047,0.103553391,0.,          2231P   4677
19.82233047,0.25,5.324116139,24.75,0.,5.238329701,24.896446609,     2231P   4678
0.,5.17766953,25.,0.103553391,5.17766953,25.,0.25,12.5,24.75,       2231P   4679
0.,12.5,24.896446609,0.,12.5,25.,0.103553391,12.5,25.,0.25,         2231P   4680
0.063141456462576,0.936858543664149,0.,1.;                          2231P   4681
126,1,1,1,0,1,0,0.,0.,1.,1.,1.,1.,0.936858544,1.,0.,                2233P   4682
0.063141456,1.,0.,0.,1.,0.,0.,1.;                                   2233P   4683
124,1.25583244563099E-026,-6.12303176911189E-017,-1.,12.75,1.,      2235P   4684
2.05099776219705E-010,0.,12.2499999949238,                          2235P   4685
2.05099776219705E-010,-1.,6.12303176911189E-017,                    2235P   4686
24.9999999974363;                                                   2235P   4687
100,0.25,12.5,24.75,12.75,24.75,12.5,25.;                           2237P   4688
126,1,1,1,0,1,0,0.,0.,1.,1.,1.,1.,0.063141456,1.,0.,                2239P   4689
0.063141456,0.,0.,0.,1.,0.,0.,1.;                                   2239P   4690
126,27,3,1,0,1,0,0.,0.,0.,0.,0.0625000000000003,                    2241P   4691
0.0937500000000005,0.0937500000000005,0.125000000000001,            2241P   4692
0.125000000000001,0.187500000000001,0.187500000000001,              2241P   4693
0.250000000000001,0.250000000000001,0.375000000000002,              2241P   4694
0.375000000000002,0.500000000000002,0.500000000000002,              2241P   4695
0.625000000000003,0.625000000000003,0.687500000000003,              2241P   4696
0.687500000000003,0.750000000000003,0.750000000000003,              2241P   4697
0.812500000000003,0.843750000000002,0.843750000000002,              2241P   4698
0.875000000000002,0.875000000000002,1.,1.,1.,1.,1.,1.,1.,1.,1.,     2241P   4699
1.,1.,1.,1.,1.,1.,1.,1.,1.,1.,1.,1.,1.,1.,1.,1.,1.,1.,1.,1.,1.,     2241P   4700
1.,1.,12.5,24.75,0.,12.125111267,24.749968654,0.,11.565313793,      2241P   4701
24.72438149,0.,11.009319758,24.660484108,0.,10.639502276,           2241P   4702
24.609372472,0.,10.466360204,24.58165969,0.,9.880137415,            2241P   4703
24.47315291,0.,9.494720419,24.382351977,0.,8.734682819,             2241P   4704
24.163823952,0.,8.375899014,24.042367293,0.,7.220721395,            2241P   4705
23.584985479,0.,6.504800647,23.216193699,0.,5.088560395,            2241P   4706
22.290196326,0.,4.436163273,21.760333133,0.,3.239720587,            2241P   4707
20.563783007,0.,2.700020839,19.896611997,0.,2.020197061,            2241P   4708
18.85667322,0.,1.812167125,18.500503484,0.,1.433263234,             2241P   4709
17.769117055,0.,1.256377901,17.378714024,0.,0.963808723,            2241P   4710
16.639606361,0.,0.772147272,16.077426887,0.,0.622133969,            2241P   4711
15.503474324,0.,0.531380245,15.11822304,0.,0.488578443,             2241P   4712
14.913195226,0.,0.31823241,13.992456058,0.,0.250062664,             2241P   4713
13.24944026,0.,0.25,12.5,0.,0.,1.,0.,0.,-1.;                        2241P   4714
126,1,1,1,0,1,0,0.,0.,1.,1.,1.,1.,0.063141456,0.,0.,                2243P   4715
0.936858544,0.,0.,0.,1.,0.,0.,1.;                                   2243P   4716
126,3,3,1,0,0,0,0.0631414569999997,0.0631414569999997,              2245P   4717
0.0631414569999997,0.0631414569999997,0.936858543,0.936858543,      2245P   4718
0.936858543,0.936858543,0.956578302165993,0.769794770395974,        2245P   4719
0.769794770395974,0.956578302165993,0.25,12.5,0.,0.103553391,       2245P   4720
12.5,0.,0.,12.5,0.103553391,0.,12.5,0.25,0.0631414569999997,        2245P   4721
0.936858543,0.,-1.,0.;                                              2245P   4722
126,1,1,1,0,1,0,0.,0.,1.,1.,1.,1.,0.936858544,0.,0.,                2247P   4723
0.936858544,1.,0.,0.,1.,0.,0.,1.;                                   2247P   4724
124,-1.,5.55111512312578E-017,6.98296672221876E-015,25.,            2249P   4725
5.55111512312578E-017,1.,-1.4322294868051E-024,                     2249P   4726
-1.38777878006533E-015,-6.98296672221876E-015,                      2249P   4727
-1.43222909917258E-024,-1.,0.500000000000088;                       2249P   4728
100,0.25,12.5,12.5,25.,12.5,12.499999997,25.;                       2251P   4729
102,4,2233,2239,2243,2247;                                          2253P   4730
102,4,2237,2241,2245,2251;                                          2255P   4731
142,1,2231,2253,2255,1;                                             2257P   4732
144,2231,1,0,2257;                                                  2259P   4733
110,12.5,24.75,0.25,1012.5,24.75,0.25;                              2261P   4734
110,12.5,24.75,0.,37.5,24.75,0.;                                    2263P   4735
120,2261,2263,0.,6.28318530717959;                                  2265P   4736
126,1,1,1,0,1,0,0.,0.,1.,1.,1.,1.,1.000000001,0.,0.,-1E-009,0.,     2267P   4737
0.,0.,1.,0.,0.,1.;                                                  2267P   4738
110,37.500000024,24.75,0.,12.499999987,24.75,0.;                    2269P   4739
126,1,1,1,0,1,0,0.,0.,1.,1.,1.,1.,0.,0.,0.,0.,1.570796327,0.,       2271P   4740
0.,1.,0.,0.,1.;                                                     2271P   4741
124,6.12303176911189E-017,0.,1.,12.25,0.,1.,0.,0.,-1.,0.,           2273P   4742
6.12303176911189E-017,12.75;                                        2273P   4743
100,0.25,12.5,24.75,12.75,24.75,12.5,25.;                           2275P   4744
126,1,1,1,0,1,0,0.,0.,1.,1.,1.,1.,0.,1.570796327,0.,1.,             2277P   4745
1.570796327,0.,0.,1.,0.,0.,1.;                                      2277P   4746
110,12.5,25.,0.25,37.500000003,25.,0.25;                            2279P   4747
126,1,1,1,0,1,0,0.,0.,1.,1.,1.,1.,1.,1.570796327,0.,1.,0.,0.,       2281P   4748
0.,1.,0.,0.,1.;                                                     2281P   4749
124,3.74915180455534E-033,-6.12303176911189E-017,-1.,37.75,1.,      2283P   4750
6.12303176911189E-017,0.,-12.75,6.12303176911189E-017,-1.,          2283P   4751
6.12303176911189E-017,25.;                                          2283P   4752
100,0.25,37.5,24.75,37.75,24.75,37.5,25.;                           2285P   4753
102,4,2267,2271,2277,2281;                                          2287P   4754
102,4,2269,2275,2279,2285;                                          2289P   4755
142,1,2265,2287,2289,1;                                             2291P   4756
144,2265,1,0,2291;                                                  2293P   4757
128,3,3,3,3,0,0,0,0,0,0.0631414564625663,0.0631414564625663,        2295P   4758
0.0631414564625663,0.0631414564625663,0.936858543537473,            2295P   4759
0.936858543537473,0.936858543537473,0.936858543537473,0.,0.,0.,     2295P   4760
0.,1.,1.,1.,1.,0.956578302510672,0.769794770281075,                 2295P   4761
0.769794770281084,0.956578302510697,0.908034844126224,              2295P   4762
0.7307300117583,0.730730011758308,0.908034844126248,                2295P   4763
0.908034844126224,0.7307300117583,0.730730011758308,                2295P   4764
0.908034844126248,0.956578302510672,0.769794770281075,              2295P   4765
0.769794770281084,0.956578302510697,37.5,24.75,0.,37.5,             2295P   4766
24.896446609,0.,37.5,25.,0.103553391,37.5,25.,0.25,                 2295P   4767
44.151837276,24.75,0.,44.191196428,24.896446609,0.,                 2295P   4768
44.219027551,25.,0.103553391,44.219027551,25.,0.25,                 2295P   4769
50.297333589,22.20445208,0.,50.373055857,22.335836593,0.,           2295P   4770
50.426599585,22.428739474,0.103553391,50.426599585,                 2295P   4771
22.428739475,0.25,55.000892834,17.500892834,0.,55.104446225,        2295P   4772
17.604446225,0.,55.17766953,17.67766953,0.103553391,                2295P   4773
55.17766953,17.67766953,0.25,0.0631414564625663,                    2295P   4774
0.936858543537473,0.,1.;                                            2295P   4775
126,1,1,1,0,1,0,0.,0.,1.,1.,1.,1.,0.063141456,0.,0.,                2297P   4776
0.936858544,0.,0.,0.,1.,0.,0.,1.;                                   2297P   4777
124,6.12303176911189E-017,0.,1.,37.25,0.,1.,0.,0.,-1.,0.,           2299P   4778
6.12303176911189E-017,37.75;                                        2299P   4779
100,0.25,37.5,24.75,37.75,24.75,37.5,25.;                           2301P   4780
126,1,1,1,0,1,0,0.,0.,1.,1.,1.,1.,0.936858544,0.,0.,                2303P   4781
0.936858544,1.,0.,0.,1.,0.,0.,1.;                                   2303P   4782
124,1.02551800384987E-010,1.,4.93770312303063E-015,                 2305P   4783
37.4999999961543,1.,-1.02551522829231E-010,                         2305P   4784
-4.93770312113114E-015,-37.5,-4.93770312062477E-015,                2305P   4785
4.937703123537E-015,-1.,0.500000000000186;                          2305P   4786
100,0.25,37.5,0.,62.5,0.,55.177669535,17.677669524;                 2307P   4787
126,1,1,1,0,1,0,0.,0.,1.,1.,1.,1.,0.936858544,1.,0.,                2309P   4788
0.063141456,1.,0.,0.,1.,0.,0.,1.;                                   2309P   4789
126,3,3,1,0,0,0,0.0631414570000002,0.0631414570000002,              2311P   4790
0.0631414570000002,0.0631414570000002,0.936858542999824,            2311P   4791
0.936858542999824,0.936858542999824,0.936858542999824,              2311P   4792
0.956578302165991,0.769794770396004,0.769794770395967,              2311P   4793
0.956578302165879,55.17766953,17.67766953,0.25,55.17766953,         2311P   4794
17.67766953,0.103553391,55.104446225,17.604446225,0.,               2311P   4795
55.000892835,17.500892835,0.,0.0631414570000002,                    2311P   4796
0.936858542999824,0.707106781,-0.707106781,0.;                      2311P   4797
126,1,1,1,0,1,0,0.,0.,1.,1.,1.,1.,0.063141456,1.,0.,                2313P   4798
0.063141456,0.,0.,0.,1.,0.,0.,1.;                                   2313P   4799
126,9,3,1,0,1,0,0.,0.,0.,0.,0.25,0.25,0.5,0.5,0.75,0.75,1.,1.,      2315P   4800
1.,1.,1.,1.,1.,1.,1.,1.,1.,1.,1.,1.,55.000892835,17.500892835,      2315P   4801
0.,53.873152737,18.628536507,0.,52.646299355,19.642372683,0.,       2315P   4802
49.933022885,21.462748468,0.,48.488216872,22.237777992,0.,          2315P   4803
45.45461303,23.494258867,0.,43.869370743,23.971076615,0.,           2315P   4804
40.694813387,24.596159069,0.,39.094078119,24.749931849,0.,37.5,     2315P   4805
24.75,0.,0.,1.,0.,0.,-1.;                                           2315P   4806
102,4,2297,2303,2309,2313;                                          2317P   4807
102,4,2301,2307,2311,2315;                                          2319P   4808
142,1,2295,2317,2319,1;                                             2321P   4809
144,2295,1,0,2321;                                                  2323P   4810
128,1,1,1,1,0,0,1,0,0,0.,0.,1.,1.,0.,0.,1.,1.,1.,1.,1.,1.,12.5,     2325P   4811
0.,1.75,12.5,0.,0.25,37.234644175,0.,1.75,37.234644175,0.,0.25,     2325P   4812
0.,1.,0.,1.;                                                        2325P   4813
126,1,1,1,0,1,0,0.,0.,1.,1.,1.,1.,0.,0.993981812,0.,0.,0.,0.,       2327P   4814
0.,1.,0.,0.,1.;                                                     2327P   4815
110,37.085786433,0.,1.75,12.5,0.,1.75;                              2329P   4816
126,1,1,1,0,1,0,0.,0.,1.,1.,1.,1.,0.,0.,0.,1.,0.,0.,0.,1.,0.,       2331P   4817
0.,1.;                                                              2331P   4818
110,12.5,0.,1.75,12.5,0.,0.25;                                      2333P   4819
126,1,1,1,0,1,0,0.,0.,1.,1.,1.,1.,1.,0.,0.,1.,0.994035785,0.,       2335P   4820
0.,1.,0.,0.,1.;                                                     2335P   4821
110,12.5,0.,0.25,37.087121438,0.,0.25;                              2337P   4822
126,2,2,1,0,1,0,0.,0.,0.,1.,1.,1.,1.,1.,1.,1.,0.994035785,0.,       2339P   4823
0.983511506,0.993982928,0.,0.966848441,0.993981812,0.,0.,1.,0.,     2339P   4824
0.,1.;                                                              2339P   4825
126,3,3,1,0,1,0,0.,0.,0.,0.,1.,1.,1.,1.,1.,1.,1.,1.,                2341P   4826
37.087121446,0.,0.25,37.086249843,0.,0.266488494,37.08580484,       2341P   4827
0.,0.283064274,37.085786438,0.,0.299727338,0.,1.,0.,0.,0.;          2341P   4828
126,1,1,1,0,1,0,0.,0.,1.,1.,1.,1.,0.966848441,0.993981812,0.,       2343P   4829
0.,0.993981812,0.,0.,1.,0.,0.,1.;                                   2343P   4830
110,37.085786435,0.,0.299727338,37.085786435,0.,1.75;               2345P   4831
102,5,2327,2331,2335,2339,2343;                                     2347P   4832
102,5,2329,2333,2337,2341,2345;                                     2349P   4833
142,1,2325,2347,2349,1;                                             2351P   4834
144,2325,1,0,2351;                                                  2353P   4835
128,1,1,1,1,0,0,1,0,0,0.,0.,1.,1.,0.,0.,1.,1.,1.,1.,1.,1.,12.5,     2355P   4836
25.,0.25,12.5,25.,1.75,37.500000003,25.,0.25,37.500000003,25.,      2355P   4837
1.75,0.,1.,0.,1.;                                                   2355P   4838
126,1,1,1,0,1,0,0.,0.,1.,1.,1.,1.,1.,1.,0.,0.,1.,0.,0.,1.,0.,       2357P   4839
0.,1.;                                                              2357P   4840
110,37.500000003,25.,1.75,37.500000003,25.,0.25;                    2359P   4841
126,1,1,1,0,1,0,0.,0.,1.,1.,1.,1.,0.,1.,0.,0.,0.,0.,0.,1.,0.,       2361P   4842
0.,1.;                                                              2361P   4843
110,37.500000003,25.,0.25,12.5,25.,0.25;                            2363P   4844
126,1,1,1,0,1,0,0.,0.,1.,1.,1.,1.,0.,0.,0.,1.,0.,0.,0.,1.,0.,       2365P   4845
0.,1.;                                                              2365P   4846
110,12.5,25.,0.25,12.5,25.,1.75;                                    2367P   4847
126,1,1,1,0,1,0,0.,0.,1.,1.,1.,1.,1.,0.,0.,1.,1.,0.,0.,1.,0.,       2369P   4848
0.,1.;                                                              2369P   4849
110,12.5,25.,1.75,37.500000003,25.,1.75;                            2371P   4850
102,4,2357,2361,2365,2369;                                          2373P   4851
102,4,2359,2363,2367,2371;                                          2375P   4852
142,1,2355,2373,2375,1;                                             2377P   4853
144,2355,1,0,2377;                                                  2379P   4854
110,37.5,0.,1.75,37.5,0.,-998.25;                                   2381P   4855
110,12.5,0.,1.75,12.5,0.,0.25;                                      2383P   4856
120,2381,2383,0.,6.28318530717959;                                  2385P   4857
126,10,2,1,0,1,0,0.,0.,0.,0.125,0.125,0.25,0.25,0.5,0.5,0.75,       2387P   4858
0.75,1.,1.,1.,1.,1.,1.,1.,1.,1.,1.,1.,1.,1.,1.,2.6E-008,            2387P   4859
2.31772348,0.,0.037861901,2.322176292,0.,0.064311512,               2387P   4860
2.325015109,0.,0.100601011,2.328910035,0.,0.135834464,              2387P   4861
2.332057434,0.,0.217660857,2.339366974,0.,0.313904424,              2387P   4862
2.344433818,0.,0.420842501,2.350063686,0.,0.545995092,              2387P   4863
2.353065467,0.,0.67627577,2.356190244,0.,0.813662271,               2387P   4864
2.35619449,0.,0.,1.,0.,0.,-1.;                                      2387P   4865
126,7,3,1,0,1,0,0.,0.,0.,0.,0.250000000000002,                      2389P   4866
0.250000000000002,0.500000000000004,0.500000000000004,1.,1.,1.,     2389P   4867
1.,1.,1.,1.,1.,1.,1.,1.,1.,54.484679447,18.344499559,               2389P   4868
1.749999962,54.593592238,18.243660131,1.67427621,54.657677118,      2389P   4869
18.183205367,1.628074697,54.834072548,18.015126156,1.464421911,     2389P   4870
54.901426211,17.949907245,1.386081441,55.102799191,                 2389P   4871
17.753215983,1.065267211,55.177569448,17.677769611,0.804279595,     2389P   4872
55.17766953,17.67766953,0.529506593,0.,1.,-0.657093163,             2389P   4873
-0.751728831,0.055967315;                                           2389P   4874
126,1,1,1,0,1,0,0.,0.,1.,1.,1.,1.,0.813662315,2.35619449,0.,1.,     2391P   4875
2.35619449,0.,0.,1.,0.,0.,1.;                                       2391P   4876
110,55.177669526,17.677669533,0.529506528,55.177669526,             2393P   4877
17.677669533,0.25;                                                  2393P   4878
126,1,1,1,0,1,0,0.,0.,1.,1.,1.,1.,1.,2.35619449,0.,1.,              2395P   4879
1.570796327,0.,0.,1.,0.,0.,1.;                                      2395P   4880
100,0.25,37.5,0.,55.177669526,17.677669533,37.500000003,25.;        2397P   4881
126,1,1,1,0,1,0,0.,0.,1.,1.,1.,1.,1.,1.570796327,0.,0.,             2399P   4882
1.570796327,0.,0.,1.,0.,0.,1.;                                      2399P   4883
110,37.500000003,25.,0.25,37.500000003,25.,1.75;                    2401P   4884
126,1,1,1,0,1,0,0.,0.,1.,1.,1.,1.,0.,1.570796327,0.,0.,             2403P   4885
2.317723463,0.,0.,1.,0.,0.,1.;                                      2403P   4886
124,1.02552244474197E-010,1.,5.12396128090552E-015,                 2405P   4887
37.499999994928,1.,-1.02552355496499E-010,                          2405P   4888
-4.74413796546809E-015,-37.4999999987738,                           2405P   4889
-4.74413796494262E-015,5.12396128139204E-015,-1.,                   2405P   4890
3.50000000043523;                                                   2405P   4891
100,1.75,37.5,1E-009,62.499999999,1E-009,55.844499856,              2407P   4892
16.984679126;                                                       2407P   4893
102,5,2387,2391,2395,2399,2403;                                     2409P   4894
102,5,2389,2393,2397,2401,2407;                                     2411P   4895
142,1,2385,2409,2411,1;                                             2413P   4896
144,2385,1,0,2413;                                                  2415P   4897
128,1,1,1,1,0,0,1,0,0,0.,0.,1.,1.,0.,0.,1.,1.,1.,1.,1.,1.,          2417P   4898
37.500000002,2E-009,2.682139406,55.17766953,17.67766953,            2417P   4899
2.682139406,37.500000002,2E-009,51.317860594,55.17766953,           2417P   4900
17.67766953,51.317860594,0.,1.,0.,1.;                               2417P   4901
126,1,1,1,0,1,0,0.,0.,1.,1.,1.,1.,0.989191589,0.993464462,0.,       2419P   4902
0.,0.993464462,0.,0.,1.,0.,0.,1.;                                   2419P   4903
110,54.986602012,17.486602012,51.000000002,37.500000003,3E-009,     2421P   4904
51.000000001;                                                       2421P   4905
126,1,1,1,0,1,0,0.,0.,1.,1.,1.,1.,0.,0.993464462,0.,0.,             2423P   4906
0.006535538,0.,0.,1.,0.,0.,1.;                                      2423P   4907
110,37.500000003,3E-009,51.000000001,37.500000002,3E-009,3.;        2425P   4908
126,1,1,1,0,1,0,0.,0.,1.,1.,1.,1.,0.,0.006535538,0.,                2427P   4909
0.989191589,0.006535538,0.,0.,1.,0.,0.,1.;                          2427P   4910
110,37.500000002,3E-009,3.,54.986602013,17.486602015,3.;            2429P   4911
126,2,2,1,0,1,0,0.,0.,0.,1.,1.,1.,1.,1.,1.,0.989191589,             2431P   4912
0.006535525,0.,0.994659568,0.006532033,0.,0.999999993,              2431P   4913
0.005928854,0.,0.,1.,0.,0.,1.;                                      2431P   4914
126,3,3,1,0,1,0,0.,0.,0.,0.,1.,1.,1.,1.,1.,1.,1.,1.,                2433P   4915
54.986602014,17.486602014,2.999999385,55.051042758,                 2433P   4916
17.551042758,2.99988616,55.114731887,17.614731887,2.990050869,      2433P   4917
55.177669401,17.677669401,2.970493513,0.,1.,0.,0.,0.;               2433P   4918
126,1,1,1,0,1,0,0.,0.,1.,1.,1.,1.,1.,0.005928854,0.,1.,             2435P   4919
0.994071146,0.,0.,1.,0.,0.,1.;                                      2435P   4920
110,55.17766953,17.67766953,2.970493484,55.17766953,                2437P   4921
17.67766953,51.029506516;                                           2437P   4922
126,2,2,1,0,1,0,0.,0.,0.,1.,1.,1.,1.,1.,1.,0.999999998,             2439P   4923
0.994071133,0.,0.99465957,0.993467954,0.,0.989191589,               2439P   4924
0.993464462,0.,0.,1.,0.,0.,1.;                                      2439P   4925
126,3,3,1,0,1,0,0.,0.,0.,0.,1.,1.,1.,1.,1.,1.,1.,1.,                2441P   4926
55.177669494,17.677669494,51.029505889,55.11473195,17.61473195,     2441P   4927
51.009948522,55.05104279,17.55104279,51.000113226,54.986602014,     2441P   4928
17.486602014,51.,0.,1.,0.,0.,0.;                                    2441P   4929
102,6,2419,2423,2427,2431,2435,2439;                                2443P   4930
102,6,2421,2425,2429,2433,2437,2441;                                2445P   4931
142,1,2417,2443,2445,1;                                             2447P   4932
126,32,2,1,0,1,0,0.,0.,0.,0.0625,0.0625,0.125,0.125,0.1875,         2449P   4933
0.1875,0.25,0.25,0.3125,0.3125,0.375,0.375,0.4375,0.4375,0.5,       2449P   4934
0.5,0.5625,0.5625,0.625,0.625,0.6875,0.6875,0.75,0.75,0.8125,       2449P   4935
0.8125,0.875,0.875,0.9375,0.9375,1.,1.,1.,1.,1.,1.,1.,1.,1.,1.,     2449P   4936
1.,1.,1.,1.,1.,1.,1.,1.,1.,1.,1.,1.,1.,1.,1.,1.,1.,1.,1.,1.,1.,     2449P   4937
1.,1.,1.,1.,1.,0.84,0.5,0.,0.84,0.496962375,0.,0.838847117,         2449P   4938
0.493983116,0.,0.837694234,0.491003858,0.,0.835432772,              2449P   4939
0.488197458,0.,0.83317131,0.485391058,0.,0.829888177,               2449P   4940
0.482865365,0.,0.826605043,0.480339671,0.,0.822426407,              2449P   4941
0.478191746,0.,0.81824777,0.47604382,0.,0.813334214,                2449P   4942
0.474356206,0.,0.808420657,0.472668592,0.,0.802961006,              2449P   4943
0.471506143,0.,0.797501354,0.470343694,0.,0.791705419,              2449P   4944
0.469751082,0.,0.785909484,0.469158471,0.,0.78,0.469158471,0.,      2449P   4945
0.774090516,0.469158471,0.,0.768294581,0.469751082,0.,              2449P   4946
0.762498646,0.470343694,0.,0.757038994,0.471506143,0.,              2449P   4947
0.751579342,0.472668592,0.,0.746665786,0.474356206,0.,              2449P   4948
0.741752229,0.47604382,0.,0.737573593,0.478191746,0.,               2449P   4949
0.733394957,0.480339671,0.,0.730111823,0.482865365,0.,              2449P   4950
0.72682869,0.485391058,0.,0.724567228,0.488197458,0.,               2449P   4951
0.722305766,0.491003858,0.,0.721152883,0.493983116,0.,0.72,         2449P   4952
0.496962375,0.,0.72,0.5,0.,0.,1.,0.,0.,1.;                          2449P   4953
124,0.707106781186547,2.27595720048157E-015,-0.707106781186548,     2451P   4954
34.1139610306389,0.707106781186548,2.44249065417534E-015,           2451P   4955
0.707106781186548,-41.5698051534347,3.33066907387547E-015,-1.,      2451P   4956
6.12303176911189E-017,40.7885822330008;                             2451P   4957
100,27.,51.288582233,13.788582233,52.788582233,13.788582233,        2453P   4958
49.788582233,13.788582233;                                          2453P   4959
126,32,2,1,0,1,0,0.,0.,0.,0.0625,0.0625,0.125,0.125,0.1875,         2455P   4960
0.1875,0.25,0.25,0.3125,0.3125,0.375,0.375,0.4375,0.4375,0.5,       2455P   4961
0.5,0.5625,0.5625,0.625,0.625,0.6875,0.6875,0.75,0.75,0.8125,       2455P   4962
0.8125,0.875,0.875,0.9375,0.9375,1.,1.,1.,1.,1.,1.,1.,1.,1.,1.,     2455P   4963
1.,1.,1.,1.,1.,1.,1.,1.,1.,1.,1.,1.,1.,1.,1.,1.,1.,1.,1.,1.,1.,     2455P   4964
1.,1.,1.,1.,1.,0.72,0.5,0.,0.72,0.503037625,0.,0.721152883,         2455P   4965
0.506016884,0.,0.722305766,0.508996142,0.,0.724567228,              2455P   4966
0.511802542,0.,0.72682869,0.514608942,0.,0.730111823,               2455P   4967
0.517134635,0.,0.733394957,0.519660329,0.,0.737573593,              2455P   4968
0.521808254,0.,0.741752229,0.52395618,0.,0.746665786,               2455P   4969
0.525643794,0.,0.751579342,0.527331408,0.,0.757038994,              2455P   4970
0.528493857,0.,0.762498646,0.529656306,0.,0.768294581,              2455P   4971
0.530248918,0.,0.774090516,0.530841529,0.,0.78,0.530841529,0.,      2455P   4972
0.785909484,0.530841529,0.,0.791705419,0.530248918,0.,              2455P   4973
0.797501354,0.529656306,0.,0.802961006,0.528493857,0.,              2455P   4974
0.808420657,0.527331408,0.,0.813334214,0.525643794,0.,              2455P   4975
0.81824777,0.52395618,0.,0.822426407,0.521808254,0.,                2455P   4976
0.826605043,0.519660329,0.,0.829888177,0.517134635,0.,              2455P   4977
0.83317131,0.514608942,0.,0.835432772,0.511802542,0.,               2455P   4978
0.837694234,0.508996142,0.,0.838847117,0.506016884,0.,0.84,         2455P   4979
0.503037625,0.,0.84,0.5,0.,0.,1.,0.,0.,1.;                          2455P   4980
124,-0.707106781186547,1.21569421196455E-014,                       2457P   4981
-0.707106781186548,106.646969619437,-0.707106781186548,             2457P   4982
1.19904086659517E-014,0.707106781186548,30.9632034353629,           2457P   4983
1.70974345792274E-014,1.,6.12303176911189E-017,                     2457P   4984
13.2114177669981;                                                   2457P   4985
100,27.,51.288582233,13.788582233,52.788582233,13.788582233,        2459P   4986
49.788582233,13.788582233;                                          2459P   4987
102,2,2449,2455;                                                    2461P   4988
102,2,2453,2459;                                                    2463P   4989
142,1,2417,2461,2463,1;                                             2465P   4990
126,32,2,1,0,1,0,0.,0.,0.,0.0625,0.0625,0.125,0.125,0.1875,         2467P   4991
0.1875,0.25,0.25,0.3125,0.3125,0.375,0.375,0.4375,0.4375,0.5,       2467P   4992
0.5,0.5625,0.5625,0.625,0.625,0.6875,0.6875,0.75,0.75,0.8125,       2467P   4993
0.8125,0.875,0.875,0.9375,0.9375,1.,1.,1.,1.,1.,1.,1.,1.,1.,1.,     2467P   4994
1.,1.,1.,1.,1.,1.,1.,1.,1.,1.,1.,1.,1.,1.,1.,1.,1.,1.,1.,1.,1.,     2467P   4995
1.,1.,1.,1.,1.,0.56,0.882434958,0.,0.56,0.879397333,0.,             2467P   4996
0.558847117,0.876418074,0.,0.557694234,0.873438816,0.,              2467P   4997
0.555432772,0.870632416,0.,0.55317131,0.867826016,0.,               2467P   4998
0.549888177,0.865300323,0.,0.546605043,0.86277463,0.,               2467P   4999
0.542426407,0.860626704,0.,0.53824777,0.858478778,0.,               2467P   5000
0.533334214,0.856791164,0.,0.528420657,0.85510355,0.,               2467P   5001
0.522961006,0.853941101,0.,0.517501354,0.852778652,0.,              2467P   5002
0.511705419,0.852186041,0.,0.505909484,0.851593429,0.,0.5,          2467P   5003
0.851593429,0.,0.494090516,0.851593429,0.,0.488294581,              2467P   5004
0.852186041,0.,0.482498645,0.852778652,0.,0.477038994,              2467P   5005
0.853941101,0.,0.471579342,0.85510355,0.,0.466665786,               2467P   5006
0.856791164,0.,0.461752229,0.858478778,0.,0.457573593,              2467P   5007
0.860626704,0.,0.453394957,0.86277463,0.,0.450111823,               2467P   5008
0.865300323,0.,0.44682869,0.867826016,0.,0.444567228,               2467P   5009
0.870632416,0.,0.442305766,0.873438816,0.,0.441152883,              2467P   5010
0.876418074,0.,0.44,0.879397333,0.,0.44,0.882434958,0.,0.,1.,       2467P   5011
0.,0.,1.;                                                           2467P   5012
124,0.707106781186547,5.55111512312578E-017,-0.707106781186548,     2469P   5013
45.8163996924919,0.707106781186548,2.22044604925031E-016,           2469P   5014
0.707106781186548,-56.1717387517213,2.22044604925031E-016,-1.,      2469P   5015
6.12303176911189E-017,54.438834764999;                              2469P   5016
100,45.6,46.338834765,8.838834765,47.838834765,8.838834765,         2471P   5017
44.838834765,8.838834765;                                           2471P   5018
126,32,2,1,0,1,0,0.,0.,0.,0.0625,0.0625,0.125,0.125,0.1875,         2473P   5019
0.1875,0.25,0.25,0.3125,0.3125,0.375,0.375,0.4375,0.4375,0.5,       2473P   5020
0.5,0.5625,0.5625,0.625,0.625,0.6875,0.6875,0.75,0.75,0.8125,       2473P   5021
0.8125,0.875,0.875,0.9375,0.9375,1.,1.,1.,1.,1.,1.,1.,1.,1.,1.,     2473P   5022
1.,1.,1.,1.,1.,1.,1.,1.,1.,1.,1.,1.,1.,1.,1.,1.,1.,1.,1.,1.,1.,     2473P   5023
1.,1.,1.,1.,1.,0.44,0.882434958,0.,0.44,0.885472584,0.,             2473P   5024
0.441152883,0.888451842,0.,0.442305766,0.8914311,0.,                2473P   5025
0.444567228,0.8942375,0.,0.44682869,0.8970439,0.,0.450111823,       2473P   5026
0.899569594,0.,0.453394957,0.902095287,0.,0.457573593,              2473P   5027
0.904243212,0.,0.461752229,0.906391138,0.,0.466665786,              2473P   5028
0.908078752,0.,0.471579342,0.909766367,0.,0.477038994,              2473P   5029
0.910928816,0.,0.482498645,0.912091264,0.,0.488294581,              2473P   5030
0.912683876,0.,0.494090516,0.913276487,0.,0.5,0.913276487,0.,       2473P   5031
0.505909484,0.913276487,0.,0.511705419,0.912683876,0.,              2473P   5032
0.517501354,0.912091264,0.,0.522961006,0.910928816,0.,              2473P   5033
0.528420657,0.909766367,0.,0.533334214,0.908078752,0.,              2473P   5034
0.53824777,0.906391138,0.,0.542426407,0.904243212,0.,               2473P   5035
0.546605043,0.902095287,0.,0.549888177,0.899569594,0.,              2473P   5036
0.55317131,0.8970439,0.,0.555432772,0.8942375,0.,0.557694234,       2473P   5037
0.8914311,0.,0.558847117,0.888451842,0.,0.56,0.885472584,0.,        2473P   5038
0.56,0.882434958,0.,0.,1.,0.,0.,1.;                                 2473P   5039
124,-0.707106781186547,9.93649607039515E-015,                       2475P   5040
-0.707106781186548,111.349408281719,-0.707106781186548,             2475P   5041
9.76996261670138E-015,0.707106781186548,9.36126983750608,           2475P   5042
1.3988810110277E-014,1.,6.12303176911189E-017,36.7611652350003;     2475P   5043
100,45.6,46.338834765,8.838834765,47.838834765,8.838834765,         2477P   5044
44.838834765,8.838834765;                                           2477P   5045
102,2,2467,2473;                                                    2479P   5046
102,2,2471,2477;                                                    2481P   5047
142,1,2417,2479,2481,1;                                             2483P   5048
126,32,2,1,0,1,0,0.,0.,0.,0.0625,0.0625,0.125,0.125,0.1875,         2485P   5049
0.1875,0.25,0.25,0.3125,0.3125,0.375,0.375,0.4375,0.4375,0.5,       2485P   5050
0.5,0.5625,0.5625,0.625,0.625,0.6875,0.6875,0.75,0.75,0.8125,       2485P   5051
0.8125,0.875,0.875,0.9375,0.9375,1.,1.,1.,1.,1.,1.,1.,1.,1.,1.,     2485P   5052
1.,1.,1.,1.,1.,1.,1.,1.,1.,1.,1.,1.,1.,1.,1.,1.,1.,1.,1.,1.,1.,     2485P   5053
1.,1.,1.,1.,1.,0.56,0.643927135,0.,0.56,0.640889509,0.,             2485P   5054
0.558847117,0.637910251,0.,0.557694234,0.634930993,0.,              2485P   5055
0.555432772,0.632124593,0.,0.55317131,0.629318193,0.,               2485P   5056
0.549888177,0.626792499,0.,0.546605043,0.624266806,0.,              2485P   5057
0.542426407,0.622118881,0.,0.53824777,0.619970955,0.,               2485P   5058
0.533334214,0.618283341,0.,0.528420657,0.616595726,0.,              2485P   5059
0.522961006,0.615433278,0.,0.517501354,0.614270829,0.,              2485P   5060
0.511705419,0.613678217,0.,0.505909484,0.613085606,0.,0.5,          2485P   5061
0.613085606,0.,0.494090516,0.613085606,0.,0.488294581,              2485P   5062
0.613678217,0.,0.482498645,0.614270829,0.,0.477038994,              2485P   5063
0.615433278,0.,0.471579342,0.616595726,0.,0.466665786,              2485P   5064
0.618283341,0.,0.461752229,0.619970955,0.,0.457573593,              2485P   5065
0.622118881,0.,0.453394957,0.624266806,0.,0.450111823,              2485P   5066
0.626792499,0.,0.44682869,0.629318193,0.,0.444567228,               2485P   5067
0.632124593,0.,0.442305766,0.634930993,0.,0.441152883,              2485P   5068
0.637910251,0.,0.44,0.640889509,0.,0.44,0.643927135,0.,0.,1.,       2485P   5069
0.,0.,1.;                                                           2485P   5070
124,0.707106781186547,5.55111512312578E-017,-0.707106781186548,     2487P   5071
37.6139610307279,0.707106781186548,2.22044604925031E-016,           2487P   5072
0.707106781186548,-47.9693000899574,2.22044604925031E-016,-1.,      2487P   5073
6.12303176911189E-017,42.838834764999;                              2487P   5074
100,34.,46.338834765,8.838834765,47.838834765,8.838834765,          2489P   5075
44.838834765,8.838834765;                                           2489P   5076
126,32,2,1,0,1,0,0.,0.,0.,0.0625,0.0625,0.125,0.125,0.1875,         2491P   5077
0.1875,0.25,0.25,0.3125,0.3125,0.375,0.375,0.4375,0.4375,0.5,       2491P   5078
0.5,0.5625,0.5625,0.625,0.625,0.6875,0.6875,0.75,0.75,0.8125,       2491P   5079
0.8125,0.875,0.875,0.9375,0.9375,1.,1.,1.,1.,1.,1.,1.,1.,1.,1.,     2491P   5080
1.,1.,1.,1.,1.,1.,1.,1.,1.,1.,1.,1.,1.,1.,1.,1.,1.,1.,1.,1.,1.,     2491P   5081
1.,1.,1.,1.,1.,0.44,0.643927135,0.,0.44,0.64696476,0.,              2491P   5082
0.441152883,0.649944019,0.,0.442305766,0.652923277,0.,              2491P   5083
0.444567228,0.655729677,0.,0.44682869,0.658536077,0.,               2491P   5084
0.450111823,0.66106177,0.,0.453394957,0.663587463,0.,               2491P   5085
0.457573593,0.665735389,0.,0.461752229,0.667883315,0.,              2491P   5086
0.466665786,0.669570929,0.,0.471579342,0.671258543,0.,              2491P   5087
0.477038994,0.672420992,0.,0.482498645,0.673583441,0.,              2491P   5088
0.488294581,0.674176052,0.,0.494090516,0.674768664,0.,0.5,          2491P   5089
0.674768664,0.,0.505909484,0.674768664,0.,0.511705419,              2491P   5090
0.674176052,0.,0.517501354,0.673583441,0.,0.522961006,              2491P   5091
0.672420992,0.,0.528420657,0.671258543,0.,0.533334214,              2491P   5092
0.669570929,0.,0.53824777,0.667883315,0.,0.542426407,               2491P   5093
0.665735389,0.,0.546605043,0.663587463,0.,0.549888177,              2491P   5094
0.66106177,0.,0.55317131,0.658536077,0.,0.555432772,                2491P   5095
0.655729677,0.,0.557694234,0.652923277,0.,0.558847117,              2491P   5096
0.649944019,0.,0.56,0.64696476,0.,0.56,0.643927135,0.,0.,1.,0.,     2491P   5097
0.,1.;                                                              2491P   5098
124,-0.707106781186547,9.93649607039515E-015,                       2493P   5099
-0.707106781186548,103.146969619955,-0.707106781186548,             2493P   5100
9.76996261670138E-015,0.707106781186548,17.56370849927,             2493P   5101
1.3988810110277E-014,1.,6.12303176911189E-017,25.1611652350004;     2493P   5102
100,34.,46.338834765,8.838834765,47.838834765,8.838834765,          2495P   5103
44.838834765,8.838834765;                                           2495P   5104
102,2,2485,2491;                                                    2497P   5105
102,2,2489,2495;                                                    2499P   5106
142,1,2417,2497,2499,1;                                             2501P   5107
126,32,2,1,0,1,0,0.,0.,0.,0.0625,0.0625,0.125,0.125,0.1875,         2503P   5108
0.1875,0.25,0.25,0.3125,0.3125,0.375,0.375,0.4375,0.4375,0.5,       2503P   5109
0.5,0.5625,0.5625,0.625,0.625,0.6875,0.6875,0.75,0.75,0.8125,       2503P   5110
0.8125,0.875,0.875,0.9375,0.9375,1.,1.,1.,1.,1.,1.,1.,1.,1.,1.,     2503P   5111
1.,1.,1.,1.,1.,1.,1.,1.,1.,1.,1.,1.,1.,1.,1.,1.,1.,1.,1.,1.,1.,     2503P   5112
1.,1.,1.,1.,1.,0.56,0.356072865,0.,0.56,0.35303524,0.,              2503P   5113
0.558847117,0.350055981,0.,0.557694234,0.347076723,0.,              2503P   5114
0.555432772,0.344270323,0.,0.55317131,0.341463923,0.,               2503P   5115
0.549888177,0.33893823,0.,0.546605043,0.336412537,0.,               2503P   5116
0.542426407,0.334264611,0.,0.53824777,0.332116685,0.,               2503P   5117
0.533334214,0.330429071,0.,0.528420657,0.328741457,0.,              2503P   5118
0.522961006,0.327579008,0.,0.517501354,0.326416559,0.,              2503P   5119
0.511705419,0.325823948,0.,0.505909484,0.325231336,0.,0.5,          2503P   5120
0.325231336,0.,0.494090516,0.325231336,0.,0.488294581,              2503P   5121
0.325823948,0.,0.482498645,0.326416559,0.,0.477038994,              2503P   5122
0.327579008,0.,0.471579342,0.328741457,0.,0.466665786,              2503P   5123
0.330429071,0.,0.461752229,0.332116685,0.,0.457573593,              2503P   5124
0.334264611,0.,0.453394957,0.336412537,0.,0.450111823,              2503P   5125
0.33893823,0.,0.44682869,0.341463923,0.,0.444567228,                2503P   5126
0.344270323,0.,0.442305766,0.347076723,0.,0.441152883,              2503P   5127
0.350055981,0.,0.44,0.35303524,0.,0.44,0.356072865,0.,0.,1.,0.,     2503P   5128
0.,1.;                                                              2503P   5129
124,0.707106781186547,-1.16573417585641E-015,                       2505P   5130
-0.707106781186548,27.7144660941163,0.707106781186548,              2505P   5131
-9.99200722162641E-016,0.707106781186548,-38.0698051533457,         2505P   5132
-1.55431223447522E-015,-1.,6.12303176911189E-017,                   2505P   5133
28.8388347649991;                                                   2505P   5134
100,20.,46.338834765,8.838834765,47.838834765,8.838834765,          2507P   5135
44.838834765,8.838834765;                                           2507P   5136
126,32,2,1,0,1,0,0.,0.,0.,0.0625,0.0625,0.125,0.125,0.1875,         2509P   5137
0.1875,0.25,0.25,0.3125,0.3125,0.375,0.375,0.4375,0.4375,0.5,       2509P   5138
0.5,0.5625,0.5625,0.625,0.625,0.6875,0.6875,0.75,0.75,0.8125,       2509P   5139
0.8125,0.875,0.875,0.9375,0.9375,1.,1.,1.,1.,1.,1.,1.,1.,1.,1.,     2509P   5140
1.,1.,1.,1.,1.,1.,1.,1.,1.,1.,1.,1.,1.,1.,1.,1.,1.,1.,1.,1.,1.,     2509P   5141
1.,1.,1.,1.,1.,0.44,0.356072865,0.,0.44,0.359110491,0.,             2509P   5142
0.441152883,0.362089749,0.,0.442305766,0.365069007,0.,              2509P   5143
0.444567228,0.367875407,0.,0.44682869,0.370681807,0.,               2509P   5144
0.450111823,0.373207501,0.,0.453394957,0.375733194,0.,              2509P   5145
0.457573593,0.377881119,0.,0.461752229,0.380029045,0.,              2509P   5146
0.466665786,0.381716659,0.,0.471579342,0.383404274,0.,              2509P   5147
0.477038994,0.384566722,0.,0.482498645,0.385729171,0.,              2509P   5148
0.488294581,0.386321783,0.,0.494090516,0.386914394,0.,0.5,          2509P   5149
0.386914394,0.,0.505909484,0.386914394,0.,0.511705419,              2509P   5150
0.386321783,0.,0.517501354,0.385729171,0.,0.522961006,              2509P   5151
0.384566722,0.,0.528420657,0.383404274,0.,0.533334214,              2509P   5152
0.381716659,0.,0.53824777,0.380029045,0.,0.542426407,               2509P   5153
0.377881119,0.,0.546605043,0.375733194,0.,0.549888177,              2509P   5154
0.373207501,0.,0.55317131,0.370681807,0.,0.555432772,               2509P   5155
0.367875407,0.,0.557694234,0.365069007,0.,0.558847117,              2509P   5156
0.362089749,0.,0.56,0.359110491,0.,0.56,0.356072865,0.,0.,1.,       2509P   5157
0.,0.,1.;                                                           2509P   5158
124,-0.707106781186547,9.93649607039515E-015,                       2511P   5159
-0.707106781186548,93.2474746833436,-0.707106781186548,             2511P   5160
9.76996261670138E-015,0.707106781186548,27.4632034358817,           2511P   5161
1.3988810110277E-014,1.,6.12303176911189E-017,11.1611652350004;     2511P   5162
100,20.,46.338834765,8.838834765,47.838834765,8.838834765,          2513P   5163
44.838834765,8.838834765;                                           2513P   5164
102,2,2503,2509;                                                    2515P   5165
102,2,2507,2513;                                                    2517P   5166
142,1,2417,2515,2517,1;                                             2519P   5167
126,32,2,1,0,1,0,0.,0.,0.,0.0625,0.0625,0.125,0.125,0.1875,         2521P   5168
0.1875,0.25,0.25,0.3125,0.3125,0.375,0.375,0.4375,0.4375,0.5,       2521P   5169
0.5,0.5625,0.5625,0.625,0.625,0.6875,0.6875,0.75,0.75,0.8125,       2521P   5170
0.8125,0.875,0.875,0.9375,0.9375,1.,1.,1.,1.,1.,1.,1.,1.,1.,1.,     2521P   5171
1.,1.,1.,1.,1.,1.,1.,1.,1.,1.,1.,1.,1.,1.,1.,1.,1.,1.,1.,1.,1.,     2521P   5172
1.,1.,1.,1.,1.,0.56,0.117565042,0.,0.56,0.114527416,0.,             2521P   5173
0.558847117,0.111548158,0.,0.557694234,0.1085689,0.,                2521P   5174
0.555432772,0.1057625,0.,0.55317131,0.1029561,0.,0.549888177,       2521P   5175
0.100430406,0.,0.546605043,0.097904713,0.,0.542426407,              2521P   5176
0.095756788,0.,0.53824777,0.093608862,0.,0.533334214,               2521P   5177
0.091921248,0.,0.528420657,0.090233633,0.,0.522961006,              2521P   5178
0.089071184,0.,0.517501354,0.087908736,0.,0.511705419,              2521P   5179
0.087316124,0.,0.505909484,0.086723513,0.,0.5,0.086723513,0.,       2521P   5180
0.494090516,0.086723513,0.,0.488294581,0.087316124,0.,              2521P   5181
0.482498645,0.087908736,0.,0.477038994,0.089071184,0.,              2521P   5182
0.471579342,0.090233633,0.,0.466665786,0.091921248,0.,              2521P   5183
0.461752229,0.093608862,0.,0.457573593,0.095756788,0.,              2521P   5184
0.453394957,0.097904713,0.,0.450111823,0.100430406,0.,              2521P   5185
0.44682869,0.1029561,0.,0.444567228,0.1057625,0.,0.442305766,       2521P   5186
0.1085689,0.,0.441152883,0.111548158,0.,0.44,0.114527416,0.,        2521P   5187
0.44,0.117565042,0.,0.,1.,0.,0.,1.;                                 2521P   5188
124,0.707106781186547,-1.16573417585641E-015,                       2523P   5189
-0.707106781186548,19.5120274323523,0.707106781186548,              2523P   5190
-9.99200722162641E-016,0.707106781186548,-29.8673664915817,         2523P   5191
-1.55431223447522E-015,-1.,6.12303176911189E-017,                   2523P   5192
17.2388347649991;                                                   2523P   5193
100,8.4,46.338834765,8.838834765,47.838834765,8.838834765,          2525P   5194
44.838834765,8.838834765;                                           2525P   5195
126,32,2,1,0,1,0,0.,0.,0.,0.0625,0.0625,0.125,0.125,0.1875,         2527P   5196
0.1875,0.25,0.25,0.3125,0.3125,0.375,0.375,0.4375,0.4375,0.5,       2527P   5197
0.5,0.5625,0.5625,0.625,0.625,0.6875,0.6875,0.75,0.75,0.8125,       2527P   5198
0.8125,0.875,0.875,0.9375,0.9375,1.,1.,1.,1.,1.,1.,1.,1.,1.,1.,     2527P   5199
1.,1.,1.,1.,1.,1.,1.,1.,1.,1.,1.,1.,1.,1.,1.,1.,1.,1.,1.,1.,1.,     2527P   5200
1.,1.,1.,1.,1.,0.44,0.117565042,0.,0.44,0.120602667,0.,             2527P   5201
0.441152883,0.123581926,0.,0.442305766,0.126561184,0.,              2527P   5202
0.444567228,0.129367584,0.,0.44682869,0.132173984,0.,               2527P   5203
0.450111823,0.134699677,0.,0.453394957,0.13722537,0.,               2527P   5204
0.457573593,0.139373296,0.,0.461752229,0.141521222,0.,              2527P   5205
0.466665786,0.143208836,0.,0.471579342,0.14489645,0.,               2527P   5206
0.477038994,0.146058899,0.,0.482498645,0.147221348,0.,              2527P   5207
0.488294581,0.147813959,0.,0.494090516,0.148406571,0.,0.5,          2527P   5208
0.148406571,0.,0.505909484,0.148406571,0.,0.511705419,              2527P   5209
0.147813959,0.,0.517501354,0.147221348,0.,0.522961006,              2527P   5210
0.146058899,0.,0.528420657,0.14489645,0.,0.533334214,               2527P   5211
0.143208836,0.,0.53824777,0.141521222,0.,0.542426407,               2527P   5212
0.139373296,0.,0.546605043,0.13722537,0.,0.549888177,               2527P   5213
0.134699677,0.,0.55317131,0.132173984,0.,0.555432772,               2527P   5214
0.129367584,0.,0.557694234,0.126561184,0.,0.558847117,              2527P   5215
0.123581926,0.,0.56,0.120602667,0.,0.56,0.117565042,0.,0.,1.,       2527P   5216
0.,0.,1.;                                                           2527P   5217
124,-0.707106781186547,9.93649607039515E-015,                       2529P   5218
-0.707106781186548,85.0450360215796,-0.707106781186548,             2529P   5219
9.76996261670138E-015,0.707106781186548,35.6656420976456,           2529P   5220
1.3988810110277E-014,1.,6.12303176911189E-017,                      2529P   5221
-0.43883476499965;                                                  2529P   5222
100,8.4,46.338834765,8.838834765,47.838834765,8.838834765,          2531P   5223
44.838834765,8.838834765;                                           2531P   5224
102,2,2521,2527;                                                    2533P   5225
102,2,2525,2531;                                                    2535P   5226
142,1,2417,2533,2535,1;                                             2537P   5227
126,32,2,1,0,1,0,0.,0.,0.,0.0625,0.0625,0.125,0.125,0.1875,         2539P   5228
0.1875,0.25,0.25,0.3125,0.3125,0.375,0.375,0.4375,0.4375,0.5,       2539P   5229
0.5,0.5625,0.5625,0.625,0.625,0.6875,0.6875,0.75,0.75,0.8125,       2539P   5230
0.8125,0.875,0.875,0.9375,0.9375,1.,1.,1.,1.,1.,1.,1.,1.,1.,1.,     2539P   5231
1.,1.,1.,1.,1.,1.,1.,1.,1.,1.,1.,1.,1.,1.,1.,1.,1.,1.,1.,1.,1.,     2539P   5232
1.,1.,1.,1.,1.,0.28,0.5,0.,0.28,0.496962375,0.,0.278847117,         2539P   5233
0.493983116,0.,0.277694234,0.491003858,0.,0.275432772,              2539P   5234
0.488197458,0.,0.27317131,0.485391058,0.,0.269888177,               2539P   5235
0.482865365,0.,0.266605043,0.480339671,0.,0.262426407,              2539P   5236
0.478191746,0.,0.25824777,0.47604382,0.,0.253334214,                2539P   5237
0.474356206,0.,0.248420657,0.472668592,0.,0.242961006,              2539P   5238
0.471506143,0.,0.237501354,0.470343694,0.,0.231705419,              2539P   5239
0.469751082,0.,0.225909484,0.469158471,0.,0.22,0.469158471,0.,      2539P   5240
0.214090516,0.469158471,0.,0.208294581,0.469751082,0.,              2539P   5241
0.202498645,0.470343694,0.,0.197038994,0.471506143,0.,              2539P   5242
0.191579342,0.472668592,0.,0.186665786,0.474356206,0.,              2539P   5243
0.181752229,0.47604382,0.,0.177573593,0.478191746,0.,               2539P   5244
0.173394957,0.480339671,0.,0.170111823,0.482865365,0.,              2539P   5245
0.16682869,0.485391058,0.,0.164567228,0.488197458,0.,               2539P   5246
0.162305766,0.491003858,0.,0.161152883,0.493983116,0.,0.16,         2539P   5247
0.496962375,0.,0.16,0.5,0.,0.,1.,0.,0.,1.;                          2539P   5248
124,0.707106781186547,5.55111512312578E-017,-0.707106781186548,     2541P   5249
31.2144660942058,0.707106781186548,2.22044604925031E-016,           2541P   5250
0.707106781186548,-44.4693000898678,2.22044604925031E-016,-1.,      2541P   5251
6.12303176911189E-017,30.889087296999;                              2541P   5252
100,27.,41.389087297,3.889087297,42.889087296,3.889087297,          2543P   5253
39.889087298,3.889087297;                                           2543P   5254
126,32,2,1,0,1,0,0.,0.,0.,0.0625,0.0625,0.125,0.125,0.1875,         2545P   5255
0.1875,0.25,0.25,0.3125,0.3125,0.375,0.375,0.4375,0.4375,0.5,       2545P   5256
0.5,0.5625,0.5625,0.625,0.625,0.6875,0.6875,0.75,0.75,0.8125,       2545P   5257
0.8125,0.875,0.875,0.9375,0.9375,1.,1.,1.,1.,1.,1.,1.,1.,1.,1.,     2545P   5258
1.,1.,1.,1.,1.,1.,1.,1.,1.,1.,1.,1.,1.,1.,1.,1.,1.,1.,1.,1.,1.,     2545P   5259
1.,1.,1.,1.,1.,0.16,0.5,0.,0.16,0.503037625,0.,0.161152883,         2545P   5260
0.506016884,0.,0.162305766,0.508996142,0.,0.164567228,              2545P   5261
0.511802542,0.,0.16682869,0.514608942,0.,0.170111823,               2545P   5262
0.517134635,0.,0.173394957,0.519660329,0.,0.177573593,              2545P   5263
0.521808254,0.,0.181752229,0.52395618,0.,0.186665786,               2545P   5264
0.525643794,0.,0.191579342,0.527331408,0.,0.197038994,              2545P   5265
0.528493857,0.,0.202498645,0.529656306,0.,0.208294581,              2545P   5266
0.530248918,0.,0.214090516,0.530841529,0.,0.22,0.530841529,0.,      2545P   5267
0.225909484,0.530841529,0.,0.231705419,0.530248918,0.,              2545P   5268
0.237501354,0.529656306,0.,0.242961006,0.528493857,0.,              2545P   5269
0.248420657,0.527331408,0.,0.253334214,0.525643794,0.,              2545P   5270
0.25824777,0.52395618,0.,0.262426407,0.521808254,0.,                2545P   5271
0.266605043,0.519660329,0.,0.269888177,0.517134635,0.,              2545P   5272
0.27317131,0.514608942,0.,0.275432772,0.511802542,0.,               2545P   5273
0.277694234,0.508996142,0.,0.278847117,0.506016884,0.,0.28,         2545P   5274
0.503037625,0.,0.28,0.5,0.,0.,1.,0.,0.,1.;                          2545P   5275
124,-0.707106781186547,9.93649607039515E-015,                       2547P   5276
-0.707106781186548,89.7474746838657,-0.707106781186548,             2547P   5277
9.76996261670138E-015,0.707106781186548,14.0637084997922,           2547P   5278
1.3988810110277E-014,1.,6.12303176911189E-017,23.1109127030004;     2547P   5279
100,27.,41.389087297,3.889087297,42.889087296,3.889087297,          2549P   5280
39.889087298,3.889087297;                                           2549P   5281
102,2,2539,2545;                                                    2551P   5282
102,2,2543,2549;                                                    2553P   5283
142,1,2417,2551,2553,1;                                             2555P   5284
126,32,2,1,0,1,0,0.,0.,0.,0.0625,0.0625,0.125,0.125,0.1875,         2557P   5285
0.1875,0.25,0.25,0.3125,0.3125,0.375,0.375,0.4375,0.4375,0.5,       2557P   5286
0.5,0.5625,0.5625,0.625,0.625,0.6875,0.6875,0.75,0.75,0.8125,       2557P   5287
0.8125,0.875,0.875,0.9375,0.9375,1.,1.,1.,1.,1.,1.,1.,1.,1.,1.,     2557P   5288
1.,1.,1.,1.,1.,1.,1.,1.,1.,1.,1.,1.,1.,1.,1.,1.,1.,1.,1.,1.,1.,     2557P   5289
1.,1.,1.,1.,1.,0.66,0.5,0.,0.66,0.491899665,0.,0.656925645,         2557P   5290
0.483954977,0.,0.65385129,0.476010288,0.,0.647820725,               2557P   5291
0.468526554,0.,0.641790161,0.461042821,0.,0.633035138,              2557P   5292
0.454307639,0.,0.624280115,0.447572457,0.,0.613137085,              2557P   5293
0.441844655,0.,0.601994055,0.436116854,0.,0.588891237,              2557P   5294
0.431616549,0.,0.57578842,0.427116244,0.,0.561229349,               2557P   5295
0.424016381,0.,0.546670278,0.420916517,0.,0.531214451,              2557P   5296
0.41933622,0.,0.515758624,0.417755923,0.,0.5,0.417755923,0.,        2557P   5297
0.484241375,0.417755923,0.,0.468785548,0.41933622,0.,               2557P   5298
0.453329721,0.420916517,0.,0.438770651,0.424016381,0.,              2557P   5299
0.42421158,0.427116244,0.,0.411108763,0.431616549,0.,               2557P   5300
0.398005945,0.436116854,0.,0.386862915,0.441844655,0.,              2557P   5301
0.375719885,0.447572457,0.,0.366964862,0.454307639,0.,              2557P   5302
0.358209839,0.461042821,0.,0.352179275,0.468526554,0.,              2557P   5303
0.34614871,0.476010288,0.,0.343074355,0.483954977,0.,0.34,          2557P   5304
0.491899665,0.,0.34,0.5,0.,0.,1.,0.,0.,1.;                          2557P   5305
124,0.707106781186547,-3.88578058618805E-016,                       2559P   5306
-0.707106781186548,32.6642135624221,0.707106781186548,              2559P   5307
-2.22044604925031E-016,0.707106781186548,-43.0195526216515,         2559P   5308
-4.44089209850063E-016,-1.,6.12303176911189E-017,                   2559P   5309
35.838834764999;                                                    2559P   5310
100,27.,46.338834765,8.838834765,50.338834765,8.838834765,          2561P   5311
42.338834765,8.838834765;                                           2561P   5312
126,32,2,1,0,1,0,0.,0.,0.,0.0625,0.0625,0.125,0.125,0.1875,         2563P   5313
0.1875,0.25,0.25,0.3125,0.3125,0.375,0.375,0.4375,0.4375,0.5,       2563P   5314
0.5,0.5625,0.5625,0.625,0.625,0.6875,0.6875,0.75,0.75,0.8125,       2563P   5315
0.8125,0.875,0.875,0.9375,0.9375,1.,1.,1.,1.,1.,1.,1.,1.,1.,1.,     2563P   5316
1.,1.,1.,1.,1.,1.,1.,1.,1.,1.,1.,1.,1.,1.,1.,1.,1.,1.,1.,1.,1.,     2563P   5317
1.,1.,1.,1.,1.,0.34,0.5,0.,0.34,0.508100335,0.,0.343074355,         2563P   5318
0.516045023,0.,0.34614871,0.523989712,0.,0.352179275,               2563P   5319
0.531473446,0.,0.358209839,0.538957179,0.,0.366964862,              2563P   5320
0.545692361,0.,0.375719885,0.552427543,0.,0.386862915,              2563P   5321
0.558155345,0.,0.398005945,0.563883146,0.,0.411108763,              2563P   5322
0.568383451,0.,0.42421158,0.572883756,0.,0.438770651,               2563P   5323
0.575983619,0.,0.453329721,0.579083483,0.,0.468785548,              2563P   5324
0.58066378,0.,0.484241375,0.582244077,0.,0.5,0.582244077,0.,        2563P   5325
0.515758624,0.582244077,0.,0.531214451,0.58066378,0.,               2563P   5326
0.546670278,0.579083483,0.,0.561229349,0.575983619,0.,              2563P   5327
0.57578842,0.572883756,0.,0.588891237,0.568383451,0.,               2563P   5328
0.601994055,0.563883146,0.,0.613137085,0.558155345,0.,              2563P   5329
0.624280115,0.552427543,0.,0.633035138,0.545692361,0.,              2563P   5330
0.641790161,0.538957179,0.,0.647820725,0.531473446,0.,              2563P   5331
0.65385129,0.523989712,0.,0.656925645,0.516045023,0.,0.66,          2563P   5332
0.508100335,0.,0.66,0.5,0.,0.,1.,0.,0.,1.;                          2563P   5333
124,-0.707106781186547,9.93649607039515E-015,                       2565P   5334
-0.707106781186548,98.1972221516494,-0.707106781186548,             2565P   5335
9.76996261670138E-015,0.707106781186548,22.5134559675759,           2565P   5336
1.3988810110277E-014,1.,6.12303176911189E-017,18.1611652350004;     2565P   5337
100,27.,46.338834765,8.838834765,50.338834765,8.838834765,          2567P   5338
42.338834765,8.838834765;                                           2567P   5339
102,2,2557,2563;                                                    2569P   5340
102,2,2561,2567;                                                    2571P   5341
142,1,2417,2569,2571,1;                                             2573P   5342
144,2417,1,7,2447,2465,2483,2501,2519,2537,2555,2573;               2575P   5343
128,21,27,3,3,0,0,1,0,0,0.,0.,0.,0.,0.136650529689988,              2577P   5344
0.136650529689988,0.136650529689988,0.204975794534982,              2577P   5345
0.204975794534982,0.204975794534982,0.273301059379976,              2577P   5346
0.273301059379976,0.273301059379976,0.34162632422497,               2577P   5347
0.34162632422497,0.34162632422497,0.409951589069964,                2577P   5348
0.409951589069964,0.409951589069964,0.478276853914958,              2577P   5349
0.478276853914958,0.478276853914958,0.546602118759952,              2577P   5350
0.546602118759952,0.546602118759952,0.546602118759952,0.,0.,0.,     2577P   5351
0.,0.125750986472393,0.125750986472393,0.125750986472393,           2577P   5352
0.251501972944785,0.251501972944785,0.251501972944785,              2577P   5353
0.377252959417178,0.377252959417178,0.377252959417178,              2577P   5354
0.503003945889571,0.503003945889571,0.503003945889571,              2577P   5355
0.628754932361963,0.628754932361963,0.628754932361963,              2577P   5356
0.754505918834356,0.754505918834356,0.754505918834356,              2577P   5357
0.880256905306749,0.880256905306749,0.880256905306749,              2577P   5358
0.943132398542945,0.943132398542945,0.943132398542945,              2577P   5359
1.00600789177914,1.00600789177914,1.00600789177914,                 2577P   5360
1.00600789177914,1.,1.,1.,1.,1.,1.,1.,1.,1.,1.,1.,1.,1.,1.,1.,      2577P   5361
1.,1.,1.,1.,1.,1.,1.,1.,1.,1.,1.,1.,1.,1.,1.,1.,1.,1.,1.,1.,1.,     2577P   5362
1.,1.,1.,1.,1.,1.,1.,1.,1.,1.,1.,1.,1.,1.,1.,1.,1.,1.,1.,1.,1.,     2577P   5363
1.,1.,1.,1.,1.,1.,1.,1.,1.,1.,1.,1.,1.,1.,1.,1.,1.,1.,1.,1.,1.,     2577P   5364
1.,1.,1.,1.,1.,1.,1.,1.,1.,1.,1.,1.,1.,1.,1.,1.,1.,1.,1.,1.,1.,     2577P   5365
1.,1.,1.,1.,1.,1.,1.,1.,1.,1.,1.,1.,1.,1.,1.,1.,1.,1.,1.,1.,1.,     2577P   5366
1.,1.,1.,1.,1.,1.,1.,1.,1.,1.,1.,1.,1.,1.,1.,1.,1.,1.,1.,1.,1.,     2577P   5367
1.,1.,1.,1.,1.,1.,1.,1.,1.,1.,1.,1.,1.,1.,1.,1.,1.,1.,1.,1.,1.,     2577P   5368
1.,1.,1.,1.,1.,1.,1.,1.,1.,1.,1.,1.,1.,1.,1.,1.,1.,1.,1.,1.,1.,     2577P   5369
1.,1.,1.,1.,1.,1.,1.,1.,1.,1.,1.,1.,1.,1.,1.,1.,1.,1.,1.,1.,1.,     2577P   5370
1.,1.,1.,1.,1.,1.,1.,1.,1.,1.,1.,1.,1.,1.,1.,1.,1.,1.,1.,1.,1.,     2577P   5371
1.,1.,1.,1.,1.,1.,1.,1.,1.,1.,1.,1.,1.,1.,1.,1.,1.,1.,1.,1.,1.,     2577P   5372
1.,1.,1.,1.,1.,1.,1.,1.,1.,1.,1.,1.,1.,1.,1.,1.,1.,1.,1.,1.,1.,     2577P   5373
1.,1.,1.,1.,1.,1.,1.,1.,1.,1.,1.,1.,1.,1.,1.,1.,1.,1.,1.,1.,1.,     2577P   5374
1.,1.,1.,1.,1.,1.,1.,1.,1.,1.,1.,1.,1.,1.,1.,1.,1.,1.,1.,1.,1.,     2577P   5375
1.,1.,1.,1.,1.,1.,1.,1.,1.,1.,1.,1.,1.,1.,1.,1.,1.,1.,1.,1.,1.,     2577P   5376
1.,1.,1.,1.,1.,1.,1.,1.,1.,1.,1.,1.,1.,1.,1.,1.,1.,1.,1.,1.,1.,     2577P   5377
1.,1.,1.,1.,1.,1.,1.,1.,1.,1.,1.,1.,1.,1.,1.,1.,1.,1.,1.,1.,1.,     2577P   5378
1.,1.,1.,1.,1.,1.,1.,1.,1.,1.,1.,1.,1.,1.,1.,1.,1.,1.,1.,1.,1.,     2577P   5379
1.,1.,1.,1.,1.,1.,1.,1.,1.,1.,1.,1.,1.,1.,1.,1.,1.,1.,1.,1.,1.,     2577P   5380
1.,1.,1.,1.,1.,1.,1.,1.,1.,1.,1.,1.,1.,1.,1.,1.,1.,1.,1.,1.,1.,     2577P   5381
1.,1.,1.,1.,1.,1.,1.,1.,1.,1.,1.,1.,1.,1.,1.,1.,1.,1.,1.,1.,1.,     2577P   5382
1.,1.,1.,1.,1.,1.,1.,1.,1.,1.,1.,1.,1.,1.,1.,1.,1.,1.,1.,1.,1.,     2577P   5383
1.,1.,1.,1.,1.,1.,1.,1.,1.,1.,1.,1.,1.,1.,1.,1.,1.,1.,1.,1.,1.,     2577P   5384
1.,1.,1.,1.,1.,1.,1.,1.,1.,1.,1.,1.,1.,1.,1.,1.,1.,1.,1.,1.,1.,     2577P   5385
1.,1.,1.,1.,1.,1.,1.,1.,1.,1.,1.,1.,1.,1.,1.,1.,1.,1.,1.,1.,1.,     2577P   5386
1.,1.,1.,1.,1.,1.,1.,1.,1.,1.,1.,1.,1.,1.,1.,1.,1.,1.,1.,1.,1.,     2577P   5387
1.,1.,1.,1.,1.,1.,1.,1.,1.,1.,1.,1.,1.,1.,1.,1.,1.,1.,1.,1.,1.,     2577P   5388
1.,1.,1.,1.,1.,1.,1.,1.,1.,1.,1.,1.,1.,1.,1.,1.,1.,1.,1.,1.,1.,     2577P   5389
1.,1.,1.,1.,1.,1.,1.,1.,1.,1.,1.,1.,1.,37.085786438,0.,1.75,        2577P   5390
37.0857865,0.,1.77246074,37.0707725,0.003002792,1.797820801,        2577P   5391
37.028652203,0.011426847,1.824718476,37.007592054,0.015638874,      2577P   5392
1.838167314,36.979703234,0.021216643,1.851985995,36.943602623,      2577P   5393
0.028436763,1.865800398,36.907502011,0.035656883,1.8796148,         2577P   5394
36.863153043,0.04452668,1.893423525,36.809825865,0.055192114,       2577P   5395
1.906684038,36.756498686,0.065857549,1.919944551,36.694158833,      2577P   5396
0.078325522,1.932650102,36.623281038,0.09250108,1.944149659,        2577P   5397
36.552403243,0.106676638,1.955649217,36.47297787,0.122561714,       2577P   5398
1.965931083,36.387038466,0.139749594,1.974376576,36.301099063,      2577P   5399
0.156937475,1.982822069,36.208678716,0.175421544,1.989419259,       2577P   5400
36.11320131,0.194517025,1.993765542,36.017723904,0.213612507,       2577P   5401
1.998111825,35.919259429,0.233305402,2.000201922,35.821834555,      2577P   5402
0.252790377,1.999984427,37.117868317,0.,1.75,37.117867753,          2577P   5403
-4E-009,1.775331501,37.102932055,0.003792396,1.803993753,           2577P   5404
37.061042161,0.014320099,1.833956519,37.040097213,0.019583951,      2577P   5405
1.848937901,37.012362392,0.026541442,1.864223193,36.97646808,       2577P   5406
0.035488235,1.879292121,36.940573769,0.044435028,1.894361048,       2577P   5407
36.896483414,0.055381,1.909209952,36.843483551,0.068412793,         2577P   5408
1.923121529,36.790483688,0.081444587,1.937033106,36.728539919,      2577P   5409
0.096570063,1.949996107,36.658145661,0.113528124,1.961207308,       2577P   5410
36.587751403,0.130486185,1.972418509,36.508897169,0.149276107,      2577P   5411
1.981861021,36.423635889,0.169229461,1.988861899,36.338374609,      2577P   5412
0.189182815,1.995862778,36.246739627,0.210286587,2.000407596,       2577P   5413
36.152171874,0.231568142,2.002198671,36.05760412,0.252849698,       2577P   5414
2.003989745,35.960176076,0.274286502,2.003026424,35.863917948,      2577P   5415
0.294868528,1.999514742,37.150259112,-0.001547268,1.75,             2577P   5416
37.150258135,-0.001547276,1.778370263,37.135410393,0.003010749,     2577P   5417
1.810516376,37.093780238,0.015604599,1.843807431,37.07296516,       2577P   5418
0.021901524,1.860452959,37.045403954,0.030217476,1.877357678,       2577P   5419
37.009742256,0.040878595,1.893865643,36.974080558,0.051539715,      2577P   5420
1.910373608,36.930281831,0.064558404,1.926479444,36.877651148,      2577P   5421
0.079983533,1.941296188,36.825020465,0.095408663,1.956112931,       2577P   5422
36.763523505,0.113249561,1.969625448,36.693674863,0.13310733,       2577P   5423
1.980868943,36.623826222,0.1529651,1.992112437,36.545616579,        2577P   5424
0.174837451,2.00106494,36.461120882,0.197817166,2.006969252,        2577P   5425
36.376625186,0.220796882,2.012873565,36.285877074,0.244865603,      2577P   5426
2.015711845,36.192336888,0.268763357,2.015246544,36.098796703,      2577P   5427
0.292661111,2.014781243,36.002539309,0.316356851,2.011014627,       2577P   5428
35.907600369,0.338605152,2.004370727,37.182733394,-0.00471045,      2577P   5429
1.75,37.182732176,-0.004710481,1.78156308,37.167975061,             2577P   5430
0.000581478,1.81735823,37.126613423,0.01517629,1.854224564,         2577P   5431
37.105932604,0.022473695,1.872657731,37.078550917,0.032107762,      2577P   5432
1.891326661,37.043129927,0.044443525,1.909452549,37.007708937,      2577P   5433
0.056779289,1.927578437,36.964212114,0.071831502,1.945154622,       2577P   5434
36.911964051,0.089629994,1.961135415,36.859715988,0.107428485,      2577P   5435
1.977116208,36.798682432,0.127984244,1.991483232,36.729400528,      2577P   5436
0.150789727,2.003110965,36.660118625,0.173595209,2.014738699,       2577P   5437
36.582579225,0.198647348,2.023600571,36.498881089,0.224832383,      2577P   5438
2.028836964,36.415182953,0.251017418,2.034073356,36.325360029,      2577P   5439
0.278312799,2.035662755,36.232894175,0.30519141,2.033388414,        2577P   5440
36.140428322,0.332070022,2.031114072,36.045396584,0.358493126,      2577P   5441
2.024979795,35.951842804,0.382972692,2.015578749,37.215207676,      2577P   5442
-0.007873633,1.75,37.215206217,-0.007873686,1.784755898,            2577P   5443
37.20053973,-0.001847793,1.824200084,37.159446609,0.01474798,       2577P   5444
1.864641697,37.138900049,0.023045867,1.884862504,37.111697881,      2577P   5445
0.033998048,1.905295644,37.076517599,0.048008455,1.925039455,       2577P   5446
37.041337316,0.062018863,1.944783266,36.998142398,0.079104601,      2577P   5447
1.963829799,36.946276954,0.099276454,1.980974642,36.89441151,       2577P   5448
0.119448307,1.998119484,36.833841358,0.142718927,2.013341016,       2577P   5449
36.765126194,0.168472123,2.025352988,36.696411029,0.194225318,      2577P   5450
2.03736496,36.619541871,0.222457245,2.046136202,36.536641295,       2577P   5451
0.2518476,2.050704675,36.45374072,0.281237954,2.055273148,          2577P   5452
36.364842985,0.311759995,2.055613665,36.273451463,0.341619464,      2577P   5453
2.051530283,36.18205994,0.371478933,2.0474469,36.088253858,         2577P   5454
0.400629402,2.038944963,35.996085238,0.427340233,2.026786771,       2577P   5455
37.247764759,-0.0126531,1.75,37.247763231,-0.012653192,             2577P   5456
1.788102744,37.233190006,-0.005925092,1.831361104,37.192374051,     2577P   5457
0.012606297,1.87562496,37.171966073,0.021871992,1.897756887,        2577P   5458
37.144949239,0.034101826,1.92009901,37.110017628,0.049747011,       2577P   5459
1.941639642,37.075086018,0.065392196,1.963180274,37.03220311,       2577P   5460
0.084472013,1.983910606,36.980733486,0.106996871,2.002478507,       2577P   5461
36.929263863,0.129521729,2.021046408,36.869173406,0.155506135,      2577P   5462
2.037427651,36.801045698,0.18425436,2.050176291,36.73291799,        2577P   5463
0.213002585,2.062924931,36.65674422,0.244510787,2.072005675,        2577P   5464
36.574672551,0.277284456,2.076336221,36.492600882,0.310058125,      2577P   5465
2.080666766,36.404665895,0.344067476,2.080218011,36.314394586,      2577P   5466
0.377271716,2.074775828,36.224123276,0.410475957,2.069333644,       2577P   5467
36.131596851,0.4428218,2.058903563,36.040878305,0.472329547,        2577P   5468
2.044368186,37.280163252,-0.019073064,1.75,37.280161775,            2577P   5469
-0.01907322,1.791584214,37.265676598,-0.01168051,1.838799846,       2577P   5470
37.225122613,0.008697866,1.887105525,37.20484562,0.018887054,       2577P   5471
1.911258365,37.178003954,0.032337836,1.935639124,37.143307356,      2577P   5472
0.049553579,1.959139672,37.108610757,0.066769321,1.98264022,        2577P   5473
37.066022706,0.087771242,2.005251172,37.0149271,0.112583319,        2577P   5474
2.025487259,36.963831495,0.137395397,2.045723345,36.904194276,      2577P   5475
0.16603395,2.063558271,36.836621566,0.197749129,2.077395766,        2577P   5476
36.769048856,0.229464308,2.091233262,36.693532,0.264252678,         2577P   5477
2.101034535,36.612243321,0.300479921,2.105592183,36.530954643,      2577P   5478
0.336707163,2.110149831,36.443929024,0.374341359,2.109431117,       2577P   5479
36.35471584,0.41112854,2.103177431,36.265502656,0.447915721,        2577P   5480
2.096923745,36.174184759,0.483796944,2.085140058,36.084836367,      2577P   5481
0.516560138,2.068783523,37.312561745,-0.025493028,1.75,             2577P   5482
37.31256032,-0.025493248,1.795065685,37.29816319,-0.017435927,      2577P   5483
1.846238587,37.257871175,0.004789436,1.89858609,37.237725167,       2577P   5484
0.015902117,1.924759842,37.21105867,0.030573846,1.951179237,        2577P   5485
37.176597083,0.049360146,1.976639702,37.142135497,0.068146446,      2577P   5486
2.002100166,37.099842302,0.09107047,2.026591737,37.049120714,       2577P   5487
0.118169768,2.04849601,36.998399127,0.145269066,2.070400282,        2577P   5488
36.939215147,0.176561765,2.089688891,36.872197434,0.211243897,      2577P   5489
2.104615242,36.805179722,0.24592603,2.119541593,36.730319779,       2577P   5490
0.28399457,2.130063396,36.649814091,0.323675386,2.134848146,        2577P   5491
36.569308403,0.363356202,2.139632897,36.483192153,0.404615242,      2577P   5492
2.138644222,36.395037094,0.444985364,2.131579034,36.306882035,      2577P   5493
0.485355486,2.124513845,36.216772667,0.524772088,2.111376552,       2577P   5494
36.128794429,0.560790729,2.093198859,37.344800857,-0.033553649,     2577P   5495
1.75,37.344799602,-0.033553956,1.798681723,37.330485262,            2577P   5496
-0.024869642,1.853954931,37.290439856,-0.000886045,1.910563739,     2577P   5497
37.270417153,0.011105754,1.938868143,37.243915544,0.026941637,      2577P   5498
1.967455768,37.209675136,0.047234122,1.995039171,37.175434728,      2577P   5499
0.067526608,2.022622575,37.133419005,0.092300544,2.049191502,       2577P   5500
37.083049293,0.121620916,2.073009016,37.032679581,0.150941289,      2577P   5501
2.09682653,36.973921938,0.184827991,2.117862729,36.907426123,       2577P   5502
0.222448229,2.13423018,36.840930308,0.260068468,2.150597631,        2577P   5503
36.76668797,0.301420021,2.16225116,36.68691819,0.344623232,         2577P   5504
2.167728611,36.60714841,0.387826443,2.173206062,36.52188665,        2577P   5505
0.43284602,2.172467711,36.434725608,0.477035095,2.165140174,        2577P   5506
36.347564565,0.52122417,2.157812636,36.258590051,0.564513674,       2577P   5507
2.143899038,36.17189876,0.604244007,2.12446038,37.376634386,        2577P   5508
-0.043230712,1.75,37.376633361,-0.043231124,1.802408102,            2577P   5509
37.362388439,-0.033961051,1.86189781,37.322549397,-0.008324705,     2577P   5510
1.922949799,37.302629875,0.004493468,1.953475793,37.276266174,      2577P   5511
0.021424846,1.984339573,37.242210387,0.043140339,2.014183397,       2577P   5512
37.2081546,0.064855833,2.044027221,37.166370229,0.091381745,        2577P   5513
2.072840702,37.116293048,0.122818789,2.098783529,37.066215868,      2577P   5514
0.154255832,2.124726355,37.007812002,0.190625496,2.147767477,       2577P   5515
36.94174753,0.231084554,2.1658923,36.875683058,0.271543613,         2577P   5516
2.184017124,36.801949763,0.316090755,2.197178166,36.722783449,      2577P   5517
0.362769978,2.203788517,36.643617135,0.409449202,2.210398867,       2577P   5518
36.559053488,0.458224505,2.210415974,36.472699645,0.506304594,      2577P   5519
2.203383736,36.386345803,0.554384683,2.196351499,36.298288443,      2577P   5520
0.601697151,2.182271543,36.212630629,0.645397137,2.162200257,       2577P   5521
37.408467915,-0.052907775,1.75,37.40846712,-0.052908293,            2577P   5522
1.806134482,37.394291617,-0.04305246,1.869840688,37.354658938,      2577P   5523
-0.015763364,1.935335858,37.334842598,-0.002118817,1.968083443,     2577P   5524
37.308616803,0.015908055,2.001223378,37.274745638,0.039046557,      2577P   5525
2.033327623,37.240874472,0.062185058,2.065431868,37.199321452,      2577P   5526
0.090462947,2.096489902,37.149536804,0.124016661,2.124558041,       2577P   5527
37.099752155,0.157570375,2.152626181,37.041702066,0.196423,         2577P   5528
2.177672224,36.976068936,0.23972088,2.197554421,36.910435807,       2577P   5529
0.283018759,2.217436617,36.837211556,0.330761488,2.232105172,       2577P   5530
36.758648708,0.380916725,2.239848422,36.680085859,0.431071961,      2577P   5531
2.247591672,36.596220326,0.48360299,2.248364238,36.510673683,       2577P   5532
0.535574093,2.241627299,36.425127041,0.587545196,2.234890361,       2577P   5533
36.337986835,0.638880628,2.220644048,36.253362499,0.686550267,      2577P   5534
2.199940134,37.43989504,-0.064201197,1.75,37.439894535,             2577P   5535
-0.064201838,1.809971121,37.425775032,-0.053801484,1.878009937,     2577P   5536
37.386308295,-0.024965186,1.948129996,37.366574926,                 2577P   5537
-0.010547038,1.983190026,37.340459934,0.008506624,2.018713936,      2577P   5538
37.306736646,0.032984866,2.05321593,37.273013357,0.057463108,       2577P   5539
2.087717924,37.23164532,0.087394904,2.121187509,37.182093489,       2577P   5540
0.122960633,2.151592757,37.132541658,0.158526361,2.181998005,       2577P   5541
37.074772294,0.199750539,2.209305943,37.009479236,0.245787313,      2577P   5542
2.231261333,36.944186177,0.291824088,2.253216722,36.871361467,      2577P   5543
0.342674065,2.269768024,36.79326829,0.396257486,2.279083794,        2577P   5544
36.715175113,0.449840907,2.288399564,36.631849556,0.506120866,      2577P   5545
2.290432115,36.546920847,0.562052224,2.28454774,36.461992139,       2577P   5546
0.617983581,2.278663366,36.375548245,0.673488372,2.26486049,        2577P   5547
36.291699705,0.725380984,2.244152828,37.470676927,-0.077037752,     2577P   5548
1.75,37.47067671,-0.077038515,1.813890005,37.456592091,             2577P   5549
-0.066136046,1.886347002,37.417227545,-0.035866887,1.961227856,     2577P   5550
37.397545272,-0.020732308,1.998668283,37.371498355,                 2577P   5551
-0.000727036,2.036657038,37.337865105,0.024996271,2.073660524,      2577P   5552
37.304231856,0.050719578,2.11066401,37.262975873,0.08219092,        2577P   5553
2.146671848,37.213563149,0.119637575,2.17957655,37.164150424,       2577P   5554
0.157084229,2.212481251,37.106547301,0.200531961,2.242249325,       2577P   5555
37.041451692,0.249153031,2.266524994,36.976356084,0.297774101,      2577P   5556
2.290800664,36.903760134,0.351570078,2.309531075,36.825928723,      2577P   5557
0.408433339,2.320773074,36.748097313,0.465296601,2.332015073,       2577P   5558
36.665066617,0.525190278,2.335719165,36.58046369,0.584987392,       2577P   5559
2.331152767,36.495860763,0.644784506,2.326586369,36.409773495,      2577P   5560
0.704405732,2.313746214,36.326305736,0.760538801,2.293586337,       2577P   5561
37.501458814,-0.089874307,1.75,37.501458886,-0.089875192,           2577P   5562
1.81780889,37.487409149,-0.078470608,1.894684067,37.448146794,      2577P   5563
-0.046768588,1.974325716,37.428515617,-0.030917578,2.01414654,      2577P   5564
37.402536775,-0.009960696,2.05460014,37.368993565,0.017007676,      2577P   5565
2.094105118,37.335450354,0.043976048,2.133610096,37.294306426,      2577P   5566
0.076986936,2.172156187,37.245032808,0.116314517,2.207560342,       2577P   5567
37.19575919,0.155642097,2.242964497,37.138322308,0.201313382,       2577P   5568
2.275192706,37.073424149,0.252518748,2.301788656,37.00852599,       2577P   5569
0.303724115,2.328384605,36.936158801,0.36046609,2.349294126,        2577P   5570
36.858589157,0.420609193,2.362462354,36.781019513,0.480752295,      2577P   5571
2.375630581,36.698283679,0.544259689,2.381006214,36.614006533,      2577P   5572
0.60792256,2.377757793,36.529729387,0.671585432,2.374509372,        2577P   5573
36.443998745,0.735323091,2.362631938,36.360911766,0.795696619,      2577P   5574
2.343019847,37.531594698,-0.104253671,1.75,37.531595057,            2577P   5575
-0.104254677,1.821809923,37.517559041,-0.092390373,1.903188753,     2577P   5576
37.478334972,-0.059369821,1.987726887,37.458722937,                 2577P   5577
-0.042859545,2.029995953,37.432769333,-0.021026228,2.072995129,     2577P   5578
37.39925816,0.007092523,2.115105131,37.365746988,0.035211274,       2577P   5579
2.157215133,37.324641971,0.069647322,2.198425896,37.275413434,      2577P   5580
0.110724655,2.236491416,37.226184898,0.151801988,2.274556936,       2577P   5581
37.168799363,0.199548686,2.309442937,37.103955453,0.253183427,      2577P   5582
2.338605386,37.039111544,0.306818168,2.367767835,36.96680159,       2577P   5583
0.366344396,2.391151678,36.889284783,0.429618068,2.406598237,       2577P   5584
36.811767977,0.49289174,2.422044795,36.729080591,0.559876281,       2577P   5585
2.429501454,36.644835369,0.62730819,2.428033744,36.560590146,       2577P   5586
0.6947401,2.426566035,36.474874333,0.762538179,2.416167313,         2577P   5587
36.391770476,0.827165128,2.397650643,37.560865099,-0.120056669,     2577P   5588
1.75,37.560865688,-0.120057765,1.825862653,37.546815604,            2577P   5589
-0.107774905,1.911797742,37.507546672,-0.07355063,2.001316941,      2577P   5590
37.487912206,-0.056438492,2.046076541,37.461928206,                 2577P   5591
-0.033804693,2.091671643,37.428374258,-0.004633493,2.13645133,      2577P   5592
37.394820309,0.024537708,2.181231017,37.353660212,0.060278882,      2577P   5593
2.225185471,37.304357154,0.102962752,2.266013759,37.255054097,      2577P   5594
0.145646622,2.306842047,37.197574674,0.195302192,2.344509777,       2577P   5595
37.132606501,0.251179829,2.376393511,37.067638327,0.307057465,      2577P   5596
2.408277246,36.995173756,0.369161441,2.434321313,36.9174563,        2577P   5597
0.435348823,2.452268647,36.839738844,0.501536205,2.47021598,        2577P   5598
36.756804666,0.571770747,2.480012974,36.67224673,0.64275047,        2577P   5599
2.48062014,36.587688794,0.713730192,2.481227305,36.501593319,       2577P   5600
0.785373977,2.472636289,36.418024326,0.854065439,2.455565867,       2577P   5601
37.590135499,-0.135859667,1.75,37.590136318,-0.135860853,           2577P   5602
1.829915383,37.576072166,-0.123159438,1.92040673,37.536758372,      2577P   5603
-0.087731439,2.014906996,37.517101476,-0.07001744,2.062157128,      2577P   5604
37.491087079,-0.046583158,2.110348157,37.457490355,                 2577P   5605
-0.016359508,2.157797529,37.423893631,0.013864142,2.2052469,        2577P   5606
37.382678453,0.050910441,2.251945046,37.333300874,0.095200849,      2577P   5607
2.295536102,37.283923296,0.139491257,2.339127159,37.226349985,      2577P   5608
0.191055699,2.379576617,37.161257548,0.249176231,2.414181636,       2577P   5609
37.09616511,0.307296763,2.448786656,37.023545922,0.371978486,       2577P   5610
2.477490948,36.945627817,0.441079579,2.497939056,36.867709712,      2577P   5611
0.510180671,2.518387164,36.78452874,0.583665214,2.530524495,        2577P   5612
36.699658091,0.658192749,2.533206535,36.614787441,0.732720285,      2577P   5613
2.535888575,36.528312305,0.808209774,2.529105265,36.444278175,      2577P   5614
0.88096575,2.51348109,37.618539786,-0.153085769,1.75,               2577P   5615
37.618540778,-0.153087013,1.834019706,37.604434733,                 2577P   5616
-0.140008181,1.929119813,37.56499282,-0.103491188,2.028685492,      2577P   5617
37.545271864,-0.085232692,2.078468332,37.519171362,-0.06107383,     2577P   5618
2.129305487,37.485456941,-0.029895592,2.179488969,37.451742521,     2577P   5619
0.001282646,2.229672451,37.410378133,0.039514121,2.279192993,       2577P   5620
37.360806249,0.085267944,2.325647722,37.311234366,0.131021767,      2577P   5621
2.372102451,37.253421709,0.184328644,2.415456899,37.188026229,      2577P   5622
0.24450566,2.452936951,37.122630749,0.304682676,2.490417002,        2577P   5623
37.049644784,0.371735678,2.521966022,36.971272242,0.443533502,      2577P   5624
2.545135304,36.892899701,0.515331327,2.568304585,36.809176403,      2577P   5625
0.59183845,2.583038862,36.723648278,0.669691878,2.58808625,         2577P   5626
36.638120153,0.747545305,2.593133637,36.550870907,0.826664663,      2577P   5627
2.588482329,36.465923915,0.903294262,2.574649282,37.645888381,      2577P   5628
-0.171576308,1.75,37.645889441,-0.171577541,1.838144265,            2577P   5629
37.631708685,-0.158159088,1.937871954,37.592042276,                 2577P   5630
-0.120660666,2.042534374,37.572209071,-0.101911455,2.094865583,     2577P   5631
37.545958182,-0.077099438,2.148367448,37.512040657,                 2577P   5632
-0.045059995,2.201308693,37.478123132,-0.013020553,2.254249939,     2577P   5633
37.436502964,0.026280674,2.306621627,37.386603592,0.07335707,       2577P   5634
2.355976451,37.33670422,0.120433465,2.405331275,37.278492352,       2577P   5635
0.175316415,2.451634873,37.212602226,0.237356961,2.492044133,       2577P   5636
37.146712101,0.299397508,2.532453393,37.073135916,0.368602164,      2577P   5637
2.56691143,36.994050297,0.442853041,2.592876999,36.914964677,       2577P   5638
0.517103918,2.618842568,36.8304051,0.59636588,2.636259817,          2577P   5639
36.743890186,0.677260364,2.643767175,36.657375272,0.758154849,      2577P   5640
2.651274532,36.568986954,0.840602515,2.648858303,36.482731824,      2577P   5641
0.920797274,2.636922231,37.673236975,-0.190066847,1.75,             2577P   5642
37.673238105,-0.19006807,1.842268824,37.658982637,-0.176309994,     2577P   5643
1.946624096,37.619091732,-0.137830144,2.056383255,37.599146279,     2577P   5644
-0.118590218,2.111262835,37.572745003,-0.093125046,2.167429409,     2577P   5645
37.538624373,-0.060224399,2.223128418,37.504503744,                 2577P   5646
-0.027323751,2.278827428,37.462627794,0.013047228,2.334050262,      2577P   5647
37.412400934,0.061446195,2.386305181,37.362174074,0.109845163,      2577P   5648
2.4385601,37.303562995,0.166304186,2.487812847,37.237178224,        2577P   5649
0.230208262,2.531151315,37.170793453,0.294112339,2.574489783,       2577P   5650
37.096627048,0.365468651,2.611856838,37.016828351,0.44217258,       2577P   5651
2.640618695,36.937029653,0.51887651,2.669380552,36.851633797,       2577P   5652
0.60089331,2.689480773,36.764132094,0.684828851,2.6994481,          2577P   5653
36.676630391,0.768764392,2.709415428,36.587103,0.854540366,         2577P   5654
2.709234277,36.499539734,0.938300287,2.69919518,37.69952944,        2577P   5655
-0.209821147,1.75,37.699530536,-0.209822289,1.846413519,            2577P   5656
37.685167517,-0.19576235,1.955415094,37.64495569,-0.156408509,      2577P   5657
2.0703021,37.624849776,-0.136731588,2.127745603,37.598233801,       2577P   5658
-0.110684599,2.186595327,37.563824627,-0.077016003,2.245075533,     2577P   5659
37.529415453,-0.043347408,2.303555739,37.487177115,                 2577P   5660
-0.002021932,2.361658177,37.436489571,0.047558995,2.416849157,      2577P   5661
37.385802027,0.097139923,2.472040137,37.326631878,0.155008951,      2577P   5662
2.524285578,37.259560965,0.220583993,2.570606508,37.192490052,      2577P   5663
0.286159035,2.616927437,37.117510188,0.359447862,2.657266567,       2577P   5664
37.036740248,0.438361762,2.688898079,36.955970307,0.517275662,      2577P   5665
2.72052959,36.869444973,0.601780276,2.74339654,36.780628523,        2577P   5666
0.688472858,2.75591547,36.691812073,0.77516544,2.7684344,           2577P   5667
36.600782611,0.863969082,2.770587685,36.51151896,0.950986658,       2577P   5668
2.762546912,37.72461416,-0.230650183,1.75,37.724615087,             2577P   5669
-0.230651133,1.850547635,37.710108707,-0.216322093,1.964181274,     2577P   5670
37.669473732,-0.176188456,2.084175741,37.649156244,                 2577P   5671
-0.156121637,2.144172975,37.622257718,-0.129555502,2.205693665,     2577P   5672
37.587471452,-0.095201505,2.266939269,37.552685187,                 2577P   5673
-0.060847509,2.328184873,37.509975132,-0.018670011,2.389147493,     2577P   5674
37.458693948,0.031966384,2.447249286,37.407412764,0.082602779,      2577P   5675
2.505351079,37.347526851,0.141731234,2.560558105,37.27958914,       2577P   5676
0.2087996,2.60982201,37.211651429,0.275867966,2.659085914,          2577P   5677
37.135653399,0.35088454,2.702349184,37.05368742,0.431775666,        2577P   5678
2.736791908,36.971721441,0.512666792,2.771234632,36.88382174,       2577P   5679
0.599398465,2.796799257,36.793434476,0.688561354,2.811789868,       2577P   5680
36.703047211,0.777724242,2.826780478,36.610248414,0.869243038,      2577P   5681
2.831177248,36.519019263,0.959184478,2.825036112,37.73715652,       2577P   5682
-0.241064701,1.75,37.737157363,-0.241065554,1.852614692,            2577P   5683
37.722579302,-0.226601964,1.968564363,37.681732753,-0.18607843,     2577P   5684
2.091112561,37.661309478,-0.165816662,2.152386661,37.634269676,     2577P   5685
-0.138990953,2.215242834,37.599294865,-0.104294256,2.277871137,     2577P   5686
37.564320054,-0.06959756,2.34049944,37.521374141,-0.026994051,      2577P   5687
2.402892151,37.469796136,0.024170078,2.46244935,37.418218132,       2577P   5688
0.075334207,2.522006549,37.357974337,0.135092376,2.578694369,       2577P   5689
37.289603228,0.202907404,2.62942976,37.221232118,0.270722432,       2577P   5690
2.680165152,37.144725004,0.346602879,2.724890492,37.062161006,      2577P   5691
0.428482618,2.760738822,36.979597008,0.510362357,2.796587153,       2577P   5692
36.891010124,0.59820756,2.823500616,36.799837452,0.688605602,       2577P   5693
2.839727066,36.70866478,0.779003643,2.855953517,36.614981315,       2577P   5694
0.871880016,2.861472029,36.522769414,0.963283388,2.856280711,       2577P   5695
37.749397581,-0.251747492,1.75,37.749398305,-0.251748221,           2577P   5696
1.854679125,37.734739645,-0.237158249,1.972941288,37.693656085,     2577P   5697
-0.196268282,2.098038167,37.673114304,-0.175823299,2.160586606,     2577P   5698
37.645916345,-0.148753627,2.224775246,37.610730971,                 2577P   5699
-0.113734781,2.288782343,37.575545597,-0.078715935,2.352789441,     2577P   5700
37.532336649,-0.035711921,2.416607449,37.480428801,0.015948482,     2577P   5701
2.477613838,37.428520953,0.067608885,2.538620226,37.367880379,      2577P   5702
0.127959337,2.596781191,37.299031068,0.196476916,2.648978396,       2577P   5703
37.230181757,0.264994495,2.701175602,37.153114833,0.341688008,      2577P   5704
2.747351294,37.069897171,0.424498697,2.784591005,36.986679509,      2577P   5705
0.507309386,2.821830716,36.897344881,0.59620359,2.850076259,        2577P   5706
36.805323538,0.687765966,2.86751925,36.713302195,0.779328341,       2577P   5707
2.884962241,36.618668092,0.87348523,2.891580618,36.525408032,       2577P   5708
0.966268422,2.887315515,37.761322369,-0.262672932,1.75,             2577P   5709
37.761322939,-0.262673504,1.856737269,37.746574595,                 2577P   5710
-0.247964585,1.977304445,37.705228572,-0.206729593,2.104938909,     2577P   5711
37.684555561,-0.186112097,2.168756141,37.657182609,-0.15881271,     2577P   5712
2.234270656,37.621764961,-0.123490512,2.299648126,37.586347313,     2577P   5713
-0.088168314,2.365025596,37.54284872,-0.04478715,2.43025864,        2577P   5714
37.490579252,0.007340628,2.492701148,37.438309785,0.059468405,      2577P   5715
2.555143656,37.377235462,0.120376683,2.614761863,37.307866442,      2577P   5716
0.189556023,2.668401221,37.238497422,0.258735363,2.722040579,       2577P   5717
37.160824628,0.336194805,2.769643169,37.076904569,0.419882619,      2577P   5718
2.80824657,36.992984509,0.503570433,2.84684997,36.902850754,        2577P   5719
0.593453119,2.876395628,36.809929732,0.686112882,2.89501951,        2577P   5720
36.717008709,0.778772645,2.913643392,36.621373366,0.874136712,      2577P   5721
2.921322279,36.527018599,0.968220852,2.917942366,37.773247157,      2577P   5722
-0.273598372,1.75,37.773247573,-0.273598787,1.858795413,            2577P   5723
37.758409545,-0.258770921,1.981667602,37.71680106,-0.217190903,     2577P   5724
2.111839651,37.695996818,-0.196400894,2.176925675,37.668448873,     2577P   5725
-0.168871793,2.243766065,37.632798951,-0.133246243,2.310513908,     2577P   5726
37.597149029,-0.097620693,2.377261751,37.553360791,                 2577P   5727
-0.053862379,2.443909831,37.500729704,-0.001267227,2.507788459,     2577P   5728
37.448098616,0.051327926,2.571667086,37.386590545,0.112794028,      2577P   5729
2.632742536,37.316701816,0.182635129,2.687824047,37.246813087,      2577P   5730
0.25247623,2.742905557,37.168534423,0.330701603,2.791935045,        2577P   5731
37.083911967,0.415266542,2.831902134,36.99928951,0.499831481,       2577P   5732
2.871869224,36.908356627,0.590702647,2.902714997,36.814535925,      2577P   5733
0.684459798,2.92251977,36.720715224,0.778216948,2.942324543,        2577P   5734
36.624078641,0.874788195,2.95106394,36.528629166,0.970173282,       2577P   5735
2.948569218,37.784802009,-0.284802009,1.75,37.784802229,            2577P   5736
-0.284802229,1.86084569,37.769863943,-0.269863943,1.986013599,      2577P   5737
37.727963455,-0.227963455,2.118709434,37.70701321,-0.20701321,      2577P   5738
2.185057351,37.679270739,-0.179270739,2.253215422,37.643363402,     2577P   5739
-0.143363402,2.321323186,37.607456064,-0.107456064,2.38943095,      2577P   5740
37.563347397,-0.063347397,2.457481344,37.510318033,                 2577P   5741
-0.010318033,2.52277992,37.457288668,0.042711332,2.588078497,       2577P   5742
37.395304286,0.104695714,2.650591542,37.324848247,0.175151753,      2577P   5743
2.707090984,37.254392209,0.245607791,2.763590426,37.175455026,      2577P   5744
0.324544974,2.814017973,37.09007478,0.40992522,2.855314822,         2577P   5745
37.004694534,0.495305466,2.896611672,36.912904415,0.587095585,      2577P   5746
2.928718498,36.818126818,0.681873182,2.949660777,36.723349222,      2577P   5747
0.776650778,2.970603056,36.625655112,0.874344888,2.980355233,       2577P   5748
36.5290598,0.9709402,2.978696176,37.796144667,-0.296144667,         2577P   5749
1.75,37.796144665,-0.296144665,1.862889591,37.78110024,             2577P   5750
-0.28110024,1.990345897,37.738891612,-0.238891612,2.12555459,       2577P   5751
37.717787299,-0.217787299,2.193158937,37.689839668,                 2577P   5752
-0.189839668,2.262628221,37.65366139,-0.15366139,2.332087708,       2577P   5753
37.617483111,-0.117483111,2.401547195,37.573037579,                 2577P   5754
-0.073037579,2.470989966,37.519590724,-0.019590724,2.537695976,     2577P   5755
37.466143869,0.033856131,2.604401987,37.40366117,0.09633883,        2577P   5756
2.668337513,37.332613892,0.167386108,2.726236479,37.261566615,      2577P   5757
0.238433385,2.784135444,37.181945063,0.318054937,2.835939319,       2577P   5758
37.095780963,0.404219037,2.878540747,37.009616862,0.490383138,      2577P   5759
2.921142175,36.916943259,0.583056741,2.954481401,36.821184635,      2577P   5760
0.678815365,2.976529932,36.72542601,0.77457399,2.998578462,         2577P   5761
36.626652393,0.873347607,3.00930957,36.528893731,0.971106269,       2577P   5762
3.008451775,0.,0.546602118759952,0.,1.00600789177914;               2577P   5763
126,1,1,1,0,1,0,0.,0.,1.,1.,1.,1.,0.301837436,1.000003254,0.,       2579P   5764
0.,1.000001894,0.,0.,1.,0.,0.,1.;                                   2579P   5765
126,5,3,1,0,1,0,0.,0.,0.,0.,0.5,0.5,1.,1.,1.,1.,1.,1.,1.,1.,1.,     2581P   5766
1.,37.445433779,0.054566221,2.614805721,37.574600424,               2581P   5767
-0.074600424,2.479824441,37.674289358,-0.174289358,2.300011667,     2581P   5768
37.769029055,-0.269029055,2.031877455,37.792773726,                 2581P   5769
-0.292773726,1.893229268,37.792893219,-0.292893219,1.75,0.,1.,      2581P   5770
-0.707106781,-0.707106781,0.;                                       2581P   5771
126,1,1,1,0,1,0,0.,0.,1.,1.,1.,1.,0.,1.000001894,0.,0.,0.,0.,       2583P   5772
0.,1.,0.,0.,1.;                                                     2583P   5773
100,1.75,37.085786438,-1.,37.792893219,-0.292893219,                2585P   5774
37.085788027,0.;                                                    2585P   5775
126,1,1,1,0,1,0,0.,0.,1.,1.,1.,1.,0.,0.,0.,0.543342134,0.,0.,       2587P   5776
0.,1.,0.,0.,1.;                                                     2587P   5777
126,15,3,1,0,0,0,0.,0.,0.,0.,0.136650529689988,                     2589P   5778
0.136650529689988,0.204975794534982,0.204975794534982,              2589P   5779
0.273301059379976,0.273301059379976,0.34162632422497,               2589P   5780
0.34162632422497,0.409951589069964,0.409951589069964,               2589P   5781
0.478276853914958,0.478276853914958,0.543342134000002,              2589P   5782
0.543342134000002,0.543342134000002,0.543342134000002,1.,1.,1.,     2589P   5783
1.,1.,1.,1.,1.,1.,1.,1.,1.,1.,1.,1.,1.,37.085786438,0.,1.75,        2589P   5784
37.0857865,0.,1.77246074,37.0707725,0.003002792,1.797820801,        2589P   5785
37.007592054,0.015638874,1.838167314,36.979703234,0.021216643,      2589P   5786
1.851985995,36.907502011,0.035656883,1.8796148,36.863153043,        2589P   5787
0.04452668,1.893423525,36.756498686,0.065857549,1.919944551,        2589P   5788
36.694158833,0.078325522,1.932650102,36.552403243,0.106676638,      2589P   5789
1.955649217,36.47297787,0.122561714,1.965931083,36.301099063,       2589P   5790
0.156937475,1.982822069,36.208678716,0.175421544,1.989419259,       2589P   5791
36.022279391,0.212701409,1.997904452,35.928648646,0.231427559,      2589P   5792
1.999997337,35.835786437,0.250000001,1.999999805,0.,                2589P   5793
0.543342134000002,0.196115933,0.980580716,-5.41E-007;               2589P   5794
126,2,2,1,0,1,0,0.,0.,0.,1.,1.,1.,1.,1.,1.,0.543342134,0.,0.,       2591P   5795
0.486684411,0.021809307,0.,0.445438375,0.044375491,0.,0.,1.,0.,     2591P   5796
0.,1.;                                                              2591P   5797
126,3,3,1,0,1,0,0.,0.,0.,0.,1.,1.,1.,1.,1.,1.,1.,1.,                2593P   5798
35.835786437,0.250000001,2.,36.039363857,0.229437693,2.,            2593P   5799
36.190328582,0.213736578,2.,36.288680611,0.202896654,2.,0.,1.,      2593P   5800
0.,0.,0.;                                                           2593P   5801
126,10,2,1,0,1,0,0.,0.,0.,0.125,0.125,0.25,0.25,0.5,0.5,0.75,       2595P   5802
0.75,1.,1.,1.,1.,1.,1.,1.,1.,1.,1.,1.,1.,1.,1.,0.445442059,         2595P   5803
0.044393683,0.,0.428676508,0.053578812,0.,0.409009218,              2595P   5804
0.084748107,0.,0.391835542,0.11196545,0.,0.375960132,               2595P   5805
0.150497801,0.,0.341273789,0.234687517,0.,0.321317059,              2595P   5806
0.353290676,0.,0.299701592,0.481751729,0.,0.295518691,              2595P   5807
0.652900494,0.,0.29178324,0.805741225,0.,0.301837073,               2595P   5808
1.00001109,0.,0.,1.,0.,0.,1.;                                       2595P   5809
126,15,3,1,0,1,0,6.9929464232308E-018,6.9929464232308E-018,         2597P   5810
6.9929464232308E-018,6.9929464232308E-018,0.000461844003003386,     2597P   5811
0.000461844003003386,0.000461844003003386,0.000841307650747885,     2597P   5812
0.000841307650747885,0.000841307650747885,0.00110655876266779,      2597P   5813
0.00110655876266779,0.00110655876266779,0.00137391008297455,        2597P   5814
0.00137391008297455,0.00137391008297455,0.00141313618153598,        2597P   5815
0.00141313618153598,0.00141313618153598,0.00141313618153598,1.,     2597P   5816
1.,1.,1.,1.,1.,1.,1.,1.,1.,1.,1.,1.,1.,1.,1.,36.288682572,          2597P   5817
0.202914503,2.000000001,36.441702062,0.186031891,1.99999844,        2597P   5818
36.597728445,0.20073154,2.018095615,36.747276771,0.200433253,       2597P   5819
2.054635952,36.869774759,0.200188921,2.084566864,36.991210924,      2597P   5820
0.194725154,2.128740486,37.098986184,0.179272846,2.192359634,       2597P   5821
37.174532178,0.168441418,2.236954022,37.244601655,0.152510866,      2597P   5822
2.292338626,37.301708387,0.132936277,2.356905128,37.359098531,      2597P   5823
0.113264541,2.421792064,37.404714201,0.089453941,2.497927685,       2597P   5824
37.433559866,0.065376534,2.578420706,37.43786552,0.061782615,       2597P   5825
2.590435514,37.441826558,0.058173442,2.602574722,37.445438006,      2597P   5826
0.054561994,2.614810955,6.9929464232308E-018,                       2597P   5827
0.00141313618153598,0.088928836,0.806081318,-0.585085098;           2597P   5828
102,5,2579,2583,2587,2591,2595;                                     2599P   5829
102,5,2581,2585,2589,2593,2597;                                     2601P   5830
142,1,2577,2599,2601,1;                                             2603P   5831
144,2577,1,0,2603;                                                  2605P   5832
128,1,1,1,1,0,0,1,0,0,0.,0.,1.,1.,0.,0.,1.,1.,1.,1.,1.,1.,          2607P   5833
55.329398192,0.25,0.,-0.078505357,0.25,0.,55.329398192,24.75,       2607P   5834
0.,-0.078505357,24.75,0.,0.,1.,0.,1.;                               2607P   5835
126,1,1,1,0,1,0,0.,0.,1.,1.,1.,1.,0.772983554,1.,0.,                2609P   5836
0.321784385,1.,0.,0.,1.,0.,0.,1.;                                   2609P   5837
110,12.499999987,24.75,0.,37.500000024,24.75,0.;                    2611P   5838
126,16,2,1,0,1,0,0.,0.,0.,0.125,0.125,0.25,0.25,0.375,0.375,        2613P   5839
0.5,0.5,0.625,0.625,0.75,0.75,0.875,0.875,1.,1.,1.,1.,1.,1.,1.,     2613P   5840
1.,1.,1.,1.,1.,1.,1.,1.,1.,1.,1.,1.,1.,0.321784385,1.,0.,           2613P   5841
0.300206984,0.999997914,0.,0.278739307,0.99529856,0.,               2613P   5842
0.256962712,0.990531582,0.,0.235477347,0.980963994,0.,              2613P   5843
0.213799865,0.971310854,0.,0.192630788,0.956852021,0.,              2613P   5844
0.171375996,0.942334643,0.,0.150844603,0.923102793,0.,              2613P   5845
0.13033153,0.903888102,0.,0.110745104,0.880144503,0.,               2613P   5846
0.091272462,0.856538837,0.,0.07290904,0.828675942,0.,               2613P   5847
0.054740831,0.801109244,0.,0.037836297,0.769629419,0.,              2613P   5848
0.021193916,0.738637779,0.,0.005928854,0.704118075,0.,0.,1.,0.,     2613P   5849
0.,-1.;                                                             2613P   5850
126,9,3,1,0,1,0,0.,0.,0.,0.,0.25,0.25,0.5,0.5,0.75,0.75,1.,1.,      2615P   5851
1.,1.,1.,1.,1.,1.,1.,1.,1.,1.,1.,1.,37.5,24.75,0.,39.094078119,     2615P   5852
24.749931849,0.,40.680620272,24.598953748,0.,43.883563858,          2615P   5853
23.968281936,0.,45.45596639,23.493698322,0.,48.486863512,           2615P   5854
22.238338537,0.,49.947444622,21.45307272,0.,52.631877618,           2615P   5855
19.652048431,0.,53.873152737,18.628536507,0.,55.000892835,          2615P   5856
17.500892835,0.,0.,1.,0.,0.,1.;                                     2615P   5857
126,1,1,1,0,1,0,0.,0.,1.,1.,1.,1.,0.005928854,0.704118075,0.,       2617P   5858
0.317272394,0.,0.,0.,1.,0.,0.,1.;                                   2617P   5859
110,55.00089282,17.500892838,0.,37.749999993,0.25,0.;               2619P   5860
126,1,1,1,0,1,0,0.,0.,1.,1.,1.,1.,0.317272394,0.,0.,                2621P   5861
0.772983554,0.,0.,0.,1.,0.,0.,1.;                                   2621P   5862
110,37.749999993,0.25,0.,12.499999987,0.25,0.;                      2623P   5863
126,16,2,1,0,1,0,0.,0.,0.,0.125,0.125,0.25,0.25,0.375,0.375,        2625P   5864
0.5,0.5,0.625,0.625,0.75,0.75,0.875,0.875,1.,1.,1.,1.,1.,1.,1.,     2625P   5865
1.,1.,1.,1.,1.,1.,1.,1.,1.,1.,1.,1.,1.,0.772983554,0.,0.,           2625P   5866
0.793272363,3.837E-006,0.,0.813213327,0.008347316,0.,               2625P   5867
0.834355641,0.017193451,0.,0.854364727,0.035105849,0.,              2625P   5868
0.87519606,0.053754335,0.,0.893964841,0.081502244,0.,               2625P   5869
0.913119617,0.109820813,0.,0.92931609,0.146446609,0.,               2625P   5870
0.945498599,0.18304083,0.,0.958032876,0.226395123,0.,               2625P   5871
0.970293399,0.268802538,0.,0.978548211,0.315952645,0.,              2625P   5872
0.986463517,0.361163552,0.,0.99038017,0.409018474,0.,               2625P   5873
0.994069449,0.454095257,0.,0.994071146,0.5,0.,0.,1.,0.,0.,-1.;      2625P   5874
126,3,3,1,0,0,0,0.,0.,0.,0.,1.,1.,1.,1.,0.956578302289161,          2627P   5875
0.769794770286107,0.769794770286107,0.956578302289161,12.5,         2627P   5876
0.25,0.,5.324116139,0.25,0.,0.25,5.324116139,0.,0.25,12.5,0.,       2627P   5877
0.,1.,0.,0.,1.;                                                     2627P   5878
126,16,2,1,0,1,0,0.,0.,0.,0.125,0.125,0.25,0.25,0.375,0.375,        2629P   5879
0.5,0.5,0.625,0.625,0.75,0.75,0.875,0.875,1.,1.,1.,1.,1.,1.,1.,     2629P   5880
1.,1.,1.,1.,1.,1.,1.,1.,1.,1.,1.,1.,1.,0.994071146,0.5,0.,          2629P   5881
0.99406945,0.545884098,0.,0.99038017,0.590981526,0.,                2629P   5882
0.986468629,0.638795865,0.,0.978548211,0.684047355,0.,              2629P   5883
0.970302313,0.731158396,0.,0.958032876,0.773604877,0.,              2629P   5884
0.945511108,0.816924305,0.,0.92931609,0.853553391,0.,               2629P   5885
0.913135033,0.890150897,0.,0.893964841,0.918497756,0.,              2629P   5886
0.875213334,0.946225505,0.,0.854364727,0.964894151,0.,              2629P   5887
0.834373586,0.982794988,0.,0.813213327,0.991652684,0.,              2629P   5888
0.793281492,0.999996162,0.,0.772983554,1.,0.,0.,1.,0.,0.,-1.;       2629P   5889
126,27,3,1,0,1,0,0.,0.,0.,0.,0.0625,0.0937500000000001,             2631P   5890
0.0937500000000001,0.125,0.125,0.1875,0.1875,0.25,0.25,0.375,       2631P   5891
0.375,0.5,0.5,0.625,0.625,0.6875,0.6875,0.75,0.75,0.8125,           2631P   5892
0.84375,0.84375,0.875,0.875,1.,1.,1.,1.,1.,1.,1.,1.,1.,1.,1.,       2631P   5893
1.,1.,1.,1.,1.,1.,1.,1.,1.,1.,1.,1.,1.,1.,1.,1.,1.,1.,1.,1.,1.,     2631P   5894
0.25,12.5,0.,0.250031332,12.87472013,0.,0.275618486,                2631P   5895
13.434391152,0.,0.339515873,13.990448413,0.,0.390627516,            2631P   5896
14.360350196,0.,0.418387519,14.533805508,0.,0.526752673,            2631P   5897
15.119531161,0.,0.617506397,15.504782445,0.,0.836034422,            2631P   5898
16.264820045,0.,0.957797346,16.624420022,0.,1.414685243,            2631P   5899
17.778640533,0.,1.784268368,18.495768815,0.,2.709341607,            2631P   5900
19.910870143,0.,3.240236329,20.564298795,0.,4.435647531,            2631P   5901
21.759817345,0.,5.104026076,22.300308438,0.,6.143007743,            2631P   5902
22.9796383,0.,6.499017962,23.187585917,0.,7.230404391,              2631P   5903
23.566489809,0.,7.6216174,23.743716517,0.,8.360062215,              2631P   5904
24.03609686,0.,8.921993121,24.227687497,0.,9.496069968,             2631P   5905
24.377736207,0.,9.881486964,24.46853714,0.,10.086889076,            2631P   5906
24.511421564,0.,11.007206736,24.681767562,0.,11.750222533,          2631P   5907
24.749937308,0.,12.5,24.75,0.,0.,1.,0.,0.,1.;                       2631P   5908
102,6,2609,2613,2617,2621,2625,2629;                                2633P   5909
102,6,2611,2615,2619,2623,2627,2631;                                2635P   5910
142,1,2607,2633,2635,1;                                             2637P   5911
126,32,2,1,0,1,0,0.,0.,0.,0.0625,0.0625,0.125,0.125,0.1875,         2639P   5912
0.1875,0.25,0.25,0.3125,0.3125,0.375,0.375,0.4375,0.4375,0.5,       2639P   5913
0.5,0.5625,0.5625,0.625,0.625,0.6875,0.6875,0.75,0.75,0.8125,       2639P   5914
0.8125,0.875,0.875,0.9375,0.9375,1.,1.,1.,1.,1.,1.,1.,1.,1.,1.,     2639P   5915
1.,1.,1.,1.,1.,1.,1.,1.,1.,1.,1.,1.,1.,1.,1.,1.,1.,1.,1.,1.,1.,     2639P   5916
1.,1.,1.,1.,1.,0.410219422,0.5,0.,0.410219422,0.506030086,0.,       2639P   5917
0.410739602,0.511944305,0.,0.411259782,0.517858525,0.,              2639P   5918
0.412280152,0.523429598,0.,0.413300522,0.529000671,0.,              2639P   5919
0.414781869,0.534014504,0.,0.416263216,0.539028337,0.,              2639P   5920
0.418148613,0.543292252,0.,0.42003401,0.547556167,0.,               2639P   5921
0.422251003,0.550906303,0.,0.424467996,0.554256439,0.,              2639P   5922
0.426931386,0.556564053,0.,0.429394776,0.558871667,0.,              2639P   5923
0.432009897,0.560048078,0.,0.434625018,0.56122449,0.,               2639P   5924
0.437291373,0.56122449,0.,0.439957727,0.56122449,0.,                2639P   5925
0.442572848,0.560048078,0.,0.445187969,0.558871667,0.,              2639P   5926
0.447651359,0.556564053,0.,0.45011475,0.554256439,0.,               2639P   5927
0.452331742,0.550906303,0.,0.454548735,0.547556167,0.,              2639P   5928
0.456434132,0.543292252,0.,0.458319529,0.539028337,0.,              2639P   5929
0.459800876,0.534014504,0.,0.461282223,0.529000671,0.,              2639P   5930
0.462302593,0.523429598,0.,0.463322963,0.517858525,0.,              2639P   5931
0.463843143,0.511944305,0.,0.464363323,0.506030086,0.,              2639P   5932
0.464363323,0.5,0.,0.,1.,0.,0.,1.;                                  2639P   5933
100,0.,31.1,12.5,32.6,12.5,29.6,12.5;                               2641P   5934
126,32,2,1,0,1,0,0.,0.,0.,0.0625,0.0625,0.125,0.125,0.1875,         2643P   5935
0.1875,0.25,0.25,0.3125,0.3125,0.375,0.375,0.4375,0.4375,0.5,       2643P   5936
0.5,0.5625,0.5625,0.625,0.625,0.6875,0.6875,0.75,0.75,0.8125,       2643P   5937
0.8125,0.875,0.875,0.9375,0.9375,1.,1.,1.,1.,1.,1.,1.,1.,1.,1.,     2643P   5938
1.,1.,1.,1.,1.,1.,1.,1.,1.,1.,1.,1.,1.,1.,1.,1.,1.,1.,1.,1.,1.,     2643P   5939
1.,1.,1.,1.,1.,0.464363323,0.5,0.,0.464363323,0.493969914,0.,       2643P   5940
0.463843143,0.488055695,0.,0.463322963,0.482141475,0.,              2643P   5941
0.462302593,0.476570402,0.,0.461282223,0.470999329,0.,              2643P   5942
0.459800876,0.465985496,0.,0.458319529,0.460971663,0.,              2643P   5943
0.456434132,0.456707748,0.,0.454548735,0.452443833,0.,              2643P   5944
0.452331742,0.449093697,0.,0.45011475,0.445743561,0.,               2643P   5945
0.447651359,0.443435947,0.,0.445187969,0.441128333,0.,              2643P   5946
0.442572848,0.439951922,0.,0.439957727,0.43877551,0.,               2643P   5947
0.437291373,0.43877551,0.,0.434625018,0.43877551,0.,                2643P   5948
0.432009897,0.439951922,0.,0.429394776,0.441128333,0.,              2643P   5949
0.426931386,0.443435947,0.,0.424467996,0.445743561,0.,              2643P   5950
0.422251003,0.449093697,0.,0.42003401,0.452443833,0.,               2643P   5951
0.418148613,0.456707748,0.,0.416263216,0.460971663,0.,              2643P   5952
0.414781869,0.465985496,0.,0.413300522,0.470999329,0.,              2643P   5953
0.412280152,0.476570402,0.,0.411259782,0.482141475,0.,              2643P   5954
0.410739602,0.488055695,0.,0.410219422,0.493969914,0.,              2643P   5955
0.410219422,0.5,0.,0.,1.,0.,0.,1.;                                  2643P   5956
100,0.,31.1,12.5,29.6,12.5,32.6,12.5;                               2645P   5957
102,2,2639,2643;                                                    2647P   5958
102,2,2641,2645;                                                    2649P   5959
142,1,2607,2647,2649,1;                                             2651P   5960
126,32,2,1,0,1,0,0.,0.,0.,0.0625,0.0625,0.125,0.125,0.1875,         2653P   5961
0.1875,0.25,0.25,0.3125,0.3125,0.375,0.375,0.4375,0.4375,0.5,       2653P   5962
0.5,0.5625,0.5625,0.625,0.625,0.6875,0.6875,0.75,0.75,0.8125,       2653P   5963
0.8125,0.875,0.875,0.9375,0.9375,1.,1.,1.,1.,1.,1.,1.,1.,1.,1.,     2653P   5964
1.,1.,1.,1.,1.,1.,1.,1.,1.,1.,1.,1.,1.,1.,1.,1.,1.,1.,1.,1.,1.,     2653P   5965
1.,1.,1.,1.,1.,0.619575837,0.5,0.,0.619575837,0.506030086,0.,       2653P   5966
0.620096016,0.511944305,0.,0.620616196,0.517858525,0.,              2653P   5967
0.621636566,0.523429598,0.,0.622656936,0.529000671,0.,              2653P   5968
0.624138283,0.534014504,0.,0.62561963,0.539028337,0.,               2653P   5969
0.627505027,0.543292252,0.,0.629390424,0.547556167,0.,              2653P   5970
0.631607417,0.550906303,0.,0.63382441,0.554256439,0.,0.6362878,     2653P   5971
0.556564053,0.,0.63875119,0.558871667,0.,0.641366311,               2653P   5972
0.560048078,0.,0.643981432,0.56122449,0.,0.646647787,               2653P   5973
0.56122449,0.,0.649314141,0.56122449,0.,0.651929262,                2653P   5974
0.560048078,0.,0.654544383,0.558871667,0.,0.657007773,              2653P   5975
0.556564053,0.,0.659471164,0.554256439,0.,0.661688156,              2653P   5976
0.550906303,0.,0.663905149,0.547556167,0.,0.665790546,              2653P   5977
0.543292252,0.,0.667675943,0.539028337,0.,0.66915729,               2653P   5978
0.534014504,0.,0.670638638,0.529000671,0.,0.671659007,              2653P   5979
0.523429598,0.,0.672679377,0.517858525,0.,0.673199557,              2653P   5980
0.511944305,0.,0.673719737,0.506030086,0.,0.673719737,0.5,0.,       2653P   5981
0.,1.,0.,0.,1.;                                                     2653P   5982
100,0.,19.5,12.5,21.,12.5,18.,12.5;                                 2655P   5983
126,32,2,1,0,1,0,0.,0.,0.,0.0625,0.0625,0.125,0.125,0.1875,         2657P   5984
0.1875,0.25,0.25,0.3125,0.3125,0.375,0.375,0.4375,0.4375,0.5,       2657P   5985
0.5,0.5625,0.5625,0.625,0.625,0.6875,0.6875,0.75,0.75,0.8125,       2657P   5986
0.8125,0.875,0.875,0.9375,0.9375,1.,1.,1.,1.,1.,1.,1.,1.,1.,1.,     2657P   5987
1.,1.,1.,1.,1.,1.,1.,1.,1.,1.,1.,1.,1.,1.,1.,1.,1.,1.,1.,1.,1.,     2657P   5988
1.,1.,1.,1.,1.,0.673719737,0.5,0.,0.673719737,0.493969914,0.,       2657P   5989
0.673199557,0.488055695,0.,0.672679377,0.482141475,0.,              2657P   5990
0.671659007,0.476570402,0.,0.670638638,0.470999329,0.,              2657P   5991
0.66915729,0.465985496,0.,0.667675943,0.460971663,0.,               2657P   5992
0.665790546,0.456707748,0.,0.663905149,0.452443833,0.,              2657P   5993
0.661688156,0.449093697,0.,0.659471164,0.445743561,0.,              2657P   5994
0.657007773,0.443435947,0.,0.654544383,0.441128333,0.,              2657P   5995
0.651929262,0.439951922,0.,0.649314141,0.43877551,0.,               2657P   5996
0.646647787,0.43877551,0.,0.643981432,0.43877551,0.,                2657P   5997
0.641366311,0.439951922,0.,0.63875119,0.441128333,0.,0.6362878,     2657P   5998
0.443435947,0.,0.63382441,0.445743561,0.,0.631607417,               2657P   5999
0.449093697,0.,0.629390424,0.452443833,0.,0.627505027,              2657P   6000
0.456707748,0.,0.62561963,0.460971663,0.,0.624138283,               2657P   6001
0.465985496,0.,0.622656936,0.470999329,0.,0.621636566,              2657P   6002
0.476570402,0.,0.620616196,0.482141475,0.,0.620096016,              2657P   6003
0.488055695,0.,0.619575837,0.493969914,0.,0.619575837,0.5,0.,       2657P   6004
0.,1.,0.,0.,1.;                                                     2657P   6005
100,0.,19.5,12.5,18.,12.5,21.,12.5;                                 2659P   6006
102,2,2653,2657;                                                    2661P   6007
102,2,2655,2659;                                                    2663P   6008
142,1,2607,2661,2663,1;                                             2665P   6009
126,32,2,1,0,1,0,0.,0.,0.,0.0625,0.0625,0.125,0.125,0.1875,         2667P   6010
0.1875,0.25,0.25,0.3125,0.3125,0.375,0.375,0.4375,0.4375,0.5,       2667P   6011
0.5,0.5625,0.5625,0.625,0.625,0.6875,0.6875,0.75,0.75,0.8125,       2667P   6012
0.8125,0.875,0.875,0.9375,0.9375,1.,1.,1.,1.,1.,1.,1.,1.,1.,1.,     2667P   6013
1.,1.,1.,1.,1.,1.,1.,1.,1.,1.,1.,1.,1.,1.,1.,1.,1.,1.,1.,1.,1.,     2667P   6014
1.,1.,1.,1.,1.,0.745911604,0.785714286,0.,0.745911604,              2667P   6015
0.791744372,0.,0.746431784,0.797658591,0.,0.746951964,              2667P   6016
0.803572811,0.,0.747972333,0.809143884,0.,0.748992703,              2667P   6017
0.814714957,0.,0.75047405,0.81972879,0.,0.751955397,                2667P   6018
0.824742623,0.,0.753840794,0.829006538,0.,0.755726192,              2667P   6019
0.833270452,0.,0.757943184,0.836620589,0.,0.760160177,              2667P   6020
0.839970725,0.,0.762623567,0.842278339,0.,0.765086957,              2667P   6021
0.844585953,0.,0.767702078,0.845762364,0.,0.770317199,              2667P   6022
0.846938776,0.,0.772983554,0.846938776,0.,0.775649908,              2667P   6023
0.846938776,0.,0.778265029,0.845762364,0.,0.78088015,               2667P   6024
0.844585953,0.,0.783343541,0.842278339,0.,0.785806931,              2667P   6025
0.839970725,0.,0.788023923,0.836620589,0.,0.790240916,              2667P   6026
0.833270452,0.,0.792126313,0.829006538,0.,0.794011711,              2667P   6027
0.824742623,0.,0.795493058,0.81972879,0.,0.796974405,               2667P   6028
0.814714957,0.,0.797994774,0.809143884,0.,0.799015144,              2667P   6029
0.803572811,0.,0.799535324,0.797658591,0.,0.800055504,              2667P   6030
0.791744372,0.,0.800055504,0.785714286,0.,0.,1.,0.,0.,1.;           2667P   6031
100,0.,12.5,19.5,14.,19.5,11.,19.5;                                 2669P   6032
126,32,2,1,0,1,0,0.,0.,0.,0.0625,0.0625,0.125,0.125,0.1875,         2671P   6033
0.1875,0.25,0.25,0.3125,0.3125,0.375,0.375,0.4375,0.4375,0.5,       2671P   6034
0.5,0.5625,0.5625,0.625,0.625,0.6875,0.6875,0.75,0.75,0.8125,       2671P   6035
0.8125,0.875,0.875,0.9375,0.9375,1.,1.,1.,1.,1.,1.,1.,1.,1.,1.,     2671P   6036
1.,1.,1.,1.,1.,1.,1.,1.,1.,1.,1.,1.,1.,1.,1.,1.,1.,1.,1.,1.,1.,     2671P   6037
1.,1.,1.,1.,1.,0.800055504,0.785714286,0.,0.800055504,              2671P   6038
0.7796842,0.,0.799535324,0.77376998,0.,0.799015144,0.767855761,     2671P   6039
0.,0.797994774,0.762284688,0.,0.796974405,0.756713615,0.,           2671P   6040
0.795493058,0.751699782,0.,0.794011711,0.746685948,0.,              2671P   6041
0.792126313,0.742422034,0.,0.790240916,0.738158119,0.,              2671P   6042
0.788023923,0.734807983,0.,0.785806931,0.731457847,0.,              2671P   6043
0.783343541,0.729150233,0.,0.78088015,0.726842619,0.,               2671P   6044
0.778265029,0.725666207,0.,0.775649908,0.724489796,0.,              2671P   6045
0.772983554,0.724489796,0.,0.770317199,0.724489796,0.,              2671P   6046
0.767702078,0.725666207,0.,0.765086957,0.726842619,0.,              2671P   6047
0.762623567,0.729150233,0.,0.760160177,0.731457847,0.,              2671P   6048
0.757943184,0.734807983,0.,0.755726192,0.738158119,0.,              2671P   6049
0.753840794,0.742422034,0.,0.751955397,0.746685948,0.,              2671P   6050
0.75047405,0.751699782,0.,0.748992703,0.756713615,0.,               2671P   6051
0.747972333,0.762284688,0.,0.746951964,0.767855761,0.,              2671P   6052
0.746431784,0.77376998,0.,0.745911604,0.7796842,0.,0.745911604,     2671P   6053
0.785714286,0.,0.,1.,0.,0.,1.;                                      2671P   6054
100,0.,12.5,19.5,11.,19.5,14.,19.5;                                 2673P   6055
102,2,2667,2671;                                                    2675P   6056
102,2,2669,2673;                                                    2677P   6057
142,1,2607,2675,2677,1;                                             2679P   6058
126,32,2,1,0,1,0,0.,0.,0.,0.0625,0.0625,0.125,0.125,0.1875,         2681P   6059
0.1875,0.25,0.25,0.3125,0.3125,0.375,0.375,0.4375,0.4375,0.5,       2681P   6060
0.5,0.5625,0.5625,0.625,0.625,0.6875,0.6875,0.75,0.75,0.8125,       2681P   6061
0.8125,0.875,0.875,0.9375,0.9375,1.,1.,1.,1.,1.,1.,1.,1.,1.,1.,     2681P   6062
1.,1.,1.,1.,1.,1.,1.,1.,1.,1.,1.,1.,1.,1.,1.,1.,1.,1.,1.,1.,1.,     2681P   6063
1.,1.,1.,1.,1.,0.745911604,0.214285714,0.,0.745911604,              2681P   6064
0.2203158,0.,0.746431784,0.22623002,0.,0.746951964,0.232144239,     2681P   6065
0.,0.747972333,0.237715312,0.,0.748992703,0.243286385,0.,           2681P   6066
0.75047405,0.248300218,0.,0.751955397,0.253314052,0.,               2681P   6067
0.753840794,0.257577966,0.,0.755726192,0.261841881,0.,              2681P   6068
0.757943184,0.265192017,0.,0.760160177,0.268542153,0.,              2681P   6069
0.762623567,0.270849767,0.,0.765086957,0.273157381,0.,              2681P   6070
0.767702078,0.274333793,0.,0.770317199,0.275510204,0.,              2681P   6071
0.772983554,0.275510204,0.,0.775649908,0.275510204,0.,              2681P   6072
0.778265029,0.274333793,0.,0.78088015,0.273157381,0.,               2681P   6073
0.783343541,0.270849767,0.,0.785806931,0.268542153,0.,              2681P   6074
0.788023923,0.265192017,0.,0.790240916,0.261841881,0.,              2681P   6075
0.792126313,0.257577966,0.,0.794011711,0.253314052,0.,              2681P   6076
0.795493058,0.248300218,0.,0.796974405,0.243286385,0.,              2681P   6077
0.797994774,0.237715312,0.,0.799015144,0.232144239,0.,              2681P   6078
0.799535324,0.22623002,0.,0.800055504,0.2203158,0.,0.800055504,     2681P   6079
0.214285714,0.,0.,1.,0.,0.,1.;                                      2681P   6080
100,0.,12.5,5.5,14.,5.5,11.,5.5;                                    2683P   6081
126,32,2,1,0,1,0,0.,0.,0.,0.0625,0.0625,0.125,0.125,0.1875,         2685P   6082
0.1875,0.25,0.25,0.3125,0.3125,0.375,0.375,0.4375,0.4375,0.5,       2685P   6083
0.5,0.5625,0.5625,0.625,0.625,0.6875,0.6875,0.75,0.75,0.8125,       2685P   6084
0.8125,0.875,0.875,0.9375,0.9375,1.,1.,1.,1.,1.,1.,1.,1.,1.,1.,     2685P   6085
1.,1.,1.,1.,1.,1.,1.,1.,1.,1.,1.,1.,1.,1.,1.,1.,1.,1.,1.,1.,1.,     2685P   6086
1.,1.,1.,1.,1.,0.800055504,0.214285714,0.,0.800055504,              2685P   6087
0.208255628,0.,0.799535324,0.202341409,0.,0.799015144,              2685P   6088
0.196427189,0.,0.797994774,0.190856116,0.,0.796974405,              2685P   6089
0.185285043,0.,0.795493058,0.18027121,0.,0.794011711,               2685P   6090
0.175257377,0.,0.792126313,0.170993462,0.,0.790240916,              2685P   6091
0.166729548,0.,0.788023923,0.163379411,0.,0.785806931,              2685P   6092
0.160029275,0.,0.783343541,0.157721661,0.,0.78088015,               2685P   6093
0.155414047,0.,0.778265029,0.154237636,0.,0.775649908,              2685P   6094
0.153061224,0.,0.772983554,0.153061224,0.,0.770317199,              2685P   6095
0.153061224,0.,0.767702078,0.154237636,0.,0.765086957,              2685P   6096
0.155414047,0.,0.762623567,0.157721661,0.,0.760160177,              2685P   6097
0.160029275,0.,0.757943184,0.163379411,0.,0.755726192,              2685P   6098
0.166729548,0.,0.753840794,0.170993462,0.,0.751955397,              2685P   6099
0.175257377,0.,0.75047405,0.18027121,0.,0.748992703,                2685P   6100
0.185285043,0.,0.747972333,0.190856116,0.,0.746951964,              2685P   6101
0.196427189,0.,0.746431784,0.202341409,0.,0.745911604,              2685P   6102
0.208255628,0.,0.745911604,0.214285714,0.,0.,1.,0.,0.,1.;           2685P   6103
100,0.,12.5,5.5,11.,5.5,14.,5.5;                                    2687P   6104
102,2,2681,2685;                                                    2689P   6105
102,2,2683,2687;                                                    2691P   6106
142,1,2607,2689,2691,1;                                             2693P   6107
126,32,2,1,0,1,0,0.,0.,0.,0.0625,0.0625,0.125,0.125,0.1875,         2695P   6108
0.1875,0.25,0.25,0.3125,0.3125,0.375,0.375,0.4375,0.4375,0.5,       2695P   6109
0.5,0.5625,0.5625,0.625,0.625,0.6875,0.6875,0.75,0.75,0.8125,       2695P   6110
0.8125,0.875,0.875,0.9375,0.9375,1.,1.,1.,1.,1.,1.,1.,1.,1.,1.,     2695P   6111
1.,1.,1.,1.,1.,1.,1.,1.,1.,1.,1.,1.,1.,1.,1.,1.,1.,1.,1.,1.,1.,     2695P   6112
1.,1.,1.,1.,1.,0.872247371,0.5,0.,0.872247371,0.506030086,0.,       2695P   6113
0.872767551,0.511944305,0.,0.873287731,0.517858525,0.,              2695P   6114
0.8743081,0.523429598,0.,0.87532847,0.529000671,0.,0.876809817,     2695P   6115
0.534014504,0.,0.878291164,0.539028337,0.,0.880176561,              2695P   6116
0.543292252,0.,0.882061959,0.547556167,0.,0.884278951,              2695P   6117
0.550906303,0.,0.886495944,0.554256439,0.,0.888959334,              2695P   6118
0.556564053,0.,0.891422724,0.558871667,0.,0.894037845,              2695P   6119
0.560048078,0.,0.896652967,0.56122449,0.,0.899319321,               2695P   6120
0.56122449,0.,0.901985675,0.56122449,0.,0.904600796,                2695P   6121
0.560048078,0.,0.907215917,0.558871667,0.,0.909679308,              2695P   6122
0.556564053,0.,0.912142698,0.554256439,0.,0.914359691,              2695P   6123
0.550906303,0.,0.916576683,0.547556167,0.,0.91846208,               2695P   6124
0.543292252,0.,0.920347478,0.539028337,0.,0.921828825,              2695P   6125
0.534014504,0.,0.923310172,0.529000671,0.,0.924330541,              2695P   6126
0.523429598,0.,0.925350911,0.517858525,0.,0.925871091,              2695P   6127
0.511944305,0.,0.926391271,0.506030086,0.,0.926391271,0.5,0.,       2695P   6128
0.,1.,0.,0.,1.;                                                     2695P   6129
100,0.,5.5,12.5,7.,12.5,4.,12.5;                                    2697P   6130
126,32,2,1,0,1,0,0.,0.,0.,0.0625,0.0625,0.125,0.125,0.1875,         2699P   6131
0.1875,0.25,0.25,0.3125,0.3125,0.375,0.375,0.4375,0.4375,0.5,       2699P   6132
0.5,0.5625,0.5625,0.625,0.625,0.6875,0.6875,0.75,0.75,0.8125,       2699P   6133
0.8125,0.875,0.875,0.9375,0.9375,1.,1.,1.,1.,1.,1.,1.,1.,1.,1.,     2699P   6134
1.,1.,1.,1.,1.,1.,1.,1.,1.,1.,1.,1.,1.,1.,1.,1.,1.,1.,1.,1.,1.,     2699P   6135
1.,1.,1.,1.,1.,0.926391271,0.5,0.,0.926391271,0.493969914,0.,       2699P   6136
0.925871091,0.488055695,0.,0.925350911,0.482141475,0.,              2699P   6137
0.924330541,0.476570402,0.,0.923310172,0.470999329,0.,              2699P   6138
0.921828825,0.465985496,0.,0.920347478,0.460971663,0.,              2699P   6139
0.91846208,0.456707748,0.,0.916576683,0.452443833,0.,               2699P   6140
0.914359691,0.449093697,0.,0.912142698,0.445743561,0.,              2699P   6141
0.909679308,0.443435947,0.,0.907215917,0.441128333,0.,              2699P   6142
0.904600796,0.439951922,0.,0.901985675,0.43877551,0.,               2699P   6143
0.899319321,0.43877551,0.,0.896652967,0.43877551,0.,                2699P   6144
0.894037845,0.439951922,0.,0.891422724,0.441128333,0.,              2699P   6145
0.888959334,0.443435947,0.,0.886495944,0.445743561,0.,              2699P   6146
0.884278951,0.449093697,0.,0.882061959,0.452443833,0.,              2699P   6147
0.880176561,0.456707748,0.,0.878291164,0.460971663,0.,              2699P   6148
0.876809817,0.465985496,0.,0.87532847,0.470999329,0.,0.8743081,     2699P   6149
0.476570402,0.,0.873287731,0.482141475,0.,0.872767551,              2699P   6150
0.488055695,0.,0.872247371,0.493969914,0.,0.872247371,0.5,0.,       2699P   6151
0.,1.,0.,0.,1.;                                                     2699P   6152
100,0.,5.5,12.5,4.,12.5,7.,12.5;                                    2701P   6153
102,2,2695,2699;                                                    2703P   6154
102,2,2697,2701;                                                    2705P   6155
142,1,2607,2703,2705,1;                                             2707P   6156
126,32,2,1,0,1,0,0.,0.,0.,0.0625,0.0625,0.125,0.125,0.1875,         2709P   6157
0.1875,0.25,0.25,0.3125,0.3125,0.375,0.375,0.4375,0.4375,0.5,       2709P   6158
0.5,0.5625,0.5625,0.625,0.625,0.6875,0.6875,0.75,0.75,0.8125,       2709P   6159
0.8125,0.875,0.875,0.9375,0.9375,1.,1.,1.,1.,1.,1.,1.,1.,1.,1.,     2709P   6160
1.,1.,1.,1.,1.,1.,1.,1.,1.,1.,1.,1.,1.,1.,1.,1.,1.,1.,1.,1.,1.,     2709P   6161
1.,1.,1.,1.,1.,0.700791687,0.5,0.,0.700791687,0.516080229,0.,       2709P   6162
0.702178833,0.531851481,0.,0.70356598,0.547622733,0.,               2709P   6163
0.706286965,0.562478928,0.,0.709007951,0.577335122,0.,              2709P   6164
0.71295821,0.590705344,0.,0.716908469,0.604075566,0.,               2709P   6165
0.721936195,0.615446005,0.,0.726963921,0.626816444,0.,              2709P   6166
0.732875901,0.635750141,0.,0.738787882,0.644683837,0.,              2709P   6167
0.745356922,0.650837475,0.,0.751925963,0.656991112,0.,              2709P   6168
0.758899619,0.660128209,0.,0.765873275,0.663265306,0.,              2709P   6169
0.772983554,0.663265306,0.,0.780093832,0.663265306,0.,              2709P   6170
0.787067488,0.660128209,0.,0.794041145,0.656991112,0.,              2709P   6171
0.800610185,0.650837475,0.,0.807179226,0.644683837,0.,              2709P   6172
0.813091206,0.635750141,0.,0.819003186,0.626816444,0.,              2709P   6173
0.824030912,0.615446005,0.,0.829058638,0.604075566,0.,              2709P   6174
0.833008897,0.590705344,0.,0.836959156,0.577335122,0.,              2709P   6175
0.839680142,0.562478928,0.,0.842401128,0.547622733,0.,              2709P   6176
0.843788274,0.531851481,0.,0.845175421,0.516080229,0.,              2709P   6177
0.845175421,0.5,0.,0.,1.,0.,0.,1.;                                  2709P   6178
100,0.,12.5,12.5,16.5,12.5,8.5,12.5;                                2711P   6179
126,32,2,1,0,1,0,0.,0.,0.,0.0625,0.0625,0.125,0.125,0.1875,         2713P   6180
0.1875,0.25,0.25,0.3125,0.3125,0.375,0.375,0.4375,0.4375,0.5,       2713P   6181
0.5,0.5625,0.5625,0.625,0.625,0.6875,0.6875,0.75,0.75,0.8125,       2713P   6182
0.8125,0.875,0.875,0.9375,0.9375,1.,1.,1.,1.,1.,1.,1.,1.,1.,1.,     2713P   6183
1.,1.,1.,1.,1.,1.,1.,1.,1.,1.,1.,1.,1.,1.,1.,1.,1.,1.,1.,1.,1.,     2713P   6184
1.,1.,1.,1.,1.,0.845175421,0.5,0.,0.845175421,0.483919771,0.,       2713P   6185
0.843788274,0.468148519,0.,0.842401128,0.452377267,0.,              2713P   6186
0.839680142,0.437521072,0.,0.836959156,0.422664878,0.,              2713P   6187
0.833008897,0.409294656,0.,0.829058638,0.395924434,0.,              2713P   6188
0.824030912,0.384553995,0.,0.819003186,0.373183556,0.,              2713P   6189
0.813091206,0.364249859,0.,0.807179226,0.355316163,0.,              2713P   6190
0.800610185,0.349162525,0.,0.794041145,0.343008888,0.,              2713P   6191
0.787067488,0.339871791,0.,0.780093832,0.336734694,0.,              2713P   6192
0.772983554,0.336734694,0.,0.765873275,0.336734694,0.,              2713P   6193
0.758899619,0.339871791,0.,0.751925963,0.343008888,0.,              2713P   6194
0.745356922,0.349162525,0.,0.738787882,0.355316163,0.,              2713P   6195
0.732875901,0.364249859,0.,0.726963921,0.373183556,0.,              2713P   6196
0.721936195,0.384553995,0.,0.716908469,0.395924434,0.,              2713P   6197
0.71295821,0.409294656,0.,0.709007951,0.422664878,0.,               2713P   6198
0.706286965,0.437521072,0.,0.70356598,0.452377267,0.,               2713P   6199
0.702178833,0.468148519,0.,0.700791687,0.483919771,0.,              2713P   6200
0.700791687,0.5,0.,0.,1.,0.,0.,1.;                                  2713P   6201
100,0.,12.5,12.5,8.5,12.5,16.5,12.5;                                2715P   6202
102,2,2709,2713;                                                    2717P   6203
102,2,2711,2715;                                                    2719P   6204
142,1,2607,2717,2719,1;                                             2721P   6205
144,2607,1,6,2637,2651,2665,2679,2693,2707,2721;                    2723P   6206
110,12.5,0.25,1.75,1012.5,0.25,1.75;                                2725P   6207
110,12.5,0.25,1.5,37.233301151,0.25,1.5;                            2727P   6208
120,2725,2727,0.,6.28318530717959;                                  2729P   6209
126,8,2,1,0,1,0,0.,0.,0.,0.25,0.25,0.5,0.5,0.75,0.75,1.,1.,1.,      2731P   6210
1.,1.,1.,1.,1.,1.,1.,1.,1.,0.994035785,4.71238898,0.,               2731P   6211
0.994035207,4.518586938,0.,0.990188722,4.319689899,0.,              2731P   6212
0.986558579,4.131979642,0.,0.979233211,3.926990817,0.,              2731P   6213
0.972906767,3.749955302,0.,0.962837131,3.534291735,0.,              2731P   6214
0.95669519,3.402748459,0.,0.943496636,3.141592654,0.,0.,1.,0.,      2731P   6215
0.,-1.;                                                             2731P   6216
126,15,3,1,0,0,0,0.,0.,0.,0.,0.136650529689988,                     2733P   6217
0.136650529689988,0.204975794534982,0.204975794534982,              2733P   6218
0.273301059379976,0.273301059379976,0.34162632422497,               2733P   6219
0.34162632422497,0.409951589069964,0.409951589069964,               2733P   6220
0.478276853914958,0.478276853914958,0.543342134000002,              2733P   6221
0.543342134000002,0.543342134000002,0.543342134000002,1.,1.,1.,     2733P   6222
1.,1.,1.,1.,1.,1.,1.,1.,1.,1.,1.,1.,1.,37.085786438,0.,1.75,        2733P   6223
37.0857865,0.,1.77246074,37.0707725,0.003002792,1.797820801,        2733P   6224
37.007592054,0.015638874,1.838167314,36.979703234,0.021216643,      2733P   6225
1.851985995,36.907502011,0.035656883,1.8796148,36.863153043,        2733P   6226
0.04452668,1.893423525,36.756498686,0.065857549,1.919944551,        2733P   6227
36.694158833,0.078325522,1.932650102,36.552403243,0.106676638,      2733P   6228
1.955649217,36.47297787,0.122561714,1.965931083,36.301099063,       2733P   6229
0.156937475,1.982822069,36.208678716,0.175421544,1.989419259,       2733P   6230
36.022279391,0.212701409,1.997904452,35.928648646,0.231427559,      2733P   6231
1.999997337,35.835786437,0.250000001,1.999999805,0.,                2733P   6232
0.543342134000002,0.196115933,0.980580716,-5.41E-007;               2733P   6233
126,1,1,1,0,1,0,0.,0.,1.,1.,1.,1.,0.943496636,3.141592654,0.,       2735P   6234
1E-009,3.141592654,0.,0.,1.,0.,0.,1.;                               2735P   6235
110,35.83578644,0.25,2.,12.500000027,0.25,2.;                       2737P   6236
126,1,1,1,0,1,0,0.,0.,1.,1.,1.,1.,0.,3.141592654,0.,0.,             2739P   6237
4.71238898,0.,0.,1.,0.,0.,1.;                                       2739P   6238
124,-6.12303176911189E-017,8.62636845265042E-031,1.,10.75,          2741P   6239
-1.40883940798198E-014,-1.,0.,0.500000000000176,1.,                 2741P   6240
-1.40883940798198E-014,6.12303176911189E-017,-10.75;                2741P   6241
100,1.75,12.5,0.25,12.75,0.25,12.5,0.5;                             2743P   6242
126,1,1,1,0,1,0,0.,0.,1.,1.,1.,1.,0.,4.71238898,0.,0.994035785,     2745P   6243
4.71238898,0.,0.,1.,0.,0.,1.;                                       2745P   6244
110,12.5,0.,1.75,37.085786433,0.,1.75;                              2747P   6245
102,4,2731,2735,2739,2745;                                          2749P   6246
102,4,2733,2737,2743,2747;                                          2751P   6247
142,1,2729,2749,2751,1;                                             2753P   6248
144,2729,1,0,2753;                                                  2755P   6249
128,3,3,3,3,0,0,0,0,0,0.06314145700006,0.06314145700006,            2757P   6250
0.06314145700006,0.06314145700006,0.936858543192039,                2757P   6251
0.936858543192039,0.936858543192039,0.936858543192039,0.,0.,0.,     2757P   6252
0.,1.,1.,1.,1.,0.956578302165955,0.76979477035492,                  2757P   6253
0.769794770395987,0.956578302289155,0.769794770186959,              2757P   6254
0.619482991611577,0.619482991644625,0.769794770286103,              2757P   6255
0.769794770186959,0.619482991611577,0.619482991644625,              2757P   6256
0.769794770286103,0.956578302165955,0.76979477035492,               2757P   6257
0.769794770395987,0.956578302289155,0.,12.5,1.75,0.,12.5,           2757P   6258
1.896446609,0.103553391,12.5,2.,0.25,12.5,2.,0.,19.82233047,        2757P   6259
1.75,0.,19.82233047,1.896446609,0.103553391,19.761670298,2.,        2757P   6260
0.25,19.675883861,2.,5.17766953,25.,1.75,5.17766953,25.,            2757P   6261
1.896446609,5.238329702,24.896446609,2.,5.324116139,24.75,2.,       2757P   6262
12.5,25.,1.75,12.5,25.,1.896446609,12.5,24.896446609,2.,12.5,       2757P   6263
24.75,2.,0.06314145700006,0.936858543192039,0.,1.;                  2757P   6264
126,1,1,1,0,1,0,0.,0.,1.,1.,1.,1.,0.936858543,1.,0.,                2759P   6265
0.063141457,1.,0.,0.,1.,0.,0.,1.;                                   2759P   6266
124,6.12303176911189E-017,0.,-1.,14.25,0.,1.,0.,0.,1.,0.,           2761P   6267
6.12303176911189E-017,-10.75;                                       2761P   6268
100,1.75,12.5,24.75,12.75,24.75,12.5,25.;                           2763P   6269
126,1,1,1,0,1,0,0.,0.,1.,1.,1.,1.,0.063141457,1.,0.,                2765P   6270
0.063141457,0.,0.,0.,1.,0.,0.,1.;                                   2765P   6271
100,1.75,12.5,12.5,12.5,25.,0.,12.5;                                2767P   6272
126,1,1,1,0,1,0,0.,0.,1.,1.,1.,1.,0.063141457,0.,0.,                2769P   6273
0.936858543,0.,0.,0.,1.,0.,0.,1.;                                   2769P   6274
126,3,3,1,0,0,0,0.0631414570000014,0.0631414570000014,              2771P   6275
0.0631414570000014,0.0631414570000014,0.936858543,0.936858543,      2771P   6276
0.936858543,0.936858543,0.956578302165992,0.769794770395974,        2771P   6277
0.769794770395975,0.956578302165993,0.,12.5,1.75,0.,12.5,           2771P   6278
1.896446609,0.103553391,12.5,2.,0.25,12.5,2.,                       2771P   6279
0.0631414570000014,0.936858543,0.,-1.,0.;                           2771P   6280
126,1,1,1,0,1,0,0.,0.,1.,1.,1.,1.,0.936858543,0.,0.,                2773P   6281
0.936858543,1.,0.,0.,1.,0.,0.,1.;                                   2773P   6282
126,3,3,1,0,0,0,0.,0.,0.,0.,1.,1.,1.,1.,0.956578302289155,          2775P   6283
0.769794770286103,0.769794770286103,0.956578302289155,0.25,         2775P   6284
12.5,2.,0.25,19.675883861,2.,5.324116139,24.75,2.,12.5,24.75,       2775P   6285
2.,0.,1.,0.,0.,1.;                                                  2775P   6286
102,4,2759,2765,2769,2773;                                          2777P   6287
102,4,2763,2767,2771,2775;                                          2779P   6288
142,1,2757,2777,2779,1;                                             2781P   6289
144,2757,1,0,2781;                                                  2783P   6290
110,37.5,24.75,1.75,-962.5,24.75,1.75;                              2785P   6291
110,37.500000003,24.75,2.,12.5,24.75,2.;                            2787P   6292
120,2785,2787,0.,6.28318530717959;                                  2789P   6293
126,1,1,1,0,1,0,0.,0.,1.,1.,1.,1.,0.999999999,0.,0.,0.,0.,0.,       2791P   6294
0.,1.,0.,0.,1.;                                                     2791P   6295
110,12.500000027,24.75,2.,37.500000005,24.75,2.;                    2793P   6296
126,1,1,1,0,1,0,0.,0.,1.,1.,1.,1.,0.,0.,0.,0.,1.570796326,0.,       2795P   6297
0.,1.,0.,0.,1.;                                                     2795P   6298
124,6.12303176911189E-017,0.,-1.,39.25,0.,1.,0.,0.,1.,0.,           2797P   6299
6.12303176911189E-017,-35.75;                                       2797P   6300
100,1.75,37.5,24.75,37.75,24.75,37.5,25.;                           2799P   6301
126,1,1,1,0,1,0,0.,0.,1.,1.,1.,1.,0.,1.570796327,0.,1.,             2801P   6302
1.570796327,0.,0.,1.,0.,0.,1.;                                      2801P   6303
110,37.500000003,25.,1.75,12.5,25.,1.75;                            2803P   6304
126,1,1,1,0,1,0,0.,0.,1.,1.,1.,1.,1.,1.570796327,0.,1.,0.,0.,       2805P   6305
0.,1.,0.,0.,1.;                                                     2805P   6306
124,1.25591809955971E-026,-6.12303176911189E-017,1.,10.75,1.,       2807P   6307
2.05113765029815E-010,0.,12.2499999949234,                          2807P   6308
-2.05113765029815E-010,1.,6.12303176911189E-017,                    2807P   6309
-22.9999999974361;                                                  2807P   6310
100,1.75,12.5,24.75,12.75,24.75,12.5,25.;                           2809P   6311
102,4,2791,2795,2801,2805;                                          2811P   6312
102,4,2793,2799,2803,2809;                                          2813P   6313
142,1,2789,2811,2813,1;                                             2815P   6314
144,2789,1,0,2815;                                                  2817P   6315
128,3,3,3,3,0,0,0,0,0,0.0631414566679821,0.0631414566679821,        2819P   6316
0.0631414566679821,0.0631414566679821,0.936858543537434,            2819P   6317
0.936858543537434,0.936858543537434,0.936858543537434,0.,0.,0.,     2819P   6318
0.,0.999859092308,0.999859092308,0.999859092308,0.999859092308,     2819P   6319
0.95657830237893,0.769794770281084,0.769794770324997,               2819P   6320
0.956578302510672,0.912103301082713,0.73400405317938,               2819P   6321
0.734004053221252,0.91210330120833,0.912097034212929,               2819P   6322
0.733999009992038,0.73399901003391,0.912097034338544,               2819P   6323
0.956559501769577,0.769779640719058,0.769779640762971,              2819P   6324
0.956559501901316,37.5,25.,1.75,37.5,25.,1.896446609,37.5,          2819P   6325
24.896446609,2.,37.5,24.75,2.,43.912755964,25.,1.75,                2819P   6326
43.912755963,25.,1.896446609,43.886193458,24.896446609,2.,          2819P   6327
43.848628403,24.75,2.,49.878366473,22.647296695,1.75,               2819P   6328
49.878366474,22.647296695,1.896446609,49.827093601,                 2819P   6329
22.553488521,2.,49.754582809,22.420823728,2.,54.564831165,          2819P   6330
18.269962706,1.75,54.564831165,18.269962706,1.896446609,            2819P   6331
54.49414632,18.194286044,2.,54.394182853,18.087263079,2.,           2819P   6332
0.0631414566679821,0.936858543537434,0.,0.999859092308;             2819P   6333
126,1,1,1,0,1,0,0.,0.,1.,1.,1.,1.,0.063141457,0.993895718,0.,       2821P   6334
0.063141457,0.,0.,0.,1.,0.,0.,1.;                                   2821P   6335
100,1.75,37.5,1E-009,54.484679127,18.344499855,37.500000003,        2823P   6336
25.;                                                                2823P   6337
126,1,1,1,0,1,0,0.,0.,1.,1.,1.,1.,0.063141457,0.,0.,                2825P   6338
0.936858544,0.,0.,0.,1.,0.,0.,1.;                                   2825P   6339
124,-2.03597991483333E-026,-6.12303176911189E-017,1.,35.75,1.,      2827P   6340
-3.32511734644917E-010,0.,-12.7499999917703,                        2827P   6341
3.32511734644917E-010,1.,6.12303176911189E-017,                     2827P   6342
-23.0000000124692;                                                  2827P   6343
100,1.75,37.5,24.75,37.75,24.75,37.5,25.;                           2829P   6344
126,1,1,1,0,1,0,0.,0.,1.,1.,1.,1.,0.936858544,0.,0.,                2831P   6345
0.936858543,0.9912494,0.,0.,1.,0.,0.,1.;                            2831P   6346
126,3,3,1,0,0,0,0.,0.,0.,0.,0.9912494,0.9912494,0.9912494,          2833P   6347
0.9912494,0.956578302172411,0.912486270925697,                      2833P   6348
0.912100439197069,0.955420806986529,37.5,24.75,2.,43.791319391,     2833P   6349
24.75,2.,49.652794127,22.460772206,2.,54.279495228,18.1937088,      2833P   6350
2.,0.,0.9912494,0.,0.,1.;                                           2833P   6351
126,6,2,1,0,1,0,0.,0.,0.,0.25,0.25,0.5,0.5,1.,1.,1.,1.,1.,1.,       2835P   6352
1.,1.,1.,1.,0.936858543,0.9912494,0.,0.824290815,0.99175585,0.,     2835P   6353
0.711731516,0.992284213,0.,0.609021324,0.992766344,0.,              2835P   6354
0.50272162,0.993137794,0.,0.2858229,0.993895718,0.,0.063141457,     2835P   6355
0.993895718,0.,0.,1.,0.,0.,1.;                                      2835P   6356
126,3,3,1,0,1,0,0.,0.,0.,0.,1.,1.,1.,1.,1.,1.,1.,1.,                2837P   6357
54.279495228,18.1937088,2.,54.379896379,18.266347935,2.,            2837P   6358
54.484679127,18.344499855,1.870145343,54.484679127,                 2837P   6359
18.344499855,1.75,0.,1.,0.586102284,-0.810105243,-0.014615359;      2837P   6360
102,4,2821,2825,2831,2835;                                          2839P   6361
102,4,2823,2829,2833,2837;                                          2841P   6362
142,1,2819,2839,2841,1;                                             2843P   6363
144,2819,1,0,2843;                                                  2845P   6364
110,36.180735413,0.094948976,3.,743.2875166,707.201730162,3.;       2847P   6365
110,35.473628623,0.802055747,3.,53.572388452,18.900815576,3.;       2849P   6366
120,2847,2849,0.,6.28318530717959;                                  2851P   6367
126,1,1,1,0,1,0,0.,0.,1.,1.,1.,1.,0.999999997,4.712388991,0.,       2853P   6368
0.999999986,3.141592654,0.,0.,1.,0.,0.,1.;                          2853P   6369
126,5,3,1,0,1,0,0.,0.,0.,0.,0.5,0.5,1.,1.,1.,1.,1.,1.,1.,1.,1.,     2855P   6370
1.,54.279495175,18.193708753,2.,54.446161843,18.027042086,          2855P   6371
1.999999997,54.641423971,17.831779918,2.097631068,54.917566273,     2855P   6372
17.555637462,2.488155361,54.986601813,17.486601813,2.764297738,     2855P   6373
54.986601766,17.486601766,3.,0.,1.,0.707106781,0.707106781,         2855P   6374
2.8E-007;                                                           2855P   6375
126,1,1,1,0,1,0,0.,0.,1.,1.,1.,1.,1.,3.141592654,0.,                2857P   6376
0.033823191,3.141592654,0.,0.,1.,0.,0.,1.;                          2857P   6377
110,54.986602013,17.486602015,3.,37.500000002,3E-009,3.;            2859P   6378
126,1,1,1,0,1,0,0.,0.,1.,1.,1.,1.,0.033823192,3.141592654,0.,       2861P   6379
0.033823192,3.536998174,0.,0.,1.,0.,0.,1.;                          2861P   6380
124,0.707106781186045,-1.45041034738114E-010,0.707106781187051,     2863P   6381
8.65506858216997,-0.707106781187051,1.45041145760416E-010,          2863P   6382
0.707106781186045,24.6022907402229,-2.05119088381167E-010,-1.,      2863P   6383
6.12303176911189E-017,3.70710679379699;                             2863P   6384
100,3.,36.792893223,0.707106786,37.792893223,0.707106786,           2865P   6385
37.715733664,1.092289237;                                           2865P   6386
126,14,2,1,0,1,0,0.,0.,0.,0.25,0.25,0.5,0.5,0.625,0.625,0.75,       2867P   6387
0.75,0.8125,0.8125,0.875,0.875,1.,1.,1.,1.,1.,1.,1.,1.,1.,1.,       2867P   6388
1.,1.,1.,1.,1.,1.,1.,1.,0.033823191,3.537005319,0.,0.033823191,     2867P   6389
3.717047604,0.,0.03142429,3.884750689,0.,0.029197654,               2867P   6390
4.040410952,0.,0.024745629,4.193748776,0.,0.022832411,              2867P   6391
4.25964432,0.,0.020373437,4.329949296,0.,0.018346862,               2867P   6392
4.387891476,0.,0.01559832,4.458522933,0.,0.014627075,               2867P   6393
4.48348177,0.,0.013145553,4.520775333,0.,0.011132829,               2867P   6394
4.571440555,0.,0.010686768,4.582778218,0.,0.007436574,              2867P   6395
4.665389439,0.,0.005964848,4.712401968,0.,0.,1.,0.,0.,1.;           2867P   6396
126,15,3,1,0,1,0,0.,0.,0.,0.,3.97780687435582E-005,                 2869P   6397
3.97780687435582E-005,3.97780687435582E-005,                        2869P   6398
0.00031089142408247,0.00031089142408247,0.00031089142408247,        2869P   6399
0.000579875017944923,0.000579875017944923,0.000579875017944923,     2869P   6400
0.00096467828972646,0.00096467828972646,0.00096467828972646,        2869P   6401
0.001433021132222,0.001433021132222,0.001433021132222,              2869P   6402
0.001433021132222,1.,1.,1.,1.,1.,1.,1.,1.,1.,1.,1.,1.,1.,1.,1.,     2869P   6403
1.,37.445438006,0.054561994,2.614810955,37.441826558,               2869P   6404
0.058173442,2.602574722,37.43786552,0.061782615,2.590435514,        2869P   6405
37.433559866,0.065376534,2.578420706,37.404714201,0.089453941,      2869P   6406
2.497927685,37.359098531,0.113264541,2.421792064,37.301708387,      2869P   6407
0.132936277,2.356905128,37.244601655,0.152510866,2.292338626,       2869P   6408
37.174532178,0.168441418,2.236954022,37.098986184,0.179272846,      2869P   6409
2.192359634,36.991210924,0.194725154,2.128740486,36.869774759,      2869P   6410
0.200188921,2.084566864,36.747276771,0.200433253,2.054635952,       2869P   6411
36.597728445,0.20073154,2.018095615,36.441702062,0.186031891,       2869P   6412
1.99999844,36.288682572,0.202914503,2.000000001,0.,                 2869P   6413
0.001433021132222,0.057917976,-0.952718591,-0.298283077;            2869P   6414
126,1,1,1,0,1,0,0.,0.,1.,1.,1.,1.,0.005964215,4.712388999,0.,       2871P   6415
1.,4.712388999,0.,0.,1.,0.,0.,1.;                                   2871P   6416
110,36.288680279,0.202893869,2.000000001,54.279495216,              2873P   6417
18.193708806,2.000000001;                                           2873P   6418
102,5,2853,2857,2861,2867,2871;                                     2875P   6419
102,5,2855,2859,2865,2869,2873;                                     2877P   6420
142,1,2851,2875,2877,1;                                             2879P   6421
144,2851,1,0,2879;                                                  2881P   6422
128,3,3,3,3,0,0,0,0,0,0.0631414567159948,0.0631414567159948,        2883P   6423
0.0631414567159948,0.0631414567159948,0.936858543537495,            2883P   6424
0.936858543537495,0.936858543537495,0.936858543537495,0.,0.,0.,     2883P   6425
0.,1.,1.,1.,1.,0.956578302348137,0.769794770281068,                 2883P   6426
0.76979477033526,0.956578302510711,0.769794770333568,               2883P   6427
0.619482991552146,0.619482991595755,0.769794770464397,              2883P   6428
0.769794770333568,0.619482991552146,0.619482991595755,              2883P   6429
0.769794770464397,0.956578302348137,0.769794770281068,              2883P   6430
0.76979477033526,0.956578302510711,12.5,0.25,0.,12.5,               2883P   6431
0.103553391,0.,12.5,0.,0.103553391,12.5,0.,0.25,5.324116139,        2883P   6432
0.25,0.,5.238329701,0.103553391,0.,5.17766953,0.,0.103553391,       2883P   6433
5.17766953,0.,0.25,0.25,5.324116139,0.,0.103553391,5.238329701,     2883P   6434
0.,0.,5.17766953,0.103553391,0.,5.17766953,0.25,0.25,12.5,0.,       2883P   6435
0.103553391,12.5,0.,0.,12.5,0.103553391,0.,12.5,0.25,               2883P   6436
0.0631414567159948,0.936858543537495,0.,1.;                         2883P   6437
126,1,1,1,0,1,0,0.,0.,1.,1.,1.,1.,0.063141457,1.,0.,                2885P   6438
0.063141457,0.,0.,0.,1.,0.,0.,1.;                                   2885P   6439
126,3,3,1,0,0,0,0.,0.,0.,0.,1.,1.,1.,1.,0.956578302289161,          2887P   6440
0.769794770286107,0.769794770286107,0.956578302289161,0.25,         2887P   6441
12.5,0.,0.25,5.324116139,0.,5.324116139,0.25,0.,12.5,0.25,0.,       2887P   6442
0.,1.,0.,0.,-1.;                                                    2887P   6443
126,1,1,1,0,1,0,0.,0.,1.,1.,1.,1.,0.063141457,0.,0.,                2889P   6444
0.936858544,0.,0.,0.,1.,0.,0.,1.;                                   2889P   6445
124,-6.12303176911189E-017,8.62636845265042E-031,-1.,12.75,         2891P   6446
-1.40883940798198E-014,-1.,0.,0.500000000000176,-1.,                2891P   6447
1.40883940798198E-014,6.12303176911189E-017,12.75;                  2891P   6448
100,0.25,12.5,0.25,12.75,0.25,12.5,0.5;                             2893P   6449
126,1,1,1,0,1,0,0.,0.,1.,1.,1.,1.,0.936858544,0.,0.,                2895P   6450
0.936858544,1.,0.,0.,1.,0.,0.,1.;                                   2895P   6451
124,6.12303176911189E-017,-1.,0.,25.,-1.,                           2897P   6452
-6.12303176911189E-017,6.98296672221876E-015,25.,                   2897P   6453
-6.98296672221876E-015,-4.27569270827966E-031,-1.,                  2897P   6454
0.500000000000088;                                                  2897P   6455
100,0.25,12.5,12.5,25.,12.499999998,12.5,25.;                       2899P   6456
126,1,1,1,0,1,0,0.,0.,1.,1.,1.,1.,0.936858544,1.,0.,                2901P   6457
0.063141457,1.,0.,0.,1.,0.,0.,1.;                                   2901P   6458
126,3,3,1,0,0,0,0.0631414569999997,0.0631414569999997,              2903P   6459
0.0631414569999997,0.0631414569999997,0.936858543,0.936858543,      2903P   6460
0.936858543,0.936858543,0.956578302165993,0.769794770395974,        2903P   6461
0.769794770395974,0.956578302165993,0.,12.5,0.25,0.,12.5,           2903P   6462
0.103553391,0.103553391,12.5,0.,0.25,12.5,0.,                       2903P   6463
0.0631414569999997,0.936858543,0.,1.,0.;                            2903P   6464
102,4,2885,2889,2895,2901;                                          2905P   6465
102,4,2887,2893,2899,2903;                                          2907P   6466
142,1,2883,2905,2907,1;                                             2909P   6467
144,2883,1,0,2909;                                                  2911P   6468
128,1,1,1,1,0,0,1,0,0,0.,0.,1.,1.,0.,0.,1.,1.,1.,1.,1.,1.,          2913P   6469
54.603672199,0.055611233,2.,-0.074176972,0.055611233,2.,            2913P   6470
54.603672199,24.75,2.,-0.074176972,24.75,2.,0.,1.,0.,1.;            2913P   6471
126,2,2,1,0,1,0,0.,0.,0.,1.,1.,1.,1.,1.,1.,0.334961815,             2915P   6472
0.005964327,0.,0.337659947,0.006622772,0.,0.34324477,               2915P   6473
0.007871779,0.,0.,1.,0.,0.,1.;                                      2915P   6474
126,3,3,1,0,1,0,0.,0.,0.,0.,1.,1.,1.,1.,1.,1.,1.,1.,                2917P   6475
36.288680611,0.202896654,2.,36.190328582,0.213736578,2.,            2917P   6476
36.039363857,0.229437693,2.,35.835786437,0.250000001,2.,0.,1.,      2917P   6477
0.,0.,0.;                                                           2917P   6478
126,1,1,1,0,1,0,0.,0.,1.,1.,1.,1.,0.34324477,0.007871779,0.,        2919P   6479
0.770031609,0.007871779,0.,0.,1.,0.,0.,1.;                          2919P   6480
110,35.83578644,0.25,2.,12.500000027,0.25,2.;                       2921P   6481
126,16,2,1,0,1,0,0.,0.,0.,0.125,0.125,0.25,0.25,0.375,0.375,        2923P   6482
0.5,0.5,0.625,0.625,0.75,0.75,0.875,0.875,1.,1.,1.,1.,1.,1.,1.,     2923P   6483
1.,1.,1.,1.,1.,1.,1.,1.,1.,1.,1.,1.,1.,0.770031609,0.007871779,     2923P   6484
0.,0.790600564,0.007875587,0.,0.810798527,0.016153386,0.,           2923P   6485
0.832241316,0.024941357,0.,0.852499378,0.042701283,0.,              2923P   6486
0.873626354,0.061222973,0.,0.892628229,0.088732456,0.,              2923P   6487
0.912054381,0.116856174,0.,0.928451485,0.153165593,0.,              2923P   6488
0.944862738,0.189506342,0.,0.957551696,0.23248477,0.,               2923P   6489
0.969984954,0.274597121,0.,0.97834095,0.321337315,0.,               2923P   6490
0.986367121,0.366232595,0.,0.990330889,0.41367055,0.,               2923P   6491
0.994069427,0.458412981,0.,0.994071146,0.503935889,0.,0.,1.,0.,     2923P   6492
0.,-1.;                                                             2923P   6493
126,3,3,1,0,0,0,0.,0.,0.,0.,1.,1.,1.,1.,0.956578302289159,          2925P   6494
0.769794770286106,0.769794770286106,0.956578302289159,12.5,         2925P   6495
0.25,2.,5.324116139,0.25,2.,0.25,5.324116139,2.,0.25,12.5,2.,       2925P   6496
0.,1.,0.,0.,1.;                                                     2925P   6497
126,16,2,1,0,1,0,0.,0.,0.,0.125,0.125,0.25,0.25,0.375,0.375,        2927P   6498
0.5,0.5,0.625,0.625,0.75,0.75,0.875,0.875,1.,1.,1.,1.,1.,1.,1.,     2927P   6499
1.,1.,1.,1.,1.,1.,1.,1.,1.,1.,1.,1.,1.,0.994071146,0.503935889,     2927P   6500
0.,0.994069426,0.54947928,0.,0.990330889,0.594201229,0.,            2927P   6501
0.98636194,0.641679447,0.,0.97834095,0.686534464,0.,0.96997592,     2927P   6502
0.733313416,0.,0.957551696,0.775387009,0.,0.944850062,              2927P   6503
0.818400027,0.,0.928451485,0.854706186,0.,0.912038758,              2927P   6504
0.891043672,0.,0.892628229,0.919139323,0.,0.873608849,              2927P   6505
0.946668807,0.,0.852499378,0.965170496,0.,0.832223132,              2927P   6506
0.982941892,0.,0.810798527,0.991718392,0.,0.790591313,              2927P   6507
0.999996194,0.,0.770031609,1.,0.,0.,1.,0.,0.,-1.;                   2927P   6508
126,3,3,1,0,0,0,0.,0.,0.,0.,1.,1.,1.,1.,0.956578302289155,          2929P   6509
0.769794770286103,0.769794770286103,0.956578302289155,0.25,         2929P   6510
12.5,2.,0.25,19.675883861,2.,5.324116139,24.75,2.,12.5,24.75,       2929P   6511
2.,0.,1.,0.,0.,1.;                                                  2929P   6512
126,1,1,1,0,1,0,0.,0.,1.,1.,1.,1.,0.770031609,1.,0.,                2931P   6513
0.312808065,1.,0.,0.,1.,0.,0.,1.;                                   2931P   6514
110,12.500000027,24.75,2.,37.500000005,24.75,2.;                    2933P   6515
126,14,2,1,0,1,0,0.,0.,0.,0.125,0.125,0.25,0.25,0.375,0.375,        2935P   6516
0.5,0.5,0.625,0.625,0.75,0.75,1.,1.,1.,1.,1.,1.,1.,1.,1.,1.,1.,     2935P   6517
1.,1.,1.,1.,1.,1.,1.,0.312808065,1.,0.,0.292034402,0.999998027,     2935P   6518
0.,0.271377138,0.995792917,0.,0.250420702,0.991526905,0.,           2935P   6519
0.229752751,0.982984034,0.,0.208879309,0.974356225,0.,              2935P   6520
0.18848129,0.961453812,0.,0.167970669,0.948480175,0.,               2935P   6521
0.148119484,0.931310636,0.,0.128247318,0.91412295,0.,               2935P   6522
0.109210103,0.892893763,0.,0.09023659,0.871735613,0.,               2935P   6523
0.072257904,0.846761116,0.,0.036750233,0.797436809,0.,              2935P   6524
0.005928854,0.734502795,0.,0.,1.,0.,0.,-1.;                         2935P   6525
126,3,3,1,0,0,0,0.,0.,0.,0.,0.9912494,0.9912494,0.9912494,          2937P   6526
0.9912494,0.956578302172411,0.912486270925697,                      2937P   6527
0.912100439197069,0.955420806986529,37.5,24.75,2.,43.791319391,     2937P   6528
24.75,2.,49.652794127,22.460772206,2.,54.279495228,18.1937088,      2937P   6529
2.,0.,0.9912494,0.,0.,1.;                                           2937P   6530
126,1,1,1,0,1,0,0.,0.,1.,1.,1.,1.,0.005928854,0.734502795,0.,       2939P   6531
0.334961821,0.005964215,0.,0.,1.,0.,0.,1.;                          2939P   6532
110,54.279495216,18.193708806,2.000000001,36.288680279,             2941P   6533
0.202893869,2.000000001;                                            2941P   6534
102,7,2915,2919,2923,2927,2931,2935,2939;                           2943P   6535
102,7,2917,2921,2925,2929,2933,2937,2941;                           2945P   6536
142,1,2913,2943,2945,1;                                             2947P   6537
126,32,2,1,0,1,0,0.,0.,0.,0.0625,0.0625,0.125,0.125,0.1875,         2949P   6538
0.1875,0.25,0.25,0.3125,0.3125,0.375,0.375,0.4375,0.4375,0.5,       2949P   6539
0.5,0.5625,0.5625,0.625,0.625,0.6875,0.6875,0.75,0.75,0.8125,       2949P   6540
0.8125,0.875,0.875,0.9375,0.9375,1.,1.,1.,1.,1.,1.,1.,1.,1.,1.,     2949P   6541
1.,1.,1.,1.,1.,1.,1.,1.,1.,1.,1.,1.,1.,1.,1.,1.,1.,1.,1.,1.,1.,     2949P   6542
1.,1.,1.,1.,1.,0.457290705,0.503935889,0.,0.457290705,              2949P   6543
0.497953271,0.,0.45676358,0.492085607,0.,0.456236454,               2949P   6544
0.486217943,0.,0.455202461,0.480690724,0.,0.454168467,              2949P   6545
0.475163505,0.,0.452667341,0.47018914,0.,0.451166215,               2949P   6546
0.465214775,0.,0.449255645,0.460984425,0.,0.447345074,              2949P   6547
0.456754074,0.,0.44509848,0.45343031,0.,0.442851886,                2949P   6548
0.450106545,0.,0.440355605,0.447817096,0.,0.437859324,              2949P   6549
0.445527647,0.,0.435209286,0.444360496,0.,0.432559248,              2949P   6550
0.443193345,0.,0.429857292,0.443193345,0.,0.427155337,              2949P   6551
0.443193345,0.,0.424505299,0.444360496,0.,0.421855261,              2949P   6552
0.445527647,0.,0.41935898,0.447817096,0.,0.416862699,               2949P   6553
0.450106545,0.,0.414616105,0.45343031,0.,0.412369511,               2949P   6554
0.456754074,0.,0.41045894,0.460984425,0.,0.408548369,               2949P   6555
0.465214775,0.,0.407047243,0.47018914,0.,0.405546117,               2949P   6556
0.475163505,0.,0.404512124,0.480690724,0.,0.40347813,               2949P   6557
0.486217943,0.,0.402951005,0.492085607,0.,0.40242388,               2949P   6558
0.497953271,0.,0.40242388,0.503935889,0.,0.,1.,0.,0.,1.;            2949P   6559
100,2.,31.1,12.5,29.6,12.5,32.6,12.5;                               2951P   6560
126,32,2,1,0,1,0,0.,0.,0.,0.0625,0.0625,0.125,0.125,0.1875,         2953P   6561
0.1875,0.25,0.25,0.3125,0.3125,0.375,0.375,0.4375,0.4375,0.5,       2953P   6562
0.5,0.5625,0.5625,0.625,0.625,0.6875,0.6875,0.75,0.75,0.8125,       2953P   6563
0.8125,0.875,0.875,0.9375,0.9375,1.,1.,1.,1.,1.,1.,1.,1.,1.,1.,     2953P   6564
1.,1.,1.,1.,1.,1.,1.,1.,1.,1.,1.,1.,1.,1.,1.,1.,1.,1.,1.,1.,1.,     2953P   6565
1.,1.,1.,1.,1.,0.40242388,0.503935889,0.,0.40242388,                2953P   6566
0.509918508,0.,0.402951005,0.515786172,0.,0.40347813,               2953P   6567
0.521653836,0.,0.404512124,0.527181055,0.,0.405546117,              2953P   6568
0.532708273,0.,0.407047243,0.537682639,0.,0.408548369,              2953P   6569
0.542657004,0.,0.41045894,0.546887354,0.,0.412369511,               2953P   6570
0.551117704,0.,0.414616105,0.554441469,0.,0.416862699,              2953P   6571
0.557765234,0.,0.41935898,0.560054683,0.,0.421855261,               2953P   6572
0.562344132,0.,0.424505299,0.563511283,0.,0.427155337,              2953P   6573
0.564678434,0.,0.429857292,0.564678434,0.,0.432559248,              2953P   6574
0.564678434,0.,0.435209286,0.563511283,0.,0.437859324,              2953P   6575
0.562344132,0.,0.440355605,0.560054683,0.,0.442851886,              2953P   6576
0.557765234,0.,0.44509848,0.554441469,0.,0.447345074,               2953P   6577
0.551117704,0.,0.449255645,0.546887354,0.,0.451166215,              2953P   6578
0.542657004,0.,0.452667341,0.537682639,0.,0.454168467,              2953P   6579
0.532708273,0.,0.455202461,0.527181055,0.,0.456236454,              2953P   6580
0.521653836,0.,0.45676358,0.515786172,0.,0.457290705,               2953P   6581
0.509918508,0.,0.457290705,0.503935889,0.,0.,1.,0.,0.,1.;           2953P   6582
100,2.,31.1,12.5,32.6,12.5,29.6,12.5;                               2955P   6583
102,2,2949,2953;                                                    2957P   6584
102,2,2951,2955;                                                    2959P   6585
142,1,2913,2957,2959,1;                                             2961P   6586
126,32,2,1,0,1,0,0.,0.,0.,0.0625,0.0625,0.125,0.125,0.1875,         2963P   6587
0.1875,0.25,0.25,0.3125,0.3125,0.375,0.375,0.4375,0.4375,0.5,       2963P   6588
0.5,0.5625,0.5625,0.625,0.625,0.6875,0.6875,0.75,0.75,0.8125,       2963P   6589
0.8125,0.875,0.875,0.9375,0.9375,1.,1.,1.,1.,1.,1.,1.,1.,1.,1.,     2963P   6590
1.,1.,1.,1.,1.,1.,1.,1.,1.,1.,1.,1.,1.,1.,1.,1.,1.,1.,1.,1.,1.,     2963P   6591
1.,1.,1.,1.,1.,0.66944243,0.503935889,0.,0.66944243,                2963P   6592
0.497953271,0.,0.668915304,0.492085607,0.,0.668388179,              2963P   6593
0.486217943,0.,0.667354185,0.480690724,0.,0.666320192,              2963P   6594
0.475163505,0.,0.664819066,0.47018914,0.,0.66331794,                2963P   6595
0.465214775,0.,0.661407369,0.460984425,0.,0.659496798,              2963P   6596
0.456754074,0.,0.657250204,0.45343031,0.,0.655003611,               2963P   6597
0.450106545,0.,0.65250733,0.447817096,0.,0.650011048,               2963P   6598
0.445527647,0.,0.64736101,0.444360496,0.,0.644710972,               2963P   6599
0.443193345,0.,0.642009017,0.443193345,0.,0.639307062,              2963P   6600
0.443193345,0.,0.636657024,0.444360496,0.,0.634006986,              2963P   6601
0.445527647,0.,0.631510705,0.447817096,0.,0.629014423,              2963P   6602
0.450106545,0.,0.62676783,0.45343031,0.,0.624521236,                2963P   6603
0.456754074,0.,0.622610665,0.460984425,0.,0.620700094,              2963P   6604
0.465214775,0.,0.619198968,0.47018914,0.,0.617697842,               2963P   6605
0.475163505,0.,0.616663849,0.480690724,0.,0.615629855,              2963P   6606
0.486217943,0.,0.61510273,0.492085607,0.,0.614575604,               2963P   6607
0.497953271,0.,0.614575604,0.503935889,0.,0.,1.,0.,0.,1.;           2963P   6608
100,2.,19.5,12.5,18.,12.5,21.,12.5;                                 2965P   6609
126,32,2,1,0,1,0,0.,0.,0.,0.0625,0.0625,0.125,0.125,0.1875,         2967P   6610
0.1875,0.25,0.25,0.3125,0.3125,0.375,0.375,0.4375,0.4375,0.5,       2967P   6611
0.5,0.5625,0.5625,0.625,0.625,0.6875,0.6875,0.75,0.75,0.8125,       2967P   6612
0.8125,0.875,0.875,0.9375,0.9375,1.,1.,1.,1.,1.,1.,1.,1.,1.,1.,     2967P   6613
1.,1.,1.,1.,1.,1.,1.,1.,1.,1.,1.,1.,1.,1.,1.,1.,1.,1.,1.,1.,1.,     2967P   6614
1.,1.,1.,1.,1.,0.614575604,0.503935889,0.,0.614575604,              2967P   6615
0.509918508,0.,0.61510273,0.515786172,0.,0.615629855,               2967P   6616
0.521653836,0.,0.616663849,0.527181055,0.,0.617697842,              2967P   6617
0.532708273,0.,0.619198968,0.537682639,0.,0.620700094,              2967P   6618
0.542657004,0.,0.622610665,0.546887354,0.,0.624521236,              2967P   6619
0.551117704,0.,0.62676783,0.554441469,0.,0.629014423,               2967P   6620
0.557765234,0.,0.631510705,0.560054683,0.,0.634006986,              2967P   6621
0.562344132,0.,0.636657024,0.563511283,0.,0.639307062,              2967P   6622
0.564678434,0.,0.642009017,0.564678434,0.,0.644710972,              2967P   6623
0.564678434,0.,0.64736101,0.563511283,0.,0.650011048,               2967P   6624
0.562344132,0.,0.65250733,0.560054683,0.,0.655003611,               2967P   6625
0.557765234,0.,0.657250204,0.554441469,0.,0.659496798,              2967P   6626
0.551117704,0.,0.661407369,0.546887354,0.,0.66331794,               2967P   6627
0.542657004,0.,0.664819066,0.537682639,0.,0.666320192,              2967P   6628
0.532708273,0.,0.667354185,0.527181055,0.,0.668388179,              2967P   6629
0.521653836,0.,0.668915304,0.515786172,0.,0.66944243,               2967P   6630
0.509918508,0.,0.66944243,0.503935889,0.,0.,1.,0.,0.,1.;            2967P   6631
100,2.,19.5,12.5,21.,12.5,18.,12.5;                                 2969P   6632
102,2,2963,2967;                                                    2971P   6633
102,2,2965,2969;                                                    2973P   6634
142,1,2913,2971,2973,1;                                             2975P   6635
126,32,2,1,0,1,0,0.,0.,0.,0.0625,0.0625,0.125,0.125,0.1875,         2977P   6636
0.1875,0.25,0.25,0.3125,0.3125,0.375,0.375,0.4375,0.4375,0.5,       2977P   6637
0.5,0.5625,0.5625,0.625,0.625,0.6875,0.6875,0.75,0.75,0.8125,       2977P   6638
0.8125,0.875,0.875,0.9375,0.9375,1.,1.,1.,1.,1.,1.,1.,1.,1.,1.,     2977P   6639
1.,1.,1.,1.,1.,1.,1.,1.,1.,1.,1.,1.,1.,1.,1.,1.,1.,1.,1.,1.,1.,     2977P   6640
1.,1.,1.,1.,1.,0.797465022,0.787401095,0.,0.797465022,              2977P   6641
0.781418477,0.,0.796937897,0.775550813,0.,0.796410771,              2977P   6642
0.769683149,0.,0.795376778,0.76415593,0.,0.794342784,               2977P   6643
0.758628711,0.,0.792841658,0.753654346,0.,0.791340533,              2977P   6644
0.748679981,0.,0.789429962,0.744449631,0.,0.787519391,              2977P   6645
0.740219281,0.,0.785272797,0.736895516,0.,0.783026203,              2977P   6646
0.733571751,0.,0.780529922,0.731282302,0.,0.778033641,              2977P   6647
0.728992853,0.,0.775383603,0.727825702,0.,0.772733565,              2977P   6648
0.726658551,0.,0.770031609,0.726658551,0.,0.767329654,              2977P   6649
0.726658551,0.,0.764679616,0.727825702,0.,0.762029578,              2977P   6650
0.728992853,0.,0.759533297,0.731282302,0.,0.757037016,              2977P   6651
0.733571751,0.,0.754790422,0.736895516,0.,0.752543828,              2977P   6652
0.740219281,0.,0.750633257,0.744449631,0.,0.748722686,              2977P   6653
0.748679981,0.,0.74722156,0.753654346,0.,0.745720435,               2977P   6654
0.758628711,0.,0.744686441,0.76415593,0.,0.743652447,               2977P   6655
0.769683149,0.,0.743125322,0.775550813,0.,0.742598197,              2977P   6656
0.781418477,0.,0.742598197,0.787401095,0.,0.,1.,0.,0.,1.;           2977P   6657
100,2.,12.5,19.5,11.,19.5,14.,19.5;                                 2979P   6658
126,32,2,1,0,1,0,0.,0.,0.,0.0625,0.0625,0.125,0.125,0.1875,         2981P   6659
0.1875,0.25,0.25,0.3125,0.3125,0.375,0.375,0.4375,0.4375,0.5,       2981P   6660
0.5,0.5625,0.5625,0.625,0.625,0.6875,0.6875,0.75,0.75,0.8125,       2981P   6661
0.8125,0.875,0.875,0.9375,0.9375,1.,1.,1.,1.,1.,1.,1.,1.,1.,1.,     2981P   6662
1.,1.,1.,1.,1.,1.,1.,1.,1.,1.,1.,1.,1.,1.,1.,1.,1.,1.,1.,1.,1.,     2981P   6663
1.,1.,1.,1.,1.,0.742598197,0.787401095,0.,0.742598197,              2981P   6664
0.793383714,0.,0.743125322,0.799251378,0.,0.743652447,              2981P   6665
0.805119042,0.,0.744686441,0.810646261,0.,0.745720435,              2981P   6666
0.816173479,0.,0.74722156,0.821147845,0.,0.748722686,               2981P   6667
0.82612221,0.,0.750633257,0.83035256,0.,0.752543828,0.83458291,     2981P   6668
0.,0.754790422,0.837906675,0.,0.757037016,0.84123044,0.,            2981P   6669
0.759533297,0.843519889,0.,0.762029578,0.845809338,0.,              2981P   6670
0.764679616,0.846976489,0.,0.767329654,0.84814364,0.,               2981P   6671
0.770031609,0.84814364,0.,0.772733565,0.84814364,0.,                2981P   6672
0.775383603,0.846976489,0.,0.778033641,0.845809338,0.,              2981P   6673
0.780529922,0.843519889,0.,0.783026203,0.84123044,0.,               2981P   6674
0.785272797,0.837906675,0.,0.787519391,0.83458291,0.,               2981P   6675
0.789429962,0.83035256,0.,0.791340533,0.82612221,0.,                2981P   6676
0.792841658,0.821147845,0.,0.794342784,0.816173479,0.,              2981P   6677
0.795376778,0.810646261,0.,0.796410771,0.805119042,0.,              2981P   6678
0.796937897,0.799251378,0.,0.797465022,0.793383714,0.,              2981P   6679
0.797465022,0.787401095,0.,0.,1.,0.,0.,1.;                          2981P   6680
100,2.,12.5,19.5,14.,19.5,11.,19.5;                                 2983P   6681
102,2,2977,2981;                                                    2985P   6682
102,2,2979,2983;                                                    2987P   6683
142,1,2913,2985,2987,1;                                             2989P   6684
126,32,2,1,0,1,0,0.,0.,0.,0.0625,0.0625,0.125,0.125,0.1875,         2991P   6685
0.1875,0.25,0.25,0.3125,0.3125,0.375,0.375,0.4375,0.4375,0.5,       2991P   6686
0.5,0.5625,0.5625,0.625,0.625,0.6875,0.6875,0.75,0.75,0.8125,       2991P   6687
0.8125,0.875,0.875,0.9375,0.9375,1.,1.,1.,1.,1.,1.,1.,1.,1.,1.,     2991P   6688
1.,1.,1.,1.,1.,1.,1.,1.,1.,1.,1.,1.,1.,1.,1.,1.,1.,1.,1.,1.,1.,     2991P   6689
1.,1.,1.,1.,1.,0.797465022,0.220470683,0.,0.797465022,              2991P   6690
0.214488065,0.,0.796937897,0.208620401,0.,0.796410771,              2991P   6691
0.202752737,0.,0.795376778,0.197225518,0.,0.794342784,              2991P   6692
0.191698299,0.,0.792841658,0.186723934,0.,0.791340533,              2991P   6693
0.181749569,0.,0.789429962,0.177519219,0.,0.787519391,              2991P   6694
0.173288868,0.,0.785272797,0.169965104,0.,0.783026203,              2991P   6695
0.166641339,0.,0.780529922,0.16435189,0.,0.778033641,               2991P   6696
0.162062441,0.,0.775383603,0.16089529,0.,0.772733565,               2991P   6697
0.159728139,0.,0.770031609,0.159728139,0.,0.767329654,              2991P   6698
0.159728139,0.,0.764679616,0.16089529,0.,0.762029578,               2991P   6699
0.162062441,0.,0.759533297,0.16435189,0.,0.757037016,               2991P   6700
0.166641339,0.,0.754790422,0.169965104,0.,0.752543828,              2991P   6701
0.173288868,0.,0.750633257,0.177519219,0.,0.748722686,              2991P   6702
0.181749569,0.,0.74722156,0.186723934,0.,0.745720435,               2991P   6703
0.191698299,0.,0.744686441,0.197225518,0.,0.743652447,              2991P   6704
0.202752737,0.,0.743125322,0.208620401,0.,0.742598197,              2991P   6705
0.214488065,0.,0.742598197,0.220470683,0.,0.,1.,0.,0.,1.;           2991P   6706
100,2.,12.5,5.5,11.,5.5,14.,5.5;                                    2993P   6707
126,32,2,1,0,1,0,0.,0.,0.,0.0625,0.0625,0.125,0.125,0.1875,         2995P   6708
0.1875,0.25,0.25,0.3125,0.3125,0.375,0.375,0.4375,0.4375,0.5,       2995P   6709
0.5,0.5625,0.5625,0.625,0.625,0.6875,0.6875,0.75,0.75,0.8125,       2995P   6710
0.8125,0.875,0.875,0.9375,0.9375,1.,1.,1.,1.,1.,1.,1.,1.,1.,1.,     2995P   6711
1.,1.,1.,1.,1.,1.,1.,1.,1.,1.,1.,1.,1.,1.,1.,1.,1.,1.,1.,1.,1.,     2995P   6712
1.,1.,1.,1.,1.,0.742598197,0.220470683,0.,0.742598197,              2995P   6713
0.226453302,0.,0.743125322,0.232320966,0.,0.743652447,              2995P   6714
0.23818863,0.,0.744686441,0.243715849,0.,0.745720435,               2995P   6715
0.249243067,0.,0.74722156,0.254217433,0.,0.748722686,               2995P   6716
0.259191798,0.,0.750633257,0.263422148,0.,0.752543828,              2995P   6717
0.267652498,0.,0.754790422,0.270976263,0.,0.757037016,              2995P   6718
0.274300028,0.,0.759533297,0.276589477,0.,0.762029578,              2995P   6719
0.278878926,0.,0.764679616,0.280046077,0.,0.767329654,              2995P   6720
0.281213228,0.,0.770031609,0.281213228,0.,0.772733565,              2995P   6721
0.281213228,0.,0.775383603,0.280046077,0.,0.778033641,              2995P   6722
0.278878926,0.,0.780529922,0.276589477,0.,0.783026203,              2995P   6723
0.274300028,0.,0.785272797,0.270976263,0.,0.787519391,              2995P   6724
0.267652498,0.,0.789429962,0.263422148,0.,0.791340533,              2995P   6725
0.259191798,0.,0.792841658,0.254217433,0.,0.794342784,              2995P   6726
0.249243067,0.,0.795376778,0.243715849,0.,0.796410771,              2995P   6727
0.23818863,0.,0.796937897,0.232320966,0.,0.797465022,               2995P   6728
0.226453302,0.,0.797465022,0.220470683,0.,0.,1.,0.,0.,1.;           2995P   6729
100,2.,12.5,5.5,14.,5.5,11.,5.5;                                    2997P   6730
102,2,2991,2995;                                                    2999P   6731
102,2,2993,2997;                                                    3001P   6732
142,1,2913,2999,3001,1;                                             3003P   6733
126,32,2,1,0,1,0,0.,0.,0.,0.0625,0.0625,0.125,0.125,0.1875,         3005P   6734
0.1875,0.25,0.25,0.3125,0.3125,0.375,0.375,0.4375,0.4375,0.5,       3005P   6735
0.5,0.5625,0.5625,0.625,0.625,0.6875,0.6875,0.75,0.75,0.8125,       3005P   6736
0.8125,0.875,0.875,0.9375,0.9375,1.,1.,1.,1.,1.,1.,1.,1.,1.,1.,     3005P   6737
1.,1.,1.,1.,1.,1.,1.,1.,1.,1.,1.,1.,1.,1.,1.,1.,1.,1.,1.,1.,1.,     3005P   6738
1.,1.,1.,1.,1.,0.925487615,0.503935889,0.,0.925487615,              3005P   6739
0.497953271,0.,0.924960489,0.492085607,0.,0.924433364,              3005P   6740
0.486217943,0.,0.92339937,0.480690724,0.,0.922365377,               3005P   6741
0.475163505,0.,0.920864251,0.47018914,0.,0.919363125,               3005P   6742
0.465214775,0.,0.917452554,0.460984425,0.,0.915541983,              3005P   6743
0.456754074,0.,0.913295389,0.45343031,0.,0.911048796,               3005P   6744
0.450106545,0.,0.908552514,0.447817096,0.,0.906056233,              3005P   6745
0.445527647,0.,0.903406195,0.444360496,0.,0.900756157,              3005P   6746
0.443193345,0.,0.898054202,0.443193345,0.,0.895352247,              3005P   6747
0.443193345,0.,0.892702209,0.444360496,0.,0.890052171,              3005P   6748
0.445527647,0.,0.887555889,0.447817096,0.,0.885059608,              3005P   6749
0.450106545,0.,0.882813014,0.45343031,0.,0.880566421,               3005P   6750
0.456754074,0.,0.87865585,0.460984425,0.,0.876745279,               3005P   6751
0.465214775,0.,0.875244153,0.47018914,0.,0.873743027,               3005P   6752
0.475163505,0.,0.872709033,0.480690724,0.,0.87167504,               3005P   6753
0.486217943,0.,0.871147915,0.492085607,0.,0.870620789,              3005P   6754
0.497953271,0.,0.870620789,0.503935889,0.,0.,1.,0.,0.,1.;           3005P   6755
100,2.,5.5,12.5,4.,12.5,7.,12.5;                                    3007P   6756
126,32,2,1,0,1,0,0.,0.,0.,0.0625,0.0625,0.125,0.125,0.1875,         3009P   6757
0.1875,0.25,0.25,0.3125,0.3125,0.375,0.375,0.4375,0.4375,0.5,       3009P   6758
0.5,0.5625,0.5625,0.625,0.625,0.6875,0.6875,0.75,0.75,0.8125,       3009P   6759
0.8125,0.875,0.875,0.9375,0.9375,1.,1.,1.,1.,1.,1.,1.,1.,1.,1.,     3009P   6760
1.,1.,1.,1.,1.,1.,1.,1.,1.,1.,1.,1.,1.,1.,1.,1.,1.,1.,1.,1.,1.,     3009P   6761
1.,1.,1.,1.,1.,0.870620789,0.503935889,0.,0.870620789,              3009P   6762
0.509918508,0.,0.871147915,0.515786172,0.,0.87167504,               3009P   6763
0.521653836,0.,0.872709033,0.527181055,0.,0.873743027,              3009P   6764
0.532708273,0.,0.875244153,0.537682639,0.,0.876745279,              3009P   6765
0.542657004,0.,0.87865585,0.546887354,0.,0.880566421,               3009P   6766
0.551117704,0.,0.882813014,0.554441469,0.,0.885059608,              3009P   6767
0.557765234,0.,0.887555889,0.560054683,0.,0.890052171,              3009P   6768
0.562344132,0.,0.892702209,0.563511283,0.,0.895352247,              3009P   6769
0.564678434,0.,0.898054202,0.564678434,0.,0.900756157,              3009P   6770
0.564678434,0.,0.903406195,0.563511283,0.,0.906056233,              3009P   6771
0.562344132,0.,0.908552514,0.560054683,0.,0.911048796,              3009P   6772
0.557765234,0.,0.913295389,0.554441469,0.,0.915541983,              3009P   6773
0.551117704,0.,0.917452554,0.546887354,0.,0.919363125,              3009P   6774
0.542657004,0.,0.920864251,0.537682639,0.,0.922365377,              3009P   6775
0.532708273,0.,0.92339937,0.527181055,0.,0.924433364,               3009P   6776
0.521653836,0.,0.924960489,0.515786172,0.,0.925487615,              3009P   6777
0.509918508,0.,0.925487615,0.503935889,0.,0.,1.,0.,0.,1.;           3009P   6778
100,2.,5.5,12.5,7.,12.5,4.,12.5;                                    3011P   6779
102,2,3005,3009;                                                    3013P   6780
102,2,3007,3011;                                                    3015P   6781
142,1,2913,3013,3015,1;                                             3017P   6782
126,32,2,1,0,1,0,0.,0.,0.,0.0625,0.0625,0.125,0.125,0.1875,         3019P   6783
0.1875,0.25,0.25,0.3125,0.3125,0.375,0.375,0.4375,0.4375,0.5,       3019P   6784
0.5,0.5625,0.5625,0.625,0.625,0.6875,0.6875,0.75,0.75,0.8125,       3019P   6785
0.8125,0.875,0.875,0.9375,0.9375,1.,1.,1.,1.,1.,1.,1.,1.,1.,1.,     3019P   6786
1.,1.,1.,1.,1.,1.,1.,1.,1.,1.,1.,1.,1.,1.,1.,1.,1.,1.,1.,1.,1.,     3019P   6787
1.,1.,1.,1.,1.,0.843187377,0.503935889,0.,0.843187377,              3019P   6788
0.48798224,0.,0.841781709,0.472335136,0.,0.840376041,               3019P   6789
0.456688032,0.,0.837618725,0.441948782,0.,0.834861409,              3019P   6790
0.427209532,0.,0.830858407,0.413944558,0.,0.826855404,              3019P   6791
0.400679583,0.,0.821760548,0.38939865,0.,0.816665693,               3019P   6792
0.378117716,0.,0.810674776,0.369254344,0.,0.804683859,              3019P   6793
0.360390971,0.,0.79802711,0.354285774,0.,0.79137036,                3019P   6794
0.348180577,0.,0.784303592,0.345068174,0.,0.777236824,              3019P   6795
0.341955772,0.,0.770031609,0.341955772,0.,0.762826395,              3019P   6796
0.341955772,0.,0.755759627,0.345068174,0.,0.748692859,              3019P   6797
0.348180577,0.,0.742036109,0.354285774,0.,0.73537936,               3019P   6798
0.360390971,0.,0.729388443,0.369254344,0.,0.723397526,              3019P   6799
0.378117716,0.,0.71830267,0.38939865,0.,0.713207815,                3019P   6800
0.400679583,0.,0.709204812,0.413944558,0.,0.70520181,               3019P   6801
0.427209532,0.,0.702444494,0.441948782,0.,0.699687177,              3019P   6802
0.456688032,0.,0.69828151,0.472335136,0.,0.696875842,               3019P   6803
0.48798224,0.,0.696875842,0.503935889,0.,0.,1.,0.,0.,1.;            3019P   6804
100,2.,12.5,12.5,8.5,12.5,16.5,12.5;                                3021P   6805
126,32,2,1,0,1,0,0.,0.,0.,0.0625,0.0625,0.125,0.125,0.1875,         3023P   6806
0.1875,0.25,0.25,0.3125,0.3125,0.375,0.375,0.4375,0.4375,0.5,       3023P   6807
0.5,0.5625,0.5625,0.625,0.625,0.6875,0.6875,0.75,0.75,0.8125,       3023P   6808
0.8125,0.875,0.875,0.9375,0.9375,1.,1.,1.,1.,1.,1.,1.,1.,1.,1.,     3023P   6809
1.,1.,1.,1.,1.,1.,1.,1.,1.,1.,1.,1.,1.,1.,1.,1.,1.,1.,1.,1.,1.,     3023P   6810
1.,1.,1.,1.,1.,0.696875842,0.503935889,0.,0.696875842,              3023P   6811
0.519889539,0.,0.69828151,0.535536643,0.,0.699687177,               3023P   6812
0.551183747,0.,0.702444494,0.565922997,0.,0.70520181,               3023P   6813
0.580662247,0.,0.709204812,0.593927221,0.,0.713207815,              3023P   6814
0.607192196,0.,0.71830267,0.618473129,0.,0.723397526,               3023P   6815
0.629754063,0.,0.729388443,0.638617435,0.,0.73537936,               3023P   6816
0.647480808,0.,0.742036109,0.653586005,0.,0.748692859,              3023P   6817
0.659691202,0.,0.755759627,0.662803605,0.,0.762826395,              3023P   6818
0.665916007,0.,0.770031609,0.665916007,0.,0.777236824,              3023P   6819
0.665916007,0.,0.784303592,0.662803605,0.,0.79137036,               3023P   6820
0.659691202,0.,0.79802711,0.653586005,0.,0.804683859,               3023P   6821
0.647480808,0.,0.810674776,0.638617435,0.,0.816665693,              3023P   6822
0.629754063,0.,0.821760548,0.618473129,0.,0.826855404,              3023P   6823
0.607192196,0.,0.830858407,0.593927221,0.,0.834861409,              3023P   6824
0.580662247,0.,0.837618725,0.565922997,0.,0.840376041,              3023P   6825
0.551183747,0.,0.841781709,0.535536643,0.,0.843187377,              3023P   6826
0.519889539,0.,0.843187377,0.503935889,0.,0.,1.,0.,0.,1.;           3023P   6827
100,2.,12.5,12.5,16.5,12.5,8.5,12.5;                                3025P   6828
102,2,3019,3023;                                                    3027P   6829
102,2,3021,3025;                                                    3029P   6830
142,1,2913,3027,3029,1;                                             3031P   6831
144,2913,1,6,2947,2961,2975,2989,3003,3017,3031;                    3033P   6832
110,12.5,12.5,1.75,12.5,12.5,-998.25;                               3035P   6833
110,0.,12.5,1.75,0.,12.5,0.25;                                      3037P   6834
120,3035,3037,0.,6.28318530717959;                                  3039P   6835
126,1,1,1,0,1,0,0.,0.,1.,1.,1.,1.,1.,0.,0.,0.,0.,0.,0.,1.,0.,       3041P   6836
0.,1.;                                                              3041P   6837
110,0.,12.5,0.25,0.,12.5,1.75;                                      3043P   6838
126,1,1,1,0,1,0,0.,0.,1.,1.,1.,1.,0.,0.,0.,0.,1.570796327,0.,       3045P   6839
0.,1.,0.,0.,1.;                                                     3045P   6840
124,-1.,3.33066907377089E-016,6.98296672221876E-015,25.,            3047P   6841
3.33066907377089E-016,1.,-6.93889390403776E-017,                    3047P   6842
-4.61436444580211E-015,-6.98296672221876E-015,                      3047P   6843
-6.93889390403753E-017,-1.,3.50000000043514;                        3047P   6844
100,1.75,12.5,12.5,25.,12.5,12.5,25.;                               3049P   6845
126,1,1,1,0,1,0,0.,0.,1.,1.,1.,1.,0.,1.570796327,0.,1.,             3051P   6846
1.570796327,0.,0.,1.,0.,0.,1.;                                      3051P   6847
110,12.5,25.,1.75,12.5,25.,0.25;                                    3053P   6848
126,1,1,1,0,1,0,0.,0.,1.,1.,1.,1.,1.,1.570796327,0.,1.,0.,0.,       3055P   6849
0.,1.,0.,0.,1.;                                                     3055P   6850
100,0.25,12.5,12.5,12.500000003,25.,0.,12.5;                        3057P   6851
102,4,3041,3045,3051,3055;                                          3059P   6852
102,4,3043,3049,3053,3057;                                          3061P   6853
142,1,3039,3059,3061,1;                                             3063P   6854
144,3039,1,0,3063;                                                  3065P   6855
128,3,3,3,3,0,0,0,0,0,0.0631414570000596,0.0631414570000596,        3067P   6856
0.0631414570000596,0.0631414570000596,0.936858543192044,            3067P   6857
0.936858543192044,0.936858543192044,0.936858543192044,0.,0.,0.,     3067P   6858
0.,1.,1.,1.,1.,0.956578302165955,0.769794770354919,                 3067P   6859
0.769794770395987,0.956578302289159,0.769794770186959,              3067P   6860
0.619482991611576,0.619482991644625,0.769794770286106,              3067P   6861
0.769794770186959,0.619482991611576,0.619482991644625,              3067P   6862
0.769794770286106,0.956578302165955,0.769794770354919,              3067P   6863
0.769794770395987,0.956578302289159,12.5,0.,1.75,12.5,0.,           3067P   6864
1.896446609,12.5,0.103553391,2.,12.5,0.25,2.,5.17766953,0.,         3067P   6865
1.75,5.17766953,0.,1.896446609,5.238329702,0.103553391,2.,          3067P   6866
5.324116139,0.25,2.,0.,5.17766953,1.75,0.,5.17766953,               3067P   6867
1.896446609,0.103553391,5.238329702,2.,0.25,5.324116139,2.,0.,      3067P   6868
12.5,1.75,0.,12.5,1.896446609,0.103553391,12.5,2.,0.25,12.5,2.,     3067P   6869
0.0631414570000596,0.936858543192044,0.,1.;                         3067P   6870
126,1,1,1,0,1,0,0.,0.,1.,1.,1.,1.,0.063141457,1.,0.,                3069P   6871
0.063141457,0.,0.,0.,1.,0.,0.,1.;                                   3069P   6872
100,1.75,12.5,12.5,0.,12.499999999,12.500000002,0.;                 3071P   6873
126,1,1,1,0,1,0,0.,0.,1.,1.,1.,1.,0.063141457,0.,0.,                3073P   6874
0.936858543,0.,0.,0.,1.,0.,0.,1.;                                   3073P   6875
124,2.35552542173764E-026,6.12303176911189E-017,-1.,14.25,-1.,      3075P   6876
3.84699199769021E-010,0.,12.7499999999038,                          3075P   6877
3.84699199769021E-010,1.,6.12303176911189E-017,                     3075P   6878
1.49999999519126;                                                   3075P   6879
100,1.75,12.5,0.25,12.75,0.25,12.5,0.5;                             3077P   6880
126,1,1,1,0,1,0,0.,0.,1.,1.,1.,1.,0.936858543,0.,0.,                3079P   6881
0.936858543,1.,0.,0.,1.,0.,0.,1.;                                   3079P   6882
126,3,3,1,0,0,0,0.,0.,0.,0.,1.,1.,1.,1.,0.956578302289159,          3081P   6883
0.769794770286106,0.769794770286106,0.956578302289159,12.5,         3081P   6884
0.25,2.,5.324116139,0.25,2.,0.25,5.324116139,2.,0.25,12.5,2.,       3081P   6885
0.,1.,0.,0.,1.;                                                     3081P   6886
126,1,1,1,0,1,0,0.,0.,1.,1.,1.,1.,0.936858543,1.,0.,                3083P   6887
0.063141457,1.,0.,0.,1.,0.,0.,1.;                                   3083P   6888
126,3,3,1,0,0,0,0.0631414569999996,0.0631414569999996,              3085P   6889
0.0631414569999996,0.0631414569999996,0.936858542999998,            3085P   6890
0.936858542999998,0.936858542999998,0.936858542999998,              3085P   6891
0.956578302165993,0.769794770395975,0.769794770395974,              3085P   6892
0.956578302165992,0.25,12.5,2.,0.103553391,12.5,2.,0.,12.5,         3085P   6893
1.896446609,0.,12.5,1.75,0.0631414569999996,0.936858542999998,      3085P   6894
0.,1.,0.;                                                           3085P   6895
102,4,3069,3073,3079,3083;                                          3087P   6896
102,4,3071,3077,3081,3085;                                          3089P   6897
142,1,3067,3087,3089,1;                                             3091P   6898
144,3067,1,0,3091;                                                  3093P   6899
110,12.5,12.5,0.,12.5,12.5,-1000.;                                  3095P   6900
110,8.5,12.5,2.,8.5,12.5,0.;                                        3097P   6901
120,3095,3097,0.,6.28318530717959;                                  3099P   6902
126,1,1,1,0,1,0,0.,0.,1.,1.,1.,1.,1.,3.141592654,0.,1.,0.,0.,       3101P   6903
0.,1.,0.,0.,1.;                                                     3101P   6904
100,0.,12.5,12.5,16.5,12.5,8.5,12.5;                                3103P   6905
126,1,1,1,0,1,0,0.,0.,1.,1.,1.,1.,1.,0.,0.,0.,0.,0.,0.,1.,0.,       3105P   6906
0.,1.;                                                              3105P   6907
110,8.5,12.5,0.,8.5,12.5,2.;                                        3107P   6908
126,1,1,1,0,1,0,0.,0.,1.,1.,1.,1.,0.,0.,0.,0.,3.141592654,0.,       3109P   6909
0.,1.,0.,0.,1.;                                                     3109P   6910
124,-1.,-6.98296672221876E-015,0.,25.0000000000001,                 3111P   6911
-6.98296672221876E-015,1.,-6.98296672221876E-015,                   3111P   6912
1.01892073337691E-013,4.87618242436147E-029,                        3111P   6913
-6.98296672221876E-015,-1.,4.00000000000009;                        3111P   6914
100,2.,12.5,12.5,16.5,12.5,8.5,12.5;                                3113P   6915
126,1,1,1,0,1,0,0.,0.,1.,1.,1.,1.,0.,3.141592654,0.,1.,             3115P   6916
3.141592654,0.,0.,1.,0.,0.,1.;                                      3115P   6917
110,16.5,12.5,2.,16.5,12.5,0.;                                      3117P   6918
102,4,3101,3105,3109,3115;                                          3119P   6919
102,4,3103,3107,3113,3117;                                          3121P   6920
142,1,3099,3119,3121,1;                                             3123P   6921
144,3099,1,0,3123;                                                  3125P   6922
110,5.5,12.5,0.,5.5,12.5,-1000.;                                    3127P   6923
110,4.,12.5,2.,4.,12.5,0.;                                          3129P   6924
120,3127,3129,0.,6.28318530717959;                                  3131P   6925
126,1,1,1,0,1,0,0.,0.,1.,1.,1.,1.,1.,3.141592654,0.,1.,0.,0.,       3133P   6926
0.,1.,0.,0.,1.;                                                     3133P   6927
100,0.,5.5,12.5,7.,12.5,4.,12.5;                                    3135P   6928
126,1,1,1,0,1,0,0.,0.,1.,1.,1.,1.,1.,0.,0.,0.,0.,0.,0.,1.,0.,       3137P   6929
0.,1.;                                                              3137P   6930
110,4.,12.5,0.,4.,12.5,2.;                                          3139P   6931
126,1,1,1,0,1,0,0.,0.,1.,1.,1.,1.,0.,0.,0.,0.,3.141592654,0.,       3141P   6932
0.,1.,0.,0.,1.;                                                     3141P   6933
124,-1.,-6.98296672221876E-015,0.,11.0000000000001,                 3143P   6934
-6.98296672221876E-015,1.,-6.98296672221876E-015,                   3143P   6935
5.27027965539785E-014,4.87618242436147E-029,                        3143P   6936
-6.98296672221876E-015,-1.,4.00000000000009;                        3143P   6937
100,2.,5.5,12.5,7.,12.5,4.,12.5;                                    3145P   6938
126,1,1,1,0,1,0,0.,0.,1.,1.,1.,1.,0.,3.141592654,0.,1.,             3147P   6939
3.141592654,0.,0.,1.,0.,0.,1.;                                      3147P   6940
110,7.,12.5,2.,7.,12.5,0.;                                          3149P   6941
102,4,3133,3137,3141,3147;                                          3151P   6942
102,4,3135,3139,3145,3149;                                          3153P   6943
142,1,3131,3151,3153,1;                                             3155P   6944
144,3131,1,0,3155;                                                  3157P   6945
110,12.5,5.5,0.,12.5,5.5,-1000.;                                    3159P   6946
110,11.,5.5,2.,11.,5.5,0.;                                          3161P   6947
120,3159,3161,0.,6.28318530717959;                                  3163P   6948
126,1,1,1,0,1,0,0.,0.,1.,1.,1.,1.,1.,3.141592654,0.,1.,0.,0.,       3165P   6949
0.,1.,0.,0.,1.;                                                     3165P   6950
100,0.,12.5,5.5,14.,5.5,11.,5.5;                                    3167P   6951
126,1,1,1,0,1,0,0.,0.,1.,1.,1.,1.,1.,0.,0.,0.,0.,0.,0.,1.,0.,       3169P   6952
0.,1.;                                                              3169P   6953
110,11.,5.5,0.,11.,5.5,2.;                                          3171P   6954
126,1,1,1,0,1,0,0.,0.,1.,1.,1.,1.,0.,0.,0.,0.,3.141592654,0.,       3173P   6955
0.,1.,0.,0.,1.;                                                     3173P   6956
124,-1.,-6.98296672221876E-015,0.,25.,-6.98296672221876E-015,       3175P   6957
1.,-6.98296672221876E-015,1.01024711599702E-013,                    3175P   6958
4.87618242436147E-029,-6.98296672221876E-015,-1.,                   3175P   6959
4.00000000000004;                                                   3175P   6960
100,2.,12.5,5.5,14.,5.5,11.,5.5;                                    3177P   6961
126,1,1,1,0,1,0,0.,0.,1.,1.,1.,1.,0.,3.141592654,0.,1.,             3179P   6962
3.141592654,0.,0.,1.,0.,0.,1.;                                      3179P   6963
110,14.,5.5,2.,14.,5.5,0.;                                          3181P   6964
102,4,3165,3169,3173,3179;                                          3183P   6965
102,4,3167,3171,3177,3181;                                          3185P   6966
142,1,3163,3183,3185,1;                                             3187P   6967
144,3163,1,0,3187;                                                  3189P   6968
110,12.5,19.5,0.,12.5,19.5,-1000.;                                  3191P   6969
110,11.,19.5,2.,11.,19.5,0.;                                        3193P   6970
120,3191,3193,0.,6.28318530717959;                                  3195P   6971
126,1,1,1,0,1,0,0.,0.,1.,1.,1.,1.,1.,3.141592654,0.,1.,0.,0.,       3197P   6972
0.,1.,0.,0.,1.;                                                     3197P   6973
100,0.,12.5,19.5,14.,19.5,11.,19.5;                                 3199P   6974
126,1,1,1,0,1,0,0.,0.,1.,1.,1.,1.,1.,0.,0.,0.,0.,0.,0.,1.,0.,       3201P   6975
0.,1.;                                                              3201P   6976
110,11.,19.5,0.,11.,19.5,2.;                                        3203P   6977
126,1,1,1,0,1,0,0.,0.,1.,1.,1.,1.,0.,0.,0.,0.,3.141592654,0.,       3205P   6978
0.,1.,0.,0.,1.;                                                     3205P   6979
124,-1.,-6.98296672221876E-015,0.,25.0000000000001,                 3207P   6980
-6.98296672221876E-015,1.,-6.98296672221876E-015,                   3207P   6981
1.01892073337691E-013,4.87618242436147E-029,                        3207P   6982
-6.98296672221876E-015,-1.,4.00000000000014;                        3207P   6983
100,2.,12.5,19.5,14.,19.5,11.,19.5;                                 3209P   6984
126,1,1,1,0,1,0,0.,0.,1.,1.,1.,1.,0.,3.141592654,0.,1.,             3211P   6985
3.141592654,0.,0.,1.,0.,0.,1.;                                      3211P   6986
110,14.,19.5,2.,14.,19.5,0.;                                        3213P   6987
102,4,3197,3201,3205,3211;                                          3215P   6988
102,4,3199,3203,3209,3213;                                          3217P   6989
142,1,3195,3215,3217,1;                                             3219P   6990
144,3195,1,0,3219;                                                  3221P   6991
110,19.5,12.5,0.,19.5,12.5,-1000.;                                  3223P   6992
110,18.,12.5,2.,18.,12.5,0.;                                        3225P   6993
120,3223,3225,0.,6.28318530717959;                                  3227P   6994
126,1,1,1,0,1,0,0.,0.,1.,1.,1.,1.,1.,3.141592654,0.,1.,0.,0.,       3229P   6995
0.,1.,0.,0.,1.;                                                     3229P   6996
100,0.,19.5,12.5,21.,12.5,18.,12.5;                                 3231P   6997
126,1,1,1,0,1,0,0.,0.,1.,1.,1.,1.,1.,0.,0.,0.,0.,0.,0.,1.,0.,       3233P   6998
0.,1.;                                                              3233P   6999
110,18.,12.5,0.,18.,12.5,2.;                                        3235P   7000
126,1,1,1,0,1,0,0.,0.,1.,1.,1.,1.,0.,0.,0.,0.,3.141592654,0.,       3237P   7001
0.,1.,0.,0.,1.;                                                     3237P   7002
124,-1.,-6.98296672221876E-015,0.,39.0000000000001,                 3239P   7003
-6.98296672221876E-015,1.,-6.98296672221876E-015,                   3239P   7004
1.51081350121403E-013,4.87618242436147E-029,                        3239P   7005
-6.98296672221876E-015,-1.,4.00000000000009;                        3239P   7006
100,2.,19.5,12.5,21.,12.5,18.,12.5;                                 3241P   7007
126,1,1,1,0,1,0,0.,0.,1.,1.,1.,1.,0.,3.141592654,0.,1.,             3243P   7008
3.141592654,0.,0.,1.,0.,0.,1.;                                      3243P   7009
110,21.,12.5,2.,21.,12.5,0.;                                        3245P   7010
102,4,3229,3233,3237,3243;                                          3247P   7011
102,4,3231,3235,3241,3245;                                          3249P   7012
142,1,3227,3247,3249,1;                                             3251P   7013
144,3227,1,0,3251;                                                  3253P   7014
110,31.1,12.5,0.,31.1,12.5,-1000.;                                  3255P   7015
110,29.6,12.5,2.,29.6,12.5,0.;                                      3257P   7016
120,3255,3257,0.,6.28318530717959;                                  3259P   7017
126,1,1,1,0,1,0,0.,0.,1.,1.,1.,1.,1.,3.141592654,0.,1.,0.,0.,       3261P   7018
0.,1.,0.,0.,1.;                                                     3261P   7019
100,0.,31.1,12.5,32.6,12.5,29.6,12.5;                               3263P   7020
126,1,1,1,0,1,0,0.,0.,1.,1.,1.,1.,1.,0.,0.,0.,0.,0.,0.,1.,0.,       3265P   7021
0.,1.;                                                              3265P   7022
110,29.6,12.5,0.,29.6,12.5,2.;                                      3267P   7023
126,1,1,1,0,1,0,0.,0.,1.,1.,1.,1.,0.,0.,0.,0.,3.141592654,0.,       3269P   7024
0.,1.,0.,0.,1.;                                                     3269P   7025
124,-1.,-6.98296672221876E-015,0.,62.2000000000001,                 3271P   7026
-6.98296672221876E-015,1.,-6.98296672221876E-015,                   3271P   7027
2.31554174705968E-013,4.87618242436147E-029,                        3271P   7028
-6.98296672221876E-015,-1.,4.00000000000009;                        3271P   7029
100,2.,31.1,12.5,32.6,12.5,29.6,12.5;                               3273P   7030
126,1,1,1,0,1,0,0.,0.,1.,1.,1.,1.,0.,3.141592654,0.,1.,             3275P   7031
3.141592654,0.,0.,1.,0.,0.,1.;                                      3275P   7032
110,32.6,12.5,2.,32.6,12.5,0.;                                      3277P   7033
102,4,3261,3265,3269,3275;                                          3279P   7034
102,4,3263,3267,3273,3277;                                          3281P   7035
142,1,3259,3279,3281,1;                                             3283P   7036
144,3259,1,0,3283;                                                  3285P   7037
110,47.753048327,7.424621202,27.,754.859829514,-699.682159984,      3287P   7038
27.;                                                                3287P   7039
110,49.16726189,11.66726189,27.,50.581475452,10.253048327,27.;      3289P   7040
120,3287,3289,0.,6.28318530717959;                                  3291P   7041
126,1,1,1,0,1,0,0.,0.,1.,1.,1.,1.,1.,3.141592654,0.,1.,0.,0.,       3293P   7042
0.,1.,0.,0.,1.;                                                     3293P   7043
124,-0.707106781186547,9.93649607039515E-015,                       3295P   7044
-0.707106781186548,100.611435714239,-0.707106781186548,             3295P   7045
9.76996261670138E-015,0.707106781186548,22.0992424051656,           3295P   7046
1.3988810110277E-014,1.,6.12303176911189E-017,19.5753787975003;     3295P   7047
100,27.,47.753048327,7.424621202,51.753048328,7.424621202,          3297P   7048
43.753048327,7.424621202;                                           3297P   7049
126,1,1,1,0,1,0,0.,0.,1.,1.,1.,1.,1.,0.,0.,0.,0.,0.,0.,1.,0.,       3299P   7050
0.,1.;                                                              3299P   7051
110,50.581475452,10.253048327,27.,49.16726189,11.66726189,27.;      3301P   7052
126,1,1,1,0,1,0,0.,0.,1.,1.,1.,1.,0.,0.,0.,0.,3.141592654,0.,       3303P   7053
0.,1.,0.,0.,1.;                                                     3303P   7054
124,0.707106781186547,5.55111512312578E-017,0.707106781186548,      3305P   7055
-5.51955262165151,0.707106781186548,2.22044604925031E-016,          3305P   7056
-0.707106781186548,-4.83578643757795,-2.22044604925031E-016,1.,     3305P   7057
6.12303176911189E-017,18.161165235001;                              3305P   7058
100,27.,46.338834765,8.838834765,50.338834765,8.838834765,          3307P   7059
42.338834765,8.838834765;                                           3307P   7060
126,1,1,1,0,1,0,0.,0.,1.,1.,1.,1.,0.,3.141592654,0.,1.,             3309P   7061
3.141592654,0.,0.,1.,0.,0.,1.;                                      3309P   7062
110,43.51040764,6.01040764,27.,44.924621203,4.596194078,27.;        3311P   7063
102,4,3293,3299,3303,3309;                                          3313P   7064
102,4,3297,3301,3307,3311;                                          3315P   7065
142,1,3291,3313,3315,1;                                             3317P   7066
144,3291,1,0,3317;                                                  3319P   7067
110,42.803300859,2.474873734,27.,749.910082046,-704.631907452,      3321P   7068
27.;                                                                3321P   7069
110,42.449747468,4.949747468,27.,43.863961031,3.535533906,27.;      3323P   7070
120,3321,3323,0.,6.28318530717959;                                  3325P   7071
126,1,1,1,0,1,0,0.,0.,1.,1.,1.,1.,1.,3.141592654,0.,1.,0.,0.,       3327P   7072
0.,1.,0.,0.,1.;                                                     3327P   7073
124,-0.707106781186547,9.93649607039515E-015,                       3329P   7074
-0.707106781186548,92.1616882464555,-0.707106781186548,             3329P   7075
9.76996261670138E-015,0.707106781186548,13.6494949373819,           3329P   7076
1.3988810110277E-014,1.,6.12303176911189E-017,24.5251262655004;     3329P   7077
100,27.,42.803300859,2.474873734,44.303300859,2.474873734,          3331P   7078
41.30330086,2.474873734;                                            3331P   7079
126,1,1,1,0,1,0,0.,0.,1.,1.,1.,1.,1.,0.,0.,0.,0.,0.,0.,1.,0.,       3333P   7080
0.,1.;                                                              3333P   7081
110,43.863961031,3.535533906,27.,42.449747468,4.949747468,27.;      3335P   7082
126,1,1,1,0,1,0,0.,0.,1.,1.,1.,1.,0.,0.,0.,0.,3.141592654,0.,       3337P   7083
0.,1.,0.,0.,1.;                                                     3337P   7084
124,0.707106781186547,5.55111512312578E-017,0.707106781186548,      3339P   7085
-6.96930008986777,0.707106781186548,2.22044604925031E-016,          3339P   7086
-0.707106781186548,-6.28553390579421,-2.22044604925031E-016,1.,     3339P   7087
6.12303176911189E-017,23.110912703001;                              3339P   7088
100,27.,41.389087297,3.889087297,42.889087296,3.889087297,          3341P   7089
39.889087298,3.889087297;                                           3341P   7090
126,1,1,1,0,1,0,0.,0.,1.,1.,1.,1.,0.,3.141592654,0.,1.,             3343P   7091
3.141592654,0.,0.,1.,0.,0.,1.;                                      3343P   7092
110,40.328427126,2.828427126,27.,41.742640688,1.414213563,27.;      3345P   7093
102,4,3327,3333,3337,3343;                                          3347P   7094
102,4,3331,3335,3341,3345;                                          3349P   7095
142,1,3325,3347,3349,1;                                             3351P   7096
144,3325,1,0,3351;                                                  3353P   7097
110,47.753048327,7.424621202,8.4,754.859829514,-699.682159984,      3355P   7098
8.4;                                                                3355P   7099
110,47.399494937,9.899494937,8.4,48.813708499,8.485281374,8.4;      3357P   7100
120,3355,3357,0.,6.28318530717959;                                  3359P   7101
126,1,1,1,0,1,0,0.,0.,1.,1.,1.,1.,1.,3.141592654,0.,1.,0.,0.,       3361P   7102
0.,1.,0.,0.,1.;                                                     3361P   7103
124,-0.707106781186547,9.93649607039515E-015,                       3363P   7104
-0.707106781186548,87.4592495841694,-0.707106781186548,             3363P   7105
9.76996261670138E-015,0.707106781186548,35.2514285352354,           3363P   7106
1.3988810110277E-014,1.,6.12303176911189E-017,                      3363P   7107
0.975378797500336;                                                  3363P   7108
100,8.4,47.753048327,7.424621202,49.253048327,7.424621202,          3365P   7109
46.253048328,7.424621202;                                           3365P   7110
126,1,1,1,0,1,0,0.,0.,1.,1.,1.,1.,1.,0.,0.,0.,0.,0.,0.,1.,0.,       3367P   7111
0.,1.;                                                              3367P   7112
110,48.813708499,8.485281374,8.4,47.399494937,9.899494937,8.4;      3369P   7113
126,1,1,1,0,1,0,0.,0.,1.,1.,1.,1.,0.,0.,0.,0.,3.141592654,0.,       3371P   7114
0.,1.,0.,0.,1.;                                                     3371P   7115
124,0.707106781186547,5.55111512312578E-017,0.707106781186548,      3373P   7116
7.63263350841828,0.707106781186548,2.22044604925031E-016,           3373P   7117
-0.707106781186548,-17.9879725676477,-2.22044604925031E-016,1.,     3373P   7118
6.12303176911189E-017,-0.438834764998993;                           3373P   7119
100,8.4,46.338834765,8.838834765,47.838834765,8.838834765,          3375P   7120
44.838834765,8.838834765;                                           3375P   7121
126,1,1,1,0,1,0,0.,0.,1.,1.,1.,1.,0.,3.141592654,0.,1.,             3377P   7122
3.141592654,0.,0.,1.,0.,0.,1.;                                      3377P   7123
110,45.278174593,7.778174593,8.4,46.692388156,6.363961031,8.4;      3379P   7124
102,4,3361,3367,3371,3377;                                          3381P   7125
102,4,3365,3369,3375,3379;                                          3383P   7126
142,1,3359,3381,3383,1;                                             3385P   7127
144,3359,1,0,3385;                                                  3387P   7128
110,47.753048327,7.424621202,20.,754.859829514,-699.682159984,      3389P   7129
20.;                                                                3389P   7130
110,47.399494937,9.899494937,20.,48.813708499,8.485281374,20.;      3391P   7131
120,3389,3391,0.,6.28318530717959;                                  3393P   7132
126,1,1,1,0,1,0,0.,0.,1.,1.,1.,1.,1.,3.141592654,0.,1.,0.,0.,       3395P   7133
0.,1.,0.,0.,1.;                                                     3395P   7134
124,-0.707106781186547,9.93649607039515E-015,                       3397P   7135
-0.707106781186548,95.6616882459334,-0.707106781186548,             3397P   7136
9.76996261670138E-015,0.707106781186548,27.0489898734714,           3397P   7137
1.3988810110277E-014,1.,6.12303176911189E-017,12.5753787975003;     3397P   7138
100,20.,47.753048327,7.424621202,49.253048327,7.424621202,          3399P   7139
46.253048328,7.424621202;                                           3399P   7140
126,1,1,1,0,1,0,0.,0.,1.,1.,1.,1.,1.,0.,0.,0.,0.,0.,0.,1.,0.,       3401P   7141
0.,1.;                                                              3401P   7142
110,48.813708499,8.485281374,20.,47.399494937,9.899494937,20.;      3403P   7143
126,1,1,1,0,1,0,0.,0.,1.,1.,1.,1.,0.,0.,0.,0.,3.141592654,0.,       3405P   7144
0.,1.,0.,0.,1.;                                                     3405P   7145
124,0.707106781186547,-2.27595720048157E-015,0.707106781186548,     3407P   7146
-0.569805153345653,0.707106781186548,-2.1094237467878E-015,         3407P   7147
-0.707106781186548,-9.78553390588376,3.10862446895044E-015,1.,      3407P   7148
6.12303176911189E-017,11.1611652350009;                             3407P   7149
100,20.,46.338834765,8.838834765,47.838834765,8.838834765,          3409P   7150
44.838834765,8.838834765;                                           3409P   7151
126,1,1,1,0,1,0,0.,0.,1.,1.,1.,1.,0.,3.141592654,0.,1.,             3411P   7152
3.141592654,0.,0.,1.,0.,0.,1.;                                      3411P   7153
110,45.278174593,7.778174593,20.,46.692388156,6.363961031,20.;      3413P   7154
102,4,3395,3401,3405,3411;                                          3415P   7155
102,4,3399,3403,3409,3413;                                          3417P   7156
142,1,3393,3415,3417,1;                                             3419P   7157
144,3393,1,0,3419;                                                  3421P   7158
110,47.753048327,7.424621202,34.,754.859829514,-699.682159984,      3423P   7159
34.;                                                                3423P   7160
110,47.399494937,9.899494937,34.,48.813708499,8.485281374,34.;      3425P   7161
120,3423,3425,0.,6.28318530717959;                                  3427P   7162
126,1,1,1,0,1,0,0.,0.,1.,1.,1.,1.,1.,3.141592654,0.,1.,0.,0.,       3429P   7163
0.,1.,0.,0.,1.;                                                     3429P   7164
124,-0.707106781186547,9.93649607039515E-015,                       3431P   7165
-0.707106781186548,105.561183182545,-0.707106781186548,             3431P   7166
9.76996261670138E-015,0.707106781186548,17.1494949368598,           3431P   7167
1.3988810110277E-014,1.,6.12303176911189E-017,26.5753787975003;     3431P   7168
100,34.,47.753048327,7.424621202,49.253048327,7.424621202,          3433P   7169
46.253048328,7.424621202;                                           3433P   7170
126,1,1,1,0,1,0,0.,0.,1.,1.,1.,1.,1.,0.,0.,0.,0.,0.,0.,1.,0.,       3435P   7171
0.,1.;                                                              3435P   7172
110,48.813708499,8.485281374,34.,47.399494937,9.899494937,34.;      3437P   7173
126,1,1,1,0,1,0,0.,0.,1.,1.,1.,1.,0.,0.,0.,0.,3.141592654,0.,       3439P   7174
0.,1.,0.,0.,1.;                                                     3439P   7175
124,0.707106781186547,5.55111512312578E-017,0.707106781186548,      3441P   7176
-10.4693000899573,0.707106781186548,2.22044604925031E-016,          3441P   7177
-0.707106781186548,0.113961030727883,-2.22044604925031E-016,1.,     3441P   7178
6.12303176911189E-017,25.161165235001;                              3441P   7179
100,34.,46.338834765,8.838834765,47.838834765,8.838834765,          3443P   7180
44.838834765,8.838834765;                                           3443P   7181
126,1,1,1,0,1,0,0.,0.,1.,1.,1.,1.,0.,3.141592654,0.,1.,             3445P   7182
3.141592654,0.,0.,1.,0.,0.,1.;                                      3445P   7183
110,45.278174593,7.778174593,34.,46.692388156,6.363961031,34.;      3447P   7184
102,4,3429,3435,3439,3445;                                          3449P   7185
102,4,3433,3437,3443,3447;                                          3451P   7186
142,1,3427,3449,3451,1;                                             3453P   7187
144,3427,1,0,3453;                                                  3455P   7188
110,47.753048327,7.424621202,45.6,754.859829514,-699.682159984,     3457P   7189
45.6;                                                               3457P   7190
110,47.399494937,9.899494937,45.6,48.813708499,8.485281374,         3459P   7191
45.6;                                                               3459P   7192
120,3457,3459,0.,6.28318530717959;                                  3461P   7193
126,1,1,1,0,1,0,0.,0.,1.,1.,1.,1.,1.,3.141592654,0.,1.,0.,0.,       3463P   7194
0.,1.,0.,0.,1.;                                                     3463P   7195
124,-0.707106781186547,9.93649607039515E-015,                       3465P   7196
-0.707106781186548,113.763621844309,-0.707106781186548,             3465P   7197
9.76996261670138E-015,0.707106781186548,8.94705627509582,           3465P   7198
1.3988810110277E-014,1.,6.12303176911189E-017,38.1753787975003;     3465P   7199
100,45.6,47.753048327,7.424621202,49.253048327,7.424621202,         3467P   7200
46.253048328,7.424621202;                                           3467P   7201
126,1,1,1,0,1,0,0.,0.,1.,1.,1.,1.,1.,0.,0.,0.,0.,0.,0.,1.,0.,       3469P   7202
0.,1.;                                                              3469P   7203
110,48.813708499,8.485281374,45.6,47.399494937,9.899494937,         3471P   7204
45.6;                                                               3471P   7205
126,1,1,1,0,1,0,0.,0.,1.,1.,1.,1.,0.,0.,0.,0.,3.141592654,0.,       3473P   7206
0.,1.,0.,0.,1.;                                                     3473P   7207
124,0.707106781186547,5.55111512312578E-017,0.707106781186548,      3475P   7208
-18.6717387517213,0.707106781186548,2.22044604925031E-016,          3475P   7209
-0.707106781186548,8.31639969249184,-2.22044604925031E-016,1.,      3475P   7210
6.12303176911189E-017,36.761165235001;                              3475P   7211
100,45.6,46.338834765,8.838834765,47.838834765,8.838834765,         3477P   7212
44.838834765,8.838834765;                                           3477P   7213
126,1,1,1,0,1,0,0.,0.,1.,1.,1.,1.,0.,3.141592654,0.,1.,             3479P   7214
3.141592654,0.,0.,1.,0.,0.,1.;                                      3479P   7215
110,45.278174593,7.778174593,45.6,46.692388156,6.363961031,         3481P   7216
45.6;                                                               3481P   7217
102,4,3463,3469,3473,3479;                                          3483P   7218
102,4,3467,3471,3477,3481;                                          3485P   7219
142,1,3461,3483,3485,1;                                             3487P   7220
144,3461,1,0,3487;                                                  3489P   7221
110,52.702795796,12.374368671,27.,759.809576982,-694.732412516,     3491P   7222
27.;                                                                3491P   7223
110,52.349242405,14.849242405,27.,53.763455968,13.435028843,        3493P   7224
27.;                                                                3493P   7225
120,3491,3493,0.,6.28318530717959;                                  3495P   7226
126,1,1,1,0,1,0,0.,0.,1.,1.,1.,1.,1.,3.141592654,0.,1.,0.,0.,       3497P   7227
0.,1.,0.,0.,1.;                                                     3497P   7228
124,-0.707106781186547,1.21569421196455E-014,                       3499P   7229
-0.707106781186548,109.061183182026,-0.707106781186548,             3499P   7230
1.19904086659517E-014,0.707106781186548,30.5489898729527,           3499P   7231
1.70974345792274E-014,1.,6.12303176911189E-017,                     3499P   7232
14.6256313294981;                                                   3499P   7233
100,27.,52.702795796,12.374368671,54.202795796,12.374368671,        3501P   7234
51.202795795,12.374368671;                                          3501P   7235
126,1,1,1,0,1,0,0.,0.,1.,1.,1.,1.,1.,0.,0.,0.,0.,0.,0.,1.,0.,       3503P   7236
0.,1.;                                                              3503P   7237
110,53.763455968,13.435028843,27.,52.349242405,14.849242405,        3505P   7238
27.;                                                                3505P   7239
126,1,1,1,0,1,0,0.,0.,1.,1.,1.,1.,0.,0.,0.,0.,3.141592654,0.,       3507P   7240
0.,1.,0.,0.,1.;                                                     3507P   7241
124,0.707106781186547,2.27595720048157E-015,0.707106781186548,      3509P   7242
-4.0698051534347,0.707106781186548,2.44249065417534E-015,           3509P   7243
-0.707106781186548,-3.38603896936114,-3.33066907387547E-015,1.,     3509P   7244
6.12303176911189E-017,13.2114177669992;                             3509P   7245
100,27.,51.288582233,13.788582233,52.788582233,13.788582233,        3511P   7246
49.788582233,13.788582233;                                          3511P   7247
126,1,1,1,0,1,0,0.,0.,1.,1.,1.,1.,0.,3.141592654,0.,1.,             3513P   7248
3.141592654,0.,0.,1.,0.,0.,1.;                                      3513P   7249
110,50.227922061,12.727922061,27.,51.642135624,11.313708499,        3515P   7250
27.;                                                                3515P   7251
102,4,3497,3503,3507,3513;                                          3517P   7252
102,4,3501,3505,3511,3515;                                          3519P   7253
142,1,3495,3517,3519,1;                                             3521P   7254
144,3495,1,0,3521;                                                  3523P   7255
110,12.5,12.5,54.,12.5,12.5,1054.;                                  3525P   7256
110,16.5,12.5,52.,16.5,12.5,54.;                                    3527P   7257
120,3525,3527,0.,6.28318530717959;                                  3529P   7258
126,1,1,1,0,1,0,0.,0.,1.,1.,1.,1.,1.,3.141592654,0.,1.,0.,0.,       3531P   7259
0.,1.,0.,0.,1.;                                                     3531P   7260
124,-1.,-6.98296672221876E-015,0.,25.0000000000001,                 3533P   7261
-6.98296672221876E-015,1.,-6.98296672221876E-015,                   3533P   7262
4.65563405969289E-013,4.87618242436147E-029,                        3533P   7263
-6.98296672221876E-015,-1.,108.;                                    3533P   7264
100,54.,12.5,12.5,16.5,12.5,8.5,12.5;                               3535P   7265
126,1,1,1,0,1,0,0.,0.,1.,1.,1.,1.,1.,0.,0.,0.,0.,0.,0.,1.,0.,       3537P   7266
0.,1.;                                                              3537P   7267
110,16.5,12.5,54.,16.5,12.5,52.;                                    3539P   7268
126,1,1,1,0,1,0,0.,0.,1.,1.,1.,1.,0.,0.,0.,0.,3.141592654,0.,       3541P   7269
0.,1.,0.,0.,1.;                                                     3541P   7270
100,52.,12.5,12.5,16.5,12.5,8.5,12.5;                               3543P   7271
126,1,1,1,0,1,0,0.,0.,1.,1.,1.,1.,0.,3.141592654,0.,1.,             3545P   7272
3.141592654,0.,0.,1.,0.,0.,1.;                                      3545P   7273
110,8.5,12.5,52.,8.5,12.5,54.;                                      3547P   7274
102,4,3531,3537,3541,3545;                                          3549P   7275
102,4,3535,3539,3543,3547;                                          3551P   7276
142,1,3529,3549,3551,1;                                             3553P   7277
144,3529,1,0,3553;                                                  3555P   7278
110,5.5,12.5,54.,5.5,12.5,1054.;                                    3557P   7279
110,7.,12.5,52.,7.,12.5,54.;                                        3559P   7280
120,3557,3559,0.,6.28318530717959;                                  3561P   7281
126,1,1,1,0,1,0,0.,0.,1.,1.,1.,1.,1.,3.141592654,0.,1.,0.,0.,       3563P   7282
0.,1.,0.,0.,1.;                                                     3563P   7283
124,-1.,-6.98296672221876E-015,0.,11.0000000000001,                 3565P   7284
-6.98296672221876E-015,1.,-6.98296672221876E-015,                   3565P   7285
4.16374129185577E-013,4.87618242436147E-029,                        3565P   7286
-6.98296672221876E-015,-1.,108.;                                    3565P   7287
100,54.,5.5,12.5,7.,12.5,4.,12.5;                                   3567P   7288
126,1,1,1,0,1,0,0.,0.,1.,1.,1.,1.,1.,0.,0.,0.,0.,0.,0.,1.,0.,       3569P   7289
0.,1.;                                                              3569P   7290
110,7.,12.5,54.,7.,12.5,52.;                                        3571P   7291
126,1,1,1,0,1,0,0.,0.,1.,1.,1.,1.,0.,0.,0.,0.,3.141592654,0.,       3573P   7292
0.,1.,0.,0.,1.;                                                     3573P   7293
100,52.,5.5,12.5,7.,12.5,4.,12.5;                                   3575P   7294
126,1,1,1,0,1,0,0.,0.,1.,1.,1.,1.,0.,3.141592654,0.,1.,             3577P   7295
3.141592654,0.,0.,1.,0.,0.,1.;                                      3577P   7296
110,4.,12.5,52.,4.,12.5,54.;                                        3579P   7297
102,4,3563,3569,3573,3577;                                          3581P   7298
102,4,3567,3571,3575,3579;                                          3583P   7299
142,1,3561,3581,3583,1;                                             3585P   7300
144,3561,1,0,3585;                                                  3587P   7301
110,12.5,5.5,54.,12.5,5.5,1054.;                                    3589P   7302
110,14.,5.5,52.,14.,5.5,54.;                                        3591P   7303
120,3589,3591,0.,6.28318530717959;                                  3593P   7304
126,1,1,1,0,1,0,0.,0.,1.,1.,1.,1.,1.,3.141592654,0.,1.,0.,0.,       3595P   7305
0.,1.,0.,0.,1.;                                                     3595P   7306
124,-1.,-6.98296672221876E-015,0.,25.,-6.98296672221876E-015,       3597P   7307
1.,-6.98296672221876E-015,4.63828682493312E-013,                    3597P   7308
4.87618242436147E-029,-6.98296672221876E-015,-1.,108.;              3597P   7309
100,54.,12.5,5.5,14.,5.5,11.,5.5;                                   3599P   7310
126,1,1,1,0,1,0,0.,0.,1.,1.,1.,1.,1.,0.,0.,0.,0.,0.,0.,1.,0.,       3601P   7311
0.,1.;                                                              3601P   7312
110,14.,5.5,54.,14.,5.5,52.;                                        3603P   7313
126,1,1,1,0,1,0,0.,0.,1.,1.,1.,1.,0.,0.,0.,0.,3.141592654,0.,       3605P   7314
0.,1.,0.,0.,1.;                                                     3605P   7315
100,52.,12.5,5.5,14.,5.5,11.,5.5;                                   3607P   7316
126,1,1,1,0,1,0,0.,0.,1.,1.,1.,1.,0.,3.141592654,0.,1.,             3609P   7317
3.141592654,0.,0.,1.,0.,0.,1.;                                      3609P   7318
110,11.,5.5,52.,11.,5.5,54.;                                        3611P   7319
102,4,3595,3601,3605,3609;                                          3613P   7320
102,4,3599,3603,3607,3611;                                          3615P   7321
142,1,3593,3613,3615,1;                                             3617P   7322
144,3593,1,0,3617;                                                  3619P   7323
110,12.5,19.5,54.,12.5,19.5,1054.;                                  3621P   7324
110,14.,19.5,52.,14.,19.5,54.;                                      3623P   7325
120,3621,3623,0.,6.28318530717959;                                  3625P   7326
126,1,1,1,0,1,0,0.,0.,1.,1.,1.,1.,1.,3.141592654,0.,1.,0.,0.,       3627P   7327
0.,1.,0.,0.,1.;                                                     3627P   7328
124,-1.,-6.98296672221876E-015,0.,25.0000000000001,                 3629P   7329
-6.98296672221876E-015,1.,-6.98296672221876E-015,                   3629P   7330
4.63828682493313E-013,4.87618242436147E-029,                        3629P   7331
-6.98296672221876E-015,-1.,108.;                                    3629P   7332
100,54.,12.5,19.5,14.,19.5,11.,19.5;                                3631P   7333
126,1,1,1,0,1,0,0.,0.,1.,1.,1.,1.,1.,0.,0.,0.,0.,0.,0.,1.,0.,       3633P   7334
0.,1.;                                                              3633P   7335
110,14.,19.5,54.,14.,19.5,52.;                                      3635P   7336
126,1,1,1,0,1,0,0.,0.,1.,1.,1.,1.,0.,0.,0.,0.,3.141592654,0.,       3637P   7337
0.,1.,0.,0.,1.;                                                     3637P   7338
100,52.,12.5,19.5,14.,19.5,11.,19.5;                                3639P   7339
126,1,1,1,0,1,0,0.,0.,1.,1.,1.,1.,0.,3.141592654,0.,1.,             3641P   7340
3.141592654,0.,0.,1.,0.,0.,1.;                                      3641P   7341
110,11.,19.5,52.,11.,19.5,54.;                                      3643P   7342
102,4,3627,3633,3637,3641;                                          3645P   7343
102,4,3631,3635,3639,3643;                                          3647P   7344
142,1,3625,3645,3647,1;                                             3649P   7345
144,3625,1,0,3649;                                                  3651P   7346
110,19.5,12.5,54.,19.5,12.5,1054.;                                  3653P   7347
110,21.,12.5,52.,21.,12.5,54.;                                      3655P   7348
120,3653,3655,0.,6.28318530717959;                                  3657P   7349
126,1,1,1,0,1,0,0.,0.,1.,1.,1.,1.,1.,3.141592654,0.,1.,0.,0.,       3659P   7350
0.,1.,0.,0.,1.;                                                     3659P   7351
124,-1.,-6.98296672221876E-015,0.,39.0000000000001,                 3661P   7352
-6.98296672221876E-015,1.,-6.98296672221876E-015,                   3661P   7353
5.14752682753001E-013,4.87618242436147E-029,                        3661P   7354
-6.98296672221876E-015,-1.,108.;                                    3661P   7355
100,54.,19.5,12.5,21.,12.5,18.,12.5;                                3663P   7356
126,1,1,1,0,1,0,0.,0.,1.,1.,1.,1.,1.,0.,0.,0.,0.,0.,0.,1.,0.,       3665P   7357
0.,1.;                                                              3665P   7358
110,21.,12.5,54.,21.,12.5,52.;                                      3667P   7359
126,1,1,1,0,1,0,0.,0.,1.,1.,1.,1.,0.,0.,0.,0.,3.141592654,0.,       3669P   7360
0.,1.,0.,0.,1.;                                                     3669P   7361
100,52.,19.5,12.5,21.,12.5,18.,12.5;                                3671P   7362
126,1,1,1,0,1,0,0.,0.,1.,1.,1.,1.,0.,3.141592654,0.,1.,             3673P   7363
3.141592654,0.,0.,1.,0.,0.,1.;                                      3673P   7364
110,18.,12.5,52.,18.,12.5,54.;                                      3675P   7365
102,4,3659,3665,3669,3673;                                          3677P   7366
102,4,3663,3667,3671,3675;                                          3679P   7367
142,1,3657,3677,3679,1;                                             3681P   7368
144,3657,1,0,3681;                                                  3683P   7369
110,31.1,12.5,54.,31.1,12.5,1054.;                                  3685P   7370
110,32.6,12.5,52.,32.6,12.5,54.;                                    3687P   7371
120,3685,3687,0.,6.28318530717959;                                  3689P   7372
126,1,1,1,0,1,0,0.,0.,1.,1.,1.,1.,1.,3.141592654,0.,1.,0.,0.,       3691P   7373
0.,1.,0.,0.,1.;                                                     3691P   7374
124,-1.,-6.98296672221876E-015,0.,62.2000000000001,                 3693P   7375
-6.98296672221876E-015,1.,-6.98296672221876E-015,                   3693P   7376
5.95225507337567E-013,4.87618242436147E-029,                        3693P   7377
-6.98296672221876E-015,-1.,108.;                                    3693P   7378
100,54.,31.1,12.5,32.6,12.5,29.6,12.5;                              3695P   7379
126,1,1,1,0,1,0,0.,0.,1.,1.,1.,1.,1.,0.,0.,0.,0.,0.,0.,1.,0.,       3697P   7380
0.,1.;                                                              3697P   7381
110,32.6,12.5,54.,32.6,12.5,52.;                                    3699P   7382
126,1,1,1,0,1,0,0.,0.,1.,1.,1.,1.,0.,0.,0.,0.,3.141592654,0.,       3701P   7383
0.,1.,0.,0.,1.;                                                     3701P   7384
100,52.,31.1,12.5,32.6,12.5,29.6,12.5;                              3703P   7385
126,1,1,1,0,1,0,0.,0.,1.,1.,1.,1.,0.,3.141592654,0.,1.,             3705P   7386
3.141592654,0.,0.,1.,0.,0.,1.;                                      3705P   7387
110,29.6,12.5,52.,29.6,12.5,54.;                                    3707P   7388
102,4,3691,3697,3701,3705;                                          3709P   7389
102,4,3695,3699,3703,3707;                                          3711P   7390
142,1,3689,3709,3711,1;                                             3713P   7391
144,3689,1,0,3713;                                                  3715P   7392
S      1G      4D   3716P   7392                                        T      1
