SolidWorks IGES file using analytic representation for surfaces         S      1
1H,,1H;,15H一字支架.SLDPRT,64HE:\Solidworks_Project\支架配套资料\单轴支糋      1
躙一字2.0\一字支架.IGS,15HSolidWorks 2010,15HSolidWorks 2010,32,308,15, G      2
308,15,15H一字支架.SLDPRT,1.,2,2HMM,50,0.125,13H170620.183337,1E-008,   G      3
499990.,13HAdministrator,,11,0,13H170620.183337;                        G      4
     314       1       0       0       0                        00000200D      1
     314       0       6       1       0                               0D      2
     110       2       0       0       0                        01010000D      3
     110       0       0       1       0                               0D      4
     110       3       0       0       0                        01010000D      5
     110       0       0       1       0                               0D      6
     120       4       0       0       0                        01010000D      7
     120       0       0       1       0                               0D      8
     126       5       0       0       0                        01010500D      9
     126       0       0       2       0                               0D     10
     110       7       0       0       0                        01010000D     11
     110       0       0       1       0                               0D     12
     126       8       0       0       0                        01010500D     13
     126       0       0       2       0                               0D     14
     124      10       0       0       0                        00000000D     15
     124       0       0       4       0                               0D     16
     100      14       0       0       0              15        01010000D     17
     100       0       0       1       0                               0D     18
     126      15       0       0       0                        01010500D     19
     126       0       0       2       0                               0D     20
     110      17       0       0       0                        01010000D     21
     110       0       0       1       0                               0D     22
     126      18       0       0       0                        01010500D     23
     126       0       0       2       0                               0D     24
     100      20       0       0       0                        01010000D     25
     100       0       0       1       0                               0D     26
     102      21       0       0       0                        01010500D     27
     102       0       0       1       0                               0D     28
     102      22       0       0       0                        01010000D     29
     102       0       0       1       0                               0D     30
     142      23       0       0       0                        00010500D     31
     142       0       0       1       0                               0D     32
     144      24       0       0       0                        00000000D     33
     144       0      -1       1       0                               0D     34
     110      25       0       0       0                        01010000D     35
     110       0       0       1       0                               0D     36
     110      26       0       0       0                        01010000D     37
     110       0       0       1       0                               0D     38
     120      27       0       0       0                        01010000D     39
     120       0       0       1       0                               0D     40
     126      28       0       0       0                        01010500D     41
     126       0       0       2       0                               0D     42
     110      30       0       0       0                        01010000D     43
     110       0       0       1       0                               0D     44
     126      31       0       0       0                        01010500D     45
     126       0       0       2       0                               0D     46
     124      33       0       0       0                        00000000D     47
     124       0       0       4       0                               0D     48
     100      37       0       0       0              47        01010000D     49
     100       0       0       1       0                               0D     50
     126      38       0       0       0                        01010500D     51
     126       0       0       2       0                               0D     52
     110      40       0       0       0                        01010000D     53
     110       0       0       1       0                               0D     54
     126      41       0       0       0                        01010500D     55
     126       0       0       2       0                               0D     56
     100      43       0       0       0                        01010000D     57
     100       0       0       1       0                               0D     58
     102      44       0       0       0                        01010500D     59
     102       0       0       1       0                               0D     60
     102      45       0       0       0                        01010000D     61
     102       0       0       1       0                               0D     62
     142      46       0       0       0                        00010500D     63
     142       0       0       1       0                               0D     64
     144      47       0       0       0                        00000000D     65
     144       0      -1       1       0                               0D     66
     110      48       0       0       0                        01010000D     67
     110       0       0       1       0                               0D     68
     110      49       0       0       0                        01010000D     69
     110       0       0       1       0                               0D     70
     120      50       0       0       0                        01010000D     71
     120       0       0       1       0                               0D     72
     126      51       0       0       0                        01010500D     73
     126       0       0       2       0                               0D     74
     110      53       0       0       0                        01010000D     75
     110       0       0       1       0                               0D     76
     126      54       0       0       0                        01010500D     77
     126       0       0       2       0                               0D     78
     124      56       0       0       0                        00000000D     79
     124       0       0       4       0                               0D     80
     100      60       0       0       0              79        01010000D     81
     100       0       0       1       0                               0D     82
     126      61       0       0       0                        01010500D     83
     126       0       0       2       0                               0D     84
     110      63       0       0       0                        01010000D     85
     110       0       0       1       0                               0D     86
     126      64       0       0       0                        01010500D     87
     126       0       0       2       0                               0D     88
     100      66       0       0       0                        01010000D     89
     100       0       0       1       0                               0D     90
     102      67       0       0       0                        01010500D     91
     102       0       0       1       0                               0D     92
     102      68       0       0       0                        01010000D     93
     102       0       0       1       0                               0D     94
     142      69       0       0       0                        00010500D     95
     142       0       0       1       0                               0D     96
     144      70       0       0       0                        00000000D     97
     144       0      -1       1       0                               0D     98
     110      71       0       0       0                        01010000D     99
     110       0       0       1       0                               0D    100
     110      72       0       0       0                        01010000D    101
     110       0       0       1       0                               0D    102
     120      73       0       0       0                        01010000D    103
     120       0       0       1       0                               0D    104
     126      74       0       0       0                        01010500D    105
     126       0       0       2       0                               0D    106
     110      76       0       0       0                        01010000D    107
     110       0       0       1       0                               0D    108
     126      77       0       0       0                        01010500D    109
     126       0       0       2       0                               0D    110
     124      79       0       0       0                        00000000D    111
     124       0       0       4       0                               0D    112
     100      83       0       0       0             111        01010000D    113
     100       0       0       1       0                               0D    114
     126      84       0       0       0                        01010500D    115
     126       0       0       2       0                               0D    116
     110      86       0       0       0                        01010000D    117
     110       0       0       1       0                               0D    118
     126      87       0       0       0                        01010500D    119
     126       0       0       2       0                               0D    120
     100      89       0       0       0                        01010000D    121
     100       0       0       1       0                               0D    122
     102      90       0       0       0                        01010500D    123
     102       0       0       1       0                               0D    124
     102      91       0       0       0                        01010000D    125
     102       0       0       1       0                               0D    126
     142      92       0       0       0                        00010500D    127
     142       0       0       1       0                               0D    128
     144      93       0       0       0                        00000000D    129
     144       0      -1       1       0                               0D    130
     110      94       0       0       0                        01010000D    131
     110       0       0       1       0                               0D    132
     110      95       0       0       0                        01010000D    133
     110       0       0       1       0                               0D    134
     120      96       0       0       0                        01010000D    135
     120       0       0       1       0                               0D    136
     126      97       0       0       0                        01010500D    137
     126       0       0       2       0                               0D    138
     110      99       0       0       0                        01010000D    139
     110       0       0       1       0                               0D    140
     126     100       0       0       0                        01010500D    141
     126       0       0       2       0                               0D    142
     124     102       0       0       0                        00000000D    143
     124       0       0       4       0                               0D    144
     100     106       0       0       0             143        01010000D    145
     100       0       0       1       0                               0D    146
     126     107       0       0       0                        01010500D    147
     126       0       0       2       0                               0D    148
     110     109       0       0       0                        01010000D    149
     110       0       0       1       0                               0D    150
     126     110       0       0       0                        01010500D    151
     126       0       0       2       0                               0D    152
     100     112       0       0       0                        01010000D    153
     100       0       0       1       0                               0D    154
     102     113       0       0       0                        01010500D    155
     102       0       0       1       0                               0D    156
     102     114       0       0       0                        01010000D    157
     102       0       0       1       0                               0D    158
     142     115       0       0       0                        00010500D    159
     142       0       0       1       0                               0D    160
     144     116       0       0       0                        00000000D    161
     144       0      -1       1       0                               0D    162
     110     117       0       0       0                        01010000D    163
     110       0       0       1       0                               0D    164
     110     118       0       0       0                        01010000D    165
     110       0       0       1       0                               0D    166
     120     119       0       0       0                        01010000D    167
     120       0       0       1       0                               0D    168
     126     120       0       0       0                        01010500D    169
     126       0       0       2       0                               0D    170
     110     122       0       0       0                        01010000D    171
     110       0       0       1       0                               0D    172
     126     123       0       0       0                        01010500D    173
     126       0       0       2       0                               0D    174
     124     125       0       0       0                        00000000D    175
     124       0       0       4       0                               0D    176
     100     129       0       0       0             175        01010000D    177
     100       0       0       1       0                               0D    178
     126     130       0       0       0                        01010500D    179
     126       0       0       2       0                               0D    180
     110     132       0       0       0                        01010000D    181
     110       0       0       1       0                               0D    182
     126     133       0       0       0                        01010500D    183
     126       0       0       2       0                               0D    184
     100     135       0       0       0                        01010000D    185
     100       0       0       1       0                               0D    186
     102     136       0       0       0                        01010500D    187
     102       0       0       1       0                               0D    188
     102     137       0       0       0                        01010000D    189
     102       0       0       1       0                               0D    190
     142     138       0       0       0                        00010500D    191
     142       0       0       1       0                               0D    192
     144     139       0       0       0                        00000000D    193
     144       0      -1       1       0                               0D    194
     110     140       0       0       0                        01010000D    195
     110       0       0       1       0                               0D    196
     110     141       0       0       0                        01010000D    197
     110       0       0       1       0                               0D    198
     120     142       0       0       0                        01010000D    199
     120       0       0       1       0                               0D    200
     126     143       0       0       0                        01010500D    201
     126       0       0       2       0                               0D    202
     110     145       0       0       0                        01010000D    203
     110       0       0       1       0                               0D    204
     126     146       0       0       0                        01010500D    205
     126       0       0       2       0                               0D    206
     124     148       0       0       0                        00000000D    207
     124       0       0       4       0                               0D    208
     100     152       0       0       0             207        01010000D    209
     100       0       0       1       0                               0D    210
     126     153       0       0       0                        01010500D    211
     126       0       0       2       0                               0D    212
     110     155       0       0       0                        01010000D    213
     110       0       0       1       0                               0D    214
     126     156       0       0       0                        01010500D    215
     126       0       0       2       0                               0D    216
     100     158       0       0       0                        01010000D    217
     100       0       0       1       0                               0D    218
     102     159       0       0       0                        01010500D    219
     102       0       0       1       0                               0D    220
     102     160       0       0       0                        01010000D    221
     102       0       0       1       0                               0D    222
     142     161       0       0       0                        00010500D    223
     142       0       0       1       0                               0D    224
     144     162       0       0       0                        00000000D    225
     144       0      -1       1       0                               0D    226
     110     163       0       0       0                        01010000D    227
     110       0       0       1       0                               0D    228
     110     164       0       0       0                        01010000D    229
     110       0       0       1       0                               0D    230
     120     165       0       0       0                        01010000D    231
     120       0       0       1       0                               0D    232
     126     166       0       0       0                        01010500D    233
     126       0       0       2       0                               0D    234
     110     168       0       0       0                        01010000D    235
     110       0       0       1       0                               0D    236
     126     169       0       0       0                        01010500D    237
     126       0       0       2       0                               0D    238
     124     171       0       0       0                        00000000D    239
     124       0       0       4       0                               0D    240
     100     175       0       0       0             239        01010000D    241
     100       0       0       1       0                               0D    242
     126     176       0       0       0                        01010500D    243
     126       0       0       2       0                               0D    244
     110     178       0       0       0                        01010000D    245
     110       0       0       1       0                               0D    246
     126     179       0       0       0                        01010500D    247
     126       0       0       2       0                               0D    248
     100     181       0       0       0                        01010000D    249
     100       0       0       1       0                               0D    250
     102     182       0       0       0                        01010500D    251
     102       0       0       1       0                               0D    252
     102     183       0       0       0                        01010000D    253
     102       0       0       1       0                               0D    254
     142     184       0       0       0                        00010500D    255
     142       0       0       1       0                               0D    256
     144     185       0       0       0                        00000000D    257
     144       0      -1       1       0                               0D    258
     110     186       0       0       0                        01010000D    259
     110       0       0       1       0                               0D    260
     110     187       0       0       0                        01010000D    261
     110       0       0       1       0                               0D    262
     120     188       0       0       0                        01010000D    263
     120       0       0       1       0                               0D    264
     126     189       0       0       0                        01010500D    265
     126       0       0       2       0                               0D    266
     110     191       0       0       0                        01010000D    267
     110       0       0       1       0                               0D    268
     126     192       0       0       0                        01010500D    269
     126       0       0       2       0                               0D    270
     124     194       0       0       0                        00000000D    271
     124       0       0       4       0                               0D    272
     100     198       0       0       0             271        01010000D    273
     100       0       0       1       0                               0D    274
     126     199       0       0       0                        01010500D    275
     126       0       0       2       0                               0D    276
     110     201       0       0       0                        01010000D    277
     110       0       0       1       0                               0D    278
     126     202       0       0       0                        01010500D    279
     126       0       0       2       0                               0D    280
     100     204       0       0       0                        01010000D    281
     100       0       0       1       0                               0D    282
     102     205       0       0       0                        01010500D    283
     102       0       0       1       0                               0D    284
     102     206       0       0       0                        01010000D    285
     102       0       0       1       0                               0D    286
     142     207       0       0       0                        00010500D    287
     142       0       0       1       0                               0D    288
     144     208       0       0       0                        00000000D    289
     144       0      -1       1       0                               0D    290
     110     209       0       0       0                        01010000D    291
     110       0       0       1       0                               0D    292
     110     210       0       0       0                        01010000D    293
     110       0       0       1       0                               0D    294
     120     211       0       0       0                        01010000D    295
     120       0       0       1       0                               0D    296
     126     212       0       0       0                        01010500D    297
     126       0       0       2       0                               0D    298
     110     214       0       0       0                        01010000D    299
     110       0       0       1       0                               0D    300
     126     215       0       0       0                        01010500D    301
     126       0       0       2       0                               0D    302
     124     217       0       0       0                        00000000D    303
     124       0       0       4       0                               0D    304
     100     221       0       0       0             303        01010000D    305
     100       0       0       1       0                               0D    306
     126     222       0       0       0                        01010500D    307
     126       0       0       2       0                               0D    308
     110     224       0       0       0                        01010000D    309
     110       0       0       1       0                               0D    310
     126     225       0       0       0                        01010500D    311
     126       0       0       2       0                               0D    312
     100     227       0       0       0                        01010000D    313
     100       0       0       1       0                               0D    314
     102     228       0       0       0                        01010500D    315
     102       0       0       1       0                               0D    316
     102     229       0       0       0                        01010000D    317
     102       0       0       1       0                               0D    318
     142     230       0       0       0                        00010500D    319
     142       0       0       1       0                               0D    320
     144     231       0       0       0                        00000000D    321
     144       0      -1       1       0                               0D    322
     110     232       0       0       0                        01010000D    323
     110       0       0       1       0                               0D    324
     110     233       0       0       0                        01010000D    325
     110       0       0       1       0                               0D    326
     120     234       0       0       0                        01010000D    327
     120       0       0       1       0                               0D    328
     126     235       0       0       0                        01010500D    329
     126       0       0       2       0                               0D    330
     100     237       0       0       0                        01010000D    331
     100       0       0       1       0                               0D    332
     126     238       0       0       0                        01010500D    333
     126       0       0       2       0                               0D    334
     110     240       0       0       0                        01010000D    335
     110       0       0       1       0                               0D    336
     126     241       0       0       0                        01010500D    337
     126       0       0       2       0                               0D    338
     124     243       0       0       0                        00000000D    339
     124       0       0       4       0                               0D    340
     100     247       0       0       0             339        01010000D    341
     100       0       0       1       0                               0D    342
     126     248       0       0       0                        01010500D    343
     126       0       0       2       0                               0D    344
     110     250       0       0       0                        01010000D    345
     110       0       0       1       0                               0D    346
     102     251       0       0       0                        01010500D    347
     102       0       0       1       0                               0D    348
     102     252       0       0       0                        01010000D    349
     102       0       0       1       0                               0D    350
     142     253       0       0       0                        00010500D    351
     142       0       0       1       0                               0D    352
     144     254       0       0       0                        00000000D    353
     144       0      -1       1       0                               0D    354
     110     255       0       0       0                        01010000D    355
     110       0       0       1       0                               0D    356
     110     256       0       0       0                        01010000D    357
     110       0       0       1       0                               0D    358
     120     257       0       0       0                        01010000D    359
     120       0       0       1       0                               0D    360
     126     258       0       0       0                        01010500D    361
     126       0       0       2       0                               0D    362
     110     260       0       0       0                        01010000D    363
     110       0       0       1       0                               0D    364
     126     261       0       0       0                        01010500D    365
     126       0       0       2       0                               0D    366
     124     263       0       0       0                        00000000D    367
     124       0       0       3       0                               0D    368
     100     266       0       0       0             367        01010000D    369
     100       0       0       1       0                               0D    370
     126     267       0       0       0                        01010500D    371
     126       0       0       2       0                               0D    372
     110     269       0       0       0                        01010000D    373
     110       0       0       1       0                               0D    374
     126     270       0       0       0                        01010500D    375
     126       0       0       2       0                               0D    376
     124     272       0       0       0                        00000000D    377
     124       0       0       3       0                               0D    378
     100     275       0       0       0             377        01010000D    379
     100       0       0       1       0                               0D    380
     102     276       0       0       0                        01010500D    381
     102       0       0       1       0                               0D    382
     102     277       0       0       0                        01010000D    383
     102       0       0       1       0                               0D    384
     142     278       0       0       0                        00010500D    385
     142       0       0       1       0                               0D    386
     144     279       0       0       0                        00000000D    387
     144       0      -1       1       0                               0D    388
     128     280       0       0       0                        01010000D    389
     128       0       0      15       0                               0D    390
     126     295       0       0       0                        01010500D    391
     126       0       0       2       0                               0D    392
     126     297       0       0       0                        01010000D    393
     126       0       0      23       0                               0D    394
     126     320       0       0       0                        01010500D    395
     126       0       0       2       0                               0D    396
     124     322       0       0       0                        00000000D    397
     124       0       0       3       0                               0D    398
     100     325       0       0       0             397        01010000D    399
     100       0       0       1       0                               0D    400
     126     326       0       0       0                        01010500D    401
     126       0       0       2       0                               0D    402
     124     328       0       0       0                        00000000D    403
     124       0       0       4       0                               0D    404
     100     332       0       0       0             403        01010000D    405
     100       0       0       1       0                               0D    406
     126     333       0       0       0                        01010500D    407
     126       0       0       2       0                               0D    408
     126     335       0       0       0                        01010000D    409
     126       0       0       6       0                               0D    410
     102     341       0       0       0                        01010500D    411
     102       0       0       1       0                               0D    412
     102     342       0       0       0                        01010000D    413
     102       0       0       1       0                               0D    414
     142     343       0       0       0                        00010500D    415
     142       0       0       1       0                               0D    416
     144     344       0       0       0                        00000000D    417
     144       0      -1       1       0                               0D    418
     128     345       0       0       0                        01010000D    419
     128       0       0      15       0                               0D    420
     126     360       0       0       0                        01010500D    421
     126       0       0       2       0                               0D    422
     124     362       0       0       0                        00000000D    423
     124       0       0       4       0                               0D    424
     100     366       0       0       0             423        01010000D    425
     100       0       0       1       0                               0D    426
     126     367       0       0       0                        01010500D    427
     126       0       0       2       0                               0D    428
     126     369       0       0       0                        01010000D    429
     126       0       0      24       0                               0D    430
     126     393       0       0       0                        01010500D    431
     126       0       0       2       0                               0D    432
     126     395       0       0       0                        01010000D    433
     126       0       0       6       0                               0D    434
     126     401       0       0       0                        01010500D    435
     126       0       0       2       0                               0D    436
     124     403       0       0       0                        00000000D    437
     124       0       0       5       0                               0D    438
     100     408       0       0       0             437        01010000D    439
     100       0       0       1       0                               0D    440
     102     409       0       0       0                        01010500D    441
     102       0       0       1       0                               0D    442
     102     410       0       0       0                        01010000D    443
     102       0       0       1       0                               0D    444
     142     411       0       0       0                        00010500D    445
     142       0       0       1       0                               0D    446
     144     412       0       0       0                        00000000D    447
     144       0      -1       1       0                               0D    448
     110     413       0       0       0                        01010000D    449
     110       0       0       1       0                               0D    450
     110     414       0       0       0                        01010000D    451
     110       0       0       1       0                               0D    452
     120     415       0       0       0                        01010000D    453
     120       0       0       1       0                               0D    454
     126     416       0       0       0                        01010500D    455
     126       0       0       2       0                               0D    456
     110     418       0       0       0                        01010000D    457
     110       0       0       1       0                               0D    458
     126     419       0       0       0                        01010500D    459
     126       0       0       2       0                               0D    460
     124     421       0       0       0                        00000000D    461
     124       0       0       3       0                               0D    462
     100     424       0       0       0             461        01010000D    463
     100       0       0       1       0                               0D    464
     126     425       0       0       0                        01010500D    465
     126       0       0       2       0                               0D    466
     110     427       0       0       0                        01010000D    467
     110       0       0       1       0                               0D    468
     126     428       0       0       0                        01010500D    469
     126       0       0       2       0                               0D    470
     124     430       0       0       0                        00000000D    471
     124       0       0       4       0                               0D    472
     100     434       0       0       0             471        01010000D    473
     100       0       0       1       0                               0D    474
     102     435       0       0       0                        01010500D    475
     102       0       0       1       0                               0D    476
     102     436       0       0       0                        01010000D    477
     102       0       0       1       0                               0D    478
     142     437       0       0       0                        00010500D    479
     142       0       0       1       0                               0D    480
     144     438       0       0       0                        00000000D    481
     144       0      -1       1       0                               0D    482
     128     439       0       0       0                        01010000D    483
     128       0       0       3       0                               0D    484
     126     442       0       0       0                        01010500D    485
     126       0       0       2       0                               0D    486
     110     444       0       0       0                        01010000D    487
     110       0       0       1       0                               0D    488
     126     445       0       0       0                        01010500D    489
     126       0       0       2       0                               0D    490
     110     447       0       0       0                        01010000D    491
     110       0       0       1       0                               0D    492
     126     448       0       0       0                        01010500D    493
     126       0       0       2       0                               0D    494
     110     450       0       0       0                        01010000D    495
     110       0       0       1       0                               0D    496
     126     451       0       0       0                        01010500D    497
     126       0       0       2       0                               0D    498
     110     453       0       0       0                        01010000D    499
     110       0       0       1       0                               0D    500
     102     454       0       0       0                        01010500D    501
     102       0       0       1       0                               0D    502
     102     455       0       0       0                        01010000D    503
     102       0       0       1       0                               0D    504
     142     456       0       0       0                        00010500D    505
     142       0       0       1       0                               0D    506
     144     457       0       0       0                        00000000D    507
     144       0      -1       1       0                               0D    508
     128     458       0       0       0                        01010000D    509
     128       0       0       3       0                               0D    510
     126     461       0       0       0                        01010500D    511
     126       0       0       2       0                               0D    512
     110     463       0       0       0                        01010000D    513
     110       0       0       1       0                               0D    514
     126     464       0       0       0                        01010500D    515
     126       0       0       2       0                               0D    516
     110     466       0       0       0                        01010000D    517
     110       0       0       1       0                               0D    518
     126     467       0       0       0                        01010500D    519
     126       0       0       2       0                               0D    520
     110     469       0       0       0                        01010000D    521
     110       0       0       1       0                               0D    522
     126     470       0       0       0                        01010500D    523
     126       0       0       2       0                               0D    524
     110     472       0       0       0                        01010000D    525
     110       0       0       1       0                               0D    526
     102     473       0       0       0                        01010500D    527
     102       0       0       1       0                               0D    528
     102     474       0       0       0                        01010000D    529
     102       0       0       1       0                               0D    530
     142     475       0       0       0                        00010500D    531
     142       0       0       1       0                               0D    532
     144     476       0       0       0                        00000000D    533
     144       0      -1       1       0                               0D    534
     110     477       0       0       0                        01010000D    535
     110       0       0       1       0                               0D    536
     110     478       0       0       0                        01010000D    537
     110       0       0       1       0                               0D    538
     120     479       0       0       0                        01010000D    539
     120       0       0       1       0                               0D    540
     126     480       0       0       0                        01010500D    541
     126       0       0       2       0                               0D    542
     100     482       0       0       0                        01010000D    543
     100       0       0       1       0                               0D    544
     126     483       0       0       0                        01010500D    545
     126       0       0       2       0                               0D    546
     100     485       0       0       0                        01010000D    547
     100       0       0       1       0                               0D    548
     126     486       0       0       0                        01010500D    549
     126       0       0       2       0                               0D    550
     110     488       0       0       0                        01010000D    551
     110       0       0       1       0                               0D    552
     126     489       0       0       0                        01010500D    553
     126       0       0       2       0                               0D    554
     124     491       0       0       0                        00000000D    555
     124       0       0       4       0                               0D    556
     100     495       0       0       0             555        01010000D    557
     100       0       0       1       0                               0D    558
     126     496       0       0       0                        01010500D    559
     126       0       0       2       0                               0D    560
     110     498       0       0       0                        01010000D    561
     110       0       0       1       0                               0D    562
     102     499       0       0       0                        01010500D    563
     102       0       0       1       0                               0D    564
     102     500       0       0       0                        01010000D    565
     102       0       0       1       0                               0D    566
     142     501       0       0       0                        00010500D    567
     142       0       0       1       0                               0D    568
     144     502       0       0       0                        00000000D    569
     144       0      -1       1       0                               0D    570
     128     503       0       0       0                        01010000D    571
     128       0       0       3       0                               0D    572
     126     506       0       0       0                        01010500D    573
     126       0       0       2       0                               0D    574
     110     508       0       0       0                        01010000D    575
     110       0       0       1       0                               0D    576
     126     509       0       0       0                        01010500D    577
     126       0       0      29       0                               0D    578
     126     538       0       0       0                        01010000D    579
     126       0       0       3       0                               0D    580
     126     541       0       0       0                        01010500D    581
     126       0       0       2       0                               0D    582
     110     543       0       0       0                        01010000D    583
     110       0       0       1       0                               0D    584
     126     544       0       0       0                        01010500D    585
     126       0       0      11       0                               0D    586
     126     555       0       0       0                        01010000D    587
     126       0       0      24       0                               0D    588
     126     579       0       0       0                        01010500D    589
     126       0       0      11       0                               0D    590
     126     590       0       0       0                        01010000D    591
     126       0       0      19       0                               0D    592
     102     609       0       0       0                        01010500D    593
     102       0       0       1       0                               0D    594
     102     610       0       0       0                        01010000D    595
     102       0       0       1       0                               0D    596
     142     611       0       0       0                        00010500D    597
     142       0       0       1       0                               0D    598
     126     612       0       0       0                        01010500D    599
     126       0       0      22       0                               0D    600
     100     634       0       0       0                        01010000D    601
     100       0       0       1       0                               0D    602
     126     635       0       0       0                        01010500D    603
     126       0       0      22       0                               0D    604
     100     657       0       0       0                        01010000D    605
     100       0       0       1       0                               0D    606
     102     658       0       0       0                        01010500D    607
     102       0       0       1       0                               0D    608
     102     659       0       0       0                        01010000D    609
     102       0       0       1       0                               0D    610
     142     660       0       0       0                        00010500D    611
     142       0       0       1       0                               0D    612
     126     661       0       0       0                        01010500D    613
     126       0       0      22       0                               0D    614
     100     683       0       0       0                        01010000D    615
     100       0       0       1       0                               0D    616
     126     684       0       0       0                        01010500D    617
     126       0       0      22       0                               0D    618
     100     706       0       0       0                        01010000D    619
     100       0       0       1       0                               0D    620
     102     707       0       0       0                        01010500D    621
     102       0       0       1       0                               0D    622
     102     708       0       0       0                        01010000D    623
     102       0       0       1       0                               0D    624
     142     709       0       0       0                        00010500D    625
     142       0       0       1       0                               0D    626
     126     710       0       0       0                        01010500D    627
     126       0       0      22       0                               0D    628
     100     732       0       0       0                        01010000D    629
     100       0       0       1       0                               0D    630
     126     733       0       0       0                        01010500D    631
     126       0       0      22       0                               0D    632
     100     755       0       0       0                        01010000D    633
     100       0       0       1       0                               0D    634
     102     756       0       0       0                        01010500D    635
     102       0       0       1       0                               0D    636
     102     757       0       0       0                        01010000D    637
     102       0       0       1       0                               0D    638
     142     758       0       0       0                        00010500D    639
     142       0       0       1       0                               0D    640
     126     759       0       0       0                        01010500D    641
     126       0       0      22       0                               0D    642
     100     781       0       0       0                        01010000D    643
     100       0       0       1       0                               0D    644
     126     782       0       0       0                        01010500D    645
     126       0       0      22       0                               0D    646
     100     804       0       0       0                        01010000D    647
     100       0       0       1       0                               0D    648
     102     805       0       0       0                        01010500D    649
     102       0       0       1       0                               0D    650
     102     806       0       0       0                        01010000D    651
     102       0       0       1       0                               0D    652
     142     807       0       0       0                        00010500D    653
     142       0       0       1       0                               0D    654
     126     808       0       0       0                        01010500D    655
     126       0       0      22       0                               0D    656
     100     830       0       0       0                        01010000D    657
     100       0       0       1       0                               0D    658
     126     831       0       0       0                        01010500D    659
     126       0       0      22       0                               0D    660
     100     853       0       0       0                        01010000D    661
     100       0       0       1       0                               0D    662
     102     854       0       0       0                        01010500D    663
     102       0       0       1       0                               0D    664
     102     855       0       0       0                        01010000D    665
     102       0       0       1       0                               0D    666
     142     856       0       0       0                        00010500D    667
     142       0       0       1       0                               0D    668
     126     857       0       0       0                        01010500D    669
     126       0       0      22       0                               0D    670
     100     879       0       0       0                        01010000D    671
     100       0       0       1       0                               0D    672
     126     880       0       0       0                        01010500D    673
     126       0       0      22       0                               0D    674
     100     902       0       0       0                        01010000D    675
     100       0       0       1       0                               0D    676
     102     903       0       0       0                        01010500D    677
     102       0       0       1       0                               0D    678
     102     904       0       0       0                        01010000D    679
     102       0       0       1       0                               0D    680
     142     905       0       0       0                        00010500D    681
     142       0       0       1       0                               0D    682
     126     906       0       0       0                        01010500D    683
     126       0       0      22       0                               0D    684
     100     928       0       0       0                        01010000D    685
     100       0       0       1       0                               0D    686
     126     929       0       0       0                        01010500D    687
     126       0       0      22       0                               0D    688
     100     951       0       0       0                        01010000D    689
     100       0       0       1       0                               0D    690
     102     952       0       0       0                        01010500D    691
     102       0       0       1       0                               0D    692
     102     953       0       0       0                        01010000D    693
     102       0       0       1       0                               0D    694
     142     954       0       0       0                        00010500D    695
     142       0       0       1       0                               0D    696
     126     955       0       0       0                        01010500D    697
     126       0       0      22       0                               0D    698
     100     977       0       0       0                        01010000D    699
     100       0       0       1       0                               0D    700
     126     978       0       0       0                        01010500D    701
     126       0       0      22       0                               0D    702
     100    1000       0       0       0                        01010000D    703
     100       0       0       1       0                               0D    704
     102    1001       0       0       0                        01010500D    705
     102       0       0       1       0                               0D    706
     102    1002       0       0       0                        01010000D    707
     102       0       0       1       0                               0D    708
     142    1003       0       0       0                        00010500D    709
     142       0       0       1       0                               0D    710
     126    1004       0       0       0                        01010500D    711
     126       0       0      22       0                               0D    712
     100    1026       0       0       0                        01010000D    713
     100       0       0       1       0                               0D    714
     126    1027       0       0       0                        01010500D    715
     126       0       0      22       0                               0D    716
     100    1049       0       0       0                        01010000D    717
     100       0       0       1       0                               0D    718
     102    1050       0       0       0                        01010500D    719
     102       0       0       1       0                               0D    720
     102    1051       0       0       0                        01010000D    721
     102       0       0       1       0                               0D    722
     142    1052       0       0       0                        00010500D    723
     142       0       0       1       0                               0D    724
     126    1053       0       0       0                        01010500D    725
     126       0       0      22       0                               0D    726
     100    1075       0       0       0                        01010000D    727
     100       0       0       1       0                               0D    728
     126    1076       0       0       0                        01010500D    729
     126       0       0      22       0                               0D    730
     100    1098       0       0       0                        01010000D    731
     100       0       0       1       0                               0D    732
     102    1099       0       0       0                        01010500D    733
     102       0       0       1       0                               0D    734
     102    1100       0       0       0                        01010000D    735
     102       0       0       1       0                               0D    736
     142    1101       0       0       0                        00010500D    737
     142       0       0       1       0                               0D    738
     144    1102       0       0       0                        00000000D    739
     144       0      -1       1       0                               0D    740
     128    1103       0       0       0                        01010000D    741
     128       0       0      15       0                               0D    742
     126    1118       0       0       0                        01010500D    743
     126       0       0       2       0                               0D    744
     124    1120       0       0       0                        00000000D    745
     124       0       0       4       0                               0D    746
     100    1124       0       0       0             745        01010000D    747
     100       0       0       1       0                               0D    748
     126    1125       0       0       0                        01010500D    749
     126       0       0       2       0                               0D    750
     126    1127       0       0       0                        01010000D    751
     126       0       0       3       0                               0D    752
     126    1130       0       0       0                        01010500D    753
     126       0       0       2       0                               0D    754
     124    1132       0       0       0                        00000000D    755
     124       0       0       3       0                               0D    756
     100    1135       0       0       0             755        01010000D    757
     100       0       0       1       0                               0D    758
     126    1136       0       0       0                        01010500D    759
     126       0       0       2       0                               0D    760
     124    1138       0       0       0                        00000000D    761
     124       0       0       4       0                               0D    762
     100    1142       0       0       0             761        01010000D    763
     100       0       0       1       0                               0D    764
     126    1143       0       0       0                        01010500D    765
     126       0       0       2       0                               0D    766
     124    1145       0       0       0                        00000000D    767
     124       0       0       4       0                               0D    768
     100    1149       0       0       0             767        01010000D    769
     100       0       0       1       0                               0D    770
     102    1150       0       0       0                        01010500D    771
     102       0       0       1       0                               0D    772
     102    1151       0       0       0                        01010000D    773
     102       0       0       1       0                               0D    774
     142    1152       0       0       0                        00010500D    775
     142       0       0       1       0                               0D    776
     144    1153       0       0       0                        00000000D    777
     144       0      -1       1       0                               0D    778
     110    1154       0       0       0                        01010000D    779
     110       0       0       1       0                               0D    780
     110    1155       0       0       0                        01010000D    781
     110       0       0       1       0                               0D    782
     120    1156       0       0       0                        01010000D    783
     120       0       0       1       0                               0D    784
     126    1157       0       0       0                        01010500D    785
     126       0       0       2       0                               0D    786
     110    1159       0       0       0                        01010000D    787
     110       0       0       1       0                               0D    788
     126    1160       0       0       0                        01010500D    789
     126       0       0       2       0                               0D    790
     124    1162       0       0       0                        00000000D    791
     124       0       0       4       0                               0D    792
     100    1166       0       0       0             791        01010000D    793
     100       0       0       1       0                               0D    794
     126    1167       0       0       0                        01010500D    795
     126       0       0       2       0                               0D    796
     110    1169       0       0       0                        01010000D    797
     110       0       0       1       0                               0D    798
     126    1170       0       0       0                        01010500D    799
     126       0       0       2       0                               0D    800
     124    1172       0       0       0                        00000000D    801
     124       0       0       4       0                               0D    802
     100    1176       0       0       0             801        01010000D    803
     100       0       0       1       0                               0D    804
     102    1177       0       0       0                        01010500D    805
     102       0       0       1       0                               0D    806
     102    1178       0       0       0                        01010000D    807
     102       0       0       1       0                               0D    808
     142    1179       0       0       0                        00010500D    809
     142       0       0       1       0                               0D    810
     144    1180       0       0       0                        00000000D    811
     144       0      -1       1       0                               0D    812
     128    1181       0       0       0                        01010000D    813
     128       0       0      15       0                               0D    814
     126    1196       0       0       0                        01010500D    815
     126       0       0       2       0                               0D    816
     124    1198       0       0       0                        00000000D    817
     124       0       0       4       0                               0D    818
     100    1202       0       0       0             817        01010000D    819
     100       0       0       1       0                               0D    820
     126    1203       0       0       0                        01010500D    821
     126       0       0       2       0                               0D    822
     126    1205       0       0       0                        01010000D    823
     126       0       0      24       0                               0D    824
     126    1229       0       0       0                        01010500D    825
     126       0       0       2       0                               0D    826
     126    1231       0       0       0                        01010000D    827
     126       0       0       7       0                               0D    828
     126    1238       0       0       0                        01010500D    829
     126       0       0       2       0                               0D    830
     100    1240       0       0       0                        01010000D    831
     100       0       0       1       0                               0D    832
     102    1241       0       0       0                        01010500D    833
     102       0       0       1       0                               0D    834
     102    1242       0       0       0                        01010000D    835
     102       0       0       1       0                               0D    836
     142    1243       0       0       0                        00010500D    837
     142       0       0       1       0                               0D    838
     144    1244       0       0       0                        00000000D    839
     144       0      -1       1       0                               0D    840
     110    1245       0       0       0                        01010000D    841
     110       0       0       1       0                               0D    842
     110    1246       0       0       0                        01010000D    843
     110       0       0       1       0                               0D    844
     120    1247       0       0       0                        01010000D    845
     120       0       0       1       0                               0D    846
     126    1248       0       0       0                        01010500D    847
     126       0       0       2       0                               0D    848
     110    1250       0       0       0                        01010000D    849
     110       0       0       1       0                               0D    850
     126    1251       0       0       0                        01010500D    851
     126       0       0       2       0                               0D    852
     124    1253       0       0       0                        00000000D    853
     124       0       0       3       0                               0D    854
     100    1256       0       0       0             853        01010000D    855
     100       0       0       1       0                               0D    856
     126    1257       0       0       0                        01010500D    857
     126       0       0       2       0                               0D    858
     110    1259       0       0       0                        01010000D    859
     110       0       0       1       0                               0D    860
     126    1260       0       0       0                        01010500D    861
     126       0       0       2       0                               0D    862
     124    1262       0       0       0                        00000000D    863
     124       0       0       4       0                               0D    864
     100    1266       0       0       0             863        01010000D    865
     100       0       0       1       0                               0D    866
     102    1267       0       0       0                        01010500D    867
     102       0       0       1       0                               0D    868
     102    1268       0       0       0                        01010000D    869
     102       0       0       1       0                               0D    870
     142    1269       0       0       0                        00010500D    871
     142       0       0       1       0                               0D    872
     144    1270       0       0       0                        00000000D    873
     144       0      -1       1       0                               0D    874
     128    1271       0       0       0                        01010000D    875
     128       0       0      15       0                               0D    876
     126    1286       0       0       0                        01010500D    877
     126       0       0       2       0                               0D    878
     124    1288       0       0       0                        00000000D    879
     124       0       0       4       0                               0D    880
     100    1292       0       0       0             879        01010000D    881
     100       0       0       1       0                               0D    882
     126    1293       0       0       0                        01010500D    883
     126       0       0       2       0                               0D    884
     126    1295       0       0       0                        01010000D    885
     126       0       0      54       0                               0D    886
     126    1349       0       0       0                        01010500D    887
     126       0       0       2       0                               0D    888
     124    1351       0       0       0                        00000000D    889
     124       0       0       3       0                               0D    890
     100    1354       0       0       0             889        01010000D    891
     100       0       0       1       0                               0D    892
     126    1355       0       0       0                        01010500D    893
     126       0       0       2       0                               0D    894
     100    1357       0       0       0                        01010000D    895
     100       0       0       1       0                               0D    896
     102    1358       0       0       0                        01010500D    897
     102       0       0       1       0                               0D    898
     102    1359       0       0       0                        01010000D    899
     102       0       0       1       0                               0D    900
     142    1360       0       0       0                        00010500D    901
     142       0       0       1       0                               0D    902
     144    1361       0       0       0                        00000000D    903
     144       0      -1       1       0                               0D    904
     110    1362       0       0       0                        01010000D    905
     110       0       0       1       0                               0D    906
     110    1363       0       0       0                        01010000D    907
     110       0       0       1       0                               0D    908
     120    1364       0       0       0                        01010000D    909
     120       0       0       1       0                               0D    910
     126    1365       0       0       0                        01010500D    911
     126       0       0       2       0                               0D    912
     110    1367       0       0       0                        01010000D    913
     110       0       0       1       0                               0D    914
     126    1368       0       0       0                        01010500D    915
     126       0       0       2       0                               0D    916
     100    1370       0       0       0                        01010000D    917
     100       0       0       1       0                               0D    918
     126    1371       0       0       0                        01010500D    919
     126       0       0       2       0                               0D    920
     110    1373       0       0       0                        01010000D    921
     110       0       0       1       0                               0D    922
     126    1374       0       0       0                        01010500D    923
     126       0       0       2       0                               0D    924
     124    1376       0       0       0                        00000000D    925
     124       0       0       5       0                               0D    926
     100    1381       0       0       0             925        01010000D    927
     100       0       0       1       0                               0D    928
     102    1382       0       0       0                        01010500D    929
     102       0       0       1       0                               0D    930
     102    1383       0       0       0                        01010000D    931
     102       0       0       1       0                               0D    932
     142    1384       0       0       0                        00010500D    933
     142       0       0       1       0                               0D    934
     144    1385       0       0       0                        00000000D    935
     144       0      -1       1       0                               0D    936
     128    1386       0       0       0                        01010000D    937
     128       0       0       3       0                               0D    938
     126    1389       0       0       0                        01010500D    939
     126       0       0       2       0                               0D    940
     110    1391       0       0       0                        01010000D    941
     110       0       0       1       0                               0D    942
     126    1392       0       0       0                        01010500D    943
     126       0       0      29       0                               0D    944
     126    1421       0       0       0                        01010000D    945
     126       0       0      51       0                               0D    946
     126    1472       0       0       0                        01010500D    947
     126       0       0       2       0                               0D    948
     110    1474       0       0       0                        01010000D    949
     110       0       0       1       0                               0D    950
     126    1475       0       0       0                        01010500D    951
     126       0       0      11       0                               0D    952
     126    1486       0       0       0                        01010000D    953
     126       0       0       4       0                               0D    954
     126    1490       0       0       0                        01010500D    955
     126       0       0      11       0                               0D    956
     126    1501       0       0       0                        01010000D    957
     126       0       0      22       0                               0D    958
     102    1523       0       0       0                        01010500D    959
     102       0       0       1       0                               0D    960
     102    1524       0       0       0                        01010000D    961
     102       0       0       1       0                               0D    962
     142    1525       0       0       0                        00010500D    963
     142       0       0       1       0                               0D    964
     126    1526       0       0       0                        01010500D    965
     126       0       0      22       0                               0D    966
     124    1548       0       0       0                        00000000D    967
     124       0       0       4       0                               0D    968
     100    1552       0       0       0             967        01010000D    969
     100       0       0       1       0                               0D    970
     126    1553       0       0       0                        01010500D    971
     126       0       0      22       0                               0D    972
     124    1575       0       0       0                        00000000D    973
     124       0       0       4       0                               0D    974
     100    1579       0       0       0             973        01010000D    975
     100       0       0       1       0                               0D    976
     102    1580       0       0       0                        01010500D    977
     102       0       0       1       0                               0D    978
     102    1581       0       0       0                        01010000D    979
     102       0       0       1       0                               0D    980
     142    1582       0       0       0                        00010500D    981
     142       0       0       1       0                               0D    982
     126    1583       0       0       0                        01010500D    983
     126       0       0      22       0                               0D    984
     124    1605       0       0       0                        00000000D    985
     124       0       0       4       0                               0D    986
     100    1609       0       0       0             985        01010000D    987
     100       0       0       1       0                               0D    988
     126    1610       0       0       0                        01010500D    989
     126       0       0      22       0                               0D    990
     124    1632       0       0       0                        00000000D    991
     124       0       0       4       0                               0D    992
     100    1636       0       0       0             991        01010000D    993
     100       0       0       1       0                               0D    994
     102    1637       0       0       0                        01010500D    995
     102       0       0       1       0                               0D    996
     102    1638       0       0       0                        01010000D    997
     102       0       0       1       0                               0D    998
     142    1639       0       0       0                        00010500D    999
     142       0       0       1       0                               0D   1000
     126    1640       0       0       0                        01010500D   1001
     126       0       0      22       0                               0D   1002
     124    1662       0       0       0                        00000000D   1003
     124       0       0       4       0                               0D   1004
     100    1666       0       0       0            1003        01010000D   1005
     100       0       0       1       0                               0D   1006
     126    1667       0       0       0                        01010500D   1007
     126       0       0      22       0                               0D   1008
     124    1689       0       0       0                        00000000D   1009
     124       0       0       4       0                               0D   1010
     100    1693       0       0       0            1009        01010000D   1011
     100       0       0       1       0                               0D   1012
     102    1694       0       0       0                        01010500D   1013
     102       0       0       1       0                               0D   1014
     102    1695       0       0       0                        01010000D   1015
     102       0       0       1       0                               0D   1016
     142    1696       0       0       0                        00010500D   1017
     142       0       0       1       0                               0D   1018
     126    1697       0       0       0                        01010500D   1019
     126       0       0      22       0                               0D   1020
     124    1719       0       0       0                        00000000D   1021
     124       0       0       4       0                               0D   1022
     100    1723       0       0       0            1021        01010000D   1023
     100       0       0       1       0                               0D   1024
     126    1724       0       0       0                        01010500D   1025
     126       0       0      22       0                               0D   1026
     124    1746       0       0       0                        00000000D   1027
     124       0       0       4       0                               0D   1028
     100    1750       0       0       0            1027        01010000D   1029
     100       0       0       1       0                               0D   1030
     102    1751       0       0       0                        01010500D   1031
     102       0       0       1       0                               0D   1032
     102    1752       0       0       0                        01010000D   1033
     102       0       0       1       0                               0D   1034
     142    1753       0       0       0                        00010500D   1035
     142       0       0       1       0                               0D   1036
     126    1754       0       0       0                        01010500D   1037
     126       0       0      22       0                               0D   1038
     124    1776       0       0       0                        00000000D   1039
     124       0       0       4       0                               0D   1040
     100    1780       0       0       0            1039        01010000D   1041
     100       0       0       1       0                               0D   1042
     126    1781       0       0       0                        01010500D   1043
     126       0       0      22       0                               0D   1044
     124    1803       0       0       0                        00000000D   1045
     124       0       0       4       0                               0D   1046
     100    1807       0       0       0            1045        01010000D   1047
     100       0       0       1       0                               0D   1048
     102    1808       0       0       0                        01010500D   1049
     102       0       0       1       0                               0D   1050
     102    1809       0       0       0                        01010000D   1051
     102       0       0       1       0                               0D   1052
     142    1810       0       0       0                        00010500D   1053
     142       0       0       1       0                               0D   1054
     126    1811       0       0       0                        01010500D   1055
     126       0       0      22       0                               0D   1056
     124    1833       0       0       0                        00000000D   1057
     124       0       0       4       0                               0D   1058
     100    1837       0       0       0            1057        01010000D   1059
     100       0       0       1       0                               0D   1060
     126    1838       0       0       0                        01010500D   1061
     126       0       0      22       0                               0D   1062
     124    1860       0       0       0                        00000000D   1063
     124       0       0       4       0                               0D   1064
     100    1864       0       0       0            1063        01010000D   1065
     100       0       0       1       0                               0D   1066
     102    1865       0       0       0                        01010500D   1067
     102       0       0       1       0                               0D   1068
     102    1866       0       0       0                        01010000D   1069
     102       0       0       1       0                               0D   1070
     142    1867       0       0       0                        00010500D   1071
     142       0       0       1       0                               0D   1072
     126    1868       0       0       0                        01010500D   1073
     126       0       0      22       0                               0D   1074
     124    1890       0       0       0                        00000000D   1075
     124       0       0       4       0                               0D   1076
     100    1894       0       0       0            1075        01010000D   1077
     100       0       0       1       0                               0D   1078
     126    1895       0       0       0                        01010500D   1079
     126       0       0      22       0                               0D   1080
     124    1917       0       0       0                        00000000D   1081
     124       0       0       4       0                               0D   1082
     100    1921       0       0       0            1081        01010000D   1083
     100       0       0       1       0                               0D   1084
     102    1922       0       0       0                        01010500D   1085
     102       0       0       1       0                               0D   1086
     102    1923       0       0       0                        01010000D   1087
     102       0       0       1       0                               0D   1088
     142    1924       0       0       0                        00010500D   1089
     142       0       0       1       0                               0D   1090
     126    1925       0       0       0                        01010500D   1091
     126       0       0      22       0                               0D   1092
     124    1947       0       0       0                        00000000D   1093
     124       0       0       4       0                               0D   1094
     100    1951       0       0       0            1093        01010000D   1095
     100       0       0       1       0                               0D   1096
     126    1952       0       0       0                        01010500D   1097
     126       0       0      22       0                               0D   1098
     124    1974       0       0       0                        00000000D   1099
     124       0       0       4       0                               0D   1100
     100    1978       0       0       0            1099        01010000D   1101
     100       0       0       1       0                               0D   1102
     102    1979       0       0       0                        01010500D   1103
     102       0       0       1       0                               0D   1104
     102    1980       0       0       0                        01010000D   1105
     102       0       0       1       0                               0D   1106
     142    1981       0       0       0                        00010500D   1107
     142       0       0       1       0                               0D   1108
     126    1982       0       0       0                        01010500D   1109
     126       0       0      22       0                               0D   1110
     124    2004       0       0       0                        00000000D   1111
     124       0       0       4       0                               0D   1112
     100    2008       0       0       0            1111        01010000D   1113
     100       0       0       1       0                               0D   1114
     126    2009       0       0       0                        01010500D   1115
     126       0       0      22       0                               0D   1116
     124    2031       0       0       0                        00000000D   1117
     124       0       0       4       0                               0D   1118
     100    2035       0       0       0            1117        01010000D   1119
     100       0       0       1       0                               0D   1120
     102    2036       0       0       0                        01010500D   1121
     102       0       0       1       0                               0D   1122
     102    2037       0       0       0                        01010000D   1123
     102       0       0       1       0                               0D   1124
     142    2038       0       0       0                        00010500D   1125
     142       0       0       1       0                               0D   1126
     126    2039       0       0       0                        01010500D   1127
     126       0       0      22       0                               0D   1128
     124    2061       0       0       0                        00000000D   1129
     124       0       0       4       0                               0D   1130
     100    2065       0       0       0            1129        01010000D   1131
     100       0       0       1       0                               0D   1132
     126    2066       0       0       0                        01010500D   1133
     126       0       0      22       0                               0D   1134
     124    2088       0       0       0                        00000000D   1135
     124       0       0       4       0                               0D   1136
     100    2092       0       0       0            1135        01010000D   1137
     100       0       0       1       0                               0D   1138
     102    2093       0       0       0                        01010500D   1139
     102       0       0       1       0                               0D   1140
     102    2094       0       0       0                        01010000D   1141
     102       0       0       1       0                               0D   1142
     142    2095       0       0       0                        00010500D   1143
     142       0       0       1       0                               0D   1144
     144    2096       0       0       0                        00000000D   1145
     144       0      -1       2       0                               0D   1146
     128    2098       0       0       0                        01010000D   1147
     128       0       0      15       0                               0D   1148
     126    2113       0       0       0                        01010500D   1149
     126       0       0       2       0                               0D   1150
     126    2115       0       0       0                        01010000D   1151
     126       0       0       4       0                               0D   1152
     126    2119       0       0       0                        01010500D   1153
     126       0       0       2       0                               0D   1154
     124    2121       0       0       0                        00000000D   1155
     124       0       0       3       0                               0D   1156
     100    2124       0       0       0            1155        01010000D   1157
     100       0       0       1       0                               0D   1158
     126    2125       0       0       0                        01010500D   1159
     126       0       0       2       0                               0D   1160
     100    2127       0       0       0                        01010000D   1161
     100       0       0       1       0                               0D   1162
     126    2128       0       0       0                        01010500D   1163
     126       0       0       2       0                               0D   1164
     126    2130       0       0       0                        01010000D   1165
     126       0       0       7       0                               0D   1166
     102    2137       0       0       0                        01010500D   1167
     102       0       0       1       0                               0D   1168
     102    2138       0       0       0                        01010000D   1169
     102       0       0       1       0                               0D   1170
     142    2139       0       0       0                        00010500D   1171
     142       0       0       1       0                               0D   1172
     144    2140       0       0       0                        00000000D   1173
     144       0      -1       1       0                               0D   1174
     110    2141       0       0       0                        01010000D   1175
     110       0       0       1       0                               0D   1176
     110    2142       0       0       0                        01010000D   1177
     110       0       0       1       0                               0D   1178
     120    2143       0       0       0                        01010000D   1179
     120       0       0       1       0                               0D   1180
     126    2144       0       0       0                        01010500D   1181
     126       0       0       2       0                               0D   1182
     124    2146       0       0       0                        00000000D   1183
     124       0       0       4       0                               0D   1184
     100    2150       0       0       0            1183        01010000D   1185
     100       0       0       1       0                               0D   1186
     126    2151       0       0       0                        01010500D   1187
     126       0       0       2       0                               0D   1188
     110    2153       0       0       0                        01010000D   1189
     110       0       0       1       0                               0D   1190
     126    2154       0       0       0                        01010500D   1191
     126       0       0       2       0                               0D   1192
     100    2156       0       0       0                        01010000D   1193
     100       0       0       1       0                               0D   1194
     126    2157       0       0       0                        01010500D   1195
     126       0       0       2       0                               0D   1196
     110    2159       0       0       0                        01010000D   1197
     110       0       0       1       0                               0D   1198
     102    2160       0       0       0                        01010500D   1199
     102       0       0       1       0                               0D   1200
     102    2161       0       0       0                        01010000D   1201
     102       0       0       1       0                               0D   1202
     142    2162       0       0       0                        00010500D   1203
     142       0       0       1       0                               0D   1204
     144    2163       0       0       0                        00000000D   1205
     144       0      -1       1       0                               0D   1206
     110    2164       0       0       0                        01010000D   1207
     110       0       0       1       0                               0D   1208
     110    2165       0       0       0                        01010000D   1209
     110       0       0       1       0                               0D   1210
     120    2166       0       0       0                        01010000D   1211
     120       0       0       1       0                               0D   1212
     126    2167       0       0       0                        01010500D   1213
     126       0       0       2       0                               0D   1214
     124    2169       0       0       0                        00000000D   1215
     124       0       0       4       0                               0D   1216
     100    2173       0       0       0            1215        01010000D   1217
     100       0       0       1       0                               0D   1218
     126    2174       0       0       0                        01010500D   1219
     126       0       0       2       0                               0D   1220
     110    2176       0       0       0                        01010000D   1221
     110       0       0       1       0                               0D   1222
     126    2177       0       0       0                        01010500D   1223
     126       0       0       2       0                               0D   1224
     100    2179       0       0       0                        01010000D   1225
     100       0       0       1       0                               0D   1226
     126    2180       0       0       0                        01010500D   1227
     126       0       0       2       0                               0D   1228
     110    2182       0       0       0                        01010000D   1229
     110       0       0       1       0                               0D   1230
     102    2183       0       0       0                        01010500D   1231
     102       0       0       1       0                               0D   1232
     102    2184       0       0       0                        01010000D   1233
     102       0       0       1       0                               0D   1234
     142    2185       0       0       0                        00010500D   1235
     142       0       0       1       0                               0D   1236
     144    2186       0       0       0                        00000000D   1237
     144       0      -1       1       0                               0D   1238
     110    2187       0       0       0                        01010000D   1239
     110       0       0       1       0                               0D   1240
     110    2188       0       0       0                        01010000D   1241
     110       0       0       1       0                               0D   1242
     120    2189       0       0       0                        01010000D   1243
     120       0       0       1       0                               0D   1244
     126    2190       0       0       0                        01010500D   1245
     126       0       0       2       0                               0D   1246
     124    2192       0       0       0                        00000000D   1247
     124       0       0       4       0                               0D   1248
     100    2196       0       0       0            1247        01010000D   1249
     100       0       0       1       0                               0D   1250
     126    2197       0       0       0                        01010500D   1251
     126       0       0       2       0                               0D   1252
     110    2199       0       0       0                        01010000D   1253
     110       0       0       1       0                               0D   1254
     126    2200       0       0       0                        01010500D   1255
     126       0       0       2       0                               0D   1256
     100    2202       0       0       0                        01010000D   1257
     100       0       0       1       0                               0D   1258
     126    2203       0       0       0                        01010500D   1259
     126       0       0       2       0                               0D   1260
     110    2205       0       0       0                        01010000D   1261
     110       0       0       1       0                               0D   1262
     102    2206       0       0       0                        01010500D   1263
     102       0       0       1       0                               0D   1264
     102    2207       0       0       0                        01010000D   1265
     102       0       0       1       0                               0D   1266
     142    2208       0       0       0                        00010500D   1267
     142       0       0       1       0                               0D   1268
     144    2209       0       0       0                        00000000D   1269
     144       0      -1       1       0                               0D   1270
     110    2210       0       0       0                        01010000D   1271
     110       0       0       1       0                               0D   1272
     110    2211       0       0       0                        01010000D   1273
     110       0       0       1       0                               0D   1274
     120    2212       0       0       0                        01010000D   1275
     120       0       0       1       0                               0D   1276
     126    2213       0       0       0                        01010500D   1277
     126       0       0       2       0                               0D   1278
     124    2215       0       0       0                        00000000D   1279
     124       0       0       4       0                               0D   1280
     100    2219       0       0       0            1279        01010000D   1281
     100       0       0       1       0                               0D   1282
     126    2220       0       0       0                        01010500D   1283
     126       0       0       2       0                               0D   1284
     110    2222       0       0       0                        01010000D   1285
     110       0       0       1       0                               0D   1286
     126    2223       0       0       0                        01010500D   1287
     126       0       0       2       0                               0D   1288
     100    2225       0       0       0                        01010000D   1289
     100       0       0       1       0                               0D   1290
     126    2226       0       0       0                        01010500D   1291
     126       0       0       2       0                               0D   1292
     110    2228       0       0       0                        01010000D   1293
     110       0       0       1       0                               0D   1294
     102    2229       0       0       0                        01010500D   1295
     102       0       0       1       0                               0D   1296
     102    2230       0       0       0                        01010000D   1297
     102       0       0       1       0                               0D   1298
     142    2231       0       0       0                        00010500D   1299
     142       0       0       1       0                               0D   1300
     144    2232       0       0       0                        00000000D   1301
     144       0      -1       1       0                               0D   1302
     110    2233       0       0       0                        01010000D   1303
     110       0       0       1       0                               0D   1304
     110    2234       0       0       0                        01010000D   1305
     110       0       0       1       0                               0D   1306
     120    2235       0       0       0                        01010000D   1307
     120       0       0       1       0                               0D   1308
     126    2236       0       0       0                        01010500D   1309
     126       0       0       2       0                               0D   1310
     124    2238       0       0       0                        00000000D   1311
     124       0       0       4       0                               0D   1312
     100    2242       0       0       0            1311        01010000D   1313
     100       0       0       1       0                               0D   1314
     126    2243       0       0       0                        01010500D   1315
     126       0       0       2       0                               0D   1316
     110    2245       0       0       0                        01010000D   1317
     110       0       0       1       0                               0D   1318
     126    2246       0       0       0                        01010500D   1319
     126       0       0       2       0                               0D   1320
     100    2248       0       0       0                        01010000D   1321
     100       0       0       1       0                               0D   1322
     126    2249       0       0       0                        01010500D   1323
     126       0       0       2       0                               0D   1324
     110    2251       0       0       0                        01010000D   1325
     110       0       0       1       0                               0D   1326
     102    2252       0       0       0                        01010500D   1327
     102       0       0       1       0                               0D   1328
     102    2253       0       0       0                        01010000D   1329
     102       0       0       1       0                               0D   1330
     142    2254       0       0       0                        00010500D   1331
     142       0       0       1       0                               0D   1332
     144    2255       0       0       0                        00000000D   1333
     144       0      -1       1       0                               0D   1334
     110    2256       0       0       0                        01010000D   1335
     110       0       0       1       0                               0D   1336
     110    2257       0       0       0                        01010000D   1337
     110       0       0       1       0                               0D   1338
     120    2258       0       0       0                        01010000D   1339
     120       0       0       1       0                               0D   1340
     126    2259       0       0       0                        01010500D   1341
     126       0       0       2       0                               0D   1342
     124    2261       0       0       0                        00000000D   1343
     124       0       0       4       0                               0D   1344
     100    2265       0       0       0            1343        01010000D   1345
     100       0       0       1       0                               0D   1346
     126    2266       0       0       0                        01010500D   1347
     126       0       0       2       0                               0D   1348
     110    2268       0       0       0                        01010000D   1349
     110       0       0       1       0                               0D   1350
     126    2269       0       0       0                        01010500D   1351
     126       0       0       2       0                               0D   1352
     100    2271       0       0       0                        01010000D   1353
     100       0       0       1       0                               0D   1354
     126    2272       0       0       0                        01010500D   1355
     126       0       0       2       0                               0D   1356
     110    2274       0       0       0                        01010000D   1357
     110       0       0       1       0                               0D   1358
     102    2275       0       0       0                        01010500D   1359
     102       0       0       1       0                               0D   1360
     102    2276       0       0       0                        01010000D   1361
     102       0       0       1       0                               0D   1362
     142    2277       0       0       0                        00010500D   1363
     142       0       0       1       0                               0D   1364
     144    2278       0       0       0                        00000000D   1365
     144       0      -1       1       0                               0D   1366
     110    2279       0       0       0                        01010000D   1367
     110       0       0       1       0                               0D   1368
     110    2280       0       0       0                        01010000D   1369
     110       0       0       1       0                               0D   1370
     120    2281       0       0       0                        01010000D   1371
     120       0       0       1       0                               0D   1372
     126    2282       0       0       0                        01010500D   1373
     126       0       0       2       0                               0D   1374
     124    2284       0       0       0                        00000000D   1375
     124       0       0       4       0                               0D   1376
     100    2288       0       0       0            1375        01010000D   1377
     100       0       0       1       0                               0D   1378
     126    2289       0       0       0                        01010500D   1379
     126       0       0       2       0                               0D   1380
     110    2291       0       0       0                        01010000D   1381
     110       0       0       1       0                               0D   1382
     126    2292       0       0       0                        01010500D   1383
     126       0       0       2       0                               0D   1384
     100    2294       0       0       0                        01010000D   1385
     100       0       0       1       0                               0D   1386
     126    2295       0       0       0                        01010500D   1387
     126       0       0       2       0                               0D   1388
     110    2297       0       0       0                        01010000D   1389
     110       0       0       1       0                               0D   1390
     102    2298       0       0       0                        01010500D   1391
     102       0       0       1       0                               0D   1392
     102    2299       0       0       0                        01010000D   1393
     102       0       0       1       0                               0D   1394
     142    2300       0       0       0                        00010500D   1395
     142       0       0       1       0                               0D   1396
     144    2301       0       0       0                        00000000D   1397
     144       0      -1       1       0                               0D   1398
     110    2302       0       0       0                        01010000D   1399
     110       0       0       1       0                               0D   1400
     110    2303       0       0       0                        01010000D   1401
     110       0       0       1       0                               0D   1402
     120    2304       0       0       0                        01010000D   1403
     120       0       0       1       0                               0D   1404
     126    2305       0       0       0                        01010500D   1405
     126       0       0       2       0                               0D   1406
     124    2307       0       0       0                        00000000D   1407
     124       0       0       4       0                               0D   1408
     100    2311       0       0       0            1407        01010000D   1409
     100       0       0       1       0                               0D   1410
     126    2312       0       0       0                        01010500D   1411
     126       0       0       2       0                               0D   1412
     110    2314       0       0       0                        01010000D   1413
     110       0       0       1       0                               0D   1414
     126    2315       0       0       0                        01010500D   1415
     126       0       0       2       0                               0D   1416
     100    2317       0       0       0                        01010000D   1417
     100       0       0       1       0                               0D   1418
     126    2318       0       0       0                        01010500D   1419
     126       0       0       2       0                               0D   1420
     110    2320       0       0       0                        01010000D   1421
     110       0       0       1       0                               0D   1422
     102    2321       0       0       0                        01010500D   1423
     102       0       0       1       0                               0D   1424
     102    2322       0       0       0                        01010000D   1425
     102       0       0       1       0                               0D   1426
     142    2323       0       0       0                        00010500D   1427
     142       0       0       1       0                               0D   1428
     144    2324       0       0       0                        00000000D   1429
     144       0      -1       1       0                               0D   1430
     110    2325       0       0       0                        01010000D   1431
     110       0       0       1       0                               0D   1432
     110    2326       0       0       0                        01010000D   1433
     110       0       0       1       0                               0D   1434
     120    2327       0       0       0                        01010000D   1435
     120       0       0       1       0                               0D   1436
     126    2328       0       0       0                        01010500D   1437
     126       0       0       2       0                               0D   1438
     124    2330       0       0       0                        00000000D   1439
     124       0       0       4       0                               0D   1440
     100    2334       0       0       0            1439        01010000D   1441
     100       0       0       1       0                               0D   1442
     126    2335       0       0       0                        01010500D   1443
     126       0       0       2       0                               0D   1444
     110    2337       0       0       0                        01010000D   1445
     110       0       0       1       0                               0D   1446
     126    2338       0       0       0                        01010500D   1447
     126       0       0       2       0                               0D   1448
     100    2340       0       0       0                        01010000D   1449
     100       0       0       1       0                               0D   1450
     126    2341       0       0       0                        01010500D   1451
     126       0       0       2       0                               0D   1452
     110    2343       0       0       0                        01010000D   1453
     110       0       0       1       0                               0D   1454
     102    2344       0       0       0                        01010500D   1455
     102       0       0       1       0                               0D   1456
     102    2345       0       0       0                        01010000D   1457
     102       0       0       1       0                               0D   1458
     142    2346       0       0       0                        00010500D   1459
     142       0       0       1       0                               0D   1460
     144    2347       0       0       0                        00000000D   1461
     144       0      -1       1       0                               0D   1462
     110    2348       0       0       0                        01010000D   1463
     110       0       0       1       0                               0D   1464
     110    2349       0       0       0                        01010000D   1465
     110       0       0       1       0                               0D   1466
     120    2350       0       0       0                        01010000D   1467
     120       0       0       1       0                               0D   1468
     126    2351       0       0       0                        01010500D   1469
     126       0       0       2       0                               0D   1470
     124    2353       0       0       0                        00000000D   1471
     124       0       0       4       0                               0D   1472
     100    2357       0       0       0            1471        01010000D   1473
     100       0       0       1       0                               0D   1474
     126    2358       0       0       0                        01010500D   1475
     126       0       0       2       0                               0D   1476
     110    2360       0       0       0                        01010000D   1477
     110       0       0       1       0                               0D   1478
     126    2361       0       0       0                        01010500D   1479
     126       0       0       2       0                               0D   1480
     100    2363       0       0       0                        01010000D   1481
     100       0       0       1       0                               0D   1482
     126    2364       0       0       0                        01010500D   1483
     126       0       0       2       0                               0D   1484
     110    2366       0       0       0                        01010000D   1485
     110       0       0       1       0                               0D   1486
     102    2367       0       0       0                        01010500D   1487
     102       0       0       1       0                               0D   1488
     102    2368       0       0       0                        01010000D   1489
     102       0       0       1       0                               0D   1490
     142    2369       0       0       0                        00010500D   1491
     142       0       0       1       0                               0D   1492
     144    2370       0       0       0                        00000000D   1493
     144       0      -1       1       0                               0D   1494
314,66.6666666666667,69.8039215686274,76.8627450980392,;               1P      1
110,57.5,12.5,2.,57.5,12.5,1002.;                                      3P      2
110,59.,12.5,0.,59.,12.5,2.;                                           5P      3
120,3,5,0.,6.28318530717959;                                           7P      4
126,1,1,1,0,1,0,0.,0.,1.,1.,1.,1.,0.,6.283185307,0.,1.,                9P      5
6.283185307,0.,0.,1.,0.,0.,1.;                                         9P      6
110,59.,12.5,0.,59.,12.5,2.;                                          11P      7
126,1,1,1,0,1,0,0.,0.,1.,1.,1.,1.,1.,6.283185307,0.,1.,               13P      8
3.141592654,0.,0.,1.,0.,0.,1.;                                        13P      9
124,1.,-7.105427357601E-015,0.,8.74300631892341E-014,                 15P     10
-7.105427357601E-015,-1.,6.98296672221876E-015,                       15P     11
25.0000000000004,-4.96169627852706E-029,-6.98296672221876E-015,       15P     12
-1.,4.00000000000009;                                                 15P     13
100,2.,57.5,12.5,59.,12.5,56.,12.5;                                   17P     14
126,1,1,1,0,1,0,0.,0.,1.,1.,1.,1.,1.,3.141592654,0.,0.,               19P     15
3.141592654,0.,0.,1.,0.,0.,1.;                                        19P     16
110,56.,12.5,2.,56.,12.5,0.;                                          21P     17
126,1,1,1,0,1,0,0.,0.,1.,1.,1.,1.,0.,3.141592654,0.,0.,               23P     18
6.283185307,0.,0.,1.,0.,0.,1.;                                        23P     19
100,0.,57.5,12.5,56.,12.5,59.,12.5;                                   25P     20
102,4,9,13,19,23;                                                     27P     21
102,4,11,17,21,25;                                                    29P     22
142,1,7,27,29,1;                                                      31P     23
144,7,1,0,31;                                                         33P     24
110,50.5,19.5,2.,50.5,19.5,1002.;                                     35P     25
110,52.,19.5,0.,52.,19.5,2.;                                          37P     26
120,35,37,0.,6.28318530717959;                                        39P     27
126,1,1,1,0,1,0,0.,0.,1.,1.,1.,1.,0.,6.283185307,0.,1.,               41P     28
6.283185307,0.,0.,1.,0.,0.,1.;                                        41P     29
110,52.,19.5,0.,52.,19.5,2.;                                          43P     30
126,1,1,1,0,1,0,0.,0.,1.,1.,1.,1.,1.,6.283185307,0.,1.,               45P     31
3.141592654,0.,0.,1.,0.,0.,1.;                                        45P     32
124,1.,-7.105427357601E-015,0.,1.38333788868297E-013,                 47P     33
-7.105427357601E-015,-1.,6.98296672221876E-015,                       47P     34
39.0000000000003,-4.96169627852706E-029,-6.98296672221876E-015,       47P     35
-1.,4.00000000000014;                                                 47P     36
100,2.,50.5,19.5,52.,19.5,49.,19.5;                                   49P     37
126,1,1,1,0,1,0,0.,0.,1.,1.,1.,1.,1.,3.141592654,0.,0.,               51P     38
3.141592654,0.,0.,1.,0.,0.,1.;                                        51P     39
110,49.,19.5,2.,49.,19.5,0.;                                          53P     40
126,1,1,1,0,1,0,0.,0.,1.,1.,1.,1.,0.,3.141592654,0.,0.,               55P     41
6.283185307,0.,0.,1.,0.,0.,1.;                                        55P     42
100,0.,50.5,19.5,49.,19.5,52.,19.5;                                   57P     43
102,4,41,45,51,55;                                                    59P     44
102,4,43,49,53,57;                                                    61P     45
142,1,39,59,61,1;                                                     63P     46
144,39,1,0,63;                                                        65P     47
110,50.5,5.5,2.,50.5,5.5,1002.;                                       67P     48
110,52.,5.5,0.,52.,5.5,2.;                                            69P     49
120,67,69,0.,6.28318530717959;                                        71P     50
126,1,1,1,0,1,0,0.,0.,1.,1.,1.,1.,0.,6.283185307,0.,1.,               73P     51
6.283185307,0.,0.,1.,0.,0.,1.;                                        73P     52
110,52.,5.5,0.,52.,5.5,2.;                                            75P     53
126,1,1,1,0,1,0,0.,0.,1.,1.,1.,1.,1.,6.283185307,0.,1.,               77P     54
3.141592654,0.,0.,1.,0.,0.,1.;                                        77P     55
124,1.,-7.105427357601E-015,0.,3.65263375101703E-014,                 79P     56
-7.105427357601E-015,-1.,6.98296672221876E-015,                       79P     57
11.0000000000003,-4.96169627852706E-029,-6.98296672221876E-015,       79P     58
-1.,4.00000000000004;                                                 79P     59
100,2.,50.5,5.5,52.,5.5,49.,5.5;                                      81P     60
126,1,1,1,0,1,0,0.,0.,1.,1.,1.,1.,1.,3.141592654,0.,0.,               83P     61
3.141592654,0.,0.,1.,0.,0.,1.;                                        83P     62
110,49.,5.5,2.,49.,5.5,0.;                                            85P     63
126,1,1,1,0,1,0,0.,0.,1.,1.,1.,1.,0.,3.141592654,0.,0.,               87P     64
6.283185307,0.,0.,1.,0.,0.,1.;                                        87P     65
100,0.,50.5,5.5,49.,5.5,52.,5.5;                                      89P     66
102,4,73,77,83,87;                                                    91P     67
102,4,75,81,85,89;                                                    93P     68
142,1,71,91,93,1;                                                     95P     69
144,71,1,0,95;                                                        97P     70
110,43.5,12.5,2.,43.5,12.5,1002.;                                     99P     71
110,45.,12.5,0.,45.,12.5,2.;                                         101P     72
120,99,101,0.,6.28318530717959;                                      103P     73
126,1,1,1,0,1,0,0.,0.,1.,1.,1.,1.,0.,6.283185307,0.,1.,              105P     74
6.283185307,0.,0.,1.,0.,0.,1.;                                       105P     75
110,45.,12.5,0.,45.,12.5,2.;                                         107P     76
126,1,1,1,0,1,0,0.,0.,1.,1.,1.,1.,1.,6.283185307,0.,1.,              109P     77
3.141592654,0.,0.,1.,0.,0.,1.;                                       109P     78
124,1.,-7.105427357601E-015,0.,8.74300631892334E-014,                111P     79
-7.105427357601E-015,-1.,6.98296672221876E-015,                      111P     80
25.0000000000003,-4.96169627852706E-029,-6.98296672221876E-015,      111P     81
-1.,4.00000000000009;                                                111P     82
100,2.,43.5,12.5,45.,12.5,42.,12.5;                                  113P     83
126,1,1,1,0,1,0,0.,0.,1.,1.,1.,1.,1.,3.141592654,0.,0.,              115P     84
3.141592654,0.,0.,1.,0.,0.,1.;                                       115P     85
110,42.,12.5,2.,42.,12.5,0.;                                         117P     86
126,1,1,1,0,1,0,0.,0.,1.,1.,1.,1.,0.,3.141592654,0.,0.,              119P     87
6.283185307,0.,0.,1.,0.,0.,1.;                                       119P     88
100,0.,43.5,12.5,42.,12.5,45.,12.5;                                  121P     89
102,4,105,109,115,119;                                               123P     90
102,4,107,113,117,121;                                               125P     91
142,1,103,123,125,1;                                                 127P     92
144,103,1,0,127;                                                     129P     93
110,19.5,12.5,2.,19.5,12.5,1002.;                                    131P     94
110,21.,12.5,0.,21.,12.5,2.;                                         133P     95
120,131,133,0.,6.28318530717959;                                     135P     96
126,1,1,1,0,1,0,0.,0.,1.,1.,1.,1.,0.,6.283185307,0.,1.,              137P     97
6.283185307,0.,0.,1.,0.,0.,1.;                                       137P     98
110,21.,12.5,0.,21.,12.5,2.;                                         139P     99
126,1,1,1,0,1,0,0.,0.,1.,1.,1.,1.,1.,6.283185307,0.,1.,              141P    100
3.141592654,0.,0.,1.,0.,0.,1.;                                       141P    101
124,1.,-7.105427357601E-015,0.,8.74300631892322E-014,                143P    102
-7.105427357601E-015,-1.,6.98296672221876E-015,                      143P    103
25.0000000000001,-4.96169627852706E-029,-6.98296672221876E-015,      143P    104
-1.,4.00000000000009;                                                143P    105
100,2.,19.5,12.5,21.,12.5,18.,12.5;                                  145P    106
126,1,1,1,0,1,0,0.,0.,1.,1.,1.,1.,1.,3.141592654,0.,0.,              147P    107
3.141592654,0.,0.,1.,0.,0.,1.;                                       147P    108
110,18.,12.5,2.,18.,12.5,0.;                                         149P    109
126,1,1,1,0,1,0,0.,0.,1.,1.,1.,1.,0.,3.141592654,0.,0.,              151P    110
6.283185307,0.,0.,1.,0.,0.,1.;                                       151P    111
100,0.,19.5,12.5,18.,12.5,21.,12.5;                                  153P    112
102,4,137,141,147,151;                                               155P    113
102,4,139,145,149,153;                                               157P    114
142,1,135,155,157,1;                                                 159P    115
144,135,1,0,159;                                                     161P    116
110,12.5,19.5,2.,12.5,19.5,1002.;                                    163P    117
110,14.,19.5,0.,14.,19.5,2.;                                         165P    118
120,163,165,0.,6.28318530717959;                                     167P    119
126,1,1,1,0,1,0,0.,0.,1.,1.,1.,1.,0.,6.283185307,0.,1.,              169P    120
6.283185307,0.,0.,1.,0.,0.,1.;                                       169P    121
110,14.,19.5,0.,14.,19.5,2.;                                         171P    122
126,1,1,1,0,1,0,0.,0.,1.,1.,1.,1.,1.,6.283185307,0.,1.,              173P    123
3.141592654,0.,0.,1.,0.,0.,1.;                                       173P    124
124,1.,-7.105427357601E-015,0.,1.38333788868295E-013,                175P    125
-7.105427357601E-015,-1.,6.98296672221876E-015,                      175P    126
39.0000000000001,-4.96169627852706E-029,-6.98296672221876E-015,      175P    127
-1.,4.00000000000014;                                                175P    128
100,2.,12.5,19.5,14.,19.5,11.,19.5;                                  177P    129
126,1,1,1,0,1,0,0.,0.,1.,1.,1.,1.,1.,3.141592654,0.,0.,              179P    130
3.141592654,0.,0.,1.,0.,0.,1.;                                       179P    131
110,11.,19.5,2.,11.,19.5,0.;                                         181P    132
126,1,1,1,0,1,0,0.,0.,1.,1.,1.,1.,0.,3.141592654,0.,0.,              183P    133
6.283185307,0.,0.,1.,0.,0.,1.;                                       183P    134
100,0.,12.5,19.5,11.,19.5,14.,19.5;                                  185P    135
102,4,169,173,179,183;                                               187P    136
102,4,171,177,181,185;                                               189P    137
142,1,167,187,189,1;                                                 191P    138
144,167,1,0,191;                                                     193P    139
110,12.5,5.5,2.,12.5,5.5,1002.;                                      195P    140
110,14.,5.5,0.,14.,5.5,2.;                                           197P    141
120,195,197,0.,6.28318530717959;                                     199P    142
126,1,1,1,0,1,0,0.,0.,1.,1.,1.,1.,0.,6.283185307,0.,1.,              201P    143
6.283185307,0.,0.,1.,0.,0.,1.;                                       201P    144
110,14.,5.5,0.,14.,5.5,2.;                                           203P    145
126,1,1,1,0,1,0,0.,0.,1.,1.,1.,1.,1.,6.283185307,0.,1.,              205P    146
3.141592654,0.,0.,1.,0.,0.,1.;                                       205P    147
124,1.,-7.105427357601E-015,0.,3.82610609861452E-014,                207P    148
-7.105427357601E-015,-1.,6.98296672221876E-015,                      207P    149
11.0000000000001,-4.96169627852706E-029,-6.98296672221876E-015,      207P    150
-1.,4.00000000000004;                                                207P    151
100,2.,12.5,5.5,14.,5.5,11.,5.5;                                     209P    152
126,1,1,1,0,1,0,0.,0.,1.,1.,1.,1.,1.,3.141592654,0.,0.,              211P    153
3.141592654,0.,0.,1.,0.,0.,1.;                                       211P    154
110,11.,5.5,2.,11.,5.5,0.;                                           213P    155
126,1,1,1,0,1,0,0.,0.,1.,1.,1.,1.,0.,3.141592654,0.,0.,              215P    156
6.283185307,0.,0.,1.,0.,0.,1.;                                       215P    157
100,0.,12.5,5.5,11.,5.5,14.,5.5;                                     217P    158
102,4,201,205,211,215;                                               219P    159
102,4,203,209,213,217;                                               221P    160
142,1,199,219,221,1;                                                 223P    161
144,199,1,0,223;                                                     225P    162
110,5.5,12.5,2.,5.5,12.5,1002.;                                      227P    163
110,7.,12.5,0.,7.,12.5,2.;                                           229P    164
120,227,229,0.,6.28318530717959;                                     231P    165
126,1,1,1,0,1,0,0.,0.,1.,1.,1.,1.,0.,6.283185307,0.,1.,              233P    166
6.283185307,0.,0.,1.,0.,0.,1.;                                       233P    167
110,7.,12.5,0.,7.,12.5,2.;                                           235P    168
126,1,1,1,0,1,0,0.,0.,1.,1.,1.,1.,1.,6.283185307,0.,1.,              237P    169
3.141592654,0.,0.,1.,0.,0.,1.;                                       237P    170
124,1.,-7.105427357601E-015,0.,8.91647866652083E-014,                239P    171
-7.105427357601E-015,-1.,6.98296672221876E-015,25.,                  239P    172
-4.96169627852706E-029,-6.98296672221876E-015,-1.,                   239P    173
4.00000000000009;                                                    239P    174
100,2.,5.5,12.5,7.,12.5,4.,12.5;                                     241P    175
126,1,1,1,0,1,0,0.,0.,1.,1.,1.,1.,1.,3.141592654,0.,0.,              243P    176
3.141592654,0.,0.,1.,0.,0.,1.;                                       243P    177
110,4.,12.5,2.,4.,12.5,0.;                                           245P    178
126,1,1,1,0,1,0,0.,0.,1.,1.,1.,1.,0.,3.141592654,0.,0.,              247P    179
6.283185307,0.,0.,1.,0.,0.,1.;                                       247P    180
100,0.,5.5,12.5,4.,12.5,7.,12.5;                                     249P    181
102,4,233,237,243,247;                                               251P    182
102,4,235,241,245,249;                                               253P    183
142,1,231,251,253,1;                                                 255P    184
144,231,1,0,255;                                                     257P    185
110,50.5,12.5,2.,50.5,12.5,1002.;                                    259P    186
110,54.5,12.5,0.,54.5,12.5,2.;                                       261P    187
120,259,261,0.,6.28318530717959;                                     263P    188
126,1,1,1,0,1,0,0.,0.,1.,1.,1.,1.,0.,6.283185307,0.,1.,              265P    189
6.283185307,0.,0.,1.,0.,0.,1.;                                       265P    190
110,54.5,12.5,0.,54.5,12.5,2.;                                       267P    191
126,1,1,1,0,1,0,0.,0.,1.,1.,1.,1.,1.,6.283185307,0.,1.,              269P    192
3.141592654,0.,0.,1.,0.,0.,1.;                                       269P    193
124,1.,-7.105427357601E-015,0.,8.74300631892338E-014,                271P    194
-7.105427357601E-015,-1.,6.98296672221876E-015,                      271P    195
25.0000000000003,-4.96169627852706E-029,-6.98296672221876E-015,      271P    196
-1.,4.00000000000009;                                                271P    197
100,2.,50.5,12.5,54.5,12.5,46.5,12.5;                                273P    198
126,1,1,1,0,1,0,0.,0.,1.,1.,1.,1.,1.,3.141592654,0.,0.,              275P    199
3.141592654,0.,0.,1.,0.,0.,1.;                                       275P    200
110,46.5,12.5,2.,46.5,12.5,0.;                                       277P    201
126,1,1,1,0,1,0,0.,0.,1.,1.,1.,1.,0.,3.141592654,0.,0.,              279P    202
6.283185307,0.,0.,1.,0.,0.,1.;                                       279P    203
100,0.,50.5,12.5,46.5,12.5,54.5,12.5;                                281P    204
102,4,265,269,275,279;                                               283P    205
102,4,267,273,277,281;                                               285P    206
142,1,263,283,285,1;                                                 287P    207
144,263,1,0,287;                                                     289P    208
110,12.5,12.5,2.,12.5,12.5,1002.;                                    291P    209
110,16.5,12.5,0.,16.5,12.5,2.;                                       293P    210
120,291,293,0.,6.28318530717959;                                     295P    211
126,1,1,1,0,1,0,0.,0.,1.,1.,1.,1.,0.,6.283185307,0.,1.,              297P    212
6.283185307,0.,0.,1.,0.,0.,1.;                                       297P    213
110,16.5,12.5,0.,16.5,12.5,2.;                                       299P    214
126,1,1,1,0,1,0,0.,0.,1.,1.,1.,1.,1.,6.283185307,0.,1.,              301P    215
3.141592654,0.,0.,1.,0.,0.,1.;                                       301P    216
124,1.,-7.105427357601E-015,0.,8.91647866652086E-014,                303P    217
-7.105427357601E-015,-1.,6.98296672221876E-015,                      303P    218
25.0000000000001,-4.96169627852706E-029,-6.98296672221876E-015,      303P    219
-1.,4.00000000000009;                                                303P    220
100,2.,12.5,12.5,16.5,12.5,8.5,12.5;                                 305P    221
126,1,1,1,0,1,0,0.,0.,1.,1.,1.,1.,1.,3.141592654,0.,0.,              307P    222
3.141592654,0.,0.,1.,0.,0.,1.;                                       307P    223
110,8.5,12.5,2.,8.5,12.5,0.;                                         309P    224
126,1,1,1,0,1,0,0.,0.,1.,1.,1.,1.,0.,3.141592654,0.,0.,              311P    225
6.283185307,0.,0.,1.,0.,0.,1.;                                       311P    226
100,0.,12.5,12.5,8.5,12.5,16.5,12.5;                                 313P    227
102,4,297,301,307,311;                                               315P    228
102,4,299,305,309,313;                                               317P    229
142,1,295,315,317,1;                                                 319P    230
144,295,1,0,319;                                                     321P    231
110,50.5,12.5,0.25,50.5,12.5,1000.25;                                323P    232
110,63.,12.5,0.25,63.,12.5,1.75;                                     325P    233
120,323,325,0.,6.28318530717959;                                     327P    234
126,1,1,1,0,1,0,0.,0.,1.,1.,1.,1.,0.,4.71238898,0.,0.,               329P    235
6.283185307,0.,0.,1.,0.,0.,1.;                                       329P    236
100,0.25,50.5,12.5,50.499999998,0.,63.,12.5;                         331P    237
126,1,1,1,0,1,0,0.,0.,1.,1.,1.,1.,0.,6.283185307,0.,1.,              333P    238
6.283185307,0.,0.,1.,0.,0.,1.;                                       333P    239
110,63.,12.5,0.25,63.,12.5,1.75;                                     335P    240
126,1,1,1,0,1,0,0.,0.,1.,1.,1.,1.,1.,6.283185307,0.,1.,              337P    241
4.71238898,0.,0.,1.,0.,0.,1.;                                        337P    242
124,1.,-8.98091486776141E-011,-6.98296672219874E-015,                339P    243
1.12262339080586E-009,-8.98091486776141E-011,-1.,                    339P    244
1.04083409903704E-016,25.0000000045354,-6.98296672220809E-015,       339P    245
-1.0408340927657E-016,-1.,3.5000000004354;                           339P    246
100,1.75,50.5,12.5,63.,12.5,50.499999999,25.;                        341P    247
126,1,1,1,0,1,0,0.,0.,1.,1.,1.,1.,1.,4.71238898,0.,0.,               343P    248
4.71238898,0.,0.,1.,0.,0.,1.;                                        343P    249
110,50.5,0.,1.75,50.5,0.,0.25;                                       345P    250
102,4,329,333,337,343;                                               347P    251
102,4,331,335,341,345;                                               349P    252
142,1,327,347,349,1;                                                 351P    253
144,327,1,0,351;                                                     353P    254
110,12.5,0.25,0.25,1012.5,0.25,0.25;                                 355P    255
110,12.5,0.25,0.,50.5,0.25,0.;                                       357P    256
120,355,357,0.,6.28318530717959;                                     359P    257
126,1,1,1,0,1,0,0.,0.,1.,1.,1.,1.,1.,4.71238898,0.,0.,               361P    258
4.71238898,0.,0.,1.,0.,0.,1.;                                        361P    259
110,50.5,0.,0.25,12.499999998,0.,0.25;                               363P    260
126,1,1,1,0,1,0,0.,0.,1.,1.,1.,1.,0.,4.71238898,0.,0.,               365P    261
6.283185307,0.,0.,1.,0.,0.,1.;                                       365P    262
124,8.58887693460487E-031,6.12303176911189E-017,1.,12.25,-1.,        367P    263
1.40271637621286E-014,0.,12.75,-1.40271637621286E-014,-1.,           367P    264
6.12303176911189E-017,0.500000000000175;                             367P    265
100,0.25,12.5,0.25,12.75,0.25,12.5,0.5;                              369P    266
126,1,1,1,0,1,0,0.,0.,1.,1.,1.,1.,0.,6.283185307,0.,1.,              371P    267
6.283185307,0.,0.,1.,0.,0.,1.;                                       371P    268
110,12.499999995,0.25,0.,50.500000005,0.25,0.;                       373P    269
126,1,1,1,0,1,0,0.,0.,1.,1.,1.,1.,1.,6.283185307,0.,1.,              375P    270
4.71238898,0.,0.,1.,0.,0.,1.;                                        375P    271
124,-6.12303176911189E-017,8.62636845265042E-031,-1.,50.75,          377P    272
-1.40883940798198E-014,-1.,0.,0.500000000000712,-1.,                 377P    273
1.40883940798198E-014,6.12303176911189E-017,50.75;                   377P    274
100,0.25,50.5,0.25,50.75,0.25,50.5,0.5;                              379P    275
102,4,361,365,371,375;                                               381P    276
102,4,363,369,373,379;                                               383P    277
142,1,359,381,383,1;                                                 385P    278
144,359,1,0,385;                                                     387P    279
128,3,3,3,3,0,0,0,0,0,0.0631414565735155,0.0631414565735155,         389P    280
0.0631414565735155,0.0631414565735155,0.936858543537495,             389P    281
0.936858543537495,0.936858543537495,0.936858543537495,0.,0.,0.,      389P    282
0.,1.,1.,1.,1.,0.956578302439515,0.769794770281069,                  389P    283
0.7697947703048,0.956578302510711,0.769794770407103,                 389P    284
0.619482991552146,0.619482991571244,0.769794770464397,               389P    285
0.769794770407103,0.619482991552146,0.619482991571244,               389P    286
0.769794770464397,0.956578302439515,0.769794770281069,               389P    287
0.7697947703048,0.956578302510711,12.5,0.25,0.,12.5,                 389P    288
0.103553391,0.,12.5,0.,0.103553391,12.5,0.,0.25,5.324116139,         389P    289
0.25,0.,5.238329701,0.103553391,0.,5.17766953,0.,0.103553391,        389P    290
5.17766953,0.,0.25,0.25,5.324116139,0.,0.103553391,5.238329701,      389P    291
0.,0.,5.17766953,0.103553391,0.,5.17766953,0.25,0.25,12.5,0.,        389P    292
0.103553391,12.5,0.,0.,12.5,0.103553391,0.,12.5,0.25,                389P    293
0.0631414565735155,0.936858543537495,0.,1.;                          389P    294
126,1,1,1,0,1,0,0.,0.,1.,1.,1.,1.,0.063141457,1.,0.,                 391P    295
0.063141457,0.,0.,0.,1.,0.,0.,1.;                                    391P    296
126,27,3,1,0,1,0,0.,0.,0.,0.,0.0624999999999999,                     393P    297
0.0937499999999997,0.0937499999999997,0.125,0.125,                   393P    298
0.187499999999999,0.187499999999999,0.249999999999999,               393P    299
0.249999999999999,0.374999999999999,0.374999999999999,               393P    300
0.499999999999999,0.499999999999999,0.624999999999999,               393P    301
0.624999999999999,0.687499999999999,0.687499999999999,               393P    302
0.749999999999999,0.749999999999999,0.812499999999999,               393P    303
0.843749999999999,0.843749999999999,0.875,0.875,1.,1.,1.,1.,1.,      393P    304
1.,1.,1.,1.,1.,1.,1.,1.,1.,1.,1.,1.,1.,1.,1.,1.,1.,1.,1.,1.,1.,      393P    305
1.,1.,1.,1.,1.,1.,0.25,12.5,0.,0.250031346,12.125111267,0.,          393P    306
0.27561851,11.565313793,0.,0.339515892,11.009319758,0.,              393P    307
0.390627528,10.639502276,0.,0.41834031,10.466360204,0.,              393P    308
0.52684709,9.880137415,0.,0.617648023,9.494720419,0.,                393P    309
0.836176048,8.734682819,0.,0.957632707,8.375899014,0.,               393P    310
1.415014521,7.220721395,0.,1.783806301,6.504800647,0.,               393P    311
2.709803674,5.088560395,0.,3.239666867,4.436163273,0.,               393P    312
4.436216993,3.239720587,0.,5.103388003,2.700020839,0.,               393P    313
6.14332678,2.020197061,0.,6.499496516,1.812167125,0.,                393P    314
7.230882945,1.433263234,0.,7.621285976,1.256377901,0.,               393P    315
8.360393639,0.963808723,0.,8.922573113,0.772147272,0.,               393P    316
9.496525676,0.622133969,0.,9.88177696,0.531380245,0.,                393P    317
10.086804774,0.488578443,0.,11.007543942,0.31823241,0.,              393P    318
11.75055974,0.250062664,0.,12.5,0.25,0.,0.,1.,0.,0.,-1.;             393P    319
126,1,1,1,0,1,0,0.,0.,1.,1.,1.,1.,0.063141457,0.,0.,                 395P    320
0.936858544,0.,0.,0.,1.,0.,0.,1.;                                    395P    321
124,-6.12303176911189E-017,8.62636845265042E-031,-1.,12.75,          397P    322
-1.40883940798198E-014,-1.,0.,0.500000000000176,-1.,                 397P    323
1.40883940798198E-014,6.12303176911189E-017,12.75;                   397P    324
100,0.25,12.5,0.25,12.75,0.25,12.5,0.5;                              399P    325
126,1,1,1,0,1,0,0.,0.,1.,1.,1.,1.,0.936858544,0.,0.,                 401P    326
0.936858544,1.,0.,0.,1.,0.,0.,1.;                                    401P    327
124,4.10192718848642E-010,-1.,-1.4322304558864E-024,                 403P    328
24.9999999948726,-1.,-4.10192718848642E-010,                         403P    329
6.98296672221876E-015,25.0000000051274,-6.98296672221876E-015,       403P    330
-1.4321316495301E-024,-1.,0.500000000000087;                         403P    331
100,0.25,12.5,12.5,25.,12.500000008,12.499999997,25.;                405P    332
126,1,1,1,0,1,0,0.,0.,1.,1.,1.,1.,0.936858544,1.,0.,                 407P    333
0.063141457,1.,0.,0.,1.,0.,0.,1.;                                    407P    334
126,3,3,1,0,0,0,0.0631414569999997,0.0631414569999997,               409P    335
0.0631414569999997,0.0631414569999997,0.936858543,0.936858543,       409P    336
0.936858543,0.936858543,0.956578302165993,0.769794770395974,         409P    337
0.769794770395974,0.956578302165993,0.,12.5,0.25,0.,12.5,            409P    338
0.103553391,0.103553391,12.5,0.,0.25,12.5,0.,                        409P    339
0.0631414569999997,0.936858543,0.,1.,0.;                             409P    340
102,4,391,395,401,407;                                               411P    341
102,4,393,399,405,409;                                               413P    342
142,1,389,411,413,1;                                                 415P    343
144,389,1,0,415;                                                     417P    344
128,3,3,3,3,0,0,0,0,0,0.0631414562091339,0.0631414562091339,         419P    345
0.0631414562091339,0.0631414562091339,0.936858543537495,             419P    346
0.936858543537495,0.936858543537495,0.936858543537495,0.,0.,0.,      419P    347
0.,1.,1.,1.,1.,0.956578302673208,0.769794770281068,                  419P    348
0.769794770226903,0.956578302510711,0.769794770595165,               419P    349
0.619482991552146,0.619482991508557,0.769794770464397,               419P    350
0.769794770595165,0.619482991552146,0.619482991508557,               419P    351
0.769794770464397,0.956578302673208,0.769794770281068,               419P    352
0.769794770226903,0.956578302510711,0.25,12.5,0.,0.103553391,        419P    353
12.5,0.,0.,12.5,0.103553391,0.,12.5,0.25,0.25,19.675883861,0.,       419P    354
0.103553391,19.761670298,0.,0.,19.82233047,0.103553391,0.,           419P    355
19.82233047,0.25,5.324116139,24.75,0.,5.238329702,24.896446609,      419P    356
0.,5.17766953,25.,0.103553391,5.17766953,25.,0.25,12.5,24.75,        419P    357
0.,12.5,24.896446609,0.,12.5,25.,0.103553391,12.5,25.,0.25,          419P    358
0.0631414562091339,0.936858543537495,0.,1.;                          419P    359
126,1,1,1,0,1,0,0.,0.,1.,1.,1.,1.,0.936858544,1.,0.,                 421P    360
0.063141456,1.,0.,0.,1.,0.,0.,1.;                                    421P    361
124,-1.2558330553868E-026,-6.12303176911189E-017,-1.,12.75,1.,       423P    362
-2.05099875803675E-010,0.,12.2500000050762,                          423P    363
-2.05099875803675E-010,-1.,6.12303176911189E-017,                    423P    364
25.0000000025638;                                                    423P    365
100,0.25,12.5,24.75,12.75,24.75,12.5,25.;                            425P    366
126,1,1,1,0,1,0,0.,0.,1.,1.,1.,1.,0.063141456,1.,0.,                 427P    367
0.063141456,0.,0.,0.,1.,0.,0.,1.;                                    427P    368
126,27,3,1,0,1,0,0.,0.,0.,0.,0.0625000000000003,                     429P    369
0.0937500000000005,0.0937500000000005,0.125000000000001,             429P    370
0.125000000000001,0.187500000000001,0.187500000000001,               429P    371
0.250000000000001,0.250000000000001,0.375000000000002,               429P    372
0.375000000000002,0.500000000000002,0.500000000000002,               429P    373
0.625000000000003,0.625000000000003,0.687500000000003,               429P    374
0.687500000000003,0.750000000000003,0.750000000000003,               429P    375
0.812500000000003,0.843750000000002,0.843750000000002,               429P    376
0.875000000000002,0.875000000000002,1.,1.,1.,1.,1.,1.,1.,1.,1.,      429P    377
1.,1.,1.,1.,1.,1.,1.,1.,1.,1.,1.,1.,1.,1.,1.,1.,1.,1.,1.,1.,1.,      429P    378
1.,1.,12.5,24.75,0.,12.125111267,24.749968654,0.,11.565313793,       429P    379
24.72438149,0.,11.009319758,24.660484108,0.,10.639502276,            429P    380
24.609372472,0.,10.466360204,24.58165969,0.,9.880137415,             429P    381
24.47315291,0.,9.494720419,24.382351977,0.,8.734682819,              429P    382
24.163823952,0.,8.375899014,24.042367293,0.,7.220721395,             429P    383
23.584985479,0.,6.504800647,23.216193699,0.,5.088560395,             429P    384
22.290196326,0.,4.436163273,21.760333133,0.,3.239720587,             429P    385
20.563783007,0.,2.700020839,19.896611997,0.,2.020197061,             429P    386
18.85667322,0.,1.812167125,18.500503484,0.,1.433263234,              429P    387
17.769117055,0.,1.256377901,17.378714024,0.,0.963808723,             429P    388
16.639606361,0.,0.772147272,16.077426887,0.,0.622133969,             429P    389
15.503474324,0.,0.531380245,15.11822304,0.,0.488578443,              429P    390
14.913195226,0.,0.31823241,13.992456058,0.,0.250062664,              429P    391
13.24944026,0.,0.25,12.5,0.,0.,1.,0.,0.,-1.;                         429P    392
126,1,1,1,0,1,0,0.,0.,1.,1.,1.,1.,0.063141456,0.,0.,                 431P    393
0.936858544,0.,0.,0.,1.,0.,0.,1.;                                    431P    394
126,3,3,1,0,0,0,0.0631414569999997,0.0631414569999997,               433P    395
0.0631414569999997,0.0631414569999997,0.936858543,0.936858543,       433P    396
0.936858543,0.936858543,0.956578302165993,0.769794770395974,         433P    397
0.769794770395974,0.956578302165993,0.25,12.5,0.,0.103553391,        433P    398
12.5,0.,0.,12.5,0.103553391,0.,12.5,0.25,0.0631414569999997,         433P    399
0.936858543,0.,-1.,0.;                                               433P    400
126,1,1,1,0,1,0,0.,0.,1.,1.,1.,1.,0.936858544,0.,0.,                 435P    401
0.936858544,1.,0.,0.,1.,0.,0.,1.;                                    435P    402
124,-1.,-4.10206812961889E-010,6.98296672221876E-015,                437P    403
25.0000000051276,-4.10206812961889E-010,1.,                          437P    404
1.4322294868051E-024,5.12758447023759E-009,                          437P    405
-6.98296672221876E-015,-1.43223103733519E-024,-1.,                   437P    406
0.500000000000087;                                                   437P    407
100,0.25,12.5,12.5,25.,12.5,12.499999997,25.;                        439P    408
102,4,421,427,431,435;                                               441P    409
102,4,425,429,433,439;                                               443P    410
142,1,419,441,443,1;                                                 445P    411
144,419,1,0,445;                                                     447P    412
110,50.5,24.75,0.25,-949.5,24.75,0.25;                               449P    413
110,50.5,24.5,0.25,12.5,24.5,0.25;                                   451P    414
120,449,451,0.,6.28318530717959;                                     453P    415
126,1,1,1,0,1,0,0.,0.,1.,1.,1.,1.,0.,4.71238898,0.,1.,               455P    416
4.71238898,0.,0.,1.,0.,0.,1.;                                        455P    417
110,50.500000005,24.75,0.,12.499999995,24.75,0.;                     457P    418
126,1,1,1,0,1,0,0.,0.,1.,1.,1.,1.,1.,4.712388981,0.,1.,              459P    419
3.141592654,0.,0.,1.,0.,0.,1.;                                       459P    420
124,6.12303176911189E-017,-8.55138541655932E-031,1.,12.25,           461P    421
1.39659334444375E-014,1.,0.,-1.7459620446462E-013,-1.,               461P    422
1.39659334444375E-014,6.12303176911189E-017,12.7499999999997;        461P    423
100,0.25,12.5,24.75,12.75,24.75,12.5,25.;                            463P    424
126,1,1,1,0,1,0,0.,0.,1.,1.,1.,1.,1.,3.141592654,0.,0.,              465P    425
3.141592654,0.,0.,1.,0.,0.,1.;                                       465P    426
110,12.499999997,25.,0.25,50.5,25.,0.25;                             467P    427
126,1,1,1,0,1,0,0.,0.,1.,1.,1.,1.,0.,3.141592654,0.,0.,              469P    428
4.712388981,0.,0.,1.,0.,0.,1.;                                       469P    429
124,-1.25574740145808E-026,-6.12303176911189E-017,-1.,50.75,1.,      471P    430
-2.05085886993564E-010,0.,-25.7499999949241,                         471P    431
-2.05085886993564E-010,-1.,6.12303176911189E-017,                    471P    432
25.0000000103568;                                                    471P    433
100,0.25,50.5,24.75,50.75,24.75,50.5,25.;                            473P    434
102,4,455,459,465,469;                                               475P    435
102,4,457,463,467,473;                                               477P    436
142,1,453,475,477,1;                                                 479P    437
144,453,1,0,479;                                                     481P    438
128,1,1,1,1,0,0,1,0,0,0.,0.,1.,1.,0.,0.,1.,1.,1.,1.,1.,1.,           483P    439
12.499999998,0.,1.75,12.499999998,0.,0.25,50.5,0.,1.75,50.5,0.,      483P    440
0.25,0.,1.,0.,1.;                                                    483P    441
126,1,1,1,0,1,0,0.,0.,1.,1.,1.,1.,1.,1.,0.,0.,1.,0.,0.,1.,0.,        485P    442
0.,1.;                                                               485P    443
110,50.5,0.,0.25,50.5,0.,1.75;                                       487P    444
126,1,1,1,0,1,0,0.,0.,1.,1.,1.,1.,0.,1.,0.,0.,0.,0.,0.,1.,0.,        489P    445
0.,1.;                                                               489P    446
110,50.5,0.,1.75,12.499999998,0.,1.75;                               491P    447
126,1,1,1,0,1,0,0.,0.,1.,1.,1.,1.,0.,0.,0.,1.,0.,0.,0.,1.,0.,        493P    448
0.,1.;                                                               493P    449
110,12.499999998,0.,1.75,12.499999998,0.,0.25;                       495P    450
126,1,1,1,0,1,0,0.,0.,1.,1.,1.,1.,1.,0.,0.,1.,1.,0.,0.,1.,0.,        497P    451
0.,1.;                                                               497P    452
110,12.499999998,0.,0.25,50.5,0.,0.25;                               499P    453
102,4,485,489,493,497;                                               501P    454
102,4,487,491,495,499;                                               503P    455
142,1,483,501,503,1;                                                 505P    456
144,483,1,0,505;                                                     507P    457
128,1,1,1,1,0,0,1,0,0,0.,0.,1.,1.,0.,0.,1.,1.,1.,1.,1.,1.,           509P    458
12.499999997,25.,0.25,12.499999997,25.,1.75,50.5,25.,0.25,50.5,      509P    459
25.,1.75,0.,1.,0.,1.;                                                509P    460
126,1,1,1,0,1,0,0.,0.,1.,1.,1.,1.,0.,0.,0.,1.,0.,0.,0.,1.,0.,        511P    461
0.,1.;                                                               511P    462
110,12.499999997,25.,0.25,12.499999999,25.,1.75;                     513P    463
126,1,1,1,0,1,0,0.,0.,1.,1.,1.,1.,1.,0.,0.,1.,1.,0.,0.,1.,0.,        515P    464
0.,1.;                                                               515P    465
110,12.499999999,25.,1.75,50.5,25.,1.75;                             517P    466
126,1,1,1,0,1,0,0.,0.,1.,1.,1.,1.,1.,1.,0.,0.,1.,0.,0.,1.,0.,        519P    467
0.,1.;                                                               519P    468
110,50.5,25.,1.75,50.5,25.,0.25;                                     521P    469
126,1,1,1,0,1,0,0.,0.,1.,1.,1.,1.,0.,1.,0.,0.,0.,0.,0.,1.,0.,        523P    470
0.,1.;                                                               523P    471
110,50.5,25.,0.25,12.499999997,25.,0.25;                             525P    472
102,4,511,515,519,523;                                               527P    473
102,4,513,517,521,525;                                               529P    474
142,1,509,527,529,1;                                                 531P    475
144,509,1,0,531;                                                     533P    476
110,12.5,12.5,0.25,12.5,12.5,1000.25;                                535P    477
110,25.,12.5,0.25,25.,12.5,1.75;                                     537P    478
120,535,537,0.,6.28318530717959;                                     539P    479
126,1,1,1,0,1,0,0.,0.,1.,1.,1.,1.,0.,1.570796327,0.,0.,              541P    480
3.141592654,0.,0.,1.,0.,0.,1.;                                       541P    481
100,0.25,12.5,12.5,12.499999997,25.,0.,12.499999995;                 543P    482
126,1,1,1,0,1,0,0.,0.,1.,1.,1.,1.,0.,3.141592654,0.,0.,              545P    483
4.71238898,0.,0.,1.,0.,0.,1.;                                        545P    484
100,0.25,12.5,12.5,0.,12.499999997,12.499999998,0.;                  547P    485
126,1,1,1,0,1,0,0.,0.,1.,1.,1.,1.,0.,4.71238898,0.,1.,               549P    486
4.71238898,0.,0.,1.,0.,0.,1.;                                        549P    487
110,12.499999998,0.,0.25,12.499999998,0.,1.75;                       551P    488
126,1,1,1,0,1,0,0.,0.,1.,1.,1.,1.,1.,4.71238898,0.,1.,               553P    489
1.570796327,0.,0.,1.,0.,0.,1.;                                       553P    490
124,-1.92344756954762E-010,-1.,6.98296672221876E-015,                555P    491
25.0000000024043,-1.,1.92344756954762E-010,                          555P    492
7.16114258868643E-025,24.9999999975957,-2.059251295877E-024,         555P    493
-6.98296672221876E-015,-1.,3.50000000043513;                         555P    494
100,1.75,12.5,12.5,25.,12.5,0.,12.500000004;                         557P    495
126,1,1,1,0,1,0,0.,0.,1.,1.,1.,1.,1.,1.570796327,0.,0.,              559P    496
1.570796327,0.,0.,1.,0.,0.,1.;                                       559P    497
110,12.499999999,25.,1.75,12.499999997,25.,0.25;                     561P    498
102,5,541,545,549,553,559;                                           563P    499
102,5,543,547,551,557,561;                                           565P    500
142,1,539,563,565,1;                                                 567P    501
144,539,1,0,567;                                                     569P    502
128,1,1,1,1,0,0,1,0,0,0.,0.,1.,1.,0.,0.,1.,1.,1.,1.,1.,1.,           571P    503
63.125017278,0.25,0.,-0.125000103,0.25,0.,63.125017278,24.75,        571P    504
0.,-0.125000103,24.75,0.,0.,1.,0.,1.;                                571P    505
126,1,1,1,0,1,0,0.,0.,1.,1.,1.,1.,0.80039531,1.,0.,0.199604961,      573P    506
1.,0.,0.,1.,0.,0.,1.;                                                573P    507
110,12.499999995,24.75,0.,50.500000005,24.75,0.;                     575P    508
126,44,2,1,0,1,0,0.,0.,0.,0.0625,0.0625,0.125,0.125,0.1875,          577P    509
0.1875,0.25,0.25,0.3125,0.3125,0.34375,0.34375,0.375,0.375,          577P    510
0.40625,0.40625,0.4375,0.4375,0.46875,0.46875,0.5,0.5,0.53125,       577P    511
0.53125,0.5625,0.5625,0.59375,0.59375,0.625,0.625,0.65625,           577P    512
0.65625,0.6875,0.6875,0.75,0.75,0.8125,0.8125,0.875,0.875,           577P    513
0.9375,0.9375,1.,1.,1.,1.,1.,1.,1.,1.,1.,1.,1.,1.,1.,1.,1.,1.,       577P    514
1.,1.,1.,1.,1.,1.,1.,1.,1.,1.,1.,1.,1.,1.,1.,1.,1.,1.,1.,1.,1.,      577P    515
1.,1.,1.,1.,1.,1.,1.,1.,1.,1.,1.,0.199604961,1.,0.,0.186689412,      577P    516
0.999997278,0.,0.17389578,0.995575221,0.,0.159416014,                577P    517
0.990570361,0.,0.145375727,0.98,0.,0.129559511,0.968092614,0.,       577P    518
0.114735775,0.949438202,0.,0.098162655,0.92858234,0.,                577P    519
0.08339946,0.9,0.,0.067096012,0.868435648,0.,0.053684811,            577P    520
0.828767123,0.,0.046565407,0.807708888,0.,0.040391018,               577P    521
0.784697509,0.,0.034002295,0.760887332,0.,0.028714518,               577P    522
0.735294118,0.,0.023276702,0.708974707,0.,0.019084465,               577P    523
0.681132075,0.,0.014802369,0.652692644,0.,0.011888382,               577P    524
0.623076923,0.,0.008933457,0.593045142,0.,0.00743633,                577P    525
0.562256809,0.,0.005929669,0.531272405,0.,0.005929125,0.5,0.,        577P    526
0.005928582,0.468772405,0.,0.00743633,0.437743191,0.,                577P    527
0.008930247,0.406998631,0.,0.011888382,0.376923077,0.,               577P    528
0.01479718,0.347349133,0.,0.019084465,0.318867925,0.,                577P    529
0.023269759,0.29106426,0.,0.028714518,0.264705882,0.,                577P    530
0.033993879,0.239148202,0.,0.040391018,0.215302491,0.,               577P    531
0.046555432,0.192324275,0.,0.053684811,0.171232877,0.,               577P    532
0.067083819,0.131593545,0.,0.08339946,0.1,0.,0.098148773,            577P    533
0.071439484,0.,0.114735775,0.050561798,0.,0.129544487,               577P    534
0.031922404,0.,0.145375727,0.02,0.,0.159400165,0.009438288,0.,       577P    535
0.17389578,0.004424779,0.,0.186681318,2.724E-006,0.,                 577P    536
0.199604961,0.,0.,0.,1.,0.,0.,-1.;                                   577P    537
126,3,3,1,0,0,0,0.,0.,0.,0.,1.,1.,1.,1.,0.956578302214898,           579P    538
0.318859434071633,0.318859434071633,0.956578302214898,50.5,          579P    539
24.75,0.,75.,24.75,0.,75.,0.25,0.,50.5,0.25,0.,0.,1.,0.,0.,1.;       579P    540
126,1,1,1,0,1,0,0.,0.,1.,1.,1.,1.,0.199604961,0.,0.,0.80039531,      581P    541
0.,0.,0.,1.,0.,0.,1.;                                                581P    542
110,50.500000005,0.25,0.,12.499999995,0.25,0.;                       583P    543
126,16,2,1,0,1,0,0.,0.,0.,0.125,0.125,0.25,0.25,0.375,0.375,         585P    544
0.5,0.5,0.625,0.625,0.75,0.75,0.875,0.875,1.,1.,1.,1.,1.,1.,1.,      585P    545
1.,1.,1.,1.,1.,1.,1.,1.,1.,1.,1.,1.,1.,0.80039531,0.,0.,             585P    546
0.818168592,3.837E-006,0.,0.835637156,0.008347316,0.,                585P    547
0.854158121,0.017193451,0.,0.871686361,0.035105849,0.,               585P    548
0.889934901,0.053754335,0.,0.906376617,0.081502244,0.,               585P    549
0.92315647,0.109820813,0.,0.937344807,0.146446609,0.,                585P    550
0.951520913,0.18304083,0.,0.962501116,0.226395123,0.,                585P    551
0.973241506,0.268802538,0.,0.980472837,0.315952645,0.,               585P    552
0.987406756,0.361163552,0.,0.9908378,0.409018474,0.,                 585P    553
0.994069659,0.454095257,0.,0.994071146,0.5,0.,0.,1.,0.,0.,-1.;       585P    554
126,27,3,1,0,1,0,0.,0.,0.,0.,0.0624999999999998,                     587P    555
0.0937499999999997,0.0937499999999997,0.125,0.125,                   587P    556
0.187499999999999,0.187499999999999,0.249999999999999,               587P    557
0.249999999999999,0.374999999999999,0.374999999999999,               587P    558
0.499999999999999,0.499999999999999,0.624999999999999,               587P    559
0.624999999999999,0.687499999999999,0.687499999999999,               587P    560
0.749999999999998,0.749999999999998,0.812499999999998,               587P    561
0.843749999999999,0.843749999999999,0.874999999999999,               587P    562
0.874999999999999,1.,1.,1.,1.,1.,1.,1.,1.,1.,1.,1.,1.,1.,1.,1.,      587P    563
1.,1.,1.,1.,1.,1.,1.,1.,1.,1.,1.,1.,1.,1.,1.,1.,1.,12.5,0.25,        587P    564
0.,12.12527987,0.250031332,0.,11.565608848,0.275618486,0.,           587P    565
11.009551587,0.339515873,0.,10.639649804,0.390627516,0.,             587P    566
10.466194492,0.418387519,0.,9.880468839,0.526752673,0.,              587P    567
9.495217555,0.617506397,0.,8.735179955,0.836034422,0.,               587P    568
8.375579978,0.957797346,0.,7.221359467,1.414685243,0.,               587P    569
6.504231185,1.784268368,0.,5.089129857,2.709341607,0.,               587P    570
4.435701205,3.240236329,0.,3.240182655,4.435647531,0.,               587P    571
2.699691562,5.104026076,0.,2.0203617,6.143007743,0.,                 587P    572
1.812414083,6.499017962,0.,1.433510191,7.230404391,0.,               587P    573
1.256283483,7.6216174,0.,0.96390314,8.360062215,0.,0.772312503,      587P    574
8.921993121,0.,0.622263793,9.496069968,0.,0.53146286,                587P    575
9.881486964,0.,0.488578436,10.086889076,0.,0.318232438,              587P    576
11.007206736,0.,0.250062692,11.750222533,0.,0.25,12.5,0.,0.,1.,      587P    577
0.,0.,1.;                                                            587P    578
126,16,2,1,0,1,0,0.,0.,0.,0.125,0.125,0.25,0.25,0.375,0.375,         589P    579
0.5,0.5,0.625,0.625,0.75,0.75,0.875,0.875,1.,1.,1.,1.,1.,1.,1.,      589P    580
1.,1.,1.,1.,1.,1.,1.,1.,1.,1.,1.,1.,1.,0.994071146,0.5,0.,           589P    581
0.99406966,0.545884098,0.,0.9908378,0.590981526,0.,0.987411234,      589P    582
0.638795865,0.,0.980472837,0.684047355,0.,0.973249315,               589P    583
0.731158396,0.,0.962501116,0.773604877,0.,0.951531871,               589P    584
0.816924305,0.,0.937344807,0.853553391,0.,0.923169975,               589P    585
0.890150897,0.,0.906376617,0.918497756,0.,0.889950034,               589P    586
0.946225505,0.,0.871686361,0.964894151,0.,0.85417384,                589P    587
0.982794988,0.,0.835637156,0.991652684,0.,0.818176589,               589P    588
0.999996162,0.,0.80039531,1.,0.,0.,1.,0.,0.,-1.;                     589P    589
126,27,3,1,0,1,0,0.,0.,0.,0.,0.0624999999999999,0.09375,             591P    590
0.09375,0.125,0.125,0.1875,0.1875,0.25,0.25,0.375,0.375,0.5,         591P    591
0.5,0.625,0.625,0.6875,0.6875,0.75,0.75,0.8125,0.84375,0.84375,      591P    592
0.875,0.875,1.,1.,1.,1.,1.,1.,1.,1.,1.,1.,1.,1.,1.,1.,1.,1.,1.,      591P    593
1.,1.,1.,1.,1.,1.,1.,1.,1.,1.,1.,1.,1.,1.,1.,0.25,12.5,0.,           591P    594
0.250031332,12.87472013,0.,0.275618486,13.434391152,0.,              591P    595
0.339515873,13.990448413,0.,0.390627516,14.360350196,0.,             591P    596
0.418387519,14.533805508,0.,0.526752673,15.119531161,0.,             591P    597
0.617506397,15.504782445,0.,0.836034422,16.264820045,0.,             591P    598
0.957797346,16.624420022,0.,1.414685243,17.778640533,0.,             591P    599
1.784268368,18.495768815,0.,2.709341607,19.910870143,0.,             591P    600
3.240236329,20.564298795,0.,4.435647531,21.759817345,0.,             591P    601
5.104026076,22.300308438,0.,6.143007743,22.9796383,0.,               591P    602
6.499017962,23.187585917,0.,7.230404391,23.566489809,0.,             591P    603
7.6216174,23.743716517,0.,8.360062215,24.03609686,0.,                591P    604
8.921993121,24.227687497,0.,9.496069968,24.377736207,0.,             591P    605
9.881486964,24.46853714,0.,10.086889076,24.511421564,0.,             591P    606
11.007206736,24.681767562,0.,11.750222533,24.749937308,0.,12.5,      591P    607
24.75,0.,0.,1.,0.,0.,1.;                                             591P    608
102,5,573,577,581,585,589;                                           593P    609
102,5,575,579,583,587,591;                                           595P    610
142,1,571,593,595,1;                                                 597P    611
126,32,2,1,0,1,0,0.,0.,0.,0.0625,0.0625,0.125,0.125,0.1875,          599P    612
0.1875,0.25,0.25,0.3125,0.3125,0.375,0.375,0.4375,0.4375,0.5,        599P    613
0.5,0.5625,0.5625,0.625,0.625,0.6875,0.6875,0.75,0.75,0.8125,        599P    614
0.8125,0.875,0.875,0.9375,0.9375,1.,1.,1.,1.,1.,1.,1.,1.,1.,1.,      599P    615
1.,1.,1.,1.,1.,1.,1.,1.,1.,1.,1.,1.,1.,1.,1.,1.,1.,1.,1.,1.,1.,      599P    616
1.,1.,1.,1.,1.,0.112648464,0.5,0.,0.112648464,0.493969914,0.,        599P    617
0.112192779,0.488055695,0.,0.111737094,0.482141475,0.,               599P    618
0.110843236,0.476570402,0.,0.109949377,0.470999329,0.,               599P    619
0.108651697,0.465985496,0.,0.107354016,0.460971663,0.,               599P    620
0.105702381,0.456707748,0.,0.104050747,0.452443833,0.,               599P    621
0.10210863,0.449093697,0.,0.100166513,0.445743561,0.,                599P    622
0.098008549,0.443435947,0.,0.095850585,0.441128333,0.,               599P    623
0.093559702,0.439951922,0.,0.091268819,0.43877551,0.,                599P    624
0.088933055,0.43877551,0.,0.086597291,0.43877551,0.,                 599P    625
0.084306408,0.439951922,0.,0.082015526,0.441128333,0.,               599P    626
0.079857561,0.443435947,0.,0.077699597,0.445743561,0.,               599P    627
0.07575748,0.449093697,0.,0.073815363,0.452443833,0.,                599P    628
0.072163729,0.456707748,0.,0.070512094,0.460971663,0.,               599P    629
0.069214414,0.465985496,0.,0.067916733,0.470999329,0.,               599P    630
0.067022875,0.476570402,0.,0.066129016,0.482141475,0.,               599P    631
0.065673331,0.488055695,0.,0.065217647,0.493969914,0.,               599P    632
0.065217647,0.5,0.,0.,1.,0.,0.,1.;                                   599P    633
100,0.,57.5,12.5,56.,12.5,59.,12.5;                                  601P    634
126,32,2,1,0,1,0,0.,0.,0.,0.0625,0.0625,0.125,0.125,0.1875,          603P    635
0.1875,0.25,0.25,0.3125,0.3125,0.375,0.375,0.4375,0.4375,0.5,        603P    636
0.5,0.5625,0.5625,0.625,0.625,0.6875,0.6875,0.75,0.75,0.8125,        603P    637
0.8125,0.875,0.875,0.9375,0.9375,1.,1.,1.,1.,1.,1.,1.,1.,1.,1.,      603P    638
1.,1.,1.,1.,1.,1.,1.,1.,1.,1.,1.,1.,1.,1.,1.,1.,1.,1.,1.,1.,1.,      603P    639
1.,1.,1.,1.,1.,0.065217647,0.5,0.,0.065217647,0.506030086,0.,        603P    640
0.065673331,0.511944305,0.,0.066129016,0.517858525,0.,               603P    641
0.067022875,0.523429598,0.,0.067916733,0.529000671,0.,               603P    642
0.069214414,0.534014504,0.,0.070512094,0.539028337,0.,               603P    643
0.072163729,0.543292252,0.,0.073815363,0.547556167,0.,               603P    644
0.07575748,0.550906303,0.,0.077699597,0.554256439,0.,                603P    645
0.079857561,0.556564053,0.,0.082015526,0.558871667,0.,               603P    646
0.084306408,0.560048078,0.,0.086597291,0.56122449,0.,                603P    647
0.088933055,0.56122449,0.,0.091268819,0.56122449,0.,                 603P    648
0.093559702,0.560048078,0.,0.095850585,0.558871667,0.,               603P    649
0.098008549,0.556564053,0.,0.100166513,0.554256439,0.,               603P    650
0.10210863,0.550906303,0.,0.104050747,0.547556167,0.,                603P    651
0.105702381,0.543292252,0.,0.107354016,0.539028337,0.,               603P    652
0.108651697,0.534014504,0.,0.109949377,0.529000671,0.,               603P    653
0.110843236,0.523429598,0.,0.111737094,0.517858525,0.,               603P    654
0.112192779,0.511944305,0.,0.112648464,0.506030086,0.,               603P    655
0.112648464,0.5,0.,0.,1.,0.,0.,1.;                                   603P    656
100,0.,57.5,12.5,59.,12.5,56.,12.5;                                  605P    657
102,2,599,603;                                                       607P    658
102,2,601,605;                                                       609P    659
142,1,571,607,609,1;                                                 611P    660
126,32,2,1,0,1,0,0.,0.,0.,0.0625,0.0625,0.125,0.125,0.1875,          613P    661
0.1875,0.25,0.25,0.3125,0.3125,0.375,0.375,0.4375,0.4375,0.5,        613P    662
0.5,0.5625,0.5625,0.625,0.625,0.6875,0.6875,0.75,0.75,0.8125,        613P    663
0.8125,0.875,0.875,0.9375,0.9375,1.,1.,1.,1.,1.,1.,1.,1.,1.,1.,      613P    664
1.,1.,1.,1.,1.,1.,1.,1.,1.,1.,1.,1.,1.,1.,1.,1.,1.,1.,1.,1.,1.,      613P    665
1.,1.,1.,1.,1.,0.22332037,0.785714286,0.,0.22332037,0.7796842,       613P    666
0.,0.222864685,0.77376998,0.,0.222409,0.767855761,0.,                613P    667
0.221515142,0.762284688,0.,0.220621284,0.756713615,0.,               613P    668
0.219323603,0.751699782,0.,0.218025922,0.746685948,0.,               613P    669
0.216374288,0.742422034,0.,0.214722653,0.738158119,0.,               613P    670
0.212780536,0.734807983,0.,0.21083842,0.731457847,0.,                613P    671
0.208680455,0.729150233,0.,0.206522491,0.726842619,0.,               613P    672
0.204231608,0.725666207,0.,0.201940725,0.724489796,0.,               613P    673
0.199604961,0.724489796,0.,0.197269198,0.724489796,0.,               613P    674
0.194978315,0.725666207,0.,0.192687432,0.726842619,0.,               613P    675
0.190529467,0.729150233,0.,0.188371503,0.731457847,0.,               613P    676
0.186429386,0.734807983,0.,0.18448727,0.738158119,0.,                613P    677
0.182835635,0.742422034,0.,0.181184001,0.746685948,0.,               613P    678
0.17988632,0.751699782,0.,0.178588639,0.756713615,0.,                613P    679
0.177694781,0.762284688,0.,0.176800923,0.767855761,0.,               613P    680
0.176345238,0.77376998,0.,0.175889553,0.7796842,0.,0.175889553,      613P    681
0.785714286,0.,0.,1.,0.,0.,1.;                                       613P    682
100,0.,50.5,19.5,49.,19.5,52.,19.5;                                  615P    683
126,32,2,1,0,1,0,0.,0.,0.,0.0625,0.0625,0.125,0.125,0.1875,          617P    684
0.1875,0.25,0.25,0.3125,0.3125,0.375,0.375,0.4375,0.4375,0.5,        617P    685
0.5,0.5625,0.5625,0.625,0.625,0.6875,0.6875,0.75,0.75,0.8125,        617P    686
0.8125,0.875,0.875,0.9375,0.9375,1.,1.,1.,1.,1.,1.,1.,1.,1.,1.,      617P    687
1.,1.,1.,1.,1.,1.,1.,1.,1.,1.,1.,1.,1.,1.,1.,1.,1.,1.,1.,1.,1.,      617P    688
1.,1.,1.,1.,1.,0.175889553,0.785714286,0.,0.175889553,               617P    689
0.791744372,0.,0.176345238,0.797658591,0.,0.176800923,               617P    690
0.803572811,0.,0.177694781,0.809143884,0.,0.178588639,               617P    691
0.814714957,0.,0.17988632,0.81972879,0.,0.181184001,                 617P    692
0.824742623,0.,0.182835635,0.829006538,0.,0.18448727,                617P    693
0.833270452,0.,0.186429386,0.836620589,0.,0.188371503,               617P    694
0.839970725,0.,0.190529467,0.842278339,0.,0.192687432,               617P    695
0.844585953,0.,0.194978315,0.845762364,0.,0.197269198,               617P    696
0.846938776,0.,0.199604961,0.846938776,0.,0.201940725,               617P    697
0.846938776,0.,0.204231608,0.845762364,0.,0.206522491,               617P    698
0.844585953,0.,0.208680455,0.842278339,0.,0.21083842,                617P    699
0.839970725,0.,0.212780536,0.836620589,0.,0.214722653,               617P    700
0.833270452,0.,0.216374288,0.829006538,0.,0.218025922,               617P    701
0.824742623,0.,0.219323603,0.81972879,0.,0.220621284,                617P    702
0.814714957,0.,0.221515142,0.809143884,0.,0.222409,0.803572811,      617P    703
0.,0.222864685,0.797658591,0.,0.22332037,0.791744372,0.,             617P    704
0.22332037,0.785714286,0.,0.,1.,0.,0.,1.;                            617P    705
100,0.,50.5,19.5,52.,19.5,49.,19.5;                                  619P    706
102,2,613,617;                                                       621P    707
102,2,615,619;                                                       623P    708
142,1,571,621,623,1;                                                 625P    709
126,32,2,1,0,1,0,0.,0.,0.,0.0625,0.0625,0.125,0.125,0.1875,          627P    710
0.1875,0.25,0.25,0.3125,0.3125,0.375,0.375,0.4375,0.4375,0.5,        627P    711
0.5,0.5625,0.5625,0.625,0.625,0.6875,0.6875,0.75,0.75,0.8125,        627P    712
0.8125,0.875,0.875,0.9375,0.9375,1.,1.,1.,1.,1.,1.,1.,1.,1.,1.,      627P    713
1.,1.,1.,1.,1.,1.,1.,1.,1.,1.,1.,1.,1.,1.,1.,1.,1.,1.,1.,1.,1.,      627P    714
1.,1.,1.,1.,1.,0.22332037,0.214285714,0.,0.22332037,                 627P    715
0.208255628,0.,0.222864685,0.202341409,0.,0.222409,0.196427189,      627P    716
0.,0.221515142,0.190856116,0.,0.220621284,0.185285043,0.,            627P    717
0.219323603,0.18027121,0.,0.218025922,0.175257377,0.,                627P    718
0.216374288,0.170993462,0.,0.214722653,0.166729548,0.,               627P    719
0.212780536,0.163379411,0.,0.21083842,0.160029275,0.,                627P    720
0.208680455,0.157721661,0.,0.206522491,0.155414047,0.,               627P    721
0.204231608,0.154237636,0.,0.201940725,0.153061224,0.,               627P    722
0.199604961,0.153061224,0.,0.197269198,0.153061224,0.,               627P    723
0.194978315,0.154237636,0.,0.192687432,0.155414047,0.,               627P    724
0.190529467,0.157721661,0.,0.188371503,0.160029275,0.,               627P    725
0.186429386,0.163379411,0.,0.18448727,0.166729548,0.,                627P    726
0.182835635,0.170993462,0.,0.181184001,0.175257377,0.,               627P    727
0.17988632,0.18027121,0.,0.178588639,0.185285043,0.,                 627P    728
0.177694781,0.190856116,0.,0.176800923,0.196427189,0.,               627P    729
0.176345238,0.202341409,0.,0.175889553,0.208255628,0.,               627P    730
0.175889553,0.214285714,0.,0.,1.,0.,0.,1.;                           627P    731
100,0.,50.5,5.5,49.,5.5,52.,5.5;                                     629P    732
126,32,2,1,0,1,0,0.,0.,0.,0.0625,0.0625,0.125,0.125,0.1875,          631P    733
0.1875,0.25,0.25,0.3125,0.3125,0.375,0.375,0.4375,0.4375,0.5,        631P    734
0.5,0.5625,0.5625,0.625,0.625,0.6875,0.6875,0.75,0.75,0.8125,        631P    735
0.8125,0.875,0.875,0.9375,0.9375,1.,1.,1.,1.,1.,1.,1.,1.,1.,1.,      631P    736
1.,1.,1.,1.,1.,1.,1.,1.,1.,1.,1.,1.,1.,1.,1.,1.,1.,1.,1.,1.,1.,      631P    737
1.,1.,1.,1.,1.,0.175889553,0.214285714,0.,0.175889553,               631P    738
0.2203158,0.,0.176345238,0.22623002,0.,0.176800923,0.232144239,      631P    739
0.,0.177694781,0.237715312,0.,0.178588639,0.243286385,0.,            631P    740
0.17988632,0.248300218,0.,0.181184001,0.253314052,0.,                631P    741
0.182835635,0.257577966,0.,0.18448727,0.261841881,0.,                631P    742
0.186429386,0.265192017,0.,0.188371503,0.268542153,0.,               631P    743
0.190529467,0.270849767,0.,0.192687432,0.273157381,0.,               631P    744
0.194978315,0.274333793,0.,0.197269198,0.275510204,0.,               631P    745
0.199604961,0.275510204,0.,0.201940725,0.275510204,0.,               631P    746
0.204231608,0.274333793,0.,0.206522491,0.273157381,0.,               631P    747
0.208680455,0.270849767,0.,0.21083842,0.268542153,0.,                631P    748
0.212780536,0.265192017,0.,0.214722653,0.261841881,0.,               631P    749
0.216374288,0.257577966,0.,0.218025922,0.253314052,0.,               631P    750
0.219323603,0.248300218,0.,0.220621284,0.243286385,0.,               631P    751
0.221515142,0.237715312,0.,0.222409,0.232144239,0.,0.222864685,      631P    752
0.22623002,0.,0.22332037,0.2203158,0.,0.22332037,0.214285714,        631P    753
0.,0.,1.,0.,0.,1.;                                                   631P    754
100,0.,50.5,5.5,52.,5.5,49.,5.5;                                     633P    755
102,2,627,631;                                                       635P    756
102,2,629,633;                                                       637P    757
142,1,571,635,637,1;                                                 639P    758
126,32,2,1,0,1,0,0.,0.,0.,0.0625,0.0625,0.125,0.125,0.1875,          641P    759
0.1875,0.25,0.25,0.3125,0.3125,0.375,0.375,0.4375,0.4375,0.5,        641P    760
0.5,0.5625,0.5625,0.625,0.625,0.6875,0.6875,0.75,0.75,0.8125,        641P    761
0.8125,0.875,0.875,0.9375,0.9375,1.,1.,1.,1.,1.,1.,1.,1.,1.,1.,      641P    762
1.,1.,1.,1.,1.,1.,1.,1.,1.,1.,1.,1.,1.,1.,1.,1.,1.,1.,1.,1.,1.,      641P    763
1.,1.,1.,1.,1.,0.333992276,0.5,0.,0.333992276,0.493969914,0.,        641P    764
0.333536591,0.488055695,0.,0.333080906,0.482141475,0.,               641P    765
0.332187048,0.476570402,0.,0.33129319,0.470999329,0.,                641P    766
0.329995509,0.465985496,0.,0.328697828,0.460971663,0.,               641P    767
0.327046194,0.456707748,0.,0.325394559,0.452443833,0.,               641P    768
0.323452443,0.449093697,0.,0.321510326,0.445743561,0.,               641P    769
0.319352362,0.443435947,0.,0.317194397,0.441128333,0.,               641P    770
0.314903514,0.439951922,0.,0.312612632,0.43877551,0.,                641P    771
0.310276868,0.43877551,0.,0.307941104,0.43877551,0.,                 641P    772
0.305650221,0.439951922,0.,0.303359338,0.441128333,0.,               641P    773
0.301201374,0.443435947,0.,0.299043409,0.445743561,0.,               641P    774
0.297101293,0.449093697,0.,0.295159176,0.452443833,0.,               641P    775
0.293507542,0.456707748,0.,0.291855907,0.460971663,0.,               641P    776
0.290558226,0.465985496,0.,0.289260545,0.470999329,0.,               641P    777
0.288366687,0.476570402,0.,0.287472829,0.482141475,0.,               641P    778
0.287017144,0.488055695,0.,0.286561459,0.493969914,0.,               641P    779
0.286561459,0.5,0.,0.,1.,0.,0.,1.;                                   641P    780
100,0.,43.5,12.5,42.,12.5,45.,12.5;                                  643P    781
126,32,2,1,0,1,0,0.,0.,0.,0.0625,0.0625,0.125,0.125,0.1875,          645P    782
0.1875,0.25,0.25,0.3125,0.3125,0.375,0.375,0.4375,0.4375,0.5,        645P    783
0.5,0.5625,0.5625,0.625,0.625,0.6875,0.6875,0.75,0.75,0.8125,        645P    784
0.8125,0.875,0.875,0.9375,0.9375,1.,1.,1.,1.,1.,1.,1.,1.,1.,1.,      645P    785
1.,1.,1.,1.,1.,1.,1.,1.,1.,1.,1.,1.,1.,1.,1.,1.,1.,1.,1.,1.,1.,      645P    786
1.,1.,1.,1.,1.,0.286561459,0.5,0.,0.286561459,0.506030086,0.,        645P    787
0.287017144,0.511944305,0.,0.287472829,0.517858525,0.,               645P    788
0.288366687,0.523429598,0.,0.289260545,0.529000671,0.,               645P    789
0.290558226,0.534014504,0.,0.291855907,0.539028337,0.,               645P    790
0.293507542,0.543292252,0.,0.295159176,0.547556167,0.,               645P    791
0.297101293,0.550906303,0.,0.299043409,0.554256439,0.,               645P    792
0.301201374,0.556564053,0.,0.303359338,0.558871667,0.,               645P    793
0.305650221,0.560048078,0.,0.307941104,0.56122449,0.,                645P    794
0.310276868,0.56122449,0.,0.312612632,0.56122449,0.,                 645P    795
0.314903514,0.560048078,0.,0.317194397,0.558871667,0.,               645P    796
0.319352362,0.556564053,0.,0.321510326,0.554256439,0.,               645P    797
0.323452443,0.550906303,0.,0.325394559,0.547556167,0.,               645P    798
0.327046194,0.543292252,0.,0.328697828,0.539028337,0.,               645P    799
0.329995509,0.534014504,0.,0.33129319,0.529000671,0.,                645P    800
0.332187048,0.523429598,0.,0.333080906,0.517858525,0.,               645P    801
0.333536591,0.511944305,0.,0.333992276,0.506030086,0.,               645P    802
0.333992276,0.5,0.,0.,1.,0.,0.,1.;                                   645P    803
100,0.,43.5,12.5,45.,12.5,42.,12.5;                                  647P    804
102,2,641,645;                                                       649P    805
102,2,643,647;                                                       651P    806
142,1,571,649,651,1;                                                 653P    807
126,32,2,1,0,1,0,0.,0.,0.,0.0625,0.0625,0.125,0.125,0.1875,          655P    808
0.1875,0.25,0.25,0.3125,0.3125,0.375,0.375,0.4375,0.4375,0.5,        655P    809
0.5,0.5625,0.5625,0.625,0.625,0.6875,0.6875,0.75,0.75,0.8125,        655P    810
0.8125,0.875,0.875,0.9375,0.9375,1.,1.,1.,1.,1.,1.,1.,1.,1.,1.,      655P    811
1.,1.,1.,1.,1.,1.,1.,1.,1.,1.,1.,1.,1.,1.,1.,1.,1.,1.,1.,1.,1.,      655P    812
1.,1.,1.,1.,1.,0.713438812,0.5,0.,0.713438812,0.493969914,0.,        655P    813
0.712983127,0.488055695,0.,0.712527442,0.482141475,0.,               655P    814
0.711633584,0.476570402,0.,0.710739726,0.470999329,0.,               655P    815
0.709442045,0.465985496,0.,0.708144364,0.460971663,0.,               655P    816
0.70649273,0.456707748,0.,0.704841095,0.452443833,0.,                655P    817
0.702898979,0.449093697,0.,0.700956862,0.445743561,0.,               655P    818
0.698798898,0.443435947,0.,0.696640933,0.441128333,0.,               655P    819
0.69435005,0.439951922,0.,0.692059168,0.43877551,0.,                 655P    820
0.689723404,0.43877551,0.,0.68738764,0.43877551,0.,0.685096757,      655P    821
0.439951922,0.,0.682805874,0.441128333,0.,0.68064791,                655P    822
0.443435947,0.,0.678489945,0.445743561,0.,0.676547829,               655P    823
0.449093697,0.,0.674605712,0.452443833,0.,0.672954078,               655P    824
0.456707748,0.,0.671302443,0.460971663,0.,0.670004762,               655P    825
0.465985496,0.,0.668707081,0.470999329,0.,0.667813223,               655P    826
0.476570402,0.,0.666919365,0.482141475,0.,0.66646368,                655P    827
0.488055695,0.,0.666007995,0.493969914,0.,0.666007995,0.5,0.,        655P    828
0.,1.,0.,0.,1.;                                                      655P    829
100,0.,19.5,12.5,18.,12.5,21.,12.5;                                  657P    830
126,32,2,1,0,1,0,0.,0.,0.,0.0625,0.0625,0.125,0.125,0.1875,          659P    831
0.1875,0.25,0.25,0.3125,0.3125,0.375,0.375,0.4375,0.4375,0.5,        659P    832
0.5,0.5625,0.5625,0.625,0.625,0.6875,0.6875,0.75,0.75,0.8125,        659P    833
0.8125,0.875,0.875,0.9375,0.9375,1.,1.,1.,1.,1.,1.,1.,1.,1.,1.,      659P    834
1.,1.,1.,1.,1.,1.,1.,1.,1.,1.,1.,1.,1.,1.,1.,1.,1.,1.,1.,1.,1.,      659P    835
1.,1.,1.,1.,1.,0.666007995,0.5,0.,0.666007995,0.506030086,0.,        659P    836
0.66646368,0.511944305,0.,0.666919365,0.517858525,0.,                659P    837
0.667813223,0.523429598,0.,0.668707081,0.529000671,0.,               659P    838
0.670004762,0.534014504,0.,0.671302443,0.539028337,0.,               659P    839
0.672954078,0.543292252,0.,0.674605712,0.547556167,0.,               659P    840
0.676547829,0.550906303,0.,0.678489945,0.554256439,0.,               659P    841
0.68064791,0.556564053,0.,0.682805874,0.558871667,0.,                659P    842
0.685096757,0.560048078,0.,0.68738764,0.56122449,0.,                 659P    843
0.689723404,0.56122449,0.,0.692059168,0.56122449,0.,0.69435005,      659P    844
0.560048078,0.,0.696640933,0.558871667,0.,0.698798898,               659P    845
0.556564053,0.,0.700956862,0.554256439,0.,0.702898979,               659P    846
0.550906303,0.,0.704841095,0.547556167,0.,0.70649273,                659P    847
0.543292252,0.,0.708144364,0.539028337,0.,0.709442045,               659P    848
0.534014504,0.,0.710739726,0.529000671,0.,0.711633584,               659P    849
0.523429598,0.,0.712527442,0.517858525,0.,0.712983127,               659P    850
0.511944305,0.,0.713438812,0.506030086,0.,0.713438812,0.5,0.,        659P    851
0.,1.,0.,0.,1.;                                                      659P    852
100,0.,19.5,12.5,21.,12.5,18.,12.5;                                  661P    853
102,2,655,659;                                                       663P    854
102,2,657,661;                                                       665P    855
142,1,571,663,665,1;                                                 667P    856
126,32,2,1,0,1,0,0.,0.,0.,0.0625,0.0625,0.125,0.125,0.1875,          669P    857
0.1875,0.25,0.25,0.3125,0.3125,0.375,0.375,0.4375,0.4375,0.5,        669P    858
0.5,0.5625,0.5625,0.625,0.625,0.6875,0.6875,0.75,0.75,0.8125,        669P    859
0.8125,0.875,0.875,0.9375,0.9375,1.,1.,1.,1.,1.,1.,1.,1.,1.,1.,      669P    860
1.,1.,1.,1.,1.,1.,1.,1.,1.,1.,1.,1.,1.,1.,1.,1.,1.,1.,1.,1.,1.,      669P    861
1.,1.,1.,1.,1.,0.824110719,0.785714286,0.,0.824110719,               669P    862
0.7796842,0.,0.823655034,0.77376998,0.,0.823199349,0.767855761,      669P    863
0.,0.822305491,0.762284688,0.,0.821411633,0.756713615,0.,            669P    864
0.820113952,0.751699782,0.,0.818816271,0.746685948,0.,               669P    865
0.817164636,0.742422034,0.,0.815513002,0.738158119,0.,               669P    866
0.813570885,0.734807983,0.,0.811628768,0.731457847,0.,               669P    867
0.809470804,0.729150233,0.,0.80731284,0.726842619,0.,                669P    868
0.805021957,0.725666207,0.,0.802731074,0.724489796,0.,               669P    869
0.80039531,0.724489796,0.,0.798059546,0.724489796,0.,                669P    870
0.795768663,0.725666207,0.,0.793477781,0.726842619,0.,               669P    871
0.791319816,0.729150233,0.,0.789161852,0.731457847,0.,               669P    872
0.787219735,0.734807983,0.,0.785277618,0.738158119,0.,               669P    873
0.783625984,0.742422034,0.,0.781974349,0.746685948,0.,               669P    874
0.780676669,0.751699782,0.,0.779378988,0.756713615,0.,               669P    875
0.77848513,0.762284688,0.,0.777591271,0.767855761,0.,                669P    876
0.777135587,0.77376998,0.,0.776679902,0.7796842,0.,0.776679902,      669P    877
0.785714286,0.,0.,1.,0.,0.,1.;                                       669P    878
100,0.,12.5,19.5,11.,19.5,14.,19.5;                                  671P    879
126,32,2,1,0,1,0,0.,0.,0.,0.0625,0.0625,0.125,0.125,0.1875,          673P    880
0.1875,0.25,0.25,0.3125,0.3125,0.375,0.375,0.4375,0.4375,0.5,        673P    881
0.5,0.5625,0.5625,0.625,0.625,0.6875,0.6875,0.75,0.75,0.8125,        673P    882
0.8125,0.875,0.875,0.9375,0.9375,1.,1.,1.,1.,1.,1.,1.,1.,1.,1.,      673P    883
1.,1.,1.,1.,1.,1.,1.,1.,1.,1.,1.,1.,1.,1.,1.,1.,1.,1.,1.,1.,1.,      673P    884
1.,1.,1.,1.,1.,0.776679902,0.785714286,0.,0.776679902,               673P    885
0.791744372,0.,0.777135587,0.797658591,0.,0.777591271,               673P    886
0.803572811,0.,0.77848513,0.809143884,0.,0.779378988,                673P    887
0.814714957,0.,0.780676669,0.81972879,0.,0.781974349,                673P    888
0.824742623,0.,0.783625984,0.829006538,0.,0.785277618,               673P    889
0.833270452,0.,0.787219735,0.836620589,0.,0.789161852,               673P    890
0.839970725,0.,0.791319816,0.842278339,0.,0.793477781,               673P    891
0.844585953,0.,0.795768663,0.845762364,0.,0.798059546,               673P    892
0.846938776,0.,0.80039531,0.846938776,0.,0.802731074,                673P    893
0.846938776,0.,0.805021957,0.845762364,0.,0.80731284,                673P    894
0.844585953,0.,0.809470804,0.842278339,0.,0.811628768,               673P    895
0.839970725,0.,0.813570885,0.836620589,0.,0.815513002,               673P    896
0.833270452,0.,0.817164636,0.829006538,0.,0.818816271,               673P    897
0.824742623,0.,0.820113952,0.81972879,0.,0.821411633,                673P    898
0.814714957,0.,0.822305491,0.809143884,0.,0.823199349,               673P    899
0.803572811,0.,0.823655034,0.797658591,0.,0.824110719,               673P    900
0.791744372,0.,0.824110719,0.785714286,0.,0.,1.,0.,0.,1.;            673P    901
100,0.,12.5,19.5,14.,19.5,11.,19.5;                                  675P    902
102,2,669,673;                                                       677P    903
102,2,671,675;                                                       679P    904
142,1,571,677,679,1;                                                 681P    905
126,32,2,1,0,1,0,0.,0.,0.,0.0625,0.0625,0.125,0.125,0.1875,          683P    906
0.1875,0.25,0.25,0.3125,0.3125,0.375,0.375,0.4375,0.4375,0.5,        683P    907
0.5,0.5625,0.5625,0.625,0.625,0.6875,0.6875,0.75,0.75,0.8125,        683P    908
0.8125,0.875,0.875,0.9375,0.9375,1.,1.,1.,1.,1.,1.,1.,1.,1.,1.,      683P    909
1.,1.,1.,1.,1.,1.,1.,1.,1.,1.,1.,1.,1.,1.,1.,1.,1.,1.,1.,1.,1.,      683P    910
1.,1.,1.,1.,1.,0.824110719,0.214285714,0.,0.824110719,               683P    911
0.208255628,0.,0.823655034,0.202341409,0.,0.823199349,               683P    912
0.196427189,0.,0.822305491,0.190856116,0.,0.821411633,               683P    913
0.185285043,0.,0.820113952,0.18027121,0.,0.818816271,                683P    914
0.175257377,0.,0.817164636,0.170993462,0.,0.815513002,               683P    915
0.166729548,0.,0.813570885,0.163379411,0.,0.811628768,               683P    916
0.160029275,0.,0.809470804,0.157721661,0.,0.80731284,                683P    917
0.155414047,0.,0.805021957,0.154237636,0.,0.802731074,               683P    918
0.153061224,0.,0.80039531,0.153061224,0.,0.798059546,                683P    919
0.153061224,0.,0.795768663,0.154237636,0.,0.793477781,               683P    920
0.155414047,0.,0.791319816,0.157721661,0.,0.789161852,               683P    921
0.160029275,0.,0.787219735,0.163379411,0.,0.785277618,               683P    922
0.166729548,0.,0.783625984,0.170993462,0.,0.781974349,               683P    923
0.175257377,0.,0.780676669,0.18027121,0.,0.779378988,                683P    924
0.185285043,0.,0.77848513,0.190856116,0.,0.777591271,                683P    925
0.196427189,0.,0.777135587,0.202341409,0.,0.776679902,               683P    926
0.208255628,0.,0.776679902,0.214285714,0.,0.,1.,0.,0.,1.;            683P    927
100,0.,12.5,5.5,11.,5.5,14.,5.5;                                     685P    928
126,32,2,1,0,1,0,0.,0.,0.,0.0625,0.0625,0.125,0.125,0.1875,          687P    929
0.1875,0.25,0.25,0.3125,0.3125,0.375,0.375,0.4375,0.4375,0.5,        687P    930
0.5,0.5625,0.5625,0.625,0.625,0.6875,0.6875,0.75,0.75,0.8125,        687P    931
0.8125,0.875,0.875,0.9375,0.9375,1.,1.,1.,1.,1.,1.,1.,1.,1.,1.,      687P    932
1.,1.,1.,1.,1.,1.,1.,1.,1.,1.,1.,1.,1.,1.,1.,1.,1.,1.,1.,1.,1.,      687P    933
1.,1.,1.,1.,1.,0.776679902,0.214285714,0.,0.776679902,               687P    934
0.2203158,0.,0.777135587,0.22623002,0.,0.777591271,0.232144239,      687P    935
0.,0.77848513,0.237715312,0.,0.779378988,0.243286385,0.,             687P    936
0.780676669,0.248300218,0.,0.781974349,0.253314052,0.,               687P    937
0.783625984,0.257577966,0.,0.785277618,0.261841881,0.,               687P    938
0.787219735,0.265192017,0.,0.789161852,0.268542153,0.,               687P    939
0.791319816,0.270849767,0.,0.793477781,0.273157381,0.,               687P    940
0.795768663,0.274333793,0.,0.798059546,0.275510204,0.,               687P    941
0.80039531,0.275510204,0.,0.802731074,0.275510204,0.,                687P    942
0.805021957,0.274333793,0.,0.80731284,0.273157381,0.,                687P    943
0.809470804,0.270849767,0.,0.811628768,0.268542153,0.,               687P    944
0.813570885,0.265192017,0.,0.815513002,0.261841881,0.,               687P    945
0.817164636,0.257577966,0.,0.818816271,0.253314052,0.,               687P    946
0.820113952,0.248300218,0.,0.821411633,0.243286385,0.,               687P    947
0.822305491,0.237715312,0.,0.823199349,0.232144239,0.,               687P    948
0.823655034,0.22623002,0.,0.824110719,0.2203158,0.,0.824110719,      687P    949
0.214285714,0.,0.,1.,0.,0.,1.;                                       687P    950
100,0.,12.5,5.5,14.,5.5,11.,5.5;                                     689P    951
102,2,683,687;                                                       691P    952
102,2,685,689;                                                       693P    953
142,1,571,691,693,1;                                                 695P    954
126,32,2,1,0,1,0,0.,0.,0.,0.0625,0.0625,0.125,0.125,0.1875,          697P    955
0.1875,0.25,0.25,0.3125,0.3125,0.375,0.375,0.4375,0.4375,0.5,        697P    956
0.5,0.5625,0.5625,0.625,0.625,0.6875,0.6875,0.75,0.75,0.8125,        697P    957
0.8125,0.875,0.875,0.9375,0.9375,1.,1.,1.,1.,1.,1.,1.,1.,1.,1.,      697P    958
1.,1.,1.,1.,1.,1.,1.,1.,1.,1.,1.,1.,1.,1.,1.,1.,1.,1.,1.,1.,1.,      697P    959
1.,1.,1.,1.,1.,0.934782625,0.5,0.,0.934782625,0.493969914,0.,        697P    960
0.93432694,0.488055695,0.,0.933871255,0.482141475,0.,                697P    961
0.932977397,0.476570402,0.,0.932083539,0.470999329,0.,               697P    962
0.930785858,0.465985496,0.,0.929488177,0.460971663,0.,               697P    963
0.927836543,0.456707748,0.,0.926184908,0.452443833,0.,               697P    964
0.924242792,0.449093697,0.,0.922300675,0.445743561,0.,               697P    965
0.92014271,0.443435947,0.,0.917984746,0.441128333,0.,                697P    966
0.915693863,0.439951922,0.,0.91340298,0.43877551,0.,                 697P    967
0.911067216,0.43877551,0.,0.908731453,0.43877551,0.,0.90644057,      697P    968
0.439951922,0.,0.904149687,0.441128333,0.,0.901991723,               697P    969
0.443435947,0.,0.899833758,0.445743561,0.,0.897891641,               697P    970
0.449093697,0.,0.895949525,0.452443833,0.,0.89429789,                697P    971
0.456707748,0.,0.892646256,0.460971663,0.,0.891348575,               697P    972
0.465985496,0.,0.890050894,0.470999329,0.,0.889157036,               697P    973
0.476570402,0.,0.888263178,0.482141475,0.,0.887807493,               697P    974
0.488055695,0.,0.887351808,0.493969914,0.,0.887351808,0.5,0.,        697P    975
0.,1.,0.,0.,1.;                                                      697P    976
100,0.,5.5,12.5,4.,12.5,7.,12.5;                                     699P    977
126,32,2,1,0,1,0,0.,0.,0.,0.0625,0.0625,0.125,0.125,0.1875,          701P    978
0.1875,0.25,0.25,0.3125,0.3125,0.375,0.375,0.4375,0.4375,0.5,        701P    979
0.5,0.5625,0.5625,0.625,0.625,0.6875,0.6875,0.75,0.75,0.8125,        701P    980
0.8125,0.875,0.875,0.9375,0.9375,1.,1.,1.,1.,1.,1.,1.,1.,1.,1.,      701P    981
1.,1.,1.,1.,1.,1.,1.,1.,1.,1.,1.,1.,1.,1.,1.,1.,1.,1.,1.,1.,1.,      701P    982
1.,1.,1.,1.,1.,0.887351808,0.5,0.,0.887351808,0.506030086,0.,        701P    983
0.887807493,0.511944305,0.,0.888263178,0.517858525,0.,               701P    984
0.889157036,0.523429598,0.,0.890050894,0.529000671,0.,               701P    985
0.891348575,0.534014504,0.,0.892646256,0.539028337,0.,               701P    986
0.89429789,0.543292252,0.,0.895949525,0.547556167,0.,                701P    987
0.897891641,0.550906303,0.,0.899833758,0.554256439,0.,               701P    988
0.901991723,0.556564053,0.,0.904149687,0.558871667,0.,               701P    989
0.90644057,0.560048078,0.,0.908731453,0.56122449,0.,                 701P    990
0.911067216,0.56122449,0.,0.91340298,0.56122449,0.,0.915693863,      701P    991
0.560048078,0.,0.917984746,0.558871667,0.,0.92014271,                701P    992
0.556564053,0.,0.922300675,0.554256439,0.,0.924242792,               701P    993
0.550906303,0.,0.926184908,0.547556167,0.,0.927836543,               701P    994
0.543292252,0.,0.929488177,0.539028337,0.,0.930785858,               701P    995
0.534014504,0.,0.932083539,0.529000671,0.,0.932977397,               701P    996
0.523429598,0.,0.933871255,0.517858525,0.,0.93432694,                701P    997
0.511944305,0.,0.934782625,0.506030086,0.,0.934782625,0.5,0.,        701P    998
0.,1.,0.,0.,1.;                                                      701P    999
100,0.,5.5,12.5,7.,12.5,4.,12.5;                                     703P   1000
102,2,697,701;                                                       705P   1001
102,2,699,703;                                                       707P   1002
142,1,571,705,707,1;                                                 709P   1003
126,32,2,1,0,1,0,0.,0.,0.,0.0625,0.0625,0.125,0.125,0.1875,          711P   1004
0.1875,0.25,0.25,0.3125,0.3125,0.375,0.375,0.4375,0.4375,0.5,        711P   1005
0.5,0.5625,0.5625,0.625,0.625,0.6875,0.6875,0.75,0.75,0.8125,        711P   1006
0.8125,0.875,0.875,0.9375,0.9375,1.,1.,1.,1.,1.,1.,1.,1.,1.,1.,      711P   1007
1.,1.,1.,1.,1.,1.,1.,1.,1.,1.,1.,1.,1.,1.,1.,1.,1.,1.,1.,1.,1.,      711P   1008
1.,1.,1.,1.,1.,0.262846051,0.5,0.,0.262846051,0.483919771,0.,        711P   1009
0.261630891,0.468148519,0.,0.260415731,0.452377267,0.,               711P   1010
0.258032109,0.437521072,0.,0.255648488,0.422664878,0.,               711P   1011
0.252188005,0.409294656,0.,0.248727523,0.395924434,0.,               711P   1012
0.244323165,0.384553995,0.,0.239918806,0.373183556,0.,               711P   1013
0.234739828,0.364249859,0.,0.22956085,0.355316163,0.,                711P   1014
0.223806279,0.349162525,0.,0.218051707,0.343008888,0.,               711P   1015
0.211942686,0.339871791,0.,0.205833665,0.336734694,0.,               711P   1016
0.199604961,0.336734694,0.,0.193376258,0.336734694,0.,               711P   1017
0.187267237,0.339871791,0.,0.181158216,0.343008888,0.,               711P   1018
0.175403644,0.349162525,0.,0.169649072,0.355316163,0.,               711P   1019
0.164470095,0.364249859,0.,0.159291117,0.373183556,0.,               711P   1020
0.154886758,0.384553995,0.,0.1504824,0.395924434,0.,                 711P   1021
0.147021917,0.409294656,0.,0.143561435,0.422664878,0.,               711P   1022
0.141177813,0.437521072,0.,0.138794192,0.452377267,0.,               711P   1023
0.137579032,0.468148519,0.,0.136363872,0.483919771,0.,               711P   1024
0.136363872,0.5,0.,0.,1.,0.,0.,1.;                                   711P   1025
100,0.,50.5,12.5,46.5,12.5,54.5,12.5;                                713P   1026
126,32,2,1,0,1,0,0.,0.,0.,0.0625,0.0625,0.125,0.125,0.1875,          715P   1027
0.1875,0.25,0.25,0.3125,0.3125,0.375,0.375,0.4375,0.4375,0.5,        715P   1028
0.5,0.5625,0.5625,0.625,0.625,0.6875,0.6875,0.75,0.75,0.8125,        715P   1029
0.8125,0.875,0.875,0.9375,0.9375,1.,1.,1.,1.,1.,1.,1.,1.,1.,1.,      715P   1030
1.,1.,1.,1.,1.,1.,1.,1.,1.,1.,1.,1.,1.,1.,1.,1.,1.,1.,1.,1.,1.,      715P   1031
1.,1.,1.,1.,1.,0.136363872,0.5,0.,0.136363872,0.516080229,0.,        715P   1032
0.137579032,0.531851481,0.,0.138794192,0.547622733,0.,               715P   1033
0.141177813,0.562478928,0.,0.143561435,0.577335122,0.,               715P   1034
0.147021917,0.590705344,0.,0.1504824,0.604075566,0.,                 715P   1035
0.154886758,0.615446005,0.,0.159291117,0.626816444,0.,               715P   1036
0.164470095,0.635750141,0.,0.169649072,0.644683837,0.,               715P   1037
0.175403644,0.650837475,0.,0.181158216,0.656991112,0.,               715P   1038
0.187267237,0.660128209,0.,0.193376258,0.663265306,0.,               715P   1039
0.199604961,0.663265306,0.,0.205833665,0.663265306,0.,               715P   1040
0.211942686,0.660128209,0.,0.218051707,0.656991112,0.,               715P   1041
0.223806279,0.650837475,0.,0.22956085,0.644683837,0.,                715P   1042
0.234739828,0.635750141,0.,0.239918806,0.626816444,0.,               715P   1043
0.244323165,0.615446005,0.,0.248727523,0.604075566,0.,               715P   1044
0.252188005,0.590705344,0.,0.255648488,0.577335122,0.,               715P   1045
0.258032109,0.562478928,0.,0.260415731,0.547622733,0.,               715P   1046
0.261630891,0.531851481,0.,0.262846051,0.516080229,0.,               715P   1047
0.262846051,0.5,0.,0.,1.,0.,0.,1.;                                   715P   1048
100,0.,50.5,12.5,54.5,12.5,46.5,12.5;                                717P   1049
102,2,711,715;                                                       719P   1050
102,2,713,717;                                                       721P   1051
142,1,571,719,721,1;                                                 723P   1052
126,32,2,1,0,1,0,0.,0.,0.,0.0625,0.0625,0.125,0.125,0.1875,          725P   1053
0.1875,0.25,0.25,0.3125,0.3125,0.375,0.375,0.4375,0.4375,0.5,        725P   1054
0.5,0.5625,0.5625,0.625,0.625,0.6875,0.6875,0.75,0.75,0.8125,        725P   1055
0.8125,0.875,0.875,0.9375,0.9375,1.,1.,1.,1.,1.,1.,1.,1.,1.,1.,      725P   1056
1.,1.,1.,1.,1.,1.,1.,1.,1.,1.,1.,1.,1.,1.,1.,1.,1.,1.,1.,1.,1.,      725P   1057
1.,1.,1.,1.,1.,0.863636399,0.5,0.,0.863636399,0.483919771,0.,        725P   1058
0.86242124,0.468148519,0.,0.86120608,0.452377267,0.,                 725P   1059
0.858822458,0.437521072,0.,0.856438837,0.422664878,0.,               725P   1060
0.852978354,0.409294656,0.,0.849517872,0.395924434,0.,               725P   1061
0.845113513,0.384553995,0.,0.840709155,0.373183556,0.,               725P   1062
0.835530177,0.364249859,0.,0.830351199,0.355316163,0.,               725P   1063
0.824596627,0.349162525,0.,0.818842055,0.343008888,0.,               725P   1064
0.812733035,0.339871791,0.,0.806624014,0.336734694,0.,               725P   1065
0.80039531,0.336734694,0.,0.794166606,0.336734694,0.,                725P   1066
0.788057586,0.339871791,0.,0.781948565,0.343008888,0.,               725P   1067
0.776193993,0.349162525,0.,0.770439421,0.355316163,0.,               725P   1068
0.765260443,0.364249859,0.,0.760081466,0.373183556,0.,               725P   1069
0.755677107,0.384553995,0.,0.751272748,0.395924434,0.,               725P   1070
0.747812266,0.409294656,0.,0.744351784,0.422664878,0.,               725P   1071
0.741968162,0.437521072,0.,0.73958454,0.452377267,0.,                725P   1072
0.738369381,0.468148519,0.,0.737154221,0.483919771,0.,               725P   1073
0.737154221,0.5,0.,0.,1.,0.,0.,1.;                                   725P   1074
100,0.,12.5,12.5,8.5,12.5,16.5,12.5;                                 727P   1075
126,32,2,1,0,1,0,0.,0.,0.,0.0625,0.0625,0.125,0.125,0.1875,          729P   1076
0.1875,0.25,0.25,0.3125,0.3125,0.375,0.375,0.4375,0.4375,0.5,        729P   1077
0.5,0.5625,0.5625,0.625,0.625,0.6875,0.6875,0.75,0.75,0.8125,        729P   1078
0.8125,0.875,0.875,0.9375,0.9375,1.,1.,1.,1.,1.,1.,1.,1.,1.,1.,      729P   1079
1.,1.,1.,1.,1.,1.,1.,1.,1.,1.,1.,1.,1.,1.,1.,1.,1.,1.,1.,1.,1.,      729P   1080
1.,1.,1.,1.,1.,0.737154221,0.5,0.,0.737154221,0.516080229,0.,        729P   1081
0.738369381,0.531851481,0.,0.73958454,0.547622733,0.,                729P   1082
0.741968162,0.562478928,0.,0.744351784,0.577335122,0.,               729P   1083
0.747812266,0.590705344,0.,0.751272748,0.604075566,0.,               729P   1084
0.755677107,0.615446005,0.,0.760081466,0.626816444,0.,               729P   1085
0.765260443,0.635750141,0.,0.770439421,0.644683837,0.,               729P   1086
0.776193993,0.650837475,0.,0.781948565,0.656991112,0.,               729P   1087
0.788057586,0.660128209,0.,0.794166606,0.663265306,0.,               729P   1088
0.80039531,0.663265306,0.,0.806624014,0.663265306,0.,                729P   1089
0.812733035,0.660128209,0.,0.818842055,0.656991112,0.,               729P   1090
0.824596627,0.650837475,0.,0.830351199,0.644683837,0.,               729P   1091
0.835530177,0.635750141,0.,0.840709155,0.626816444,0.,               729P   1092
0.845113513,0.615446005,0.,0.849517872,0.604075566,0.,               729P   1093
0.852978354,0.590705344,0.,0.856438837,0.577335122,0.,               729P   1094
0.858822458,0.562478928,0.,0.86120608,0.547622733,0.,                729P   1095
0.86242124,0.531851481,0.,0.863636399,0.516080229,0.,                729P   1096
0.863636399,0.5,0.,0.,1.,0.,0.,1.;                                   729P   1097
100,0.,12.5,12.5,16.5,12.5,8.5,12.5;                                 731P   1098
102,2,725,729;                                                       733P   1099
102,2,727,731;                                                       735P   1100
142,1,571,733,735,1;                                                 737P   1101
144,571,1,10,597,611,625,639,653,667,681,695,709,723,737;            739P   1102
128,3,3,3,3,0,0,0,0,0,0.0631414562091333,0.0631414562091333,         741P   1103
0.0631414562091333,0.0631414562091333,0.936858543775101,             741P   1104
0.936858543775101,0.936858543775101,0.936858543775101,0.,0.,0.,      741P   1105
0.,1.,1.,1.,1.,0.956578302673208,0.769794770230268,                  741P   1106
0.769794770226898,0.956578302663096,0.318859434224402,               741P   1107
0.256598256743423,0.256598256742299,0.318859434221032,               741P   1108
0.318859434224402,0.256598256743423,0.256598256742299,               741P   1109
0.318859434221032,0.956578302673208,0.769794770230268,               741P   1110
0.769794770226898,0.956578302663096,50.5,24.75,0.,50.5,              741P   1111
24.896446609,0.,50.5,25.,0.103553391,50.5,25.,0.25,75.,24.75,        741P   1112
0.,75.292893219,24.896446609,0.,75.5,25.,0.103553391,75.5,25.,       741P   1113
0.25,75.,0.25,0.,75.292893219,0.103553391,0.,75.5,0.,                741P   1114
0.103553391,75.5,0.,0.25,50.5,0.25,0.,50.5,0.103553391,0.,50.5,      741P   1115
0.,0.103553391,50.5,0.,0.25,0.0631414562091333,                      741P   1116
0.936858543775101,0.,1.;                                             741P   1117
126,1,1,1,0,1,0,0.,0.,1.,1.,1.,1.,0.936858544,1.,0.,                 743P   1118
0.063141456,1.,0.,0.,1.,0.,0.,1.;                                    743P   1119
124,-2.35522856227129E-026,6.12303176911189E-017,1.,50.25,-1.,       745P   1120
-3.84650717337844E-010,0.,50.7500000000962,                          745P   1121
3.84650717337844E-010,-1.,6.12303176911189E-017,                     745P   1122
0.499999980575139;                                                   745P   1123
100,0.25,50.5,0.25,50.75,0.25,50.5,0.5;                              747P   1124
126,1,1,1,0,1,0,0.,0.,1.,1.,1.,1.,0.063141456,1.,0.,                 749P   1125
0.063141456,0.,0.,0.,1.,0.,0.,1.;                                    749P   1126
126,3,3,1,0,0,0,0.,0.,0.,0.,1.,1.,1.,1.,0.956578302214898,           751P   1127
0.318859434071633,0.318859434071633,0.956578302214898,50.5,          751P   1128
0.25,0.,75.,0.25,0.,75.,24.75,0.,50.5,24.75,0.,0.,1.,0.,0.,-1.;      751P   1129
126,1,1,1,0,1,0,0.,0.,1.,1.,1.,1.,0.063141456,0.,0.,                 753P   1130
0.936858544,0.,0.,0.,1.,0.,0.,1.;                                    753P   1131
124,6.12303176911189E-017,-8.55138541655932E-031,1.,50.25,           755P   1132
1.39659334444375E-014,1.,0.,-7.05301675353246E-013,-1.,              755P   1133
1.39659334444375E-014,6.12303176911189E-017,50.7499999999997;        755P   1134
100,0.25,50.5,24.75,50.75,24.75,50.5,25.;                            757P   1135
126,1,1,1,0,1,0,0.,0.,1.,1.,1.,1.,0.936858544,0.,0.,                 759P   1136
0.936858544,0.5,0.,0.,1.,0.,0.,1.;                                   759P   1137
124,1.40271637604743E-014,1.,0.,37.9999999999993,1.,                 761P   1138
-1.40271637604743E-014,-6.98296672221876E-015,                       761P   1139
-37.9999999999998,-6.98296672221876E-015,9.79512177536492E-029,      761P   1140
-1.,0.500000000000353;                                               761P   1141
100,0.25,50.5,12.5,63.,12.499999999,50.5,25.;                        763P   1142
126,1,1,1,0,1,0,0.,0.,1.,1.,1.,1.,0.936858544,0.5,0.,                765P   1143
0.936858544,1.,0.,0.,1.,0.,0.,1.;                                    765P   1144
124,1.,-1.45324832897215E-014,-6.98296672221876E-015,                767P   1145
1.86392324102573E-013,-1.45324832897215E-014,-1.,                    767P   1146
1.34313893524771E-024,25.0000000000007,-6.98296672221876E-015,       767P   1147
-1.34303745540051E-024,-1.,0.500000000000353;                        767P   1148
100,0.25,50.5,12.5,63.,12.5,50.499999998,25.;                        769P   1149
102,5,743,749,753,759,765;                                           771P   1150
102,5,747,751,757,763,769;                                           773P   1151
142,1,741,771,773,1;                                                 775P   1152
144,741,1,0,775;                                                     777P   1153
110,50.5,0.25,1.75,-949.5,0.25,1.75;                                 779P   1154
110,50.5,0.,1.75,12.499999998,0.,1.75;                               781P   1155
120,779,781,0.,6.28318530717959;                                     783P   1156
126,1,1,1,0,1,0,0.,0.,1.,1.,1.,1.,1.,0.,0.,0.,0.,0.,0.,1.,0.,        785P   1157
0.,1.;                                                               785P   1158
110,12.499999998,0.,1.75,50.5,0.,1.75;                               787P   1159
126,1,1,1,0,1,0,0.,0.,1.,1.,1.,1.,0.,0.,0.,0.,1.570796327,0.,        789P   1160
0.,1.,0.,0.,1.;                                                      789P   1161
124,-2.35539715095639E-026,6.12303176911189E-017,-1.,52.25,-1.,      791P   1162
-3.84678250868855E-010,0.,50.7500000000962,                          791P   1163
-3.84678250868855E-010,1.,6.12303176911189E-017,                     791P   1164
1.50000001942625;                                                    791P   1165
100,1.75,50.5,0.25,50.75,0.25,50.5,0.5;                              793P   1166
126,1,1,1,0,1,0,0.,0.,1.,1.,1.,1.,0.,1.570796327,0.,1.,              795P   1167
1.570796327,0.,0.,1.,0.,0.,1.;                                       795P   1168
110,50.500000005,0.25,2.,12.499999995,0.25,2.;                       797P   1169
126,1,1,1,0,1,0,0.,0.,1.,1.,1.,1.,1.,1.570796327,0.,1.,0.,0.,        799P   1170
0.,1.,0.,0.,1.;                                                      799P   1171
124,-6.12303176911159E-017,1.38777878078145E-014,1.,10.75,           801P   1172
-2.10606272005298E-016,-1.,1.38777878078145E-014,                    801P   1173
0.499999999998924,1.,-2.10606272005297E-016,                         801P   1174
6.12303176911189E-017,-10.75;                                        801P   1175
100,1.75,12.5,0.25,12.75,0.25,12.5,0.5;                              803P   1176
102,4,785,789,795,799;                                               805P   1177
102,4,787,793,797,803;                                               807P   1178
142,1,783,805,807,1;                                                 809P   1179
144,783,1,0,809;                                                     811P   1180
128,3,3,3,3,0,0,0,0,0,0.0631414562091329,0.0631414562091329,         813P   1181
0.0631414562091329,0.0631414562091329,0.936858543410719,             813P   1182
0.936858543410719,0.936858543410719,0.936858543410719,0.,0.,0.,      813P   1183
0.,1.,1.,1.,1.,0.956578302673209,0.769794770308173,                  813P   1184
0.769794770226905,0.956578302429404,0.769794770595165,               813P   1185
0.619482991573957,0.619482991508557,0.769794770398967,               813P   1186
0.769794770595165,0.619482991573957,0.619482991508557,               813P   1187
0.769794770398967,0.956578302673209,0.769794770308173,               813P   1188
0.769794770226905,0.956578302429404,62.75,12.5,2.,62.896446609,      813P   1189
12.5,2.,63.,12.5,1.896446609,63.,12.5,1.75,62.75,19.675883861,       813P   1190
2.,62.896446609,19.761670298,2.,63.,19.82233047,1.896446609,         813P   1191
63.,19.82233047,1.75,57.675883861,24.75,2.,57.761670298,             813P   1192
24.896446609,2.,57.82233047,25.,1.896446609,57.82233047,25.,         813P   1193
1.75,50.5,24.75,2.,50.5,24.896446609,2.,50.5,25.,1.896446609,        813P   1194
50.5,25.,1.75,0.0631414562091329,0.936858543410719,0.,1.;            813P   1195
126,1,1,1,0,1,0,0.,0.,1.,1.,1.,1.,0.936858543,1.,0.,                 815P   1196
0.063141456,1.,0.,0.,1.,0.,0.,1.;                                    815P   1197
124,-1.25591734972935E-026,-6.12303176911189E-017,1.,48.75,1.,       817P   1198
-2.0511364256918E-010,0.,-25.7499999949234,                          817P   1199
2.0511364256918E-010,1.,6.12303176911189E-017,                       817P   1200
-23.0000000103582;                                                   817P   1201
100,1.75,50.5,24.75,50.75,24.75,50.5,25.;                            819P   1202
126,1,1,1,0,1,0,0.,0.,1.,1.,1.,1.,0.063141456,1.,0.,                 821P   1203
0.063141456,0.,0.,0.,1.,0.,0.,1.;                                    821P   1204
126,27,3,1,0,1,0,0.,0.,0.,0.,0.0625000000000012,                     823P   1205
0.0937500000000012,0.0937500000000012,0.125000000000001,             823P   1206
0.125000000000001,0.187500000000001,0.187500000000001,               823P   1207
0.250000000000001,0.250000000000001,0.375000000000001,               823P   1208
0.375000000000001,0.500000000000001,0.500000000000001,               823P   1209
0.625000000000001,0.625000000000001,0.687500000000001,               823P   1210
0.687500000000001,0.750000000000001,0.750000000000001,               823P   1211
0.812500000000001,0.843750000000001,0.843750000000001,               823P   1212
0.875000000000001,0.875000000000001,1.,1.,1.,1.,1.,1.,1.,1.,1.,      823P   1213
1.,1.,1.,1.,1.,1.,1.,1.,1.,1.,1.,1.,1.,1.,1.,1.,1.,1.,1.,1.,1.,      823P   1214
1.,1.,50.5,24.75,2.,50.874888733,24.749968654,2.,51.434686207,       823P   1215
24.72438149,2.,51.990680242,24.660484108,2.,52.360497724,            823P   1216
24.609372472,2.,52.533639796,24.58165969,2.,53.119862585,            823P   1217
24.47315291,2.,53.505279581,24.382351977,2.,54.265317181,            823P   1218
24.163823952,2.,54.624100986,24.042367293,2.,55.779278605,           823P   1219
23.584985479,2.,56.495199353,23.216193699,2.,57.911439605,           823P   1220
22.290196326,2.,58.563836727,21.760333133,2.,59.760279413,           823P   1221
20.563783007,2.,60.299979161,19.896611997,2.,60.979802939,           823P   1222
18.85667322,2.,61.187832875,18.500503484,2.,61.566736766,            823P   1223
17.769117055,2.,61.743622099,17.378714024,2.,62.036191277,           823P   1224
16.639606361,2.,62.227852728,16.077426887,2.,62.377866031,           823P   1225
15.503474324,2.,62.468619755,15.11822304,2.,62.511421557,            823P   1226
14.913195226,2.,62.68176759,13.992456058,2.,62.749937336,            823P   1227
13.24944026,2.,62.75,12.5,2.,0.,1.,0.,0.,1.;                         823P   1228
126,1,1,1,0,1,0,0.,0.,1.,1.,1.,1.,0.063141456,0.,0.,                 825P   1229
0.936858543,0.,0.,0.,1.,0.,0.,1.;                                    825P   1230
126,3,3,1,0,0,0,0.0631414570000281,0.0631414570000281,               827P   1231
0.0631414570000281,0.0631414570000281,0.936858542999999,             827P   1232
0.936858542999999,0.936858542999999,0.936858542999999,               827P   1233
0.956578302165975,0.769794770395976,0.769794770395982,               827P   1234
0.956578302165993,62.75,12.5,2.,62.896446609,12.5,2.,63.,12.5,       827P   1235
1.896446609,63.,12.5,1.75,0.0631414570000281,0.936858542999999,      827P   1236
0.,-1.,0.;                                                           827P   1237
126,1,1,1,0,1,0,0.,0.,1.,1.,1.,1.,0.936858543,0.,0.,                 829P   1238
0.936858543,1.,0.,0.,1.,0.,0.,1.;                                    829P   1239
100,1.75,50.5,12.5,63.,12.5,50.5,25.;                                831P   1240
102,4,815,821,825,829;                                               833P   1241
102,4,819,823,827,831;                                               835P   1242
142,1,813,833,835,1;                                                 837P   1243
144,813,1,0,837;                                                     839P   1244
110,12.5,24.75,1.75,1012.5,24.75,1.75;                               841P   1245
110,12.5,24.75,1.5,50.5,24.75,1.5;                                   843P   1246
120,841,843,0.,6.28318530717959;                                     845P   1247
126,1,1,1,0,1,0,0.,0.,1.,1.,1.,1.,0.,3.141592654,0.,1.,              847P   1248
3.141592654,0.,0.,1.,0.,0.,1.;                                       847P   1249
110,12.499999995,24.75,2.,50.500000005,24.75,2.;                     849P   1250
126,1,1,1,0,1,0,0.,0.,1.,1.,1.,1.,1.,3.141592654,0.,1.,              851P   1251
1.570796327,0.,0.,1.,0.,0.,1.;                                       851P   1252
124,6.12303176911189E-017,-8.55138541655932E-031,-1.,52.25,          853P   1253
1.39659334444375E-014,1.,0.,-7.0512538408E-013,1.,                   853P   1254
-1.39659334444375E-014,6.12303176911189E-017,-48.7499999999997;      853P   1255
100,1.75,50.5,24.75,50.75,24.75,50.5,25.;                            855P   1256
126,1,1,1,0,1,0,0.,0.,1.,1.,1.,1.,1.,1.570796327,0.,0.,              857P   1257
1.570796327,0.,0.,1.,0.,0.,1.;                                       857P   1258
110,50.5,25.,1.75,12.499999999,25.,1.75;                             859P   1259
126,1,1,1,0,1,0,0.,0.,1.,1.,1.,1.,0.,1.570796328,0.,0.,              861P   1260
3.141592654,0.,0.,1.,0.,0.,1.;                                       861P   1261
124,-5.32762368661255E-026,-6.12303176911189E-017,1.,10.75,1.,       863P   1262
-8.70095711978528E-010,0.,12.2500000215349,                          863P   1263
8.70095711978528E-010,1.,6.12303176911189E-017,                      863P   1264
-23.0000000108762;                                                   863P   1265
100,1.75,12.5,24.75,12.75,24.75,12.5,25.;                            865P   1266
102,4,847,851,857,861;                                               867P   1267
102,4,849,855,859,865;                                               869P   1268
142,1,845,867,869,1;                                                 871P   1269
144,845,1,0,871;                                                     873P   1270
128,3,3,3,3,0,0,0,0,0,0.0631414569237508,0.0631414569237508,         875P   1271
0.0631414569237508,0.0631414569237508,0.936858543193686,             875P   1272
0.936858543193686,0.936858543193686,0.936858543193686,0.,0.,0.,      875P   1273
0.,1.,1.,1.,1.,0.956578302214895,0.76979477035457,                   875P   1274
0.769794770379676,0.956578302290212,0.318859434071631,               875P   1275
0.256598256784856,0.256598256793225,0.318859434096737,               875P   1276
0.318859434071631,0.256598256784856,0.256598256793225,               875P   1277
0.318859434096737,0.956578302214895,0.76979477035457,                875P   1278
0.769794770379676,0.956578302290212,12.5,24.75,2.,12.5,              875P   1279
24.896446609,2.,12.5,25.,1.896446609,12.5,25.,1.75,-12.,24.75,       875P   1280
2.,-12.292893219,24.896446609,2.,-12.5,25.,1.896446609,-12.5,        875P   1281
25.,1.75,-12.,0.25,2.,-12.292893219,0.103553391,2.,-12.5,0.,         875P   1282
1.896446609,-12.5,0.,1.75,12.5,0.25,2.,12.5,0.103553391,2.,          875P   1283
12.5,0.,1.896446609,12.5,0.,1.75,0.0631414569237508,                 875P   1284
0.936858543193686,0.,1.;                                             875P   1285
126,1,1,1,0,1,0,0.,0.,1.,1.,1.,1.,0.936858543,1.,0.,                 877P   1286
0.063141457,1.,0.,0.,1.,0.,0.,1.;                                    877P   1287
124,1.38777878078293E-014,6.1230314322767E-017,-1.,                  879P   1288
14.2499999999998,-1.,2.42715330662667E-010,                          879P   1289
-1.38777878078145E-014,12.7499999999388,2.42715330662667E-010,       879P   1290
1.,6.12303176911189E-017,1.49999999696659;                           879P   1291
100,1.75,12.5,0.25,12.75,0.25,12.5,0.5;                              881P   1292
126,1,1,1,0,1,0,0.,0.,1.,1.,1.,1.,0.063141457,1.,0.,                 883P   1293
0.063141457,0.,0.,0.,1.,0.,0.,1.;                                    883P   1294
126,64,3,1,0,1,0,0.,0.,0.,0.,0.0312499999999997,                     885P   1295
0.0468749999999997,0.0468749999999997,0.0624999999999996,            885P   1296
0.0624999999999996,0.0937499999999997,0.109375,0.109375,0.125,       885P   1297
0.125,0.15625,0.171875,0.171875,0.187500000000001,                   885P   1298
0.187500000000001,0.218750000000001,0.234375000000001,               885P   1299
0.234375000000001,0.250000000000001,0.250000000000001,               885P   1300
0.281250000000001,0.296875000000001,0.296875000000001,               885P   1301
0.312500000000001,0.312500000000001,0.375000000000001,               885P   1302
0.375000000000001,0.437500000000002,0.437500000000002,               885P   1303
0.500000000000002,0.500000000000002,0.562500000000002,               885P   1304
0.562500000000002,0.625000000000002,0.625000000000002,               885P   1305
0.656250000000002,0.656250000000002,0.671875000000002,               885P   1306
0.671875000000002,0.687500000000002,0.687500000000002,               885P   1307
0.718750000000002,0.734375000000002,0.734375000000002,               885P   1308
0.750000000000002,0.750000000000002,0.781250000000001,               885P   1309
0.796875000000001,0.796875000000001,0.812500000000001,               885P   1310
0.812500000000001,0.843750000000001,0.859375000000001,               885P   1311
0.859375000000001,0.875000000000001,0.875000000000001,0.90625,       885P   1312
0.921875,0.921875,0.9375,0.9375,1.,1.,1.,1.,1.,1.,1.,1.,1.,1.,       885P   1313
1.,1.,1.,1.,1.,1.,1.,1.,1.,1.,1.,1.,1.,1.,1.,1.,1.,1.,1.,1.,1.,      885P   1314
1.,1.,1.,1.,1.,1.,1.,1.,1.,1.,1.,1.,1.,1.,1.,1.,1.,1.,1.,1.,1.,      885P   1315
1.,1.,1.,1.,1.,1.,1.,1.,1.,1.,1.,1.,1.,1.,1.,1.,1.,12.5,0.25,        885P   1316
2.,12.227526434,0.250022243,2.,11.819907986,0.263589811,2.,          885P   1317
11.413927387,0.297458682,2.,11.143637621,0.32454933,2.,              885P   1318
11.026701788,0.337935252,2.,10.568277841,0.399350735,2.,             885P   1319
10.113579142,0.477757591,2.,9.664468314,0.581651508,2.,              885P   1320
9.366302845,0.65657791,2.,9.236887703,0.691316851,2.,                885P   1321
8.736224594,0.837366298,2.,8.243645848,1.003986527,2.,               885P   1322
7.763193648,1.201462929,2.,7.445586969,1.339970792,2.,               885P   1323
7.306877161,1.403513491,2.,6.782313093,1.659265153,2.,               885P   1324
6.27227825,1.938545479,2.,5.784037244,2.253118799,2.,                885P   1325
5.463386316,2.470677234,2.,5.321994089,2.570993025,2.,               885P   1326
4.806011822,2.95801395,2.,4.313089182,3.369675098,2.,                885P   1327
3.854755981,3.818296579,2.,3.556887056,4.125590973,2.,               885P   1328
3.42085906,4.272959063,2.,2.669303484,5.134191144,2.,                885P   1329
2.150351249,5.874253782,2.,1.232001692,7.596334453,2.,               885P   1330
0.87639255,8.502147291,2.,0.377453604,10.467083478,2.,               885P   1331
0.249954134,11.478434768,2.,0.250045866,13.521565232,2.,             885P   1332
0.381176756,14.547937738,2.,0.872669398,16.482831492,2.,             885P   1333
1.245240432,17.428660894,2.,1.91414449,18.682728377,2.,              885P   1334
2.169361801,19.099236445,2.,2.559892053,19.663015229,2.,             885P   1335
2.695049815,19.846953823,2.,2.975327363,20.206855674,2.,             885P   1336
3.129171493,20.39281471,2.,3.553300849,20.878754142,2.,              885P   1337
4.000297034,21.339874543,2.,4.481593462,21.763766397,2.,             885P   1338
4.810080024,22.038087957,2.,4.994371277,22.183288779,2.,             885P   1339
5.461257446,22.533422442,2.,5.94245334,22.859893767,2.,              885P   1340
6.44511382,23.150871587,2.,6.784990715,23.336969355,2.,              885P   1341
6.975755538,23.435063772,2.,7.44455634,23.663580322,2.,              885P   1342
7.921203932,23.871434103,2.,8.409621709,24.048293729,2.,             885P   1343
8.737849157,24.159312557,2.,8.921991933,24.216837693,2.,             885P   1344
9.366016135,24.346324615,2.,9.813514961,24.458767192,2.,             885P   1345
10.266225725,24.545643249,2.,10.569191109,24.597879171,2.,           885P   1346
10.739027556,24.623536189,2.,11.413358802,24.713819848,2.,           885P   1347
11.9553942,24.749955541,2.,12.5,24.75,2.,0.,1.,0.,0.,1.;             885P   1348
126,1,1,1,0,1,0,0.,0.,1.,1.,1.,1.,0.063141457,0.,0.,                 887P   1349
0.936858543,0.,0.,0.,1.,0.,0.,1.;                                    887P   1350
124,6.12303176911189E-017,-8.55138541655932E-031,-1.,14.25,          889P   1351
1.39659334444375E-014,1.,0.,-1.74419913191374E-013,1.,               889P   1352
-1.39659334444375E-014,6.12303176911189E-017,-10.7499999999997;      889P   1353
100,1.75,12.5,24.75,12.75,24.75,12.5,25.;                            891P   1354
126,1,1,1,0,1,0,0.,0.,1.,1.,1.,1.,0.936858543,0.,0.,                 893P   1355
0.936858543,1.,0.,0.,1.,0.,0.,1.;                                    893P   1356
100,1.75,12.5,12.5,12.499999999,25.,12.499999998,0.;                 895P   1357
102,4,877,883,887,893;                                               897P   1358
102,4,881,885,891,895;                                               899P   1359
142,1,875,897,899,1;                                                 901P   1360
144,875,1,0,901;                                                     903P   1361
110,50.5,12.5,0.25,50.5,12.5,1000.25;                                905P   1362
110,63.,12.5,0.25,63.,12.5,1.75;                                     907P   1363
120,905,907,0.,6.28318530717959;                                     909P   1364
126,1,1,1,0,1,0,0.,0.,1.,1.,1.,1.,1.,0.,0.,0.,0.,0.,0.,1.,0.,        911P   1365
0.,1.;                                                               911P   1366
110,63.,12.5,1.75,63.,12.5,0.25;                                     913P   1367
126,1,1,1,0,1,0,0.,0.,1.,1.,1.,1.,0.,0.,0.,0.,1.570796327,0.,        915P   1368
0.,1.,0.,0.,1.;                                                      915P   1369
100,0.25,50.5,12.5,63.,12.5,50.499999999,25.;                        917P   1370
126,1,1,1,0,1,0,0.,0.,1.,1.,1.,1.,0.,1.570796327,0.,1.,              919P   1371
1.570796327,0.,0.,1.,0.,0.,1.;                                       919P   1372
110,50.5,25.,0.25,50.5,25.,1.75;                                     921P   1373
126,1,1,1,0,1,0,0.,0.,1.,1.,1.,1.,1.,1.570796327,0.,1.,0.,0.,        923P   1374
0.,1.,0.,0.,1.;                                                      923P   1375
124,1.40271637621286E-014,1.,6.93889390403796E-017,                  925P   1376
37.9999999999993,1.,-1.40271637621286E-014,                          925P   1377
-6.98296672221876E-015,-37.9999999999998,                            925P   1378
-6.98296672221876E-015,6.93889390404775E-017,-1.,                    925P   1379
3.5000000004354;                                                     925P   1380
100,1.75,50.5,12.5,63.,12.5,50.5,25.;                                927P   1381
102,4,911,915,919,923;                                               929P   1382
102,4,913,917,921,927;                                               931P   1383
142,1,909,929,931,1;                                                 933P   1384
144,909,1,0,933;                                                     935P   1385
128,1,1,1,1,0,0,1,0,0,0.,0.,1.,1.,0.,0.,1.,1.,1.,1.,1.,1.,           937P   1386
-0.125017278,0.25,2.,63.125000103,0.25,2.,-0.125017278,24.75,        937P   1387
2.,63.125000103,24.75,2.,0.,1.,0.,1.;                                937P   1388
126,1,1,1,0,1,0,0.,0.,1.,1.,1.,1.,0.80039531,1.,0.,0.199604961,      939P   1389
1.,0.,0.,1.,0.,0.,1.;                                                939P   1390
110,50.500000005,24.75,2.,12.499999995,24.75,2.;                     941P   1391
126,44,2,1,0,1,0,0.,0.,0.,0.0625,0.0625,0.125,0.125,0.1875,          943P   1392
0.1875,0.25,0.25,0.3125,0.3125,0.34375,0.34375,0.375,0.375,          943P   1393
0.40625,0.40625,0.4375,0.4375,0.46875,0.46875,0.5,0.5,0.53125,       943P   1394
0.53125,0.5625,0.5625,0.59375,0.59375,0.625,0.625,0.65625,           943P   1395
0.65625,0.6875,0.6875,0.75,0.75,0.8125,0.8125,0.875,0.875,           943P   1396
0.9375,0.9375,1.,1.,1.,1.,1.,1.,1.,1.,1.,1.,1.,1.,1.,1.,1.,1.,       943P   1397
1.,1.,1.,1.,1.,1.,1.,1.,1.,1.,1.,1.,1.,1.,1.,1.,1.,1.,1.,1.,1.,      943P   1398
1.,1.,1.,1.,1.,1.,1.,1.,1.,1.,1.,0.199604961,1.,0.,0.186689412,      943P   1399
0.999997278,0.,0.17389578,0.995575221,0.,0.159416014,                943P   1400
0.990570361,0.,0.145375727,0.98,0.,0.129559511,0.968092614,0.,       943P   1401
0.114735775,0.949438202,0.,0.098162655,0.92858234,0.,                943P   1402
0.08339946,0.9,0.,0.067096012,0.868435648,0.,0.053684811,            943P   1403
0.828767123,0.,0.046565407,0.807708888,0.,0.040391018,               943P   1404
0.784697509,0.,0.034002295,0.760887332,0.,0.028714518,               943P   1405
0.735294118,0.,0.023276702,0.708974707,0.,0.019084465,               943P   1406
0.681132075,0.,0.014802369,0.652692644,0.,0.011888382,               943P   1407
0.623076923,0.,0.008933457,0.593045142,0.,0.00743633,                943P   1408
0.562256809,0.,0.005929669,0.531272405,0.,0.005929125,0.5,0.,        943P   1409
0.005928582,0.468772405,0.,0.00743633,0.437743191,0.,                943P   1410
0.008930247,0.406998631,0.,0.011888382,0.376923077,0.,               943P   1411
0.01479718,0.347349133,0.,0.019084465,0.318867925,0.,                943P   1412
0.023269759,0.29106426,0.,0.028714518,0.264705882,0.,                943P   1413
0.033993879,0.239148202,0.,0.040391018,0.215302491,0.,               943P   1414
0.046555432,0.192324275,0.,0.053684811,0.171232877,0.,               943P   1415
0.067083819,0.131593545,0.,0.08339946,0.1,0.,0.098148773,            943P   1416
0.071439484,0.,0.114735775,0.050561798,0.,0.129544487,               943P   1417
0.031922404,0.,0.145375727,0.02,0.,0.159400165,0.009438288,0.,       943P   1418
0.17389578,0.004424779,0.,0.186681318,2.724E-006,0.,                 943P   1419
0.199604961,0.,0.,0.,1.,0.,0.,-1.;                                   943P   1420
126,64,3,1,0,1,0,0.,0.,0.,0.,0.03125,0.0468750000000001,             945P   1421
0.0468750000000001,0.0625000000000002,0.0625000000000002,            945P   1422
0.0937500000000004,0.109375000000001,0.109375000000001,              945P   1423
0.125000000000001,0.125000000000001,0.156250000000001,               945P   1424
0.171875000000001,0.171875000000001,0.187500000000001,               945P   1425
0.187500000000001,0.218750000000001,0.234375000000001,               945P   1426
0.234375000000001,0.250000000000001,0.250000000000001,               945P   1427
0.281250000000001,0.296875000000001,0.296875000000001,               945P   1428
0.312500000000001,0.312500000000001,0.375000000000001,               945P   1429
0.375000000000001,0.437500000000001,0.437500000000001,               945P   1430
0.500000000000001,0.500000000000001,0.562500000000001,               945P   1431
0.562500000000001,0.625,0.625,0.65625,0.65625,0.671875,              945P   1432
0.671875,0.6875,0.6875,0.71875,0.734375,0.734375,0.75,0.75,          945P   1433
0.78125,0.796875,0.796875,0.8125,0.8125,0.84375,0.859375,            945P   1434
0.859375,0.875,0.875,0.90625,0.921875,0.921875,0.9375,0.9375,        945P   1435
1.,1.,1.,1.,1.,1.,1.,1.,1.,1.,1.,1.,1.,1.,1.,1.,1.,1.,1.,1.,1.,      945P   1436
1.,1.,1.,1.,1.,1.,1.,1.,1.,1.,1.,1.,1.,1.,1.,1.,1.,1.,1.,1.,1.,      945P   1437
1.,1.,1.,1.,1.,1.,1.,1.,1.,1.,1.,1.,1.,1.,1.,1.,1.,1.,1.,1.,1.,      945P   1438
1.,1.,1.,1.,1.,1.,12.5,24.75,2.,12.2276971,24.74997777,2.,           945P   1439
11.820206651,24.736410213,2.,11.414162052,24.702541337,2.,           945P   1440
11.143786954,24.675450682,2.,11.026534706,24.662029433,2.,           945P   1441
10.568612005,24.600719896,2.,10.114163929,24.522366012,2.,           945P   1442
9.66492779,24.418445608,2.,9.366595239,24.343483891,2.,              945P   1443
9.236729321,24.308621824,2.,8.736541358,24.162756352,2.,             945P   1444
8.244200186,23.99622811,2.,7.763629199,23.798705714,2.,              945P   1445
7.445864138,23.660136527,2.,7.306730827,23.596397394,2.,             945P   1446
6.782605761,23.340913078,2.,6.272790419,23.061766426,2.,             945P   1447
5.784439663,22.747126269,2.,5.4636424,22.529478719,2.,               945P   1448
5.321865557,22.428887769,2.,4.806268886,22.042224462,2.,             945P   1449
4.313539043,21.630742123,2.,3.855109444,21.182031238,2.,             945P   1450
3.557111987,20.874617637,2.,3.420648742,20.72677011,2.,              945P   1451
2.670144757,19.866892162,2.,2.149765758,19.124473299,2.,             945P   1452
1.232587183,17.404938466,2.,0.876121797,16.496422795,2.,             945P   1453
0.377724357,14.534346436,2.,0.2500458,13.52010143,2.,                945P   1454
0.249954199,11.47989857,2.,0.381614337,10.450697555,2.,              945P   1455
0.872231816,8.518533214,2.,1.245950199,7.570178341,2.,               945P   1456
1.913789606,6.317852006,2.,2.169782438,5.900221901,2.,               945P   1457
2.559681735,5.337255597,2.,2.694734338,5.153452417,2.,               945P   1458
2.975011885,4.793550566,2.,3.129300025,4.607066084,2.,               945P   1459
3.553043785,4.12148427,2.,3.999847172,3.660542678,2.,                945P   1460
4.481239999,3.236561419,2.,4.809855093,2.962120654,2.,               945P   1461
4.994517611,2.816622105,2.,5.460964778,2.46675579,2.,                945P   1462
5.941941171,2.140418138,2.,6.444711402,1.849373481,2.,               945P   1463
6.78473463,1.663186597,2.,6.97591392,1.564874903,2.,                 945P   1464
7.444239575,1.336542328,2.,7.920649593,1.128780534,2.,               945P   1465
8.409186157,0.951874914,2.,8.737571988,0.840794762,2.,               945P   1466
8.922159015,0.783126992,2.,9.365681971,0.653746015,2.,               945P   1467
9.812930174,0.541356411,2.,10.265766249,0.454453868,2.,              945P   1468
10.568898715,0.40218263,2.,10.739112889,0.376463804,2.,              945P   1469
11.413017471,0.28618018,2.,11.955052869,0.250044487,2.,12.5,         945P   1470
0.25,2.,0.,1.,0.,0.,-1.;                                             945P   1471
126,1,1,1,0,1,0,0.,0.,1.,1.,1.,1.,0.199604961,0.,0.,0.80039531,      947P   1472
0.,0.,0.,1.,0.,0.,1.;                                                947P   1473
110,12.499999995,0.25,2.,50.500000005,0.25,2.;                       949P   1474
126,16,2,1,0,1,0,0.,0.,0.,0.125,0.125,0.25,0.25,0.375,0.375,         951P   1475
0.5,0.5,0.625,0.625,0.75,0.75,0.875,0.875,1.,1.,1.,1.,1.,1.,1.,      951P   1476
1.,1.,1.,1.,1.,1.,1.,1.,1.,1.,1.,1.,1.,0.80039531,0.,0.,             951P   1477
0.818168592,3.837E-006,0.,0.835637156,0.008347316,0.,                951P   1478
0.854158121,0.017193451,0.,0.871686361,0.035105849,0.,               951P   1479
0.889934901,0.053754335,0.,0.906376617,0.081502244,0.,               951P   1480
0.92315647,0.109820813,0.,0.937344807,0.146446609,0.,                951P   1481
0.951520913,0.18304083,0.,0.962501116,0.226395123,0.,                951P   1482
0.973241506,0.268802538,0.,0.980472837,0.315952645,0.,               951P   1483
0.987406756,0.361163552,0.,0.9908378,0.409018474,0.,                 951P   1484
0.994069659,0.454095257,0.,0.994071146,0.5,0.,0.,1.,0.,0.,-1.;       951P   1485
126,3,3,1,0,0,0,0.,0.,0.,0.,1.,1.,1.,1.,0.956578302289149,           953P   1486
0.769794770286098,0.769794770286098,0.956578302289149,50.5,          953P   1487
0.25,2.,57.675883861,0.25,2.,62.75,5.324116139,2.,62.75,12.5,        953P   1488
2.,0.,1.,0.,0.,-1.;                                                  953P   1489
126,16,2,1,0,1,0,0.,0.,0.,0.125,0.125,0.25,0.25,0.375,0.375,         955P   1490
0.5,0.5,0.625,0.625,0.75,0.75,0.875,0.875,1.,1.,1.,1.,1.,1.,1.,      955P   1491
1.,1.,1.,1.,1.,1.,1.,1.,1.,1.,1.,1.,1.,0.994071146,0.5,0.,           955P   1492
0.99406966,0.545884098,0.,0.9908378,0.590981526,0.,0.987411234,      955P   1493
0.638795865,0.,0.980472837,0.684047355,0.,0.973249315,               955P   1494
0.731158396,0.,0.962501116,0.773604877,0.,0.951531871,               955P   1495
0.816924305,0.,0.937344807,0.853553391,0.,0.923169975,               955P   1496
0.890150897,0.,0.906376617,0.918497756,0.,0.889950034,               955P   1497
0.946225505,0.,0.871686361,0.964894151,0.,0.85417384,                955P   1498
0.982794988,0.,0.835637156,0.991652684,0.,0.818176589,               955P   1499
0.999996162,0.,0.80039531,1.,0.,0.,1.,0.,0.,-1.;                     955P   1500
126,27,3,1,0,1,0,0.,0.,0.,0.,0.0625,0.09375,0.09375,0.125,           957P   1501
0.125,0.1875,0.1875,0.250000000000001,0.250000000000001,             957P   1502
0.375000000000001,0.375000000000001,0.500000000000001,               957P   1503
0.500000000000001,0.625000000000001,0.625000000000001,               957P   1504
0.687500000000002,0.687500000000002,0.750000000000002,               957P   1505
0.750000000000002,0.812500000000003,0.843750000000002,               957P   1506
0.843750000000002,0.875000000000002,0.875000000000002,1.,1.,1.,      957P   1507
1.,1.,1.,1.,1.,1.,1.,1.,1.,1.,1.,1.,1.,1.,1.,1.,1.,1.,1.,1.,1.,      957P   1508
1.,1.,1.,1.,1.,1.,1.,1.,62.75,12.5,2.,62.749968668,12.87472013,      957P   1509
2.,62.724381514,13.434391152,2.,62.660484127,13.990448413,2.,        957P   1510
62.609372484,14.360350196,2.,62.581612481,14.533805508,2.,           957P   1511
62.473247327,15.119531161,2.,62.382493603,15.504782445,2.,           957P   1512
62.163965578,16.264820045,2.,62.042202654,16.624420022,2.,           957P   1513
61.585314757,17.778640533,2.,61.215731632,18.495768815,2.,           957P   1514
60.290658393,19.910870143,2.,59.759763671,20.564298795,2.,           957P   1515
58.564352469,21.759817345,2.,57.895973924,22.300308438,2.,           957P   1516
56.856992257,22.9796383,2.,56.500982038,23.187585917,2.,             957P   1517
55.769595609,23.566489809,2.,55.3783826,23.743716517,2.,             957P   1518
54.639937785,24.03609686,2.,54.078006879,24.227687497,2.,            957P   1519
53.503930032,24.377736207,2.,53.118513036,24.46853714,2.,            957P   1520
52.913110924,24.511421564,2.,51.992793264,24.681767562,2.,           957P   1521
51.249777467,24.749937308,2.,50.5,24.75,2.,0.,1.,0.,0.,-1.;          957P   1522
102,5,939,943,947,951,955;                                           959P   1523
102,5,941,945,949,953,957;                                           961P   1524
142,1,937,959,961,1;                                                 963P   1525
126,32,2,1,0,1,0,0.,0.,0.,0.0625,0.0625,0.125,0.125,0.1875,          965P   1526
0.1875,0.25,0.25,0.3125,0.3125,0.375,0.375,0.4375,0.4375,0.5,        965P   1527
0.5,0.5625,0.5625,0.625,0.625,0.6875,0.6875,0.75,0.75,0.8125,        965P   1528
0.8125,0.875,0.875,0.9375,0.9375,1.,1.,1.,1.,1.,1.,1.,1.,1.,1.,      965P   1529
1.,1.,1.,1.,1.,1.,1.,1.,1.,1.,1.,1.,1.,1.,1.,1.,1.,1.,1.,1.,1.,      965P   1530
1.,1.,1.,1.,1.,0.887351808,0.5,0.,0.887351808,0.506030086,0.,        965P   1531
0.887807493,0.511944305,0.,0.888263178,0.517858525,0.,               965P   1532
0.889157036,0.523429598,0.,0.890050894,0.529000671,0.,               965P   1533
0.891348575,0.534014504,0.,0.892646256,0.539028337,0.,               965P   1534
0.89429789,0.543292252,0.,0.895949525,0.547556167,0.,                965P   1535
0.897891641,0.550906303,0.,0.899833758,0.554256439,0.,               965P   1536
0.901991723,0.556564053,0.,0.904149687,0.558871667,0.,               965P   1537
0.90644057,0.560048078,0.,0.908731453,0.56122449,0.,                 965P   1538
0.911067216,0.56122449,0.,0.91340298,0.56122449,0.,0.915693863,      965P   1539
0.560048078,0.,0.917984746,0.558871667,0.,0.92014271,                965P   1540
0.556564053,0.,0.922300675,0.554256439,0.,0.924242792,               965P   1541
0.550906303,0.,0.926184908,0.547556167,0.,0.927836543,               965P   1542
0.543292252,0.,0.929488177,0.539028337,0.,0.930785858,               965P   1543
0.534014504,0.,0.932083539,0.529000671,0.,0.932977397,               965P   1544
0.523429598,0.,0.933871255,0.517858525,0.,0.93432694,                965P   1545
0.511944305,0.,0.934782625,0.506030086,0.,0.934782625,0.5,0.,        965P   1546
0.,1.,0.,0.,1.;                                                      965P   1547
124,-1.,-6.98296672221876E-015,0.,115.,-6.98296672221876E-015,       967P   1548
1.,-6.98296672221876E-015,4.16374129185577E-013,                     967P   1549
4.87618242436147E-029,-6.98296672221876E-015,-1.,                    967P   1550
4.00000000000009;                                                    967P   1551
100,2.,57.5,12.5,59.,12.5,56.,12.5;                                  969P   1552
126,32,2,1,0,1,0,0.,0.,0.,0.0625,0.0625,0.125,0.125,0.1875,          971P   1553
0.1875,0.25,0.25,0.3125,0.3125,0.375,0.375,0.4375,0.4375,0.5,        971P   1554
0.5,0.5625,0.5625,0.625,0.625,0.6875,0.6875,0.75,0.75,0.8125,        971P   1555
0.8125,0.875,0.875,0.9375,0.9375,1.,1.,1.,1.,1.,1.,1.,1.,1.,1.,      971P   1556
1.,1.,1.,1.,1.,1.,1.,1.,1.,1.,1.,1.,1.,1.,1.,1.,1.,1.,1.,1.,1.,      971P   1557
1.,1.,1.,1.,1.,0.934782625,0.5,0.,0.934782625,0.493969914,0.,        971P   1558
0.93432694,0.488055695,0.,0.933871255,0.482141475,0.,                971P   1559
0.932977397,0.476570402,0.,0.932083539,0.470999329,0.,               971P   1560
0.930785858,0.465985496,0.,0.929488177,0.460971663,0.,               971P   1561
0.927836543,0.456707748,0.,0.926184908,0.452443833,0.,               971P   1562
0.924242792,0.449093697,0.,0.922300675,0.445743561,0.,               971P   1563
0.92014271,0.443435947,0.,0.917984746,0.441128333,0.,                971P   1564
0.915693863,0.439951922,0.,0.91340298,0.43877551,0.,                 971P   1565
0.911067216,0.43877551,0.,0.908731453,0.43877551,0.,0.90644057,      971P   1566
0.439951922,0.,0.904149687,0.441128333,0.,0.901991723,               971P   1567
0.443435947,0.,0.899833758,0.445743561,0.,0.897891641,               971P   1568
0.449093697,0.,0.895949525,0.452443833,0.,0.89429789,                971P   1569
0.456707748,0.,0.892646256,0.460971663,0.,0.891348575,               971P   1570
0.465985496,0.,0.890050894,0.470999329,0.,0.889157036,               971P   1571
0.476570402,0.,0.888263178,0.482141475,0.,0.887807493,               971P   1572
0.488055695,0.,0.887351808,0.493969914,0.,0.887351808,0.5,0.,        971P   1573
0.,1.,0.,0.,1.;                                                      971P   1574
124,1.,-7.105427357601E-015,0.,8.74300631892341E-014,                973P   1575
-7.105427357601E-015,-1.,6.98296672221876E-015,                      973P   1576
25.0000000000004,-4.96169627852706E-029,-6.98296672221876E-015,      973P   1577
-1.,4.00000000000009;                                                973P   1578
100,2.,57.5,12.5,59.,12.5,56.,12.5;                                  975P   1579
102,2,965,971;                                                       977P   1580
102,2,969,975;                                                       979P   1581
142,1,937,977,979,1;                                                 981P   1582
126,32,2,1,0,1,0,0.,0.,0.,0.0625,0.0625,0.125,0.125,0.1875,          983P   1583
0.1875,0.25,0.25,0.3125,0.3125,0.375,0.375,0.4375,0.4375,0.5,        983P   1584
0.5,0.5625,0.5625,0.625,0.625,0.6875,0.6875,0.75,0.75,0.8125,        983P   1585
0.8125,0.875,0.875,0.9375,0.9375,1.,1.,1.,1.,1.,1.,1.,1.,1.,1.,      983P   1586
1.,1.,1.,1.,1.,1.,1.,1.,1.,1.,1.,1.,1.,1.,1.,1.,1.,1.,1.,1.,1.,      983P   1587
1.,1.,1.,1.,1.,0.776679902,0.785714286,0.,0.776679902,               983P   1588
0.791744372,0.,0.777135587,0.797658591,0.,0.777591271,               983P   1589
0.803572811,0.,0.77848513,0.809143884,0.,0.779378988,                983P   1590
0.814714957,0.,0.780676669,0.81972879,0.,0.781974349,                983P   1591
0.824742623,0.,0.783625984,0.829006538,0.,0.785277618,               983P   1592
0.833270452,0.,0.787219735,0.836620589,0.,0.789161852,               983P   1593
0.839970725,0.,0.791319816,0.842278339,0.,0.793477781,               983P   1594
0.844585953,0.,0.795768663,0.845762364,0.,0.798059546,               983P   1595
0.846938776,0.,0.80039531,0.846938776,0.,0.802731074,                983P   1596
0.846938776,0.,0.805021957,0.845762364,0.,0.80731284,                983P   1597
0.844585953,0.,0.809470804,0.842278339,0.,0.811628768,               983P   1598
0.839970725,0.,0.813570885,0.836620589,0.,0.815513002,               983P   1599
0.833270452,0.,0.817164636,0.829006538,0.,0.818816271,               983P   1600
0.824742623,0.,0.820113952,0.81972879,0.,0.821411633,                983P   1601
0.814714957,0.,0.822305491,0.809143884,0.,0.823199349,               983P   1602
0.803572811,0.,0.823655034,0.797658591,0.,0.824110719,               983P   1603
0.791744372,0.,0.824110719,0.785714286,0.,0.,1.,0.,0.,1.;            983P   1604
124,-1.,-6.98296672221876E-015,0.,101.,-6.98296672221876E-015,       985P   1605
1.,-6.98296672221876E-015,3.65450128925889E-013,                     985P   1606
4.87618242436147E-029,-6.98296672221876E-015,-1.,                    985P   1607
4.00000000000014;                                                    985P   1608
100,2.,50.5,19.5,52.,19.5,49.,19.5;                                  987P   1609
126,32,2,1,0,1,0,0.,0.,0.,0.0625,0.0625,0.125,0.125,0.1875,          989P   1610
0.1875,0.25,0.25,0.3125,0.3125,0.375,0.375,0.4375,0.4375,0.5,        989P   1611
0.5,0.5625,0.5625,0.625,0.625,0.6875,0.6875,0.75,0.75,0.8125,        989P   1612
0.8125,0.875,0.875,0.9375,0.9375,1.,1.,1.,1.,1.,1.,1.,1.,1.,1.,      989P   1613
1.,1.,1.,1.,1.,1.,1.,1.,1.,1.,1.,1.,1.,1.,1.,1.,1.,1.,1.,1.,1.,      989P   1614
1.,1.,1.,1.,1.,0.824110719,0.785714286,0.,0.824110719,               989P   1615
0.7796842,0.,0.823655034,0.77376998,0.,0.823199349,0.767855761,      989P   1616
0.,0.822305491,0.762284688,0.,0.821411633,0.756713615,0.,            989P   1617
0.820113952,0.751699782,0.,0.818816271,0.746685948,0.,               989P   1618
0.817164636,0.742422034,0.,0.815513002,0.738158119,0.,               989P   1619
0.813570885,0.734807983,0.,0.811628768,0.731457847,0.,               989P   1620
0.809470804,0.729150233,0.,0.80731284,0.726842619,0.,                989P   1621
0.805021957,0.725666207,0.,0.802731074,0.724489796,0.,               989P   1622
0.80039531,0.724489796,0.,0.798059546,0.724489796,0.,                989P   1623
0.795768663,0.725666207,0.,0.793477781,0.726842619,0.,               989P   1624
0.791319816,0.729150233,0.,0.789161852,0.731457847,0.,               989P   1625
0.787219735,0.734807983,0.,0.785277618,0.738158119,0.,               989P   1626
0.783625984,0.742422034,0.,0.781974349,0.746685948,0.,               989P   1627
0.780676669,0.751699782,0.,0.779378988,0.756713615,0.,               989P   1628
0.77848513,0.762284688,0.,0.777591271,0.767855761,0.,                989P   1629
0.777135587,0.77376998,0.,0.776679902,0.7796842,0.,0.776679902,      989P   1630
0.785714286,0.,0.,1.,0.,0.,1.;                                       989P   1631
124,1.,-7.105427357601E-015,0.,1.38333788868297E-013,                991P   1632
-7.105427357601E-015,-1.,6.98296672221876E-015,                      991P   1633
39.0000000000003,-4.96169627852706E-029,-6.98296672221876E-015,      991P   1634
-1.,4.00000000000014;                                                991P   1635
100,2.,50.5,19.5,52.,19.5,49.,19.5;                                  993P   1636
102,2,983,989;                                                       995P   1637
102,2,987,993;                                                       997P   1638
142,1,937,995,997,1;                                                 999P   1639
126,32,2,1,0,1,0,0.,0.,0.,0.0625,0.0625,0.125,0.125,0.1875,         1001P   1640
0.1875,0.25,0.25,0.3125,0.3125,0.375,0.375,0.4375,0.4375,0.5,       1001P   1641
0.5,0.5625,0.5625,0.625,0.625,0.6875,0.6875,0.75,0.75,0.8125,       1001P   1642
0.8125,0.875,0.875,0.9375,0.9375,1.,1.,1.,1.,1.,1.,1.,1.,1.,1.,     1001P   1643
1.,1.,1.,1.,1.,1.,1.,1.,1.,1.,1.,1.,1.,1.,1.,1.,1.,1.,1.,1.,1.,     1001P   1644
1.,1.,1.,1.,1.,0.776679902,0.214285714,0.,0.776679902,              1001P   1645
0.2203158,0.,0.777135587,0.22623002,0.,0.777591271,0.232144239,     1001P   1646
0.,0.77848513,0.237715312,0.,0.779378988,0.243286385,0.,            1001P   1647
0.780676669,0.248300218,0.,0.781974349,0.253314052,0.,              1001P   1648
0.783625984,0.257577966,0.,0.785277618,0.261841881,0.,              1001P   1649
0.787219735,0.265192017,0.,0.789161852,0.268542153,0.,              1001P   1650
0.791319816,0.270849767,0.,0.793477781,0.273157381,0.,              1001P   1651
0.795768663,0.274333793,0.,0.798059546,0.275510204,0.,              1001P   1652
0.80039531,0.275510204,0.,0.802731074,0.275510204,0.,               1001P   1653
0.805021957,0.274333793,0.,0.80731284,0.273157381,0.,               1001P   1654
0.809470804,0.270849767,0.,0.811628768,0.268542153,0.,              1001P   1655
0.813570885,0.265192017,0.,0.815513002,0.261841881,0.,              1001P   1656
0.817164636,0.257577966,0.,0.818816271,0.253314052,0.,              1001P   1657
0.820113952,0.248300218,0.,0.821411633,0.243286385,0.,              1001P   1658
0.822305491,0.237715312,0.,0.823199349,0.232144239,0.,              1001P   1659
0.823655034,0.22623002,0.,0.824110719,0.2203158,0.,0.824110719,     1001P   1660
0.214285714,0.,0.,1.,0.,0.,1.;                                      1001P   1661
124,-1.,-6.98296672221876E-015,0.,101.,-6.98296672221876E-015,      1003P   1662
1.,-6.98296672221876E-015,3.66317490663876E-013,                    1003P   1663
4.87618242436147E-029,-6.98296672221876E-015,-1.,                   1003P   1664
4.00000000000004;                                                   1003P   1665
100,2.,50.5,5.5,52.,5.5,49.,5.5;                                    1005P   1666
126,32,2,1,0,1,0,0.,0.,0.,0.0625,0.0625,0.125,0.125,0.1875,         1007P   1667
0.1875,0.25,0.25,0.3125,0.3125,0.375,0.375,0.4375,0.4375,0.5,       1007P   1668
0.5,0.5625,0.5625,0.625,0.625,0.6875,0.6875,0.75,0.75,0.8125,       1007P   1669
0.8125,0.875,0.875,0.9375,0.9375,1.,1.,1.,1.,1.,1.,1.,1.,1.,1.,     1007P   1670
1.,1.,1.,1.,1.,1.,1.,1.,1.,1.,1.,1.,1.,1.,1.,1.,1.,1.,1.,1.,1.,     1007P   1671
1.,1.,1.,1.,1.,0.824110719,0.214285714,0.,0.824110719,              1007P   1672
0.208255628,0.,0.823655034,0.202341409,0.,0.823199349,              1007P   1673
0.196427189,0.,0.822305491,0.190856116,0.,0.821411633,              1007P   1674
0.185285043,0.,0.820113952,0.18027121,0.,0.818816271,               1007P   1675
0.175257377,0.,0.817164636,0.170993462,0.,0.815513002,              1007P   1676
0.166729548,0.,0.813570885,0.163379411,0.,0.811628768,              1007P   1677
0.160029275,0.,0.809470804,0.157721661,0.,0.80731284,               1007P   1678
0.155414047,0.,0.805021957,0.154237636,0.,0.802731074,              1007P   1679
0.153061224,0.,0.80039531,0.153061224,0.,0.798059546,               1007P   1680
0.153061224,0.,0.795768663,0.154237636,0.,0.793477781,              1007P   1681
0.155414047,0.,0.791319816,0.157721661,0.,0.789161852,              1007P   1682
0.160029275,0.,0.787219735,0.163379411,0.,0.785277618,              1007P   1683
0.166729548,0.,0.783625984,0.170993462,0.,0.781974349,              1007P   1684
0.175257377,0.,0.780676669,0.18027121,0.,0.779378988,               1007P   1685
0.185285043,0.,0.77848513,0.190856116,0.,0.777591271,               1007P   1686
0.196427189,0.,0.777135587,0.202341409,0.,0.776679902,              1007P   1687
0.208255628,0.,0.776679902,0.214285714,0.,0.,1.,0.,0.,1.;           1007P   1688
124,1.,-7.105427357601E-015,0.,3.65263375101703E-014,               1009P   1689
-7.105427357601E-015,-1.,6.98296672221876E-015,                     1009P   1690
11.0000000000003,-4.96169627852706E-029,-6.98296672221876E-015,     1009P   1691
-1.,4.00000000000004;                                               1009P   1692
100,2.,50.5,5.5,52.,5.5,49.,5.5;                                    1011P   1693
102,2,1001,1007;                                                    1013P   1694
102,2,1005,1011;                                                    1015P   1695
142,1,937,1013,1015,1;                                              1017P   1696
126,32,2,1,0,1,0,0.,0.,0.,0.0625,0.0625,0.125,0.125,0.1875,         1019P   1697
0.1875,0.25,0.25,0.3125,0.3125,0.375,0.375,0.4375,0.4375,0.5,       1019P   1698
0.5,0.5625,0.5625,0.625,0.625,0.6875,0.6875,0.75,0.75,0.8125,       1019P   1699
0.8125,0.875,0.875,0.9375,0.9375,1.,1.,1.,1.,1.,1.,1.,1.,1.,1.,     1019P   1700
1.,1.,1.,1.,1.,1.,1.,1.,1.,1.,1.,1.,1.,1.,1.,1.,1.,1.,1.,1.,1.,     1019P   1701
1.,1.,1.,1.,1.,0.666007995,0.5,0.,0.666007995,0.506030086,0.,       1019P   1702
0.66646368,0.511944305,0.,0.666919365,0.517858525,0.,               1019P   1703
0.667813223,0.523429598,0.,0.668707081,0.529000671,0.,              1019P   1704
0.670004762,0.534014504,0.,0.671302443,0.539028337,0.,              1019P   1705
0.672954078,0.543292252,0.,0.674605712,0.547556167,0.,              1019P   1706
0.676547829,0.550906303,0.,0.678489945,0.554256439,0.,              1019P   1707
0.68064791,0.556564053,0.,0.682805874,0.558871667,0.,               1019P   1708
0.685096757,0.560048078,0.,0.68738764,0.56122449,0.,                1019P   1709
0.689723404,0.56122449,0.,0.692059168,0.56122449,0.,0.69435005,     1019P   1710
0.560048078,0.,0.696640933,0.558871667,0.,0.698798898,              1019P   1711
0.556564053,0.,0.700956862,0.554256439,0.,0.702898979,              1019P   1712
0.550906303,0.,0.704841095,0.547556167,0.,0.70649273,               1019P   1713
0.543292252,0.,0.708144364,0.539028337,0.,0.709442045,              1019P   1714
0.534014504,0.,0.710739726,0.529000671,0.,0.711633584,              1019P   1715
0.523429598,0.,0.712527442,0.517858525,0.,0.712983127,              1019P   1716
0.511944305,0.,0.713438812,0.506030086,0.,0.713438812,0.5,0.,       1019P   1717
0.,1.,0.,0.,1.;                                                     1019P   1718
124,-1.,-6.98296672221876E-015,0.,87.0000000000001,                 1021P   1719
-6.98296672221876E-015,1.,-6.98296672221876E-015,                   1021P   1720
3.17995575618153E-013,4.87618242436147E-029,                        1021P   1721
-6.98296672221876E-015,-1.,4.00000000000009;                        1021P   1722
100,2.,43.5,12.5,45.,12.5,42.,12.5;                                 1023P   1723
126,32,2,1,0,1,0,0.,0.,0.,0.0625,0.0625,0.125,0.125,0.1875,         1025P   1724
0.1875,0.25,0.25,0.3125,0.3125,0.375,0.375,0.4375,0.4375,0.5,       1025P   1725
0.5,0.5625,0.5625,0.625,0.625,0.6875,0.6875,0.75,0.75,0.8125,       1025P   1726
0.8125,0.875,0.875,0.9375,0.9375,1.,1.,1.,1.,1.,1.,1.,1.,1.,1.,     1025P   1727
1.,1.,1.,1.,1.,1.,1.,1.,1.,1.,1.,1.,1.,1.,1.,1.,1.,1.,1.,1.,1.,     1025P   1728
1.,1.,1.,1.,1.,0.713438812,0.5,0.,0.713438812,0.493969914,0.,       1025P   1729
0.712983127,0.488055695,0.,0.712527442,0.482141475,0.,              1025P   1730
0.711633584,0.476570402,0.,0.710739726,0.470999329,0.,              1025P   1731
0.709442045,0.465985496,0.,0.708144364,0.460971663,0.,              1025P   1732
0.70649273,0.456707748,0.,0.704841095,0.452443833,0.,               1025P   1733
0.702898979,0.449093697,0.,0.700956862,0.445743561,0.,              1025P   1734
0.698798898,0.443435947,0.,0.696640933,0.441128333,0.,              1025P   1735
0.69435005,0.439951922,0.,0.692059168,0.43877551,0.,                1025P   1736
0.689723404,0.43877551,0.,0.68738764,0.43877551,0.,0.685096757,     1025P   1737
0.439951922,0.,0.682805874,0.441128333,0.,0.68064791,               1025P   1738
0.443435947,0.,0.678489945,0.445743561,0.,0.676547829,              1025P   1739
0.449093697,0.,0.674605712,0.452443833,0.,0.672954078,              1025P   1740
0.456707748,0.,0.671302443,0.460971663,0.,0.670004762,              1025P   1741
0.465985496,0.,0.668707081,0.470999329,0.,0.667813223,              1025P   1742
0.476570402,0.,0.666919365,0.482141475,0.,0.66646368,               1025P   1743
0.488055695,0.,0.666007995,0.493969914,0.,0.666007995,0.5,0.,       1025P   1744
0.,1.,0.,0.,1.;                                                     1025P   1745
124,1.,-7.105427357601E-015,0.,8.74300631892334E-014,               1027P   1746
-7.105427357601E-015,-1.,6.98296672221876E-015,                     1027P   1747
25.0000000000003,-4.96169627852706E-029,-6.98296672221876E-015,     1027P   1748
-1.,4.00000000000009;                                               1027P   1749
100,2.,43.5,12.5,45.,12.5,42.,12.5;                                 1029P   1750
102,2,1019,1025;                                                    1031P   1751
102,2,1023,1029;                                                    1033P   1752
142,1,937,1031,1033,1;                                              1035P   1753
126,32,2,1,0,1,0,0.,0.,0.,0.0625,0.0625,0.125,0.125,0.1875,         1037P   1754
0.1875,0.25,0.25,0.3125,0.3125,0.375,0.375,0.4375,0.4375,0.5,       1037P   1755
0.5,0.5625,0.5625,0.625,0.625,0.6875,0.6875,0.75,0.75,0.8125,       1037P   1756
0.8125,0.875,0.875,0.9375,0.9375,1.,1.,1.,1.,1.,1.,1.,1.,1.,1.,     1037P   1757
1.,1.,1.,1.,1.,1.,1.,1.,1.,1.,1.,1.,1.,1.,1.,1.,1.,1.,1.,1.,1.,     1037P   1758
1.,1.,1.,1.,1.,0.286561459,0.5,0.,0.286561459,0.506030086,0.,       1037P   1759
0.287017144,0.511944305,0.,0.287472829,0.517858525,0.,              1037P   1760
0.288366687,0.523429598,0.,0.289260545,0.529000671,0.,              1037P   1761
0.290558226,0.534014504,0.,0.291855907,0.539028337,0.,              1037P   1762
0.293507542,0.543292252,0.,0.295159176,0.547556167,0.,              1037P   1763
0.297101293,0.550906303,0.,0.299043409,0.554256439,0.,              1037P   1764
0.301201374,0.556564053,0.,0.303359338,0.558871667,0.,              1037P   1765
0.305650221,0.560048078,0.,0.307941104,0.56122449,0.,               1037P   1766
0.310276868,0.56122449,0.,0.312612632,0.56122449,0.,                1037P   1767
0.314903514,0.560048078,0.,0.317194397,0.558871667,0.,              1037P   1768
0.319352362,0.556564053,0.,0.321510326,0.554256439,0.,              1037P   1769
0.323452443,0.550906303,0.,0.325394559,0.547556167,0.,              1037P   1770
0.327046194,0.543292252,0.,0.328697828,0.539028337,0.,              1037P   1771
0.329995509,0.534014504,0.,0.33129319,0.529000671,0.,               1037P   1772
0.332187048,0.523429598,0.,0.333080906,0.517858525,0.,              1037P   1773
0.333536591,0.511944305,0.,0.333992276,0.506030086,0.,              1037P   1774
0.333992276,0.5,0.,0.,1.,0.,0.,1.;                                  1037P   1775
124,-1.,-6.98296672221876E-015,0.,39.0000000000001,                 1039P   1776
-6.98296672221876E-015,1.,-6.98296672221876E-015,                   1039P   1777
1.51081350121403E-013,4.87618242436147E-029,                        1039P   1778
-6.98296672221876E-015,-1.,4.00000000000009;                        1039P   1779
100,2.,19.5,12.5,21.,12.5,18.,12.5;                                 1041P   1780
126,32,2,1,0,1,0,0.,0.,0.,0.0625,0.0625,0.125,0.125,0.1875,         1043P   1781
0.1875,0.25,0.25,0.3125,0.3125,0.375,0.375,0.4375,0.4375,0.5,       1043P   1782
0.5,0.5625,0.5625,0.625,0.625,0.6875,0.6875,0.75,0.75,0.8125,       1043P   1783
0.8125,0.875,0.875,0.9375,0.9375,1.,1.,1.,1.,1.,1.,1.,1.,1.,1.,     1043P   1784
1.,1.,1.,1.,1.,1.,1.,1.,1.,1.,1.,1.,1.,1.,1.,1.,1.,1.,1.,1.,1.,     1043P   1785
1.,1.,1.,1.,1.,0.333992276,0.5,0.,0.333992276,0.493969914,0.,       1043P   1786
0.333536591,0.488055695,0.,0.333080906,0.482141475,0.,              1043P   1787
0.332187048,0.476570402,0.,0.33129319,0.470999329,0.,               1043P   1788
0.329995509,0.465985496,0.,0.328697828,0.460971663,0.,              1043P   1789
0.327046194,0.456707748,0.,0.325394559,0.452443833,0.,              1043P   1790
0.323452443,0.449093697,0.,0.321510326,0.445743561,0.,              1043P   1791
0.319352362,0.443435947,0.,0.317194397,0.441128333,0.,              1043P   1792
0.314903514,0.439951922,0.,0.312612632,0.43877551,0.,               1043P   1793
0.310276868,0.43877551,0.,0.307941104,0.43877551,0.,                1043P   1794
0.305650221,0.439951922,0.,0.303359338,0.441128333,0.,              1043P   1795
0.301201374,0.443435947,0.,0.299043409,0.445743561,0.,              1043P   1796
0.297101293,0.449093697,0.,0.295159176,0.452443833,0.,              1043P   1797
0.293507542,0.456707748,0.,0.291855907,0.460971663,0.,              1043P   1798
0.290558226,0.465985496,0.,0.289260545,0.470999329,0.,              1043P   1799
0.288366687,0.476570402,0.,0.287472829,0.482141475,0.,              1043P   1800
0.287017144,0.488055695,0.,0.286561459,0.493969914,0.,              1043P   1801
0.286561459,0.5,0.,0.,1.,0.,0.,1.;                                  1043P   1802
124,1.,-7.105427357601E-015,0.,8.74300631892322E-014,               1045P   1803
-7.105427357601E-015,-1.,6.98296672221876E-015,                     1045P   1804
25.0000000000001,-4.96169627852706E-029,-6.98296672221876E-015,     1045P   1805
-1.,4.00000000000009;                                               1045P   1806
100,2.,19.5,12.5,21.,12.5,18.,12.5;                                 1047P   1807
102,2,1037,1043;                                                    1049P   1808
102,2,1041,1047;                                                    1051P   1809
142,1,937,1049,1051,1;                                              1053P   1810
126,32,2,1,0,1,0,0.,0.,0.,0.0625,0.0625,0.125,0.125,0.1875,         1055P   1811
0.1875,0.25,0.25,0.3125,0.3125,0.375,0.375,0.4375,0.4375,0.5,       1055P   1812
0.5,0.5625,0.5625,0.625,0.625,0.6875,0.6875,0.75,0.75,0.8125,       1055P   1813
0.8125,0.875,0.875,0.9375,0.9375,1.,1.,1.,1.,1.,1.,1.,1.,1.,1.,     1055P   1814
1.,1.,1.,1.,1.,1.,1.,1.,1.,1.,1.,1.,1.,1.,1.,1.,1.,1.,1.,1.,1.,     1055P   1815
1.,1.,1.,1.,1.,0.175889553,0.785714286,0.,0.175889553,              1055P   1816
0.791744372,0.,0.176345238,0.797658591,0.,0.176800923,              1055P   1817
0.803572811,0.,0.177694781,0.809143884,0.,0.178588639,              1055P   1818
0.814714957,0.,0.17988632,0.81972879,0.,0.181184001,                1055P   1819
0.824742623,0.,0.182835635,0.829006538,0.,0.18448727,               1055P   1820
0.833270452,0.,0.186429386,0.836620589,0.,0.188371503,              1055P   1821
0.839970725,0.,0.190529467,0.842278339,0.,0.192687432,              1055P   1822
0.844585953,0.,0.194978315,0.845762364,0.,0.197269198,              1055P   1823
0.846938776,0.,0.199604961,0.846938776,0.,0.201940725,              1055P   1824
0.846938776,0.,0.204231608,0.845762364,0.,0.206522491,              1055P   1825
0.844585953,0.,0.208680455,0.842278339,0.,0.21083842,               1055P   1826
0.839970725,0.,0.212780536,0.836620589,0.,0.214722653,              1055P   1827
0.833270452,0.,0.216374288,0.829006538,0.,0.218025922,              1055P   1828
0.824742623,0.,0.219323603,0.81972879,0.,0.220621284,               1055P   1829
0.814714957,0.,0.221515142,0.809143884,0.,0.222409,0.803572811,     1055P   1830
0.,0.222864685,0.797658591,0.,0.22332037,0.791744372,0.,            1055P   1831
0.22332037,0.785714286,0.,0.,1.,0.,0.,1.;                           1055P   1832
124,-1.,-6.98296672221876E-015,0.,25.0000000000001,                 1057P   1833
-6.98296672221876E-015,1.,-6.98296672221876E-015,                   1057P   1834
1.01892073337691E-013,4.87618242436147E-029,                        1057P   1835
-6.98296672221876E-015,-1.,4.00000000000014;                        1057P   1836
100,2.,12.5,19.5,14.,19.5,11.,19.5;                                 1059P   1837
126,32,2,1,0,1,0,0.,0.,0.,0.0625,0.0625,0.125,0.125,0.1875,         1061P   1838
0.1875,0.25,0.25,0.3125,0.3125,0.375,0.375,0.4375,0.4375,0.5,       1061P   1839
0.5,0.5625,0.5625,0.625,0.625,0.6875,0.6875,0.75,0.75,0.8125,       1061P   1840
0.8125,0.875,0.875,0.9375,0.9375,1.,1.,1.,1.,1.,1.,1.,1.,1.,1.,     1061P   1841
1.,1.,1.,1.,1.,1.,1.,1.,1.,1.,1.,1.,1.,1.,1.,1.,1.,1.,1.,1.,1.,     1061P   1842
1.,1.,1.,1.,1.,0.22332037,0.785714286,0.,0.22332037,0.7796842,      1061P   1843
0.,0.222864685,0.77376998,0.,0.222409,0.767855761,0.,               1061P   1844
0.221515142,0.762284688,0.,0.220621284,0.756713615,0.,              1061P   1845
0.219323603,0.751699782,0.,0.218025922,0.746685948,0.,              1061P   1846
0.216374288,0.742422034,0.,0.214722653,0.738158119,0.,              1061P   1847
0.212780536,0.734807983,0.,0.21083842,0.731457847,0.,               1061P   1848
0.208680455,0.729150233,0.,0.206522491,0.726842619,0.,              1061P   1849
0.204231608,0.725666207,0.,0.201940725,0.724489796,0.,              1061P   1850
0.199604961,0.724489796,0.,0.197269198,0.724489796,0.,              1061P   1851
0.194978315,0.725666207,0.,0.192687432,0.726842619,0.,              1061P   1852
0.190529467,0.729150233,0.,0.188371503,0.731457847,0.,              1061P   1853
0.186429386,0.734807983,0.,0.18448727,0.738158119,0.,               1061P   1854
0.182835635,0.742422034,0.,0.181184001,0.746685948,0.,              1061P   1855
0.17988632,0.751699782,0.,0.178588639,0.756713615,0.,               1061P   1856
0.177694781,0.762284688,0.,0.176800923,0.767855761,0.,              1061P   1857
0.176345238,0.77376998,0.,0.175889553,0.7796842,0.,0.175889553,     1061P   1858
0.785714286,0.,0.,1.,0.,0.,1.;                                      1061P   1859
124,1.,-7.105427357601E-015,0.,1.38333788868295E-013,               1063P   1860
-7.105427357601E-015,-1.,6.98296672221876E-015,                     1063P   1861
39.0000000000001,-4.96169627852706E-029,-6.98296672221876E-015,     1063P   1862
-1.,4.00000000000014;                                               1063P   1863
100,2.,12.5,19.5,14.,19.5,11.,19.5;                                 1065P   1864
102,2,1055,1061;                                                    1067P   1865
102,2,1059,1065;                                                    1069P   1866
142,1,937,1067,1069,1;                                              1071P   1867
126,32,2,1,0,1,0,0.,0.,0.,0.0625,0.0625,0.125,0.125,0.1875,         1073P   1868
0.1875,0.25,0.25,0.3125,0.3125,0.375,0.375,0.4375,0.4375,0.5,       1073P   1869
0.5,0.5625,0.5625,0.625,0.625,0.6875,0.6875,0.75,0.75,0.8125,       1073P   1870
0.8125,0.875,0.875,0.9375,0.9375,1.,1.,1.,1.,1.,1.,1.,1.,1.,1.,     1073P   1871
1.,1.,1.,1.,1.,1.,1.,1.,1.,1.,1.,1.,1.,1.,1.,1.,1.,1.,1.,1.,1.,     1073P   1872
1.,1.,1.,1.,1.,0.175889553,0.214285714,0.,0.175889553,              1073P   1873
0.2203158,0.,0.176345238,0.22623002,0.,0.176800923,0.232144239,     1073P   1874
0.,0.177694781,0.237715312,0.,0.178588639,0.243286385,0.,           1073P   1875
0.17988632,0.248300218,0.,0.181184001,0.253314052,0.,               1073P   1876
0.182835635,0.257577966,0.,0.18448727,0.261841881,0.,               1073P   1877
0.186429386,0.265192017,0.,0.188371503,0.268542153,0.,              1073P   1878
0.190529467,0.270849767,0.,0.192687432,0.273157381,0.,              1073P   1879
0.194978315,0.274333793,0.,0.197269198,0.275510204,0.,              1073P   1880
0.199604961,0.275510204,0.,0.201940725,0.275510204,0.,              1073P   1881
0.204231608,0.274333793,0.,0.206522491,0.273157381,0.,              1073P   1882
0.208680455,0.270849767,0.,0.21083842,0.268542153,0.,               1073P   1883
0.212780536,0.265192017,0.,0.214722653,0.261841881,0.,              1073P   1884
0.216374288,0.257577966,0.,0.218025922,0.253314052,0.,              1073P   1885
0.219323603,0.248300218,0.,0.220621284,0.243286385,0.,              1073P   1886
0.221515142,0.237715312,0.,0.222409,0.232144239,0.,0.222864685,     1073P   1887
0.22623002,0.,0.22332037,0.2203158,0.,0.22332037,0.214285714,       1073P   1888
0.,0.,1.,0.,0.,1.;                                                  1073P   1889
124,-1.,-6.98296672221876E-015,0.,25.,-6.98296672221876E-015,       1075P   1890
1.,-6.98296672221876E-015,1.01024711599702E-013,                    1075P   1891
4.87618242436147E-029,-6.98296672221876E-015,-1.,                   1075P   1892
4.00000000000004;                                                   1075P   1893
100,2.,12.5,5.5,14.,5.5,11.,5.5;                                    1077P   1894
126,32,2,1,0,1,0,0.,0.,0.,0.0625,0.0625,0.125,0.125,0.1875,         1079P   1895
0.1875,0.25,0.25,0.3125,0.3125,0.375,0.375,0.4375,0.4375,0.5,       1079P   1896
0.5,0.5625,0.5625,0.625,0.625,0.6875,0.6875,0.75,0.75,0.8125,       1079P   1897
0.8125,0.875,0.875,0.9375,0.9375,1.,1.,1.,1.,1.,1.,1.,1.,1.,1.,     1079P   1898
1.,1.,1.,1.,1.,1.,1.,1.,1.,1.,1.,1.,1.,1.,1.,1.,1.,1.,1.,1.,1.,     1079P   1899
1.,1.,1.,1.,1.,0.22332037,0.214285714,0.,0.22332037,                1079P   1900
0.208255628,0.,0.222864685,0.202341409,0.,0.222409,0.196427189,     1079P   1901
0.,0.221515142,0.190856116,0.,0.220621284,0.185285043,0.,           1079P   1902
0.219323603,0.18027121,0.,0.218025922,0.175257377,0.,               1079P   1903
0.216374288,0.170993462,0.,0.214722653,0.166729548,0.,              1079P   1904
0.212780536,0.163379411,0.,0.21083842,0.160029275,0.,               1079P   1905
0.208680455,0.157721661,0.,0.206522491,0.155414047,0.,              1079P   1906
0.204231608,0.154237636,0.,0.201940725,0.153061224,0.,              1079P   1907
0.199604961,0.153061224,0.,0.197269198,0.153061224,0.,              1079P   1908
0.194978315,0.154237636,0.,0.192687432,0.155414047,0.,              1079P   1909
0.190529467,0.157721661,0.,0.188371503,0.160029275,0.,              1079P   1910
0.186429386,0.163379411,0.,0.18448727,0.166729548,0.,               1079P   1911
0.182835635,0.170993462,0.,0.181184001,0.175257377,0.,              1079P   1912
0.17988632,0.18027121,0.,0.178588639,0.185285043,0.,                1079P   1913
0.177694781,0.190856116,0.,0.176800923,0.196427189,0.,              1079P   1914
0.176345238,0.202341409,0.,0.175889553,0.208255628,0.,              1079P   1915
0.175889553,0.214285714,0.,0.,1.,0.,0.,1.;                          1079P   1916
124,1.,-7.105427357601E-015,0.,3.82610609861452E-014,               1081P   1917
-7.105427357601E-015,-1.,6.98296672221876E-015,                     1081P   1918
11.0000000000001,-4.96169627852706E-029,-6.98296672221876E-015,     1081P   1919
-1.,4.00000000000004;                                               1081P   1920
100,2.,12.5,5.5,14.,5.5,11.,5.5;                                    1083P   1921
102,2,1073,1079;                                                    1085P   1922
102,2,1077,1083;                                                    1087P   1923
142,1,937,1085,1087,1;                                              1089P   1924
126,32,2,1,0,1,0,0.,0.,0.,0.0625,0.0625,0.125,0.125,0.1875,         1091P   1925
0.1875,0.25,0.25,0.3125,0.3125,0.375,0.375,0.4375,0.4375,0.5,       1091P   1926
0.5,0.5625,0.5625,0.625,0.625,0.6875,0.6875,0.75,0.75,0.8125,       1091P   1927
0.8125,0.875,0.875,0.9375,0.9375,1.,1.,1.,1.,1.,1.,1.,1.,1.,1.,     1091P   1928
1.,1.,1.,1.,1.,1.,1.,1.,1.,1.,1.,1.,1.,1.,1.,1.,1.,1.,1.,1.,1.,     1091P   1929
1.,1.,1.,1.,1.,0.065217647,0.5,0.,0.065217647,0.506030086,0.,       1091P   1930
0.065673331,0.511944305,0.,0.066129016,0.517858525,0.,              1091P   1931
0.067022875,0.523429598,0.,0.067916733,0.529000671,0.,              1091P   1932
0.069214414,0.534014504,0.,0.070512094,0.539028337,0.,              1091P   1933
0.072163729,0.543292252,0.,0.073815363,0.547556167,0.,              1091P   1934
0.07575748,0.550906303,0.,0.077699597,0.554256439,0.,               1091P   1935
0.079857561,0.556564053,0.,0.082015526,0.558871667,0.,              1091P   1936
0.084306408,0.560048078,0.,0.086597291,0.56122449,0.,               1091P   1937
0.088933055,0.56122449,0.,0.091268819,0.56122449,0.,                1091P   1938
0.093559702,0.560048078,0.,0.095850585,0.558871667,0.,              1091P   1939
0.098008549,0.556564053,0.,0.100166513,0.554256439,0.,              1091P   1940
0.10210863,0.550906303,0.,0.104050747,0.547556167,0.,               1091P   1941
0.105702381,0.543292252,0.,0.107354016,0.539028337,0.,              1091P   1942
0.108651697,0.534014504,0.,0.109949377,0.529000671,0.,              1091P   1943
0.110843236,0.523429598,0.,0.111737094,0.517858525,0.,              1091P   1944
0.112192779,0.511944305,0.,0.112648464,0.506030086,0.,              1091P   1945
0.112648464,0.5,0.,0.,1.,0.,0.,1.;                                  1091P   1946
124,-1.,-6.98296672221876E-015,0.,11.0000000000001,                 1093P   1947
-6.98296672221876E-015,1.,-6.98296672221876E-015,                   1093P   1948
5.27027965539785E-014,4.87618242436147E-029,                        1093P   1949
-6.98296672221876E-015,-1.,4.00000000000009;                        1093P   1950
100,2.,5.5,12.5,7.,12.5,4.,12.5;                                    1095P   1951
126,32,2,1,0,1,0,0.,0.,0.,0.0625,0.0625,0.125,0.125,0.1875,         1097P   1952
0.1875,0.25,0.25,0.3125,0.3125,0.375,0.375,0.4375,0.4375,0.5,       1097P   1953
0.5,0.5625,0.5625,0.625,0.625,0.6875,0.6875,0.75,0.75,0.8125,       1097P   1954
0.8125,0.875,0.875,0.9375,0.9375,1.,1.,1.,1.,1.,1.,1.,1.,1.,1.,     1097P   1955
1.,1.,1.,1.,1.,1.,1.,1.,1.,1.,1.,1.,1.,1.,1.,1.,1.,1.,1.,1.,1.,     1097P   1956
1.,1.,1.,1.,1.,0.112648464,0.5,0.,0.112648464,0.493969914,0.,       1097P   1957
0.112192779,0.488055695,0.,0.111737094,0.482141475,0.,              1097P   1958
0.110843236,0.476570402,0.,0.109949377,0.470999329,0.,              1097P   1959
0.108651697,0.465985496,0.,0.107354016,0.460971663,0.,              1097P   1960
0.105702381,0.456707748,0.,0.104050747,0.452443833,0.,              1097P   1961
0.10210863,0.449093697,0.,0.100166513,0.445743561,0.,               1097P   1962
0.098008549,0.443435947,0.,0.095850585,0.441128333,0.,              1097P   1963
0.093559702,0.439951922,0.,0.091268819,0.43877551,0.,               1097P   1964
0.088933055,0.43877551,0.,0.086597291,0.43877551,0.,                1097P   1965
0.084306408,0.439951922,0.,0.082015526,0.441128333,0.,              1097P   1966
0.079857561,0.443435947,0.,0.077699597,0.445743561,0.,              1097P   1967
0.07575748,0.449093697,0.,0.073815363,0.452443833,0.,               1097P   1968
0.072163729,0.456707748,0.,0.070512094,0.460971663,0.,              1097P   1969
0.069214414,0.465985496,0.,0.067916733,0.470999329,0.,              1097P   1970
0.067022875,0.476570402,0.,0.066129016,0.482141475,0.,              1097P   1971
0.065673331,0.488055695,0.,0.065217647,0.493969914,0.,              1097P   1972
0.065217647,0.5,0.,0.,1.,0.,0.,1.;                                  1097P   1973
124,1.,-7.105427357601E-015,0.,8.91647866652083E-014,               1099P   1974
-7.105427357601E-015,-1.,6.98296672221876E-015,25.,                 1099P   1975
-4.96169627852706E-029,-6.98296672221876E-015,-1.,                  1099P   1976
4.00000000000009;                                                   1099P   1977
100,2.,5.5,12.5,7.,12.5,4.,12.5;                                    1101P   1978
102,2,1091,1097;                                                    1103P   1979
102,2,1095,1101;                                                    1105P   1980
142,1,937,1103,1105,1;                                              1107P   1981
126,32,2,1,0,1,0,0.,0.,0.,0.0625,0.0625,0.125,0.125,0.1875,         1109P   1982
0.1875,0.25,0.25,0.3125,0.3125,0.375,0.375,0.4375,0.4375,0.5,       1109P   1983
0.5,0.5625,0.5625,0.625,0.625,0.6875,0.6875,0.75,0.75,0.8125,       1109P   1984
0.8125,0.875,0.875,0.9375,0.9375,1.,1.,1.,1.,1.,1.,1.,1.,1.,1.,     1109P   1985
1.,1.,1.,1.,1.,1.,1.,1.,1.,1.,1.,1.,1.,1.,1.,1.,1.,1.,1.,1.,1.,     1109P   1986
1.,1.,1.,1.,1.,0.737154221,0.5,0.,0.737154221,0.516080229,0.,       1109P   1987
0.738369381,0.531851481,0.,0.73958454,0.547622733,0.,               1109P   1988
0.741968162,0.562478928,0.,0.744351784,0.577335122,0.,              1109P   1989
0.747812266,0.590705344,0.,0.751272748,0.604075566,0.,              1109P   1990
0.755677107,0.615446005,0.,0.760081466,0.626816444,0.,              1109P   1991
0.765260443,0.635750141,0.,0.770439421,0.644683837,0.,              1109P   1992
0.776193993,0.650837475,0.,0.781948565,0.656991112,0.,              1109P   1993
0.788057586,0.660128209,0.,0.794166606,0.663265306,0.,              1109P   1994
0.80039531,0.663265306,0.,0.806624014,0.663265306,0.,               1109P   1995
0.812733035,0.660128209,0.,0.818842055,0.656991112,0.,              1109P   1996
0.824596627,0.650837475,0.,0.830351199,0.644683837,0.,              1109P   1997
0.835530177,0.635750141,0.,0.840709155,0.626816444,0.,              1109P   1998
0.845113513,0.615446005,0.,0.849517872,0.604075566,0.,              1109P   1999
0.852978354,0.590705344,0.,0.856438837,0.577335122,0.,              1109P   2000
0.858822458,0.562478928,0.,0.86120608,0.547622733,0.,               1109P   2001
0.86242124,0.531851481,0.,0.863636399,0.516080229,0.,               1109P   2002
0.863636399,0.5,0.,0.,1.,0.,0.,1.;                                  1109P   2003
124,-1.,-6.98296672221876E-015,0.,101.,-6.98296672221876E-015,      1111P   2004
1.,-6.98296672221876E-015,3.67184852401865E-013,                    1111P   2005
4.87618242436147E-029,-6.98296672221876E-015,-1.,                   1111P   2006
4.00000000000009;                                                   1111P   2007
100,2.,50.5,12.5,54.5,12.5,46.5,12.5;                               1113P   2008
126,32,2,1,0,1,0,0.,0.,0.,0.0625,0.0625,0.125,0.125,0.1875,         1115P   2009
0.1875,0.25,0.25,0.3125,0.3125,0.375,0.375,0.4375,0.4375,0.5,       1115P   2010
0.5,0.5625,0.5625,0.625,0.625,0.6875,0.6875,0.75,0.75,0.8125,       1115P   2011
0.8125,0.875,0.875,0.9375,0.9375,1.,1.,1.,1.,1.,1.,1.,1.,1.,1.,     1115P   2012
1.,1.,1.,1.,1.,1.,1.,1.,1.,1.,1.,1.,1.,1.,1.,1.,1.,1.,1.,1.,1.,     1115P   2013
1.,1.,1.,1.,1.,0.863636399,0.5,0.,0.863636399,0.483919771,0.,       1115P   2014
0.86242124,0.468148519,0.,0.86120608,0.452377267,0.,                1115P   2015
0.858822458,0.437521072,0.,0.856438837,0.422664878,0.,              1115P   2016
0.852978354,0.409294656,0.,0.849517872,0.395924434,0.,              1115P   2017
0.845113513,0.384553995,0.,0.840709155,0.373183556,0.,              1115P   2018
0.835530177,0.364249859,0.,0.830351199,0.355316163,0.,              1115P   2019
0.824596627,0.349162525,0.,0.818842055,0.343008888,0.,              1115P   2020
0.812733035,0.339871791,0.,0.806624014,0.336734694,0.,              1115P   2021
0.80039531,0.336734694,0.,0.794166606,0.336734694,0.,               1115P   2022
0.788057586,0.339871791,0.,0.781948565,0.343008888,0.,              1115P   2023
0.776193993,0.349162525,0.,0.770439421,0.355316163,0.,              1115P   2024
0.765260443,0.364249859,0.,0.760081466,0.373183556,0.,              1115P   2025
0.755677107,0.384553995,0.,0.751272748,0.395924434,0.,              1115P   2026
0.747812266,0.409294656,0.,0.744351784,0.422664878,0.,              1115P   2027
0.741968162,0.437521072,0.,0.73958454,0.452377267,0.,               1115P   2028
0.738369381,0.468148519,0.,0.737154221,0.483919771,0.,              1115P   2029
0.737154221,0.5,0.,0.,1.,0.,0.,1.;                                  1115P   2030
124,1.,-7.105427357601E-015,0.,8.74300631892338E-014,               1117P   2031
-7.105427357601E-015,-1.,6.98296672221876E-015,                     1117P   2032
25.0000000000003,-4.96169627852706E-029,-6.98296672221876E-015,     1117P   2033
-1.,4.00000000000009;                                               1117P   2034
100,2.,50.5,12.5,54.5,12.5,46.5,12.5;                               1119P   2035
102,2,1109,1115;                                                    1121P   2036
102,2,1113,1119;                                                    1123P   2037
142,1,937,1121,1123,1;                                              1125P   2038
126,32,2,1,0,1,0,0.,0.,0.,0.0625,0.0625,0.125,0.125,0.1875,         1127P   2039
0.1875,0.25,0.25,0.3125,0.3125,0.375,0.375,0.4375,0.4375,0.5,       1127P   2040
0.5,0.5625,0.5625,0.625,0.625,0.6875,0.6875,0.75,0.75,0.8125,       1127P   2041
0.8125,0.875,0.875,0.9375,0.9375,1.,1.,1.,1.,1.,1.,1.,1.,1.,1.,     1127P   2042
1.,1.,1.,1.,1.,1.,1.,1.,1.,1.,1.,1.,1.,1.,1.,1.,1.,1.,1.,1.,1.,     1127P   2043
1.,1.,1.,1.,1.,0.136363872,0.5,0.,0.136363872,0.516080229,0.,       1127P   2044
0.137579032,0.531851481,0.,0.138794192,0.547622733,0.,              1127P   2045
0.141177813,0.562478928,0.,0.143561435,0.577335122,0.,              1127P   2046
0.147021917,0.590705344,0.,0.1504824,0.604075566,0.,                1127P   2047
0.154886758,0.615446005,0.,0.159291117,0.626816444,0.,              1127P   2048
0.164470095,0.635750141,0.,0.169649072,0.644683837,0.,              1127P   2049
0.175403644,0.650837475,0.,0.181158216,0.656991112,0.,              1127P   2050
0.187267237,0.660128209,0.,0.193376258,0.663265306,0.,              1127P   2051
0.199604961,0.663265306,0.,0.205833665,0.663265306,0.,              1127P   2052
0.211942686,0.660128209,0.,0.218051707,0.656991112,0.,              1127P   2053
0.223806279,0.650837475,0.,0.22956085,0.644683837,0.,               1127P   2054
0.234739828,0.635750141,0.,0.239918806,0.626816444,0.,              1127P   2055
0.244323165,0.615446005,0.,0.248727523,0.604075566,0.,              1127P   2056
0.252188005,0.590705344,0.,0.255648488,0.577335122,0.,              1127P   2057
0.258032109,0.562478928,0.,0.260415731,0.547622733,0.,              1127P   2058
0.261630891,0.531851481,0.,0.262846051,0.516080229,0.,              1127P   2059
0.262846051,0.5,0.,0.,1.,0.,0.,1.;                                  1127P   2060
124,-1.,-6.98296672221876E-015,0.,25.0000000000001,                 1129P   2061
-6.98296672221876E-015,1.,-6.98296672221876E-015,                   1129P   2062
1.01892073337691E-013,4.87618242436147E-029,                        1129P   2063
-6.98296672221876E-015,-1.,4.00000000000009;                        1129P   2064
100,2.,12.5,12.5,16.5,12.5,8.5,12.5;                                1131P   2065
126,32,2,1,0,1,0,0.,0.,0.,0.0625,0.0625,0.125,0.125,0.1875,         1133P   2066
0.1875,0.25,0.25,0.3125,0.3125,0.375,0.375,0.4375,0.4375,0.5,       1133P   2067
0.5,0.5625,0.5625,0.625,0.625,0.6875,0.6875,0.75,0.75,0.8125,       1133P   2068
0.8125,0.875,0.875,0.9375,0.9375,1.,1.,1.,1.,1.,1.,1.,1.,1.,1.,     1133P   2069
1.,1.,1.,1.,1.,1.,1.,1.,1.,1.,1.,1.,1.,1.,1.,1.,1.,1.,1.,1.,1.,     1133P   2070
1.,1.,1.,1.,1.,0.262846051,0.5,0.,0.262846051,0.483919771,0.,       1133P   2071
0.261630891,0.468148519,0.,0.260415731,0.452377267,0.,              1133P   2072
0.258032109,0.437521072,0.,0.255648488,0.422664878,0.,              1133P   2073
0.252188005,0.409294656,0.,0.248727523,0.395924434,0.,              1133P   2074
0.244323165,0.384553995,0.,0.239918806,0.373183556,0.,              1133P   2075
0.234739828,0.364249859,0.,0.22956085,0.355316163,0.,               1133P   2076
0.223806279,0.349162525,0.,0.218051707,0.343008888,0.,              1133P   2077
0.211942686,0.339871791,0.,0.205833665,0.336734694,0.,              1133P   2078
0.199604961,0.336734694,0.,0.193376258,0.336734694,0.,              1133P   2079
0.187267237,0.339871791,0.,0.181158216,0.343008888,0.,              1133P   2080
0.175403644,0.349162525,0.,0.169649072,0.355316163,0.,              1133P   2081
0.164470095,0.364249859,0.,0.159291117,0.373183556,0.,              1133P   2082
0.154886758,0.384553995,0.,0.1504824,0.395924434,0.,                1133P   2083
0.147021917,0.409294656,0.,0.143561435,0.422664878,0.,              1133P   2084
0.141177813,0.437521072,0.,0.138794192,0.452377267,0.,              1133P   2085
0.137579032,0.468148519,0.,0.136363872,0.483919771,0.,              1133P   2086
0.136363872,0.5,0.,0.,1.,0.,0.,1.;                                  1133P   2087
124,1.,-7.105427357601E-015,0.,8.91647866652086E-014,               1135P   2088
-7.105427357601E-015,-1.,6.98296672221876E-015,                     1135P   2089
25.0000000000001,-4.96169627852706E-029,-6.98296672221876E-015,     1135P   2090
-1.,4.00000000000009;                                               1135P   2091
100,2.,12.5,12.5,16.5,12.5,8.5,12.5;                                1137P   2092
102,2,1127,1133;                                                    1139P   2093
102,2,1131,1137;                                                    1141P   2094
142,1,937,1139,1141,1;                                              1143P   2095
144,937,1,10,963,981,999,1017,1035,1053,1071,1089,1107,1125,        1145P   2096
1143;                                                               1145P   2097
128,3,3,3,3,0,0,0,0,0,0.0631414565735157,0.0631414565735157,        1147P   2098
0.0631414565735157,0.0631414565735157,0.936858543775101,            1147P   2099
0.936858543775101,0.936858543775101,0.936858543775101,0.,0.,0.,     1147P   2100
0.,1.,1.,1.,1.,0.956578302439515,0.769794770230271,                 1147P   2101
0.769794770304798,0.956578302663097,0.769794770407103,              1147P   2102
0.619482991511267,0.619482991571242,0.769794770587028,              1147P   2103
0.769794770407103,0.619482991511267,0.619482991571242,              1147P   2104
0.769794770587028,0.956578302439515,0.769794770230271,              1147P   2105
0.769794770304798,0.956578302663097,50.5,0.25,2.,50.5,              1147P   2106
0.103553391,2.,50.5,0.,1.896446609,50.5,0.,1.75,57.675883861,       1147P   2107
0.25,2.,57.761670299,0.103553391,2.,57.82233047,0.,1.896446609,     1147P   2108
57.82233047,0.,1.75,62.75,5.324116139,2.,62.896446609,              1147P   2109
5.238329701,2.,63.,5.17766953,1.896446609,63.,5.17766953,1.75,      1147P   2110
62.75,12.5,2.,62.896446609,12.5,2.,63.,12.5,1.896446609,63.,        1147P   2111
12.5,1.75,0.0631414565735157,0.936858543775101,0.,1.;               1147P   2112
126,1,1,1,0,1,0,0.,0.,1.,1.,1.,1.,0.063141457,1.,0.,                1149P   2113
0.063141457,0.,0.,0.,1.,0.,0.,1.;                                   1149P   2114
126,3,3,1,0,0,0,0.,0.,0.,0.,1.,1.,1.,1.,0.956578302289149,          1151P   2115
0.769794770286098,0.769794770286098,0.956578302289149,62.75,        1151P   2116
12.5,2.,62.75,5.324116139,2.,57.675883861,0.25,2.,50.5,0.25,2.,     1151P   2117
0.,1.,0.,0.,1.;                                                     1151P   2118
126,1,1,1,0,1,0,0.,0.,1.,1.,1.,1.,0.063141457,0.,0.,                1153P   2119
0.936858544,0.,0.,0.,1.,0.,0.,1.;                                   1153P   2120
124,-6.12303176911189E-017,8.62636845265042E-031,1.,48.75,          1155P   2121
-1.40883940798198E-014,-1.,0.,0.500000000000712,1.,                 1155P   2122
-1.40883940798198E-014,6.12303176911189E-017,-48.75;                1155P   2123
100,1.75,50.5,0.25,50.75,0.25,50.5,0.5;                             1157P   2124
126,1,1,1,0,1,0,0.,0.,1.,1.,1.,1.,0.936858544,0.,0.,                1159P   2125
0.936858544,1.,0.,0.,1.,0.,0.,1.;                                   1159P   2126
100,1.75,50.5,12.5,50.499999998,0.,63.,12.499999999;                1161P   2127
126,1,1,1,0,1,0,0.,0.,1.,1.,1.,1.,0.936858544,1.,0.,                1163P   2128
0.063141457,1.,0.,0.,1.,0.,0.,1.;                                   1163P   2129
126,3,3,1,0,0,0,0.063141457000001,0.063141457000001,                1165P   2130
0.063141457000001,0.063141457000001,0.936858543000006,              1165P   2131
0.936858543000006,0.936858543000006,0.936858543000006,              1165P   2132
0.956578302165993,0.769794770395975,0.769794770395976,              1165P   2133
0.956578302165998,63.,12.5,1.75,63.,12.5,1.896446609,               1165P   2134
62.896446609,12.5,2.,62.75,12.5,2.,0.063141457000001,               1165P   2135
0.936858543000006,0.,1.,0.;                                         1165P   2136
102,4,1149,1153,1159,1163;                                          1167P   2137
102,4,1151,1157,1161,1165;                                          1169P   2138
142,1,1147,1167,1169,1;                                             1171P   2139
144,1147,1,0,1171;                                                  1173P   2140
110,12.5,12.5,2.,12.5,12.5,1002.;                                   1175P   2141
110,16.5,12.5,0.,16.5,12.5,2.;                                      1177P   2142
120,1175,1177,0.,6.28318530717959;                                  1179P   2143
126,1,1,1,0,1,0,0.,0.,1.,1.,1.,1.,1.,3.141592654,0.,1.,0.,0.,       1181P   2144
0.,1.,0.,0.,1.;                                                     1181P   2145
124,-1.,-6.98296672221876E-015,0.,25.0000000000001,                 1183P   2146
-6.98296672221876E-015,1.,-6.98296672221876E-015,                   1183P   2147
1.01892073337691E-013,4.87618242436147E-029,                        1183P   2148
-6.98296672221876E-015,-1.,4.00000000000009;                        1183P   2149
100,2.,12.5,12.5,16.5,12.5,8.5,12.5;                                1185P   2150
126,1,1,1,0,1,0,0.,0.,1.,1.,1.,1.,1.,0.,0.,0.,0.,0.,0.,1.,0.,       1187P   2151
0.,1.;                                                              1187P   2152
110,16.5,12.5,2.,16.5,12.5,0.;                                      1189P   2153
126,1,1,1,0,1,0,0.,0.,1.,1.,1.,1.,0.,0.,0.,0.,3.141592654,0.,       1191P   2154
0.,1.,0.,0.,1.;                                                     1191P   2155
100,0.,12.5,12.5,16.5,12.5,8.5,12.5;                                1193P   2156
126,1,1,1,0,1,0,0.,0.,1.,1.,1.,1.,0.,3.141592654,0.,1.,             1195P   2157
3.141592654,0.,0.,1.,0.,0.,1.;                                      1195P   2158
110,8.5,12.5,0.,8.5,12.5,2.;                                        1197P   2159
102,4,1181,1187,1191,1195;                                          1199P   2160
102,4,1185,1189,1193,1197;                                          1201P   2161
142,1,1179,1199,1201,1;                                             1203P   2162
144,1179,1,0,1203;                                                  1205P   2163
110,50.5,12.5,2.,50.5,12.5,1002.;                                   1207P   2164
110,54.5,12.5,0.,54.5,12.5,2.;                                      1209P   2165
120,1207,1209,0.,6.28318530717959;                                  1211P   2166
126,1,1,1,0,1,0,0.,0.,1.,1.,1.,1.,1.,3.141592654,0.,1.,0.,0.,       1213P   2167
0.,1.,0.,0.,1.;                                                     1213P   2168
124,-1.,-6.98296672221876E-015,0.,101.,-6.98296672221876E-015,      1215P   2169
1.,-6.98296672221876E-015,3.67184852401865E-013,                    1215P   2170
4.87618242436147E-029,-6.98296672221876E-015,-1.,                   1215P   2171
4.00000000000009;                                                   1215P   2172
100,2.,50.5,12.5,54.5,12.5,46.5,12.5;                               1217P   2173
126,1,1,1,0,1,0,0.,0.,1.,1.,1.,1.,1.,0.,0.,0.,0.,0.,0.,1.,0.,       1219P   2174
0.,1.;                                                              1219P   2175
110,54.5,12.5,2.,54.5,12.5,0.;                                      1221P   2176
126,1,1,1,0,1,0,0.,0.,1.,1.,1.,1.,0.,0.,0.,0.,3.141592654,0.,       1223P   2177
0.,1.,0.,0.,1.;                                                     1223P   2178
100,0.,50.5,12.5,54.5,12.5,46.5,12.5;                               1225P   2179
126,1,1,1,0,1,0,0.,0.,1.,1.,1.,1.,0.,3.141592654,0.,1.,             1227P   2180
3.141592654,0.,0.,1.,0.,0.,1.;                                      1227P   2181
110,46.5,12.5,0.,46.5,12.5,2.;                                      1229P   2182
102,4,1213,1219,1223,1227;                                          1231P   2183
102,4,1217,1221,1225,1229;                                          1233P   2184
142,1,1211,1231,1233,1;                                             1235P   2185
144,1211,1,0,1235;                                                  1237P   2186
110,5.5,12.5,2.,5.5,12.5,1002.;                                     1239P   2187
110,7.,12.5,0.,7.,12.5,2.;                                          1241P   2188
120,1239,1241,0.,6.28318530717959;                                  1243P   2189
126,1,1,1,0,1,0,0.,0.,1.,1.,1.,1.,1.,3.141592654,0.,1.,0.,0.,       1245P   2190
0.,1.,0.,0.,1.;                                                     1245P   2191
124,-1.,-6.98296672221876E-015,0.,11.0000000000001,                 1247P   2192
-6.98296672221876E-015,1.,-6.98296672221876E-015,                   1247P   2193
5.27027965539785E-014,4.87618242436147E-029,                        1247P   2194
-6.98296672221876E-015,-1.,4.00000000000009;                        1247P   2195
100,2.,5.5,12.5,7.,12.5,4.,12.5;                                    1249P   2196
126,1,1,1,0,1,0,0.,0.,1.,1.,1.,1.,1.,0.,0.,0.,0.,0.,0.,1.,0.,       1251P   2197
0.,1.;                                                              1251P   2198
110,7.,12.5,2.,7.,12.5,0.;                                          1253P   2199
126,1,1,1,0,1,0,0.,0.,1.,1.,1.,1.,0.,0.,0.,0.,3.141592654,0.,       1255P   2200
0.,1.,0.,0.,1.;                                                     1255P   2201
100,0.,5.5,12.5,7.,12.5,4.,12.5;                                    1257P   2202
126,1,1,1,0,1,0,0.,0.,1.,1.,1.,1.,0.,3.141592654,0.,1.,             1259P   2203
3.141592654,0.,0.,1.,0.,0.,1.;                                      1259P   2204
110,4.,12.5,0.,4.,12.5,2.;                                          1261P   2205
102,4,1245,1251,1255,1259;                                          1263P   2206
102,4,1249,1253,1257,1261;                                          1265P   2207
142,1,1243,1263,1265,1;                                             1267P   2208
144,1243,1,0,1267;                                                  1269P   2209
110,12.5,5.5,2.,12.5,5.5,1002.;                                     1271P   2210
110,14.,5.5,0.,14.,5.5,2.;                                          1273P   2211
120,1271,1273,0.,6.28318530717959;                                  1275P   2212
126,1,1,1,0,1,0,0.,0.,1.,1.,1.,1.,1.,3.141592654,0.,1.,0.,0.,       1277P   2213
0.,1.,0.,0.,1.;                                                     1277P   2214
124,-1.,-6.98296672221876E-015,0.,25.,-6.98296672221876E-015,       1279P   2215
1.,-6.98296672221876E-015,1.01024711599702E-013,                    1279P   2216
4.87618242436147E-029,-6.98296672221876E-015,-1.,                   1279P   2217
4.00000000000004;                                                   1279P   2218
100,2.,12.5,5.5,14.,5.5,11.,5.5;                                    1281P   2219
126,1,1,1,0,1,0,0.,0.,1.,1.,1.,1.,1.,0.,0.,0.,0.,0.,0.,1.,0.,       1283P   2220
0.,1.;                                                              1283P   2221
110,14.,5.5,2.,14.,5.5,0.;                                          1285P   2222
126,1,1,1,0,1,0,0.,0.,1.,1.,1.,1.,0.,0.,0.,0.,3.141592654,0.,       1287P   2223
0.,1.,0.,0.,1.;                                                     1287P   2224
100,0.,12.5,5.5,14.,5.5,11.,5.5;                                    1289P   2225
126,1,1,1,0,1,0,0.,0.,1.,1.,1.,1.,0.,3.141592654,0.,1.,             1291P   2226
3.141592654,0.,0.,1.,0.,0.,1.;                                      1291P   2227
110,11.,5.5,0.,11.,5.5,2.;                                          1293P   2228
102,4,1277,1283,1287,1291;                                          1295P   2229
102,4,1281,1285,1289,1293;                                          1297P   2230
142,1,1275,1295,1297,1;                                             1299P   2231
144,1275,1,0,1299;                                                  1301P   2232
110,12.5,19.5,2.,12.5,19.5,1002.;                                   1303P   2233
110,14.,19.5,0.,14.,19.5,2.;                                        1305P   2234
120,1303,1305,0.,6.28318530717959;                                  1307P   2235
126,1,1,1,0,1,0,0.,0.,1.,1.,1.,1.,1.,3.141592654,0.,1.,0.,0.,       1309P   2236
0.,1.,0.,0.,1.;                                                     1309P   2237
124,-1.,-6.98296672221876E-015,0.,25.0000000000001,                 1311P   2238
-6.98296672221876E-015,1.,-6.98296672221876E-015,                   1311P   2239
1.01892073337691E-013,4.87618242436147E-029,                        1311P   2240
-6.98296672221876E-015,-1.,4.00000000000014;                        1311P   2241
100,2.,12.5,19.5,14.,19.5,11.,19.5;                                 1313P   2242
126,1,1,1,0,1,0,0.,0.,1.,1.,1.,1.,1.,0.,0.,0.,0.,0.,0.,1.,0.,       1315P   2243
0.,1.;                                                              1315P   2244
110,14.,19.5,2.,14.,19.5,0.;                                        1317P   2245
126,1,1,1,0,1,0,0.,0.,1.,1.,1.,1.,0.,0.,0.,0.,3.141592654,0.,       1319P   2246
0.,1.,0.,0.,1.;                                                     1319P   2247
100,0.,12.5,19.5,14.,19.5,11.,19.5;                                 1321P   2248
126,1,1,1,0,1,0,0.,0.,1.,1.,1.,1.,0.,3.141592654,0.,1.,             1323P   2249
3.141592654,0.,0.,1.,0.,0.,1.;                                      1323P   2250
110,11.,19.5,0.,11.,19.5,2.;                                        1325P   2251
102,4,1309,1315,1319,1323;                                          1327P   2252
102,4,1313,1317,1321,1325;                                          1329P   2253
142,1,1307,1327,1329,1;                                             1331P   2254
144,1307,1,0,1331;                                                  1333P   2255
110,19.5,12.5,2.,19.5,12.5,1002.;                                   1335P   2256
110,21.,12.5,0.,21.,12.5,2.;                                        1337P   2257
120,1335,1337,0.,6.28318530717959;                                  1339P   2258
126,1,1,1,0,1,0,0.,0.,1.,1.,1.,1.,1.,3.141592654,0.,1.,0.,0.,       1341P   2259
0.,1.,0.,0.,1.;                                                     1341P   2260
124,-1.,-6.98296672221876E-015,0.,39.0000000000001,                 1343P   2261
-6.98296672221876E-015,1.,-6.98296672221876E-015,                   1343P   2262
1.51081350121403E-013,4.87618242436147E-029,                        1343P   2263
-6.98296672221876E-015,-1.,4.00000000000009;                        1343P   2264
100,2.,19.5,12.5,21.,12.5,18.,12.5;                                 1345P   2265
126,1,1,1,0,1,0,0.,0.,1.,1.,1.,1.,1.,0.,0.,0.,0.,0.,0.,1.,0.,       1347P   2266
0.,1.;                                                              1347P   2267
110,21.,12.5,2.,21.,12.5,0.;                                        1349P   2268
126,1,1,1,0,1,0,0.,0.,1.,1.,1.,1.,0.,0.,0.,0.,3.141592654,0.,       1351P   2269
0.,1.,0.,0.,1.;                                                     1351P   2270
100,0.,19.5,12.5,21.,12.5,18.,12.5;                                 1353P   2271
126,1,1,1,0,1,0,0.,0.,1.,1.,1.,1.,0.,3.141592654,0.,1.,             1355P   2272
3.141592654,0.,0.,1.,0.,0.,1.;                                      1355P   2273
110,18.,12.5,0.,18.,12.5,2.;                                        1357P   2274
102,4,1341,1347,1351,1355;                                          1359P   2275
102,4,1345,1349,1353,1357;                                          1361P   2276
142,1,1339,1359,1361,1;                                             1363P   2277
144,1339,1,0,1363;                                                  1365P   2278
110,43.5,12.5,2.,43.5,12.5,1002.;                                   1367P   2279
110,45.,12.5,0.,45.,12.5,2.;                                        1369P   2280
120,1367,1369,0.,6.28318530717959;                                  1371P   2281
126,1,1,1,0,1,0,0.,0.,1.,1.,1.,1.,1.,3.141592654,0.,1.,0.,0.,       1373P   2282
0.,1.,0.,0.,1.;                                                     1373P   2283
124,-1.,-6.98296672221876E-015,0.,87.0000000000001,                 1375P   2284
-6.98296672221876E-015,1.,-6.98296672221876E-015,                   1375P   2285
3.17995575618153E-013,4.87618242436147E-029,                        1375P   2286
-6.98296672221876E-015,-1.,4.00000000000009;                        1375P   2287
100,2.,43.5,12.5,45.,12.5,42.,12.5;                                 1377P   2288
126,1,1,1,0,1,0,0.,0.,1.,1.,1.,1.,1.,0.,0.,0.,0.,0.,0.,1.,0.,       1379P   2289
0.,1.;                                                              1379P   2290
110,45.,12.5,2.,45.,12.5,0.;                                        1381P   2291
126,1,1,1,0,1,0,0.,0.,1.,1.,1.,1.,0.,0.,0.,0.,3.141592654,0.,       1383P   2292
0.,1.,0.,0.,1.;                                                     1383P   2293
100,0.,43.5,12.5,45.,12.5,42.,12.5;                                 1385P   2294
126,1,1,1,0,1,0,0.,0.,1.,1.,1.,1.,0.,3.141592654,0.,1.,             1387P   2295
3.141592654,0.,0.,1.,0.,0.,1.;                                      1387P   2296
110,42.,12.5,0.,42.,12.5,2.;                                        1389P   2297
102,4,1373,1379,1383,1387;                                          1391P   2298
102,4,1377,1381,1385,1389;                                          1393P   2299
142,1,1371,1391,1393,1;                                             1395P   2300
144,1371,1,0,1395;                                                  1397P   2301
110,50.5,5.5,2.,50.5,5.5,1002.;                                     1399P   2302
110,52.,5.5,0.,52.,5.5,2.;                                          1401P   2303
120,1399,1401,0.,6.28318530717959;                                  1403P   2304
126,1,1,1,0,1,0,0.,0.,1.,1.,1.,1.,1.,3.141592654,0.,1.,0.,0.,       1405P   2305
0.,1.,0.,0.,1.;                                                     1405P   2306
124,-1.,-6.98296672221876E-015,0.,101.,-6.98296672221876E-015,      1407P   2307
1.,-6.98296672221876E-015,3.66317490663876E-013,                    1407P   2308
4.87618242436147E-029,-6.98296672221876E-015,-1.,                   1407P   2309
4.00000000000004;                                                   1407P   2310
100,2.,50.5,5.5,52.,5.5,49.,5.5;                                    1409P   2311
126,1,1,1,0,1,0,0.,0.,1.,1.,1.,1.,1.,0.,0.,0.,0.,0.,0.,1.,0.,       1411P   2312
0.,1.;                                                              1411P   2313
110,52.,5.5,2.,52.,5.5,0.;                                          1413P   2314
126,1,1,1,0,1,0,0.,0.,1.,1.,1.,1.,0.,0.,0.,0.,3.141592654,0.,       1415P   2315
0.,1.,0.,0.,1.;                                                     1415P   2316
100,0.,50.5,5.5,52.,5.5,49.,5.5;                                    1417P   2317
126,1,1,1,0,1,0,0.,0.,1.,1.,1.,1.,0.,3.141592654,0.,1.,             1419P   2318
3.141592654,0.,0.,1.,0.,0.,1.;                                      1419P   2319
110,49.,5.5,0.,49.,5.5,2.;                                          1421P   2320
102,4,1405,1411,1415,1419;                                          1423P   2321
102,4,1409,1413,1417,1421;                                          1425P   2322
142,1,1403,1423,1425,1;                                             1427P   2323
144,1403,1,0,1427;                                                  1429P   2324
110,50.5,19.5,2.,50.5,19.5,1002.;                                   1431P   2325
110,52.,19.5,0.,52.,19.5,2.;                                        1433P   2326
120,1431,1433,0.,6.28318530717959;                                  1435P   2327
126,1,1,1,0,1,0,0.,0.,1.,1.,1.,1.,1.,3.141592654,0.,1.,0.,0.,       1437P   2328
0.,1.,0.,0.,1.;                                                     1437P   2329
124,-1.,-6.98296672221876E-015,0.,101.,-6.98296672221876E-015,      1439P   2330
1.,-6.98296672221876E-015,3.65450128925889E-013,                    1439P   2331
4.87618242436147E-029,-6.98296672221876E-015,-1.,                   1439P   2332
4.00000000000014;                                                   1439P   2333
100,2.,50.5,19.5,52.,19.5,49.,19.5;                                 1441P   2334
126,1,1,1,0,1,0,0.,0.,1.,1.,1.,1.,1.,0.,0.,0.,0.,0.,0.,1.,0.,       1443P   2335
0.,1.;                                                              1443P   2336
110,52.,19.5,2.,52.,19.5,0.;                                        1445P   2337
126,1,1,1,0,1,0,0.,0.,1.,1.,1.,1.,0.,0.,0.,0.,3.141592654,0.,       1447P   2338
0.,1.,0.,0.,1.;                                                     1447P   2339
100,0.,50.5,19.5,52.,19.5,49.,19.5;                                 1449P   2340
126,1,1,1,0,1,0,0.,0.,1.,1.,1.,1.,0.,3.141592654,0.,1.,             1451P   2341
3.141592654,0.,0.,1.,0.,0.,1.;                                      1451P   2342
110,49.,19.5,0.,49.,19.5,2.;                                        1453P   2343
102,4,1437,1443,1447,1451;                                          1455P   2344
102,4,1441,1445,1449,1453;                                          1457P   2345
142,1,1435,1455,1457,1;                                             1459P   2346
144,1435,1,0,1459;                                                  1461P   2347
110,57.5,12.5,2.,57.5,12.5,1002.;                                   1463P   2348
110,59.,12.5,0.,59.,12.5,2.;                                        1465P   2349
120,1463,1465,0.,6.28318530717959;                                  1467P   2350
126,1,1,1,0,1,0,0.,0.,1.,1.,1.,1.,1.,3.141592654,0.,1.,0.,0.,       1469P   2351
0.,1.,0.,0.,1.;                                                     1469P   2352
124,-1.,-6.98296672221876E-015,0.,115.,-6.98296672221876E-015,      1471P   2353
1.,-6.98296672221876E-015,4.16374129185577E-013,                    1471P   2354
4.87618242436147E-029,-6.98296672221876E-015,-1.,                   1471P   2355
4.00000000000009;                                                   1471P   2356
100,2.,57.5,12.5,59.,12.5,56.,12.5;                                 1473P   2357
126,1,1,1,0,1,0,0.,0.,1.,1.,1.,1.,1.,0.,0.,0.,0.,0.,0.,1.,0.,       1475P   2358
0.,1.;                                                              1475P   2359
110,59.,12.5,2.,59.,12.5,0.;                                        1477P   2360
126,1,1,1,0,1,0,0.,0.,1.,1.,1.,1.,0.,0.,0.,0.,3.141592654,0.,       1479P   2361
0.,1.,0.,0.,1.;                                                     1479P   2362
100,0.,57.5,12.5,59.,12.5,56.,12.5;                                 1481P   2363
126,1,1,1,0,1,0,0.,0.,1.,1.,1.,1.,0.,3.141592654,0.,1.,             1483P   2364
3.141592654,0.,0.,1.,0.,0.,1.;                                      1483P   2365
110,56.,12.5,0.,56.,12.5,2.;                                        1485P   2366
102,4,1469,1475,1479,1483;                                          1487P   2367
102,4,1473,1477,1481,1485;                                          1489P   2368
142,1,1467,1487,1489,1;                                             1491P   2369
144,1467,1,0,1491;                                                  1493P   2370
S      1G      4D   1494P   2370                                        T      1
