SolidWorks IGES file using analytic representation for surfaces         S      1
1H,,1H;,15HΩ≈∞Â÷ßº‹.SLDPRT,66HE:\Solidworks_Project\÷ßº‹≈‰Ã◊◊ ¡œ\µ•÷·÷ßºG      1
‹\¥ÛΩ≈∞Â2.0\Ω≈∞Â÷ßº‹.IGS,15HSolidWorks 2010,15HSolidWorks 2010,32,308,  G      2
15,308,15,15HΩ≈∞Â÷ßº‹.SLDPRT,1.,2,2HMM,50,0.125,13H170620.155912,       G      3
1E-008,499990.,13HAdministrator,,11,0,13H170620.155912;                 G      4
     314       1       0       0       0                        00000200D      1
     314       0       3       1       0                               0D      2
     110       2       0       0       0                        01010000D      3
     110       0       0       1       0                               0D      4
     110       3       0       0       0                        01010000D      5
     110       0       0       1       0                               0D      6
     120       4       0       0       0                        01010000D      7
     120       0       0       1       0                               0D      8
     126       5       0       0       0                        01010500D      9
     126       0       0       2       0                               0D     10
     110       7       0       0       0                        01010000D     11
     110       0       0       1       0                               0D     12
     126       8       0       0       0                        01010500D     13
     126       0       0       2       0                               0D     14
     124      10       0       0       0                        00000000D     15
     124       0       0       4       0                               0D     16
     100      14       0       0       0              15        01010000D     17
     100       0       0       1       0                               0D     18
     126      15       0       0       0                        01010500D     19
     126       0       0       2       0                               0D     20
     110      17       0       0       0                        01010000D     21
     110       0       0       1       0                               0D     22
     126      18       0       0       0                        01010500D     23
     126       0       0       2       0                               0D     24
     100      20       0       0       0                        01010000D     25
     100       0       0       1       0                               0D     26
     102      21       0       0       0                        01010500D     27
     102       0       0       1       0                               0D     28
     102      22       0       0       0                        01010000D     29
     102       0       0       1       0                               0D     30
     142      23       0       0       0                        00010500D     31
     142       0       0       1       0                               0D     32
     144      24       0       0       0                        00000000D     33
     144       0      -1       1       0                               0D     34
     110      25       0       0       0                        01010000D     35
     110       0       0       1       0                               0D     36
     110      26       0       0       0                        01010000D     37
     110       0       0       1       0                               0D     38
     120      27       0       0       0                        01010000D     39
     120       0       0       1       0                               0D     40
     126      28       0       0       0                        01010500D     41
     126       0       0       2       0                               0D     42
     110      30       0       0       0                        01010000D     43
     110       0       0       1       0                               0D     44
     126      31       0       0       0                        01010500D     45
     126       0       0       2       0                               0D     46
     124      33       0       0       0                        00000000D     47
     124       0       0       4       0                               0D     48
     100      37       0       0       0              47        01010000D     49
     100       0       0       1       0                               0D     50
     126      38       0       0       0                        01010500D     51
     126       0       0       2       0                               0D     52
     110      40       0       0       0                        01010000D     53
     110       0       0       1       0                               0D     54
     126      41       0       0       0                        01010500D     55
     126       0       0       2       0                               0D     56
     100      43       0       0       0                        01010000D     57
     100       0       0       1       0                               0D     58
     102      44       0       0       0                        01010500D     59
     102       0       0       1       0                               0D     60
     102      45       0       0       0                        01010000D     61
     102       0       0       1       0                               0D     62
     142      46       0       0       0                        00010500D     63
     142       0       0       1       0                               0D     64
     144      47       0       0       0                        00000000D     65
     144       0      -1       1       0                               0D     66
     110      48       0       0       0                        01010000D     67
     110       0       0       1       0                               0D     68
     110      49       0       0       0                        01010000D     69
     110       0       0       1       0                               0D     70
     120      50       0       0       0                        01010000D     71
     120       0       0       1       0                               0D     72
     126      51       0       0       0                        01010500D     73
     126       0       0       2       0                               0D     74
     110      53       0       0       0                        01010000D     75
     110       0       0       1       0                               0D     76
     126      54       0       0       0                        01010500D     77
     126       0       0       2       0                               0D     78
     124      56       0       0       0                        00000000D     79
     124       0       0       4       0                               0D     80
     100      60       0       0       0              79        01010000D     81
     100       0       0       1       0                               0D     82
     126      61       0       0       0                        01010500D     83
     126       0       0       2       0                               0D     84
     110      63       0       0       0                        01010000D     85
     110       0       0       1       0                               0D     86
     126      64       0       0       0                        01010500D     87
     126       0       0       2       0                               0D     88
     100      66       0       0       0                        01010000D     89
     100       0       0       1       0                               0D     90
     102      67       0       0       0                        01010500D     91
     102       0       0       1       0                               0D     92
     102      68       0       0       0                        01010000D     93
     102       0       0       1       0                               0D     94
     142      69       0       0       0                        00010500D     95
     142       0       0       1       0                               0D     96
     144      70       0       0       0                        00000000D     97
     144       0      -1       1       0                               0D     98
     110      71       0       0       0                        01010000D     99
     110       0       0       1       0                               0D    100
     110      72       0       0       0                        01010000D    101
     110       0       0       1       0                               0D    102
     120      73       0       0       0                        01010000D    103
     120       0       0       1       0                               0D    104
     126      74       0       0       0                        01010500D    105
     126       0       0       2       0                               0D    106
     110      76       0       0       0                        01010000D    107
     110       0       0       1       0                               0D    108
     126      77       0       0       0                        01010500D    109
     126       0       0       2       0                               0D    110
     124      79       0       0       0                        00000000D    111
     124       0       0       4       0                               0D    112
     100      83       0       0       0             111        01010000D    113
     100       0       0       1       0                               0D    114
     126      84       0       0       0                        01010500D    115
     126       0       0       2       0                               0D    116
     110      86       0       0       0                        01010000D    117
     110       0       0       1       0                               0D    118
     126      87       0       0       0                        01010500D    119
     126       0       0       2       0                               0D    120
     100      89       0       0       0                        01010000D    121
     100       0       0       1       0                               0D    122
     102      90       0       0       0                        01010500D    123
     102       0       0       1       0                               0D    124
     102      91       0       0       0                        01010000D    125
     102       0       0       1       0                               0D    126
     142      92       0       0       0                        00010500D    127
     142       0       0       1       0                               0D    128
     144      93       0       0       0                        00000000D    129
     144       0      -1       1       0                               0D    130
     110      94       0       0       0                        01010000D    131
     110       0       0       1       0                               0D    132
     110      95       0       0       0                        01010000D    133
     110       0       0       1       0                               0D    134
     120      96       0       0       0                        01010000D    135
     120       0       0       1       0                               0D    136
     126      97       0       0       0                        01010500D    137
     126       0       0       2       0                               0D    138
     110      99       0       0       0                        01010000D    139
     110       0       0       1       0                               0D    140
     126     100       0       0       0                        01010500D    141
     126       0       0       2       0                               0D    142
     124     102       0       0       0                        00000000D    143
     124       0       0       4       0                               0D    144
     100     106       0       0       0             143        01010000D    145
     100       0       0       1       0                               0D    146
     126     107       0       0       0                        01010500D    147
     126       0       0       2       0                               0D    148
     110     109       0       0       0                        01010000D    149
     110       0       0       1       0                               0D    150
     126     110       0       0       0                        01010500D    151
     126       0       0       2       0                               0D    152
     100     112       0       0       0                        01010000D    153
     100       0       0       1       0                               0D    154
     102     113       0       0       0                        01010500D    155
     102       0       0       1       0                               0D    156
     102     114       0       0       0                        01010000D    157
     102       0       0       1       0                               0D    158
     142     115       0       0       0                        00010500D    159
     142       0       0       1       0                               0D    160
     144     116       0       0       0                        00000000D    161
     144       0      -1       1       0                               0D    162
     110     117       0       0       0                        01010000D    163
     110       0       0       1       0                               0D    164
     110     118       0       0       0                        01010000D    165
     110       0       0       1       0                               0D    166
     120     119       0       0       0                        01010000D    167
     120       0       0       1       0                               0D    168
     126     120       0       0       0                        01010500D    169
     126       0       0       2       0                               0D    170
     110     122       0       0       0                        01010000D    171
     110       0       0       1       0                               0D    172
     126     123       0       0       0                        01010500D    173
     126       0       0       2       0                               0D    174
     124     125       0       0       0                        00000000D    175
     124       0       0       4       0                               0D    176
     100     129       0       0       0             175        01010000D    177
     100       0       0       1       0                               0D    178
     126     130       0       0       0                        01010500D    179
     126       0       0       2       0                               0D    180
     110     132       0       0       0                        01010000D    181
     110       0       0       1       0                               0D    182
     126     133       0       0       0                        01010500D    183
     126       0       0       2       0                               0D    184
     100     135       0       0       0                        01010000D    185
     100       0       0       1       0                               0D    186
     102     136       0       0       0                        01010500D    187
     102       0       0       1       0                               0D    188
     102     137       0       0       0                        01010000D    189
     102       0       0       1       0                               0D    190
     142     138       0       0       0                        00010500D    191
     142       0       0       1       0                               0D    192
     144     139       0       0       0                        00000000D    193
     144       0      -1       1       0                               0D    194
     110     140       0       0       0                        01010000D    195
     110       0       0       1       0                               0D    196
     110     141       0       0       0                        01010000D    197
     110       0       0       1       0                               0D    198
     120     142       0       0       0                        01010000D    199
     120       0       0       1       0                               0D    200
     126     143       0       0       0                        01010500D    201
     126       0       0       2       0                               0D    202
     110     145       0       0       0                        01010000D    203
     110       0       0       1       0                               0D    204
     126     146       0       0       0                        01010500D    205
     126       0       0       2       0                               0D    206
     124     148       0       0       0                        00000000D    207
     124       0       0       4       0                               0D    208
     100     152       0       0       0             207        01010000D    209
     100       0       0       1       0                               0D    210
     126     153       0       0       0                        01010500D    211
     126       0       0       2       0                               0D    212
     110     155       0       0       0                        01010000D    213
     110       0       0       1       0                               0D    214
     126     156       0       0       0                        01010500D    215
     126       0       0       2       0                               0D    216
     100     158       0       0       0                        01010000D    217
     100       0       0       1       0                               0D    218
     102     159       0       0       0                        01010500D    219
     102       0       0       1       0                               0D    220
     102     160       0       0       0                        01010000D    221
     102       0       0       1       0                               0D    222
     142     161       0       0       0                        00010500D    223
     142       0       0       1       0                               0D    224
     144     162       0       0       0                        00000000D    225
     144       0      -1       1       0                               0D    226
     110     163       0       0       0                        01010000D    227
     110       0       0       1       0                               0D    228
     110     164       0       0       0                        01010000D    229
     110       0       0       1       0                               0D    230
     120     165       0       0       0                        01010000D    231
     120       0       0       1       0                               0D    232
     126     166       0       0       0                        01010500D    233
     126       0       0       2       0                               0D    234
     110     168       0       0       0                        01010000D    235
     110       0       0       1       0                               0D    236
     126     169       0       0       0                        01010500D    237
     126       0       0       2       0                               0D    238
     124     171       0       0       0                        00000000D    239
     124       0       0       4       0                               0D    240
     100     175       0       0       0             239        01010000D    241
     100       0       0       1       0                               0D    242
     126     176       0       0       0                        01010500D    243
     126       0       0       2       0                               0D    244
     110     178       0       0       0                        01010000D    245
     110       0       0       1       0                               0D    246
     126     179       0       0       0                        01010500D    247
     126       0       0       2       0                               0D    248
     100     181       0       0       0                        01010000D    249
     100       0       0       1       0                               0D    250
     102     182       0       0       0                        01010500D    251
     102       0       0       1       0                               0D    252
     102     183       0       0       0                        01010000D    253
     102       0       0       1       0                               0D    254
     142     184       0       0       0                        00010500D    255
     142       0       0       1       0                               0D    256
     144     185       0       0       0                        00000000D    257
     144       0      -1       1       0                               0D    258
     110     186       0       0       0                        01010000D    259
     110       0       0       1       0                               0D    260
     110     187       0       0       0                        01010000D    261
     110       0       0       1       0                               0D    262
     120     188       0       0       0                        01010000D    263
     120       0       0       1       0                               0D    264
     126     189       0       0       0                        01010500D    265
     126       0       0       2       0                               0D    266
     110     191       0       0       0                        01010000D    267
     110       0       0       1       0                               0D    268
     126     192       0       0       0                        01010500D    269
     126       0       0       2       0                               0D    270
     124     194       0       0       0                        00000000D    271
     124       0       0       4       0                               0D    272
     100     198       0       0       0             271        01010000D    273
     100       0       0       1       0                               0D    274
     126     199       0       0       0                        01010500D    275
     126       0       0       2       0                               0D    276
     110     201       0       0       0                        01010000D    277
     110       0       0       1       0                               0D    278
     126     202       0       0       0                        01010500D    279
     126       0       0       2       0                               0D    280
     100     204       0       0       0                        01010000D    281
     100       0       0       1       0                               0D    282
     102     205       0       0       0                        01010500D    283
     102       0       0       1       0                               0D    284
     102     206       0       0       0                        01010000D    285
     102       0       0       1       0                               0D    286
     142     207       0       0       0                        00010500D    287
     142       0       0       1       0                               0D    288
     144     208       0       0       0                        00000000D    289
     144       0      -1       1       0                               0D    290
     110     209       0       0       0                        01010000D    291
     110       0       0       1       0                               0D    292
     110     210       0       0       0                        01010000D    293
     110       0       0       1       0                               0D    294
     120     211       0       0       0                        01010000D    295
     120       0       0       1       0                               0D    296
     126     212       0       0       0                        01010500D    297
     126       0       0       2       0                               0D    298
     110     214       0       0       0                        01010000D    299
     110       0       0       1       0                               0D    300
     126     215       0       0       0                        01010500D    301
     126       0       0       2       0                               0D    302
     124     217       0       0       0                        00000000D    303
     124       0       0       4       0                               0D    304
     100     221       0       0       0             303        01010000D    305
     100       0       0       1       0                               0D    306
     126     222       0       0       0                        01010500D    307
     126       0       0       2       0                               0D    308
     110     224       0       0       0                        01010000D    309
     110       0       0       1       0                               0D    310
     126     225       0       0       0                        01010500D    311
     126       0       0       2       0                               0D    312
     100     227       0       0       0                        01010000D    313
     100       0       0       1       0                               0D    314
     102     228       0       0       0                        01010500D    315
     102       0       0       1       0                               0D    316
     102     229       0       0       0                        01010000D    317
     102       0       0       1       0                               0D    318
     142     230       0       0       0                        00010500D    319
     142       0       0       1       0                               0D    320
     144     231       0       0       0                        00000000D    321
     144       0      -1       1       0                               0D    322
     110     232       0       0       0                        01010000D    323
     110       0       0       1       0                               0D    324
     110     233       0       0       0                        01010000D    325
     110       0       0       1       0                               0D    326
     120     234       0       0       0                        01010000D    327
     120       0       0       1       0                               0D    328
     126     235       0       0       0                        01010500D    329
     126       0       0       2       0                               0D    330
     110     237       0       0       0                        01010000D    331
     110       0       0       1       0                               0D    332
     126     238       0       0       0                        01010500D    333
     126       0       0       2       0                               0D    334
     124     240       0       0       0                        00000000D    335
     124       0       0       4       0                               0D    336
     100     244       0       0       0             335        01010000D    337
     100       0       0       1       0                               0D    338
     126     245       0       0       0                        01010500D    339
     126       0       0       2       0                               0D    340
     110     247       0       0       0                        01010000D    341
     110       0       0       1       0                               0D    342
     126     248       0       0       0                        01010500D    343
     126       0       0       2       0                               0D    344
     100     250       0       0       0                        01010000D    345
     100       0       0       1       0                               0D    346
     102     251       0       0       0                        01010500D    347
     102       0       0       1       0                               0D    348
     102     252       0       0       0                        01010000D    349
     102       0       0       1       0                               0D    350
     142     253       0       0       0                        00010500D    351
     142       0       0       1       0                               0D    352
     144     254       0       0       0                        00000000D    353
     144       0      -1       1       0                               0D    354
     110     255       0       0       0                        01010000D    355
     110       0       0       1       0                               0D    356
     110     256       0       0       0                        01010000D    357
     110       0       0       1       0                               0D    358
     120     257       0       0       0                        01010000D    359
     120       0       0       1       0                               0D    360
     126     258       0       0       0                        01010500D    361
     126       0       0       2       0                               0D    362
     110     260       0       0       0                        01010000D    363
     110       0       0       1       0                               0D    364
     126     261       0       0       0                        01010500D    365
     126       0       0       2       0                               0D    366
     124     263       0       0       0                        00000000D    367
     124       0       0       4       0                               0D    368
     100     267       0       0       0             367        01010000D    369
     100       0       0       1       0                               0D    370
     126     268       0       0       0                        01010500D    371
     126       0       0       2       0                               0D    372
     110     270       0       0       0                        01010000D    373
     110       0       0       1       0                               0D    374
     126     271       0       0       0                        01010500D    375
     126       0       0       2       0                               0D    376
     100     273       0       0       0                        01010000D    377
     100       0       0       1       0                               0D    378
     102     274       0       0       0                        01010500D    379
     102       0       0       1       0                               0D    380
     102     275       0       0       0                        01010000D    381
     102       0       0       1       0                               0D    382
     142     276       0       0       0                        00010500D    383
     142       0       0       1       0                               0D    384
     144     277       0       0       0                        00000000D    385
     144       0      -1       1       0                               0D    386
     110     278       0       0       0                        01010000D    387
     110       0       0       1       0                               0D    388
     110     279       0       0       0                        01010000D    389
     110       0       0       1       0                               0D    390
     120     280       0       0       0                        01010000D    391
     120       0       0       1       0                               0D    392
     126     281       0       0       0                        01010500D    393
     126       0       0       2       0                               0D    394
     110     283       0       0       0                        01010000D    395
     110       0       0       1       0                               0D    396
     126     284       0       0       0                        01010500D    397
     126       0       0       2       0                               0D    398
     124     286       0       0       0                        00000000D    399
     124       0       0       4       0                               0D    400
     100     290       0       0       0             399        01010000D    401
     100       0       0       1       0                               0D    402
     126     291       0       0       0                        01010500D    403
     126       0       0       2       0                               0D    404
     110     293       0       0       0                        01010000D    405
     110       0       0       1       0                               0D    406
     126     294       0       0       0                        01010500D    407
     126       0       0       2       0                               0D    408
     100     296       0       0       0                        01010000D    409
     100       0       0       1       0                               0D    410
     102     297       0       0       0                        01010500D    411
     102       0       0       1       0                               0D    412
     102     298       0       0       0                        01010000D    413
     102       0       0       1       0                               0D    414
     142     299       0       0       0                        00010500D    415
     142       0       0       1       0                               0D    416
     144     300       0       0       0                        00000000D    417
     144       0      -1       1       0                               0D    418
     110     301       0       0       0                        01010000D    419
     110       0       0       1       0                               0D    420
     110     302       0       0       0                        01010000D    421
     110       0       0       1       0                               0D    422
     120     303       0       0       0                        01010000D    423
     120       0       0       1       0                               0D    424
     126     304       0       0       0                        01010500D    425
     126       0       0       2       0                               0D    426
     110     306       0       0       0                        01010000D    427
     110       0       0       1       0                               0D    428
     126     307       0       0       0                        01010500D    429
     126       0       0       2       0                               0D    430
     124     309       0       0       0                        00000000D    431
     124       0       0       4       0                               0D    432
     100     313       0       0       0             431        01010000D    433
     100       0       0       1       0                               0D    434
     126     314       0       0       0                        01010500D    435
     126       0       0       2       0                               0D    436
     110     316       0       0       0                        01010000D    437
     110       0       0       1       0                               0D    438
     126     317       0       0       0                        01010500D    439
     126       0       0       2       0                               0D    440
     100     319       0       0       0                        01010000D    441
     100       0       0       1       0                               0D    442
     102     320       0       0       0                        01010500D    443
     102       0       0       1       0                               0D    444
     102     321       0       0       0                        01010000D    445
     102       0       0       1       0                               0D    446
     142     322       0       0       0                        00010500D    447
     142       0       0       1       0                               0D    448
     144     323       0       0       0                        00000000D    449
     144       0      -1       1       0                               0D    450
     110     324       0       0       0                        01010000D    451
     110       0       0       1       0                               0D    452
     110     325       0       0       0                        01010000D    453
     110       0       0       1       0                               0D    454
     120     326       0       0       0                        01010000D    455
     120       0       0       1       0                               0D    456
     126     327       0       0       0                        01010500D    457
     126       0       0       2       0                               0D    458
     110     329       0       0       0                        01010000D    459
     110       0       0       1       0                               0D    460
     126     330       0       0       0                        01010500D    461
     126       0       0       2       0                               0D    462
     124     332       0       0       0                        00000000D    463
     124       0       0       4       0                               0D    464
     100     336       0       0       0             463        01010000D    465
     100       0       0       1       0                               0D    466
     126     337       0       0       0                        01010500D    467
     126       0       0       2       0                               0D    468
     110     339       0       0       0                        01010000D    469
     110       0       0       1       0                               0D    470
     126     340       0       0       0                        01010500D    471
     126       0       0       2       0                               0D    472
     100     342       0       0       0                        01010000D    473
     100       0       0       1       0                               0D    474
     102     343       0       0       0                        01010500D    475
     102       0       0       1       0                               0D    476
     102     344       0       0       0                        01010000D    477
     102       0       0       1       0                               0D    478
     142     345       0       0       0                        00010500D    479
     142       0       0       1       0                               0D    480
     144     346       0       0       0                        00000000D    481
     144       0      -1       1       0                               0D    482
     110     347       0       0       0                        01010000D    483
     110       0       0       1       0                               0D    484
     110     348       0       0       0                        01010000D    485
     110       0       0       1       0                               0D    486
     120     349       0       0       0                        01010000D    487
     120       0       0       1       0                               0D    488
     126     350       0       0       0                        01010500D    489
     126       0       0       2       0                               0D    490
     110     352       0       0       0                        01010000D    491
     110       0       0       1       0                               0D    492
     126     353       0       0       0                        01010500D    493
     126       0       0       2       0                               0D    494
     124     355       0       0       0                        00000000D    495
     124       0       0       4       0                               0D    496
     100     359       0       0       0             495        01010000D    497
     100       0       0       1       0                               0D    498
     126     360       0       0       0                        01010500D    499
     126       0       0       2       0                               0D    500
     110     362       0       0       0                        01010000D    501
     110       0       0       1       0                               0D    502
     126     363       0       0       0                        01010500D    503
     126       0       0       2       0                               0D    504
     100     365       0       0       0                        01010000D    505
     100       0       0       1       0                               0D    506
     102     366       0       0       0                        01010500D    507
     102       0       0       1       0                               0D    508
     102     367       0       0       0                        01010000D    509
     102       0       0       1       0                               0D    510
     142     368       0       0       0                        00010500D    511
     142       0       0       1       0                               0D    512
     144     369       0       0       0                        00000000D    513
     144       0      -1       1       0                               0D    514
     110     370       0       0       0                        01010000D    515
     110       0       0       1       0                               0D    516
     110     371       0       0       0                        01010000D    517
     110       0       0       1       0                               0D    518
     120     372       0       0       0                        01010000D    519
     120       0       0       1       0                               0D    520
     126     373       0       0       0                        01010500D    521
     126       0       0       2       0                               0D    522
     110     375       0       0       0                        01010000D    523
     110       0       0       1       0                               0D    524
     126     376       0       0       0                        01010500D    525
     126       0       0       2       0                               0D    526
     124     378       0       0       0                        00000000D    527
     124       0       0       4       0                               0D    528
     100     382       0       0       0             527        01010000D    529
     100       0       0       1       0                               0D    530
     126     383       0       0       0                        01010500D    531
     126       0       0       2       0                               0D    532
     110     385       0       0       0                        01010000D    533
     110       0       0       1       0                               0D    534
     126     386       0       0       0                        01010500D    535
     126       0       0       2       0                               0D    536
     100     388       0       0       0                        01010000D    537
     100       0       0       1       0                               0D    538
     102     389       0       0       0                        01010500D    539
     102       0       0       1       0                               0D    540
     102     390       0       0       0                        01010000D    541
     102       0       0       1       0                               0D    542
     142     391       0       0       0                        00010500D    543
     142       0       0       1       0                               0D    544
     144     392       0       0       0                        00000000D    545
     144       0      -1       1       0                               0D    546
     110     393       0       0       0                        01010000D    547
     110       0       0       1       0                               0D    548
     110     394       0       0       0                        01010000D    549
     110       0       0       1       0                               0D    550
     120     395       0       0       0                        01010000D    551
     120       0       0       1       0                               0D    552
     126     396       0       0       0                        01010500D    553
     126       0       0       2       0                               0D    554
     110     398       0       0       0                        01010000D    555
     110       0       0       1       0                               0D    556
     126     399       0       0       0                        01010500D    557
     126       0       0       2       0                               0D    558
     124     401       0       0       0                        00000000D    559
     124       0       0       4       0                               0D    560
     100     405       0       0       0             559        01010000D    561
     100       0       0       1       0                               0D    562
     126     406       0       0       0                        01010500D    563
     126       0       0       2       0                               0D    564
     110     408       0       0       0                        01010000D    565
     110       0       0       1       0                               0D    566
     126     409       0       0       0                        01010500D    567
     126       0       0       2       0                               0D    568
     100     411       0       0       0                        01010000D    569
     100       0       0       1       0                               0D    570
     102     412       0       0       0                        01010500D    571
     102       0       0       1       0                               0D    572
     102     413       0       0       0                        01010000D    573
     102       0       0       1       0                               0D    574
     142     414       0       0       0                        00010500D    575
     142       0       0       1       0                               0D    576
     144     415       0       0       0                        00000000D    577
     144       0      -1       1       0                               0D    578
     110     416       0       0       0                        01010000D    579
     110       0       0       1       0                               0D    580
     110     417       0       0       0                        01010000D    581
     110       0       0       1       0                               0D    582
     120     418       0       0       0                        01010000D    583
     120       0       0       1       0                               0D    584
     126     419       0       0       0                        01010500D    585
     126       0       0       2       0                               0D    586
     110     421       0       0       0                        01010000D    587
     110       0       0       1       0                               0D    588
     126     422       0       0       0                        01010500D    589
     126       0       0       2       0                               0D    590
     124     424       0       0       0                        00000000D    591
     124       0       0       4       0                               0D    592
     100     428       0       0       0             591        01010000D    593
     100       0       0       1       0                               0D    594
     126     429       0       0       0                        01010500D    595
     126       0       0       2       0                               0D    596
     110     431       0       0       0                        01010000D    597
     110       0       0       1       0                               0D    598
     126     432       0       0       0                        01010500D    599
     126       0       0       2       0                               0D    600
     100     434       0       0       0                        01010000D    601
     100       0       0       1       0                               0D    602
     102     435       0       0       0                        01010500D    603
     102       0       0       1       0                               0D    604
     102     436       0       0       0                        01010000D    605
     102       0       0       1       0                               0D    606
     142     437       0       0       0                        00010500D    607
     142       0       0       1       0                               0D    608
     144     438       0       0       0                        00000000D    609
     144       0      -1       1       0                               0D    610
     110     439       0       0       0                        01010000D    611
     110       0       0       1       0                               0D    612
     110     440       0       0       0                        01010000D    613
     110       0       0       1       0                               0D    614
     120     441       0       0       0                        01010000D    615
     120       0       0       1       0                               0D    616
     126     442       0       0       0                        01010500D    617
     126       0       0       2       0                               0D    618
     110     444       0       0       0                        01010000D    619
     110       0       0       1       0                               0D    620
     126     445       0       0       0                        01010500D    621
     126       0       0       2       0                               0D    622
     124     447       0       0       0                        00000000D    623
     124       0       0       4       0                               0D    624
     100     451       0       0       0             623        01010000D    625
     100       0       0       1       0                               0D    626
     126     452       0       0       0                        01010500D    627
     126       0       0       2       0                               0D    628
     110     454       0       0       0                        01010000D    629
     110       0       0       1       0                               0D    630
     126     455       0       0       0                        01010500D    631
     126       0       0       2       0                               0D    632
     100     457       0       0       0                        01010000D    633
     100       0       0       1       0                               0D    634
     102     458       0       0       0                        01010500D    635
     102       0       0       1       0                               0D    636
     102     459       0       0       0                        01010000D    637
     102       0       0       1       0                               0D    638
     142     460       0       0       0                        00010500D    639
     142       0       0       1       0                               0D    640
     144     461       0       0       0                        00000000D    641
     144       0      -1       1       0                               0D    642
     110     462       0       0       0                        01010000D    643
     110       0       0       1       0                               0D    644
     110     463       0       0       0                        01010000D    645
     110       0       0       1       0                               0D    646
     120     464       0       0       0                        01010000D    647
     120       0       0       1       0                               0D    648
     126     465       0       0       0                        01010500D    649
     126       0       0       2       0                               0D    650
     110     467       0       0       0                        01010000D    651
     110       0       0       1       0                               0D    652
     126     468       0       0       0                        01010500D    653
     126       0       0       2       0                               0D    654
     124     470       0       0       0                        00000000D    655
     124       0       0       4       0                               0D    656
     100     474       0       0       0             655        01010000D    657
     100       0       0       1       0                               0D    658
     126     475       0       0       0                        01010500D    659
     126       0       0       2       0                               0D    660
     110     477       0       0       0                        01010000D    661
     110       0       0       1       0                               0D    662
     126     478       0       0       0                        01010500D    663
     126       0       0       2       0                               0D    664
     100     480       0       0       0                        01010000D    665
     100       0       0       1       0                               0D    666
     102     481       0       0       0                        01010500D    667
     102       0       0       1       0                               0D    668
     102     482       0       0       0                        01010000D    669
     102       0       0       1       0                               0D    670
     142     483       0       0       0                        00010500D    671
     142       0       0       1       0                               0D    672
     144     484       0       0       0                        00000000D    673
     144       0      -1       1       0                               0D    674
     110     485       0       0       0                        01010000D    675
     110       0       0       1       0                               0D    676
     110     486       0       0       0                        01010000D    677
     110       0       0       1       0                               0D    678
     120     487       0       0       0                        01010000D    679
     120       0       0       1       0                               0D    680
     126     488       0       0       0                        01010500D    681
     126       0       0       2       0                               0D    682
     110     490       0       0       0                        01010000D    683
     110       0       0       1       0                               0D    684
     126     491       0       0       0                        01010500D    685
     126       0       0       2       0                               0D    686
     124     493       0       0       0                        00000000D    687
     124       0       0       4       0                               0D    688
     100     497       0       0       0             687        01010000D    689
     100       0       0       1       0                               0D    690
     126     498       0       0       0                        01010500D    691
     126       0       0       2       0                               0D    692
     110     500       0       0       0                        01010000D    693
     110       0       0       1       0                               0D    694
     126     501       0       0       0                        01010500D    695
     126       0       0       2       0                               0D    696
     100     503       0       0       0                        01010000D    697
     100       0       0       1       0                               0D    698
     102     504       0       0       0                        01010500D    699
     102       0       0       1       0                               0D    700
     102     505       0       0       0                        01010000D    701
     102       0       0       1       0                               0D    702
     142     506       0       0       0                        00010500D    703
     142       0       0       1       0                               0D    704
     144     507       0       0       0                        00000000D    705
     144       0      -1       1       0                               0D    706
     110     508       0       0       0                        01010000D    707
     110       0       0       1       0                               0D    708
     110     509       0       0       0                        01010000D    709
     110       0       0       1       0                               0D    710
     120     510       0       0       0                        01010000D    711
     120       0       0       1       0                               0D    712
     126     511       0       0       0                        01010500D    713
     126       0       0       2       0                               0D    714
     110     513       0       0       0                        01010000D    715
     110       0       0       1       0                               0D    716
     126     514       0       0       0                        01010500D    717
     126       0       0       2       0                               0D    718
     124     516       0       0       0                        00000000D    719
     124       0       0       4       0                               0D    720
     100     520       0       0       0             719        01010000D    721
     100       0       0       1       0                               0D    722
     126     521       0       0       0                        01010500D    723
     126       0       0       2       0                               0D    724
     110     523       0       0       0                        01010000D    725
     110       0       0       1       0                               0D    726
     126     524       0       0       0                        01010500D    727
     126       0       0       2       0                               0D    728
     100     526       0       0       0                        01010000D    729
     100       0       0       1       0                               0D    730
     102     527       0       0       0                        01010500D    731
     102       0       0       1       0                               0D    732
     102     528       0       0       0                        01010000D    733
     102       0       0       1       0                               0D    734
     142     529       0       0       0                        00010500D    735
     142       0       0       1       0                               0D    736
     144     530       0       0       0                        00000000D    737
     144       0      -1       1       0                               0D    738
     110     531       0       0       0                        01010000D    739
     110       0       0       1       0                               0D    740
     110     532       0       0       0                        01010000D    741
     110       0       0       1       0                               0D    742
     120     533       0       0       0                        01010000D    743
     120       0       0       1       0                               0D    744
     126     534       0       0       0                        01010500D    745
     126       0       0       2       0                               0D    746
     110     536       0       0       0                        01010000D    747
     110       0       0       1       0                               0D    748
     126     537       0       0       0                        01010500D    749
     126       0       0       2       0                               0D    750
     124     539       0       0       0                        00000000D    751
     124       0       0       4       0                               0D    752
     100     543       0       0       0             751        01010000D    753
     100       0       0       1       0                               0D    754
     126     544       0       0       0                        01010500D    755
     126       0       0       2       0                               0D    756
     110     546       0       0       0                        01010000D    757
     110       0       0       1       0                               0D    758
     126     547       0       0       0                        01010500D    759
     126       0       0       2       0                               0D    760
     100     549       0       0       0                        01010000D    761
     100       0       0       1       0                               0D    762
     102     550       0       0       0                        01010500D    763
     102       0       0       1       0                               0D    764
     102     551       0       0       0                        01010000D    765
     102       0       0       1       0                               0D    766
     142     552       0       0       0                        00010500D    767
     142       0       0       1       0                               0D    768
     144     553       0       0       0                        00000000D    769
     144       0      -1       1       0                               0D    770
     110     554       0       0       0                        01010000D    771
     110       0       0       1       0                               0D    772
     110     555       0       0       0                        01010000D    773
     110       0       0       1       0                               0D    774
     120     556       0       0       0                        01010000D    775
     120       0       0       1       0                               0D    776
     126     557       0       0       0                        01010500D    777
     126       0       0       2       0                               0D    778
     110     559       0       0       0                        01010000D    779
     110       0       0       1       0                               0D    780
     126     560       0       0       0                        01010500D    781
     126       0       0       2       0                               0D    782
     124     562       0       0       0                        00000000D    783
     124       0       0       4       0                               0D    784
     100     566       0       0       0             783        01010000D    785
     100       0       0       1       0                               0D    786
     126     567       0       0       0                        01010500D    787
     126       0       0       2       0                               0D    788
     110     569       0       0       0                        01010000D    789
     110       0       0       1       0                               0D    790
     126     570       0       0       0                        01010500D    791
     126       0       0       2       0                               0D    792
     100     572       0       0       0                        01010000D    793
     100       0       0       1       0                               0D    794
     102     573       0       0       0                        01010500D    795
     102       0       0       1       0                               0D    796
     102     574       0       0       0                        01010000D    797
     102       0       0       1       0                               0D    798
     142     575       0       0       0                        00010500D    799
     142       0       0       1       0                               0D    800
     144     576       0       0       0                        00000000D    801
     144       0      -1       1       0                               0D    802
     110     577       0       0       0                        01010000D    803
     110       0       0       1       0                               0D    804
     110     578       0       0       0                        01010000D    805
     110       0       0       1       0                               0D    806
     120     579       0       0       0                        01010000D    807
     120       0       0       1       0                               0D    808
     126     580       0       0       0                        01010500D    809
     126       0       0       2       0                               0D    810
     110     582       0       0       0                        01010000D    811
     110       0       0       1       0                               0D    812
     126     583       0       0       0                        01010500D    813
     126       0       0       2       0                               0D    814
     124     585       0       0       0                        00000000D    815
     124       0       0       4       0                               0D    816
     100     589       0       0       0             815        01010000D    817
     100       0       0       1       0                               0D    818
     126     590       0       0       0                        01010500D    819
     126       0       0       2       0                               0D    820
     110     592       0       0       0                        01010000D    821
     110       0       0       1       0                               0D    822
     126     593       0       0       0                        01010500D    823
     126       0       0       2       0                               0D    824
     100     595       0       0       0                        01010000D    825
     100       0       0       1       0                               0D    826
     102     596       0       0       0                        01010500D    827
     102       0       0       1       0                               0D    828
     102     597       0       0       0                        01010000D    829
     102       0       0       1       0                               0D    830
     142     598       0       0       0                        00010500D    831
     142       0       0       1       0                               0D    832
     144     599       0       0       0                        00000000D    833
     144       0      -1       1       0                               0D    834
     110     600       0       0       0                        01010000D    835
     110       0       0       1       0                               0D    836
     110     601       0       0       0                        01010000D    837
     110       0       0       1       0                               0D    838
     120     602       0       0       0                        01010000D    839
     120       0       0       1       0                               0D    840
     126     603       0       0       0                        01010500D    841
     126       0       0       2       0                               0D    842
     110     605       0       0       0                        01010000D    843
     110       0       0       1       0                               0D    844
     126     606       0       0       0                        01010500D    845
     126       0       0       2       0                               0D    846
     124     608       0       0       0                        00000000D    847
     124       0       0       4       0                               0D    848
     100     612       0       0       0             847        01010000D    849
     100       0       0       1       0                               0D    850
     126     613       0       0       0                        01010500D    851
     126       0       0       2       0                               0D    852
     110     615       0       0       0                        01010000D    853
     110       0       0       1       0                               0D    854
     126     616       0       0       0                        01010500D    855
     126       0       0       2       0                               0D    856
     100     618       0       0       0                        01010000D    857
     100       0       0       1       0                               0D    858
     102     619       0       0       0                        01010500D    859
     102       0       0       1       0                               0D    860
     102     620       0       0       0                        01010000D    861
     102       0       0       1       0                               0D    862
     142     621       0       0       0                        00010500D    863
     142       0       0       1       0                               0D    864
     144     622       0       0       0                        00000000D    865
     144       0      -1       1       0                               0D    866
     110     623       0       0       0                        01010000D    867
     110       0       0       1       0                               0D    868
     110     624       0       0       0                        01010000D    869
     110       0       0       1       0                               0D    870
     120     625       0       0       0                        01010000D    871
     120       0       0       1       0                               0D    872
     126     626       0       0       0                        01010500D    873
     126       0       0       2       0                               0D    874
     110     628       0       0       0                        01010000D    875
     110       0       0       1       0                               0D    876
     126     629       0       0       0                        01010500D    877
     126       0       0       2       0                               0D    878
     124     631       0       0       0                        00000000D    879
     124       0       0       4       0                               0D    880
     100     635       0       0       0             879        01010000D    881
     100       0       0       1       0                               0D    882
     126     636       0       0       0                        01010500D    883
     126       0       0       2       0                               0D    884
     110     638       0       0       0                        01010000D    885
     110       0       0       1       0                               0D    886
     126     639       0       0       0                        01010500D    887
     126       0       0       2       0                               0D    888
     100     641       0       0       0                        01010000D    889
     100       0       0       1       0                               0D    890
     102     642       0       0       0                        01010500D    891
     102       0       0       1       0                               0D    892
     102     643       0       0       0                        01010000D    893
     102       0       0       1       0                               0D    894
     142     644       0       0       0                        00010500D    895
     142       0       0       1       0                               0D    896
     144     645       0       0       0                        00000000D    897
     144       0      -1       1       0                               0D    898
     110     646       0       0       0                        01010000D    899
     110       0       0       1       0                               0D    900
     110     647       0       0       0                        01010000D    901
     110       0       0       1       0                               0D    902
     120     648       0       0       0                        01010000D    903
     120       0       0       1       0                               0D    904
     126     649       0       0       0                        01010500D    905
     126       0       0       2       0                               0D    906
     110     651       0       0       0                        01010000D    907
     110       0       0       1       0                               0D    908
     126     652       0       0       0                        01010500D    909
     126       0       0       2       0                               0D    910
     124     654       0       0       0                        00000000D    911
     124       0       0       4       0                               0D    912
     100     658       0       0       0             911        01010000D    913
     100       0       0       1       0                               0D    914
     126     659       0       0       0                        01010500D    915
     126       0       0       2       0                               0D    916
     110     661       0       0       0                        01010000D    917
     110       0       0       1       0                               0D    918
     126     662       0       0       0                        01010500D    919
     126       0       0       2       0                               0D    920
     100     664       0       0       0                        01010000D    921
     100       0       0       1       0                               0D    922
     102     665       0       0       0                        01010500D    923
     102       0       0       1       0                               0D    924
     102     666       0       0       0                        01010000D    925
     102       0       0       1       0                               0D    926
     142     667       0       0       0                        00010500D    927
     142       0       0       1       0                               0D    928
     144     668       0       0       0                        00000000D    929
     144       0      -1       1       0                               0D    930
     128     669       0       0       0                        01010000D    931
     128       0       0       4       0                               0D    932
     126     673       0       0       0                        01010500D    933
     126       0       0      11       0                               0D    934
     124     684       0       0       0                        00000000D    935
     124       0       0       4       0                               0D    936
     100     688       0       0       0             935        01010000D    937
     100       0       0       1       0                               0D    938
     126     689       0       0       0                        01010500D    939
     126       0       0       2       0                               0D    940
     110     691       0       0       0                        01010000D    941
     110       0       0       1       0                               0D    942
     126     692       0       0       0                        01010500D    943
     126       0       0      11       0                               0D    944
     124     703       0       0       0                        00000000D    945
     124       0       0       4       0                               0D    946
     100     707       0       0       0             945        01010000D    947
     100       0       0       1       0                               0D    948
     126     708       0       0       0                        01010500D    949
     126       0       0       2       0                               0D    950
     110     710       0       0       0                        01010000D    951
     110       0       0       1       0                               0D    952
     126     711       0       0       0                        01010500D    953
     126       0       0      11       0                               0D    954
     124     722       0       0       0                        00000000D    955
     124       0       0       4       0                               0D    956
     100     726       0       0       0             955        01010000D    957
     100       0       0       1       0                               0D    958
     126     727       0       0       0                        01010500D    959
     126       0       0       2       0                               0D    960
     110     729       0       0       0                        01010000D    961
     110       0       0       1       0                               0D    962
     126     730       0       0       0                        01010500D    963
     126       0       0      11       0                               0D    964
     124     741       0       0       0                        00000000D    965
     124       0       0       4       0                               0D    966
     100     745       0       0       0             965        01010000D    967
     100       0       0       1       0                               0D    968
     126     746       0       0       0                        01010500D    969
     126       0       0       2       0                               0D    970
     110     748       0       0       0                        01010000D    971
     110       0       0       1       0                               0D    972
     102     749       0       0       0                        01010500D    973
     102       0       0       1       0                               0D    974
     102     750       0       0       0                        01010000D    975
     102       0       0       1       0                               0D    976
     142     751       0       0       0                        00010500D    977
     142       0       0       1       0                               0D    978
     126     752       0       0       0                        01010500D    979
     126       0       0      22       0                               0D    980
     100     774       0       0       0                        01010000D    981
     100       0       0       1       0                               0D    982
     126     775       0       0       0                        01010500D    983
     126       0       0      22       0                               0D    984
     100     797       0       0       0                        01010000D    985
     100       0       0       1       0                               0D    986
     102     798       0       0       0                        01010500D    987
     102       0       0       1       0                               0D    988
     102     799       0       0       0                        01010000D    989
     102       0       0       1       0                               0D    990
     142     800       0       0       0                        00010500D    991
     142       0       0       1       0                               0D    992
     126     801       0       0       0                        01010500D    993
     126       0       0      22       0                               0D    994
     100     823       0       0       0                        01010000D    995
     100       0       0       1       0                               0D    996
     126     824       0       0       0                        01010500D    997
     126       0       0      22       0                               0D    998
     100     846       0       0       0                        01010000D    999
     100       0       0       1       0                               0D   1000
     102     847       0       0       0                        01010500D   1001
     102       0       0       1       0                               0D   1002
     102     848       0       0       0                        01010000D   1003
     102       0       0       1       0                               0D   1004
     142     849       0       0       0                        00010500D   1005
     142       0       0       1       0                               0D   1006
     126     850       0       0       0                        01010500D   1007
     126       0       0      22       0                               0D   1008
     100     872       0       0       0                        01010000D   1009
     100       0       0       1       0                               0D   1010
     126     873       0       0       0                        01010500D   1011
     126       0       0      22       0                               0D   1012
     100     895       0       0       0                        01010000D   1013
     100       0       0       1       0                               0D   1014
     102     896       0       0       0                        01010500D   1015
     102       0       0       1       0                               0D   1016
     102     897       0       0       0                        01010000D   1017
     102       0       0       1       0                               0D   1018
     142     898       0       0       0                        00010500D   1019
     142       0       0       1       0                               0D   1020
     126     899       0       0       0                        01010500D   1021
     126       0       0      22       0                               0D   1022
     100     921       0       0       0                        01010000D   1023
     100       0       0       1       0                               0D   1024
     126     922       0       0       0                        01010500D   1025
     126       0       0      22       0                               0D   1026
     100     944       0       0       0                        01010000D   1027
     100       0       0       1       0                               0D   1028
     102     945       0       0       0                        01010500D   1029
     102       0       0       1       0                               0D   1030
     102     946       0       0       0                        01010000D   1031
     102       0       0       1       0                               0D   1032
     142     947       0       0       0                        00010500D   1033
     142       0       0       1       0                               0D   1034
     126     948       0       0       0                        01010500D   1035
     126       0       0      22       0                               0D   1036
     100     970       0       0       0                        01010000D   1037
     100       0       0       1       0                               0D   1038
     126     971       0       0       0                        01010500D   1039
     126       0       0      22       0                               0D   1040
     100     993       0       0       0                        01010000D   1041
     100       0       0       1       0                               0D   1042
     102     994       0       0       0                        01010500D   1043
     102       0       0       1       0                               0D   1044
     102     995       0       0       0                        01010000D   1045
     102       0       0       1       0                               0D   1046
     142     996       0       0       0                        00010500D   1047
     142       0       0       1       0                               0D   1048
     126     997       0       0       0                        01010500D   1049
     126       0       0      22       0                               0D   1050
     100    1019       0       0       0                        01010000D   1051
     100       0       0       1       0                               0D   1052
     126    1020       0       0       0                        01010500D   1053
     126       0       0      22       0                               0D   1054
     100    1042       0       0       0                        01010000D   1055
     100       0       0       1       0                               0D   1056
     102    1043       0       0       0                        01010500D   1057
     102       0       0       1       0                               0D   1058
     102    1044       0       0       0                        01010000D   1059
     102       0       0       1       0                               0D   1060
     142    1045       0       0       0                        00010500D   1061
     142       0       0       1       0                               0D   1062
     126    1046       0       0       0                        01010500D   1063
     126       0       0      22       0                               0D   1064
     100    1068       0       0       0                        01010000D   1065
     100       0       0       1       0                               0D   1066
     126    1069       0       0       0                        01010500D   1067
     126       0       0      22       0                               0D   1068
     100    1091       0       0       0                        01010000D   1069
     100       0       0       1       0                               0D   1070
     102    1092       0       0       0                        01010500D   1071
     102       0       0       1       0                               0D   1072
     102    1093       0       0       0                        01010000D   1073
     102       0       0       1       0                               0D   1074
     142    1094       0       0       0                        00010500D   1075
     142       0       0       1       0                               0D   1076
     126    1095       0       0       0                        01010500D   1077
     126       0       0      22       0                               0D   1078
     100    1117       0       0       0                        01010000D   1079
     100       0       0       1       0                               0D   1080
     126    1118       0       0       0                        01010500D   1081
     126       0       0      22       0                               0D   1082
     100    1140       0       0       0                        01010000D   1083
     100       0       0       1       0                               0D   1084
     102    1141       0       0       0                        01010500D   1085
     102       0       0       1       0                               0D   1086
     102    1142       0       0       0                        01010000D   1087
     102       0       0       1       0                               0D   1088
     142    1143       0       0       0                        00010500D   1089
     142       0       0       1       0                               0D   1090
     126    1144       0       0       0                        01010500D   1091
     126       0       0      22       0                               0D   1092
     100    1166       0       0       0                        01010000D   1093
     100       0       0       1       0                               0D   1094
     126    1167       0       0       0                        01010500D   1095
     126       0       0      22       0                               0D   1096
     100    1189       0       0       0                        01010000D   1097
     100       0       0       1       0                               0D   1098
     102    1190       0       0       0                        01010500D   1099
     102       0       0       1       0                               0D   1100
     102    1191       0       0       0                        01010000D   1101
     102       0       0       1       0                               0D   1102
     142    1192       0       0       0                        00010500D   1103
     142       0       0       1       0                               0D   1104
     126    1193       0       0       0                        01010500D   1105
     126       0       0      22       0                               0D   1106
     100    1215       0       0       0                        01010000D   1107
     100       0       0       1       0                               0D   1108
     126    1216       0       0       0                        01010500D   1109
     126       0       0      22       0                               0D   1110
     100    1238       0       0       0                        01010000D   1111
     100       0       0       1       0                               0D   1112
     102    1239       0       0       0                        01010500D   1113
     102       0       0       1       0                               0D   1114
     102    1240       0       0       0                        01010000D   1115
     102       0       0       1       0                               0D   1116
     142    1241       0       0       0                        00010500D   1117
     142       0       0       1       0                               0D   1118
     126    1242       0       0       0                        01010500D   1119
     126       0       0      22       0                               0D   1120
     100    1264       0       0       0                        01010000D   1121
     100       0       0       1       0                               0D   1122
     126    1265       0       0       0                        01010500D   1123
     126       0       0      22       0                               0D   1124
     100    1287       0       0       0                        01010000D   1125
     100       0       0       1       0                               0D   1126
     102    1288       0       0       0                        01010500D   1127
     102       0       0       1       0                               0D   1128
     102    1289       0       0       0                        01010000D   1129
     102       0       0       1       0                               0D   1130
     142    1290       0       0       0                        00010500D   1131
     142       0       0       1       0                               0D   1132
     126    1291       0       0       0                        01010500D   1133
     126       0       0      22       0                               0D   1134
     100    1313       0       0       0                        01010000D   1135
     100       0       0       1       0                               0D   1136
     126    1314       0       0       0                        01010500D   1137
     126       0       0      22       0                               0D   1138
     100    1336       0       0       0                        01010000D   1139
     100       0       0       1       0                               0D   1140
     102    1337       0       0       0                        01010500D   1141
     102       0       0       1       0                               0D   1142
     102    1338       0       0       0                        01010000D   1143
     102       0       0       1       0                               0D   1144
     142    1339       0       0       0                        00010500D   1145
     142       0       0       1       0                               0D   1146
     126    1340       0       0       0                        01010500D   1147
     126       0       0      22       0                               0D   1148
     100    1362       0       0       0                        01010000D   1149
     100       0       0       1       0                               0D   1150
     126    1363       0       0       0                        01010500D   1151
     126       0       0      22       0                               0D   1152
     100    1385       0       0       0                        01010000D   1153
     100       0       0       1       0                               0D   1154
     102    1386       0       0       0                        01010500D   1155
     102       0       0       1       0                               0D   1156
     102    1387       0       0       0                        01010000D   1157
     102       0       0       1       0                               0D   1158
     142    1388       0       0       0                        00010500D   1159
     142       0       0       1       0                               0D   1160
     126    1389       0       0       0                        01010500D   1161
     126       0       0      22       0                               0D   1162
     100    1411       0       0       0                        01010000D   1163
     100       0       0       1       0                               0D   1164
     126    1412       0       0       0                        01010500D   1165
     126       0       0      22       0                               0D   1166
     100    1434       0       0       0                        01010000D   1167
     100       0       0       1       0                               0D   1168
     102    1435       0       0       0                        01010500D   1169
     102       0       0       1       0                               0D   1170
     102    1436       0       0       0                        01010000D   1171
     102       0       0       1       0                               0D   1172
     142    1437       0       0       0                        00010500D   1173
     142       0       0       1       0                               0D   1174
     126    1438       0       0       0                        01010500D   1175
     126       0       0      22       0                               0D   1176
     100    1460       0       0       0                        01010000D   1177
     100       0       0       1       0                               0D   1178
     126    1461       0       0       0                        01010500D   1179
     126       0       0      22       0                               0D   1180
     100    1483       0       0       0                        01010000D   1181
     100       0       0       1       0                               0D   1182
     102    1484       0       0       0                        01010500D   1183
     102       0       0       1       0                               0D   1184
     102    1485       0       0       0                        01010000D   1185
     102       0       0       1       0                               0D   1186
     142    1486       0       0       0                        00010500D   1187
     142       0       0       1       0                               0D   1188
     126    1487       0       0       0                        01010500D   1189
     126       0       0      22       0                               0D   1190
     100    1509       0       0       0                        01010000D   1191
     100       0       0       1       0                               0D   1192
     126    1510       0       0       0                        01010500D   1193
     126       0       0      22       0                               0D   1194
     100    1532       0       0       0                        01010000D   1195
     100       0       0       1       0                               0D   1196
     102    1533       0       0       0                        01010500D   1197
     102       0       0       1       0                               0D   1198
     102    1534       0       0       0                        01010000D   1199
     102       0       0       1       0                               0D   1200
     142    1535       0       0       0                        00010500D   1201
     142       0       0       1       0                               0D   1202
     126    1536       0       0       0                        01010500D   1203
     126       0       0      22       0                               0D   1204
     100    1558       0       0       0                        01010000D   1205
     100       0       0       1       0                               0D   1206
     126    1559       0       0       0                        01010500D   1207
     126       0       0      22       0                               0D   1208
     100    1581       0       0       0                        01010000D   1209
     100       0       0       1       0                               0D   1210
     102    1582       0       0       0                        01010500D   1211
     102       0       0       1       0                               0D   1212
     102    1583       0       0       0                        01010000D   1213
     102       0       0       1       0                               0D   1214
     142    1584       0       0       0                        00010500D   1215
     142       0       0       1       0                               0D   1216
     126    1585       0       0       0                        01010500D   1217
     126       0       0      22       0                               0D   1218
     100    1607       0       0       0                        01010000D   1219
     100       0       0       1       0                               0D   1220
     126    1608       0       0       0                        01010500D   1221
     126       0       0      22       0                               0D   1222
     100    1630       0       0       0                        01010000D   1223
     100       0       0       1       0                               0D   1224
     102    1631       0       0       0                        01010500D   1225
     102       0       0       1       0                               0D   1226
     102    1632       0       0       0                        01010000D   1227
     102       0       0       1       0                               0D   1228
     142    1633       0       0       0                        00010500D   1229
     142       0       0       1       0                               0D   1230
     126    1634       0       0       0                        01010500D   1231
     126       0       0      22       0                               0D   1232
     100    1656       0       0       0                        01010000D   1233
     100       0       0       1       0                               0D   1234
     126    1657       0       0       0                        01010500D   1235
     126       0       0      22       0                               0D   1236
     100    1679       0       0       0                        01010000D   1237
     100       0       0       1       0                               0D   1238
     102    1680       0       0       0                        01010500D   1239
     102       0       0       1       0                               0D   1240
     102    1681       0       0       0                        01010000D   1241
     102       0       0       1       0                               0D   1242
     142    1682       0       0       0                        00010500D   1243
     142       0       0       1       0                               0D   1244
     126    1683       0       0       0                        01010500D   1245
     126       0       0      22       0                               0D   1246
     100    1705       0       0       0                        01010000D   1247
     100       0       0       1       0                               0D   1248
     126    1706       0       0       0                        01010500D   1249
     126       0       0      22       0                               0D   1250
     100    1728       0       0       0                        01010000D   1251
     100       0       0       1       0                               0D   1252
     102    1729       0       0       0                        01010500D   1253
     102       0       0       1       0                               0D   1254
     102    1730       0       0       0                        01010000D   1255
     102       0       0       1       0                               0D   1256
     142    1731       0       0       0                        00010500D   1257
     142       0       0       1       0                               0D   1258
     126    1732       0       0       0                        01010500D   1259
     126       0       0      22       0                               0D   1260
     100    1754       0       0       0                        01010000D   1261
     100       0       0       1       0                               0D   1262
     126    1755       0       0       0                        01010500D   1263
     126       0       0      22       0                               0D   1264
     100    1777       0       0       0                        01010000D   1265
     100       0       0       1       0                               0D   1266
     102    1778       0       0       0                        01010500D   1267
     102       0       0       1       0                               0D   1268
     102    1779       0       0       0                        01010000D   1269
     102       0       0       1       0                               0D   1270
     142    1780       0       0       0                        00010500D   1271
     142       0       0       1       0                               0D   1272
     126    1781       0       0       0                        01010500D   1273
     126       0       0      22       0                               0D   1274
     100    1803       0       0       0                        01010000D   1275
     100       0       0       1       0                               0D   1276
     126    1804       0       0       0                        01010500D   1277
     126       0       0      22       0                               0D   1278
     100    1826       0       0       0                        01010000D   1279
     100       0       0       1       0                               0D   1280
     102    1827       0       0       0                        01010500D   1281
     102       0       0       1       0                               0D   1282
     102    1828       0       0       0                        01010000D   1283
     102       0       0       1       0                               0D   1284
     142    1829       0       0       0                        00010500D   1285
     142       0       0       1       0                               0D   1286
     126    1830       0       0       0                        01010500D   1287
     126       0       0      22       0                               0D   1288
     100    1852       0       0       0                        01010000D   1289
     100       0       0       1       0                               0D   1290
     126    1853       0       0       0                        01010500D   1291
     126       0       0      22       0                               0D   1292
     100    1875       0       0       0                        01010000D   1293
     100       0       0       1       0                               0D   1294
     102    1876       0       0       0                        01010500D   1295
     102       0       0       1       0                               0D   1296
     102    1877       0       0       0                        01010000D   1297
     102       0       0       1       0                               0D   1298
     142    1878       0       0       0                        00010500D   1299
     142       0       0       1       0                               0D   1300
     126    1879       0       0       0                        01010500D   1301
     126       0       0      22       0                               0D   1302
     100    1901       0       0       0                        01010000D   1303
     100       0       0       1       0                               0D   1304
     126    1902       0       0       0                        01010500D   1305
     126       0       0      22       0                               0D   1306
     100    1924       0       0       0                        01010000D   1307
     100       0       0       1       0                               0D   1308
     102    1925       0       0       0                        01010500D   1309
     102       0       0       1       0                               0D   1310
     102    1926       0       0       0                        01010000D   1311
     102       0       0       1       0                               0D   1312
     142    1927       0       0       0                        00010500D   1313
     142       0       0       1       0                               0D   1314
     126    1928       0       0       0                        01010500D   1315
     126       0       0      22       0                               0D   1316
     100    1950       0       0       0                        01010000D   1317
     100       0       0       1       0                               0D   1318
     126    1951       0       0       0                        01010500D   1319
     126       0       0      22       0                               0D   1320
     100    1973       0       0       0                        01010000D   1321
     100       0       0       1       0                               0D   1322
     102    1974       0       0       0                        01010500D   1323
     102       0       0       1       0                               0D   1324
     102    1975       0       0       0                        01010000D   1325
     102       0       0       1       0                               0D   1326
     142    1976       0       0       0                        00010500D   1327
     142       0       0       1       0                               0D   1328
     144    1977       0       0       0                        00000000D   1329
     144       0      -1       3       0                               0D   1330
     128    1980       0       0       0                        01010000D   1331
     128       0       0       3       0                               0D   1332
     126    1983       0       0       0                        01010500D   1333
     126       0       0       2       0                               0D   1334
     110    1985       0       0       0                        01010000D   1335
     110       0       0       1       0                               0D   1336
     126    1986       0       0       0                        01010500D   1337
     126       0       0       2       0                               0D   1338
     110    1988       0       0       0                        01010000D   1339
     110       0       0       1       0                               0D   1340
     126    1989       0       0       0                        01010500D   1341
     126       0       0       2       0                               0D   1342
     110    1991       0       0       0                        01010000D   1343
     110       0       0       1       0                               0D   1344
     126    1992       0       0       0                        01010500D   1345
     126       0       0       2       0                               0D   1346
     110    1994       0       0       0                        01010000D   1347
     110       0       0       1       0                               0D   1348
     102    1995       0       0       0                        01010500D   1349
     102       0       0       1       0                               0D   1350
     102    1996       0       0       0                        01010000D   1351
     102       0       0       1       0                               0D   1352
     142    1997       0       0       0                        00010500D   1353
     142       0       0       1       0                               0D   1354
     144    1998       0       0       0                        00000000D   1355
     144       0      -1       1       0                               0D   1356
     128    1999       0       0       0                        01010000D   1357
     128       0       0       3       0                               0D   1358
     126    2002       0       0       0                        01010500D   1359
     126       0       0       2       0                               0D   1360
     110    2004       0       0       0                        01010000D   1361
     110       0       0       1       0                               0D   1362
     126    2005       0       0       0                        01010500D   1363
     126       0       0       2       0                               0D   1364
     110    2007       0       0       0                        01010000D   1365
     110       0       0       1       0                               0D   1366
     126    2008       0       0       0                        01010500D   1367
     126       0       0       2       0                               0D   1368
     110    2010       0       0       0                        01010000D   1369
     110       0       0       1       0                               0D   1370
     126    2011       0       0       0                        01010500D   1371
     126       0       0       2       0                               0D   1372
     110    2013       0       0       0                        01010000D   1373
     110       0       0       1       0                               0D   1374
     102    2014       0       0       0                        01010500D   1375
     102       0       0       1       0                               0D   1376
     102    2015       0       0       0                        01010000D   1377
     102       0       0       1       0                               0D   1378
     142    2016       0       0       0                        00010500D   1379
     142       0       0       1       0                               0D   1380
     144    2017       0       0       0                        00000000D   1381
     144       0      -1       1       0                               0D   1382
     128    2018       0       0       0                        01010000D   1383
     128       0       0       3       0                               0D   1384
     126    2021       0       0       0                        01010500D   1385
     126       0       0       2       0                               0D   1386
     110    2023       0       0       0                        01010000D   1387
     110       0       0       1       0                               0D   1388
     126    2024       0       0       0                        01010500D   1389
     126       0       0       2       0                               0D   1390
     110    2026       0       0       0                        01010000D   1391
     110       0       0       1       0                               0D   1392
     126    2027       0       0       0                        01010500D   1393
     126       0       0       2       0                               0D   1394
     110    2029       0       0       0                        01010000D   1395
     110       0       0       1       0                               0D   1396
     126    2030       0       0       0                        01010500D   1397
     126       0       0       2       0                               0D   1398
     110    2032       0       0       0                        01010000D   1399
     110       0       0       1       0                               0D   1400
     102    2033       0       0       0                        01010500D   1401
     102       0       0       1       0                               0D   1402
     102    2034       0       0       0                        01010000D   1403
     102       0       0       1       0                               0D   1404
     142    2035       0       0       0                        00010500D   1405
     142       0       0       1       0                               0D   1406
     144    2036       0       0       0                        00000000D   1407
     144       0      -1       1       0                               0D   1408
     128    2037       0       0       0                        01010000D   1409
     128       0       0       3       0                               0D   1410
     126    2040       0       0       0                        01010500D   1411
     126       0       0       2       0                               0D   1412
     110    2042       0       0       0                        01010000D   1413
     110       0       0       1       0                               0D   1414
     126    2043       0       0       0                        01010500D   1415
     126       0       0       2       0                               0D   1416
     110    2045       0       0       0                        01010000D   1417
     110       0       0       1       0                               0D   1418
     126    2046       0       0       0                        01010500D   1419
     126       0       0       2       0                               0D   1420
     110    2048       0       0       0                        01010000D   1421
     110       0       0       1       0                               0D   1422
     126    2049       0       0       0                        01010500D   1423
     126       0       0       2       0                               0D   1424
     110    2051       0       0       0                        01010000D   1425
     110       0       0       1       0                               0D   1426
     102    2052       0       0       0                        01010500D   1427
     102       0       0       1       0                               0D   1428
     102    2053       0       0       0                        01010000D   1429
     102       0       0       1       0                               0D   1430
     142    2054       0       0       0                        00010500D   1431
     142       0       0       1       0                               0D   1432
     144    2055       0       0       0                        00000000D   1433
     144       0      -1       1       0                               0D   1434
     128    2056       0       0       0                        01010000D   1435
     128       0       0       4       0                               0D   1436
     126    2060       0       0       0                        01010500D   1437
     126       0       0       2       0                               0D   1438
     110    2062       0       0       0                        01010000D   1439
     110       0       0       1       0                               0D   1440
     126    2063       0       0       0                        01010500D   1441
     126       0       0      11       0                               0D   1442
     124    2074       0       0       0                        00000000D   1443
     124       0       0       4       0                               0D   1444
     100    2078       0       0       0            1443        01010000D   1445
     100       0       0       1       0                               0D   1446
     126    2079       0       0       0                        01010500D   1447
     126       0       0       2       0                               0D   1448
     110    2081       0       0       0                        01010000D   1449
     110       0       0       1       0                               0D   1450
     126    2082       0       0       0                        01010500D   1451
     126       0       0      11       0                               0D   1452
     124    2093       0       0       0                        00000000D   1453
     124       0       0       4       0                               0D   1454
     100    2097       0       0       0            1453        01010000D   1455
     100       0       0       1       0                               0D   1456
     126    2098       0       0       0                        01010500D   1457
     126       0       0       2       0                               0D   1458
     110    2100       0       0       0                        01010000D   1459
     110       0       0       1       0                               0D   1460
     126    2101       0       0       0                        01010500D   1461
     126       0       0      11       0                               0D   1462
     124    2112       0       0       0                        00000000D   1463
     124       0       0       4       0                               0D   1464
     100    2116       0       0       0            1463        01010000D   1465
     100       0       0       1       0                               0D   1466
     126    2117       0       0       0                        01010500D   1467
     126       0       0       2       0                               0D   1468
     110    2119       0       0       0                        01010000D   1469
     110       0       0       1       0                               0D   1470
     126    2120       0       0       0                        01010500D   1471
     126       0       0      11       0                               0D   1472
     124    2131       0       0       0                        00000000D   1473
     124       0       0       4       0                               0D   1474
     100    2135       0       0       0            1473        01010000D   1475
     100       0       0       1       0                               0D   1476
     102    2136       0       0       0                        01010500D   1477
     102       0       0       1       0                               0D   1478
     102    2137       0       0       0                        01010000D   1479
     102       0       0       1       0                               0D   1480
     142    2138       0       0       0                        00010500D   1481
     142       0       0       1       0                               0D   1482
     126    2139       0       0       0                        01010500D   1483
     126       0       0      22       0                               0D   1484
     100    2161       0       0       0                        01010000D   1485
     100       0       0       1       0                               0D   1486
     126    2162       0       0       0                        01010500D   1487
     126       0       0      22       0                               0D   1488
     100    2184       0       0       0                        01010000D   1489
     100       0       0       1       0                               0D   1490
     102    2185       0       0       0                        01010500D   1491
     102       0       0       1       0                               0D   1492
     102    2186       0       0       0                        01010000D   1493
     102       0       0       1       0                               0D   1494
     142    2187       0       0       0                        00010500D   1495
     142       0       0       1       0                               0D   1496
     126    2188       0       0       0                        01010500D   1497
     126       0       0      22       0                               0D   1498
     100    2210       0       0       0                        01010000D   1499
     100       0       0       1       0                               0D   1500
     126    2211       0       0       0                        01010500D   1501
     126       0       0      22       0                               0D   1502
     100    2233       0       0       0                        01010000D   1503
     100       0       0       1       0                               0D   1504
     102    2234       0       0       0                        01010500D   1505
     102       0       0       1       0                               0D   1506
     102    2235       0       0       0                        01010000D   1507
     102       0       0       1       0                               0D   1508
     142    2236       0       0       0                        00010500D   1509
     142       0       0       1       0                               0D   1510
     126    2237       0       0       0                        01010500D   1511
     126       0       0      22       0                               0D   1512
     100    2259       0       0       0                        01010000D   1513
     100       0       0       1       0                               0D   1514
     126    2260       0       0       0                        01010500D   1515
     126       0       0      22       0                               0D   1516
     100    2282       0       0       0                        01010000D   1517
     100       0       0       1       0                               0D   1518
     102    2283       0       0       0                        01010500D   1519
     102       0       0       1       0                               0D   1520
     102    2284       0       0       0                        01010000D   1521
     102       0       0       1       0                               0D   1522
     142    2285       0       0       0                        00010500D   1523
     142       0       0       1       0                               0D   1524
     126    2286       0       0       0                        01010500D   1525
     126       0       0      22       0                               0D   1526
     100    2308       0       0       0                        01010000D   1527
     100       0       0       1       0                               0D   1528
     126    2309       0       0       0                        01010500D   1529
     126       0       0      22       0                               0D   1530
     100    2331       0       0       0                        01010000D   1531
     100       0       0       1       0                               0D   1532
     102    2332       0       0       0                        01010500D   1533
     102       0       0       1       0                               0D   1534
     102    2333       0       0       0                        01010000D   1535
     102       0       0       1       0                               0D   1536
     142    2334       0       0       0                        00010500D   1537
     142       0       0       1       0                               0D   1538
     126    2335       0       0       0                        01010500D   1539
     126       0       0      22       0                               0D   1540
     100    2357       0       0       0                        01010000D   1541
     100       0       0       1       0                               0D   1542
     126    2358       0       0       0                        01010500D   1543
     126       0       0      22       0                               0D   1544
     100    2380       0       0       0                        01010000D   1545
     100       0       0       1       0                               0D   1546
     102    2381       0       0       0                        01010500D   1547
     102       0       0       1       0                               0D   1548
     102    2382       0       0       0                        01010000D   1549
     102       0       0       1       0                               0D   1550
     142    2383       0       0       0                        00010500D   1551
     142       0       0       1       0                               0D   1552
     126    2384       0       0       0                        01010500D   1553
     126       0       0      22       0                               0D   1554
     100    2406       0       0       0                        01010000D   1555
     100       0       0       1       0                               0D   1556
     126    2407       0       0       0                        01010500D   1557
     126       0       0      22       0                               0D   1558
     100    2429       0       0       0                        01010000D   1559
     100       0       0       1       0                               0D   1560
     102    2430       0       0       0                        01010500D   1561
     102       0       0       1       0                               0D   1562
     102    2431       0       0       0                        01010000D   1563
     102       0       0       1       0                               0D   1564
     142    2432       0       0       0                        00010500D   1565
     142       0       0       1       0                               0D   1566
     126    2433       0       0       0                        01010500D   1567
     126       0       0      22       0                               0D   1568
     100    2455       0       0       0                        01010000D   1569
     100       0       0       1       0                               0D   1570
     126    2456       0       0       0                        01010500D   1571
     126       0       0      22       0                               0D   1572
     100    2478       0       0       0                        01010000D   1573
     100       0       0       1       0                               0D   1574
     102    2479       0       0       0                        01010500D   1575
     102       0       0       1       0                               0D   1576
     102    2480       0       0       0                        01010000D   1577
     102       0       0       1       0                               0D   1578
     142    2481       0       0       0                        00010500D   1579
     142       0       0       1       0                               0D   1580
     126    2482       0       0       0                        01010500D   1581
     126       0       0      22       0                               0D   1582
     100    2504       0       0       0                        01010000D   1583
     100       0       0       1       0                               0D   1584
     126    2505       0       0       0                        01010500D   1585
     126       0       0      22       0                               0D   1586
     100    2527       0       0       0                        01010000D   1587
     100       0       0       1       0                               0D   1588
     102    2528       0       0       0                        01010500D   1589
     102       0       0       1       0                               0D   1590
     102    2529       0       0       0                        01010000D   1591
     102       0       0       1       0                               0D   1592
     142    2530       0       0       0                        00010500D   1593
     142       0       0       1       0                               0D   1594
     126    2531       0       0       0                        01010500D   1595
     126       0       0      22       0                               0D   1596
     100    2553       0       0       0                        01010000D   1597
     100       0       0       1       0                               0D   1598
     126    2554       0       0       0                        01010500D   1599
     126       0       0      22       0                               0D   1600
     100    2576       0       0       0                        01010000D   1601
     100       0       0       1       0                               0D   1602
     102    2577       0       0       0                        01010500D   1603
     102       0       0       1       0                               0D   1604
     102    2578       0       0       0                        01010000D   1605
     102       0       0       1       0                               0D   1606
     142    2579       0       0       0                        00010500D   1607
     142       0       0       1       0                               0D   1608
     126    2580       0       0       0                        01010500D   1609
     126       0       0      22       0                               0D   1610
     100    2602       0       0       0                        01010000D   1611
     100       0       0       1       0                               0D   1612
     126    2603       0       0       0                        01010500D   1613
     126       0       0      22       0                               0D   1614
     100    2625       0       0       0                        01010000D   1615
     100       0       0       1       0                               0D   1616
     102    2626       0       0       0                        01010500D   1617
     102       0       0       1       0                               0D   1618
     102    2627       0       0       0                        01010000D   1619
     102       0       0       1       0                               0D   1620
     142    2628       0       0       0                        00010500D   1621
     142       0       0       1       0                               0D   1622
     126    2629       0       0       0                        01010500D   1623
     126       0       0      22       0                               0D   1624
     100    2651       0       0       0                        01010000D   1625
     100       0       0       1       0                               0D   1626
     126    2652       0       0       0                        01010500D   1627
     126       0       0      22       0                               0D   1628
     100    2674       0       0       0                        01010000D   1629
     100       0       0       1       0                               0D   1630
     102    2675       0       0       0                        01010500D   1631
     102       0       0       1       0                               0D   1632
     102    2676       0       0       0                        01010000D   1633
     102       0       0       1       0                               0D   1634
     142    2677       0       0       0                        00010500D   1635
     142       0       0       1       0                               0D   1636
     126    2678       0       0       0                        01010500D   1637
     126       0       0      22       0                               0D   1638
     100    2700       0       0       0                        01010000D   1639
     100       0       0       1       0                               0D   1640
     126    2701       0       0       0                        01010500D   1641
     126       0       0      22       0                               0D   1642
     100    2723       0       0       0                        01010000D   1643
     100       0       0       1       0                               0D   1644
     102    2724       0       0       0                        01010500D   1645
     102       0       0       1       0                               0D   1646
     102    2725       0       0       0                        01010000D   1647
     102       0       0       1       0                               0D   1648
     142    2726       0       0       0                        00010500D   1649
     142       0       0       1       0                               0D   1650
     126    2727       0       0       0                        01010500D   1651
     126       0       0      22       0                               0D   1652
     100    2749       0       0       0                        01010000D   1653
     100       0       0       1       0                               0D   1654
     126    2750       0       0       0                        01010500D   1655
     126       0       0      22       0                               0D   1656
     100    2772       0       0       0                        01010000D   1657
     100       0       0       1       0                               0D   1658
     102    2773       0       0       0                        01010500D   1659
     102       0       0       1       0                               0D   1660
     102    2774       0       0       0                        01010000D   1661
     102       0       0       1       0                               0D   1662
     142    2775       0       0       0                        00010500D   1663
     142       0       0       1       0                               0D   1664
     126    2776       0       0       0                        01010500D   1665
     126       0       0      22       0                               0D   1666
     100    2798       0       0       0                        01010000D   1667
     100       0       0       1       0                               0D   1668
     126    2799       0       0       0                        01010500D   1669
     126       0       0      22       0                               0D   1670
     100    2821       0       0       0                        01010000D   1671
     100       0       0       1       0                               0D   1672
     102    2822       0       0       0                        01010500D   1673
     102       0       0       1       0                               0D   1674
     102    2823       0       0       0                        01010000D   1675
     102       0       0       1       0                               0D   1676
     142    2824       0       0       0                        00010500D   1677
     142       0       0       1       0                               0D   1678
     126    2825       0       0       0                        01010500D   1679
     126       0       0      22       0                               0D   1680
     100    2847       0       0       0                        01010000D   1681
     100       0       0       1       0                               0D   1682
     126    2848       0       0       0                        01010500D   1683
     126       0       0      22       0                               0D   1684
     100    2870       0       0       0                        01010000D   1685
     100       0       0       1       0                               0D   1686
     102    2871       0       0       0                        01010500D   1687
     102       0       0       1       0                               0D   1688
     102    2872       0       0       0                        01010000D   1689
     102       0       0       1       0                               0D   1690
     142    2873       0       0       0                        00010500D   1691
     142       0       0       1       0                               0D   1692
     126    2874       0       0       0                        01010500D   1693
     126       0       0      22       0                               0D   1694
     100    2896       0       0       0                        01010000D   1695
     100       0       0       1       0                               0D   1696
     126    2897       0       0       0                        01010500D   1697
     126       0       0      22       0                               0D   1698
     100    2919       0       0       0                        01010000D   1699
     100       0       0       1       0                               0D   1700
     102    2920       0       0       0                        01010500D   1701
     102       0       0       1       0                               0D   1702
     102    2921       0       0       0                        01010000D   1703
     102       0       0       1       0                               0D   1704
     142    2922       0       0       0                        00010500D   1705
     142       0       0       1       0                               0D   1706
     126    2923       0       0       0                        01010500D   1707
     126       0       0      22       0                               0D   1708
     100    2945       0       0       0                        01010000D   1709
     100       0       0       1       0                               0D   1710
     126    2946       0       0       0                        01010500D   1711
     126       0       0      22       0                               0D   1712
     100    2968       0       0       0                        01010000D   1713
     100       0       0       1       0                               0D   1714
     102    2969       0       0       0                        01010500D   1715
     102       0       0       1       0                               0D   1716
     102    2970       0       0       0                        01010000D   1717
     102       0       0       1       0                               0D   1718
     142    2971       0       0       0                        00010500D   1719
     142       0       0       1       0                               0D   1720
     126    2972       0       0       0                        01010500D   1721
     126       0       0      22       0                               0D   1722
     100    2994       0       0       0                        01010000D   1723
     100       0       0       1       0                               0D   1724
     126    2995       0       0       0                        01010500D   1725
     126       0       0      22       0                               0D   1726
     100    3017       0       0       0                        01010000D   1727
     100       0       0       1       0                               0D   1728
     102    3018       0       0       0                        01010500D   1729
     102       0       0       1       0                               0D   1730
     102    3019       0       0       0                        01010000D   1731
     102       0       0       1       0                               0D   1732
     142    3020       0       0       0                        00010500D   1733
     142       0       0       1       0                               0D   1734
     126    3021       0       0       0                        01010500D   1735
     126       0       0      22       0                               0D   1736
     100    3043       0       0       0                        01010000D   1737
     100       0       0       1       0                               0D   1738
     126    3044       0       0       0                        01010500D   1739
     126       0       0      22       0                               0D   1740
     100    3066       0       0       0                        01010000D   1741
     100       0       0       1       0                               0D   1742
     102    3067       0       0       0                        01010500D   1743
     102       0       0       1       0                               0D   1744
     102    3068       0       0       0                        01010000D   1745
     102       0       0       1       0                               0D   1746
     142    3069       0       0       0                        00010500D   1747
     142       0       0       1       0                               0D   1748
     126    3070       0       0       0                        01010500D   1749
     126       0       0      22       0                               0D   1750
     100    3092       0       0       0                        01010000D   1751
     100       0       0       1       0                               0D   1752
     126    3093       0       0       0                        01010500D   1753
     126       0       0      22       0                               0D   1754
     100    3115       0       0       0                        01010000D   1755
     100       0       0       1       0                               0D   1756
     102    3116       0       0       0                        01010500D   1757
     102       0       0       1       0                               0D   1758
     102    3117       0       0       0                        01010000D   1759
     102       0       0       1       0                               0D   1760
     142    3118       0       0       0                        00010500D   1761
     142       0       0       1       0                               0D   1762
     126    3119       0       0       0                        01010500D   1763
     126       0       0      22       0                               0D   1764
     100    3141       0       0       0                        01010000D   1765
     100       0       0       1       0                               0D   1766
     126    3142       0       0       0                        01010500D   1767
     126       0       0      22       0                               0D   1768
     100    3164       0       0       0                        01010000D   1769
     100       0       0       1       0                               0D   1770
     102    3165       0       0       0                        01010500D   1771
     102       0       0       1       0                               0D   1772
     102    3166       0       0       0                        01010000D   1773
     102       0       0       1       0                               0D   1774
     142    3167       0       0       0                        00010500D   1775
     142       0       0       1       0                               0D   1776
     126    3168       0       0       0                        01010500D   1777
     126       0       0      22       0                               0D   1778
     100    3190       0       0       0                        01010000D   1779
     100       0       0       1       0                               0D   1780
     126    3191       0       0       0                        01010500D   1781
     126       0       0      22       0                               0D   1782
     100    3213       0       0       0                        01010000D   1783
     100       0       0       1       0                               0D   1784
     102    3214       0       0       0                        01010500D   1785
     102       0       0       1       0                               0D   1786
     102    3215       0       0       0                        01010000D   1787
     102       0       0       1       0                               0D   1788
     142    3216       0       0       0                        00010500D   1789
     142       0       0       1       0                               0D   1790
     126    3217       0       0       0                        01010500D   1791
     126       0       0      22       0                               0D   1792
     100    3239       0       0       0                        01010000D   1793
     100       0       0       1       0                               0D   1794
     126    3240       0       0       0                        01010500D   1795
     126       0       0      22       0                               0D   1796
     100    3262       0       0       0                        01010000D   1797
     100       0       0       1       0                               0D   1798
     102    3263       0       0       0                        01010500D   1799
     102       0       0       1       0                               0D   1800
     102    3264       0       0       0                        01010000D   1801
     102       0       0       1       0                               0D   1802
     142    3265       0       0       0                        00010500D   1803
     142       0       0       1       0                               0D   1804
     126    3266       0       0       0                        01010500D   1805
     126       0       0      22       0                               0D   1806
     100    3288       0       0       0                        01010000D   1807
     100       0       0       1       0                               0D   1808
     126    3289       0       0       0                        01010500D   1809
     126       0       0      22       0                               0D   1810
     100    3311       0       0       0                        01010000D   1811
     100       0       0       1       0                               0D   1812
     102    3312       0       0       0                        01010500D   1813
     102       0       0       1       0                               0D   1814
     102    3313       0       0       0                        01010000D   1815
     102       0       0       1       0                               0D   1816
     142    3314       0       0       0                        00010500D   1817
     142       0       0       1       0                               0D   1818
     126    3315       0       0       0                        01010500D   1819
     126       0       0      22       0                               0D   1820
     100    3337       0       0       0                        01010000D   1821
     100       0       0       1       0                               0D   1822
     126    3338       0       0       0                        01010500D   1823
     126       0       0      22       0                               0D   1824
     100    3360       0       0       0                        01010000D   1825
     100       0       0       1       0                               0D   1826
     102    3361       0       0       0                        01010500D   1827
     102       0       0       1       0                               0D   1828
     102    3362       0       0       0                        01010000D   1829
     102       0       0       1       0                               0D   1830
     142    3363       0       0       0                        00010500D   1831
     142       0       0       1       0                               0D   1832
     144    3364       0       0       0                        00000000D   1833
     144       0      -1       3       0                               0D   1834
     110    3367       0       0       0                        01010000D   1835
     110       0       0       1       0                               0D   1836
     110    3368       0       0       0                        01010000D   1837
     110       0       0       1       0                               0D   1838
     120    3369       0       0       0                        01010000D   1839
     120       0       0       1       0                               0D   1840
     126    3370       0       0       0                        01010500D   1841
     126       0       0       2       0                               0D   1842
     124    3372       0       0       0                        00000000D   1843
     124       0       0       4       0                               0D   1844
     100    3376       0       0       0            1843        01010000D   1845
     100       0       0       1       0                               0D   1846
     126    3377       0       0       0                        01010500D   1847
     126       0       0       2       0                               0D   1848
     110    3379       0       0       0                        01010000D   1849
     110       0       0       1       0                               0D   1850
     126    3380       0       0       0                        01010500D   1851
     126       0       0       2       0                               0D   1852
     100    3382       0       0       0                        01010000D   1853
     100       0       0       1       0                               0D   1854
     126    3383       0       0       0                        01010500D   1855
     126       0       0       2       0                               0D   1856
     110    3385       0       0       0                        01010000D   1857
     110       0       0       1       0                               0D   1858
     102    3386       0       0       0                        01010500D   1859
     102       0       0       1       0                               0D   1860
     102    3387       0       0       0                        01010000D   1861
     102       0       0       1       0                               0D   1862
     142    3388       0       0       0                        00010500D   1863
     142       0       0       1       0                               0D   1864
     144    3389       0       0       0                        00000000D   1865
     144       0      -1       1       0                               0D   1866
     110    3390       0       0       0                        01010000D   1867
     110       0       0       1       0                               0D   1868
     110    3391       0       0       0                        01010000D   1869
     110       0       0       1       0                               0D   1870
     120    3392       0       0       0                        01010000D   1871
     120       0       0       1       0                               0D   1872
     126    3393       0       0       0                        01010500D   1873
     126       0       0       2       0                               0D   1874
     124    3395       0       0       0                        00000000D   1875
     124       0       0       4       0                               0D   1876
     100    3399       0       0       0            1875        01010000D   1877
     100       0       0       1       0                               0D   1878
     126    3400       0       0       0                        01010500D   1879
     126       0       0       2       0                               0D   1880
     110    3402       0       0       0                        01010000D   1881
     110       0       0       1       0                               0D   1882
     126    3403       0       0       0                        01010500D   1883
     126       0       0       2       0                               0D   1884
     100    3405       0       0       0                        01010000D   1885
     100       0       0       1       0                               0D   1886
     126    3406       0       0       0                        01010500D   1887
     126       0       0       2       0                               0D   1888
     110    3408       0       0       0                        01010000D   1889
     110       0       0       1       0                               0D   1890
     102    3409       0       0       0                        01010500D   1891
     102       0       0       1       0                               0D   1892
     102    3410       0       0       0                        01010000D   1893
     102       0       0       1       0                               0D   1894
     142    3411       0       0       0                        00010500D   1895
     142       0       0       1       0                               0D   1896
     144    3412       0       0       0                        00000000D   1897
     144       0      -1       1       0                               0D   1898
     110    3413       0       0       0                        01010000D   1899
     110       0       0       1       0                               0D   1900
     110    3414       0       0       0                        01010000D   1901
     110       0       0       1       0                               0D   1902
     120    3415       0       0       0                        01010000D   1903
     120       0       0       1       0                               0D   1904
     126    3416       0       0       0                        01010500D   1905
     126       0       0       2       0                               0D   1906
     124    3418       0       0       0                        00000000D   1907
     124       0       0       4       0                               0D   1908
     100    3422       0       0       0            1907        01010000D   1909
     100       0       0       1       0                               0D   1910
     126    3423       0       0       0                        01010500D   1911
     126       0       0       2       0                               0D   1912
     110    3425       0       0       0                        01010000D   1913
     110       0       0       1       0                               0D   1914
     126    3426       0       0       0                        01010500D   1915
     126       0       0       2       0                               0D   1916
     100    3428       0       0       0                        01010000D   1917
     100       0       0       1       0                               0D   1918
     126    3429       0       0       0                        01010500D   1919
     126       0       0       2       0                               0D   1920
     110    3431       0       0       0                        01010000D   1921
     110       0       0       1       0                               0D   1922
     102    3432       0       0       0                        01010500D   1923
     102       0       0       1       0                               0D   1924
     102    3433       0       0       0                        01010000D   1925
     102       0       0       1       0                               0D   1926
     142    3434       0       0       0                        00010500D   1927
     142       0       0       1       0                               0D   1928
     144    3435       0       0       0                        00000000D   1929
     144       0      -1       1       0                               0D   1930
     110    3436       0       0       0                        01010000D   1931
     110       0       0       1       0                               0D   1932
     110    3437       0       0       0                        01010000D   1933
     110       0       0       1       0                               0D   1934
     120    3438       0       0       0                        01010000D   1935
     120       0       0       1       0                               0D   1936
     126    3439       0       0       0                        01010500D   1937
     126       0       0       2       0                               0D   1938
     124    3441       0       0       0                        00000000D   1939
     124       0       0       4       0                               0D   1940
     100    3445       0       0       0            1939        01010000D   1941
     100       0       0       1       0                               0D   1942
     126    3446       0       0       0                        01010500D   1943
     126       0       0       2       0                               0D   1944
     110    3448       0       0       0                        01010000D   1945
     110       0       0       1       0                               0D   1946
     126    3449       0       0       0                        01010500D   1947
     126       0       0       2       0                               0D   1948
     100    3451       0       0       0                        01010000D   1949
     100       0       0       1       0                               0D   1950
     126    3452       0       0       0                        01010500D   1951
     126       0       0       2       0                               0D   1952
     110    3454       0       0       0                        01010000D   1953
     110       0       0       1       0                               0D   1954
     102    3455       0       0       0                        01010500D   1955
     102       0       0       1       0                               0D   1956
     102    3456       0       0       0                        01010000D   1957
     102       0       0       1       0                               0D   1958
     142    3457       0       0       0                        00010500D   1959
     142       0       0       1       0                               0D   1960
     144    3458       0       0       0                        00000000D   1961
     144       0      -1       1       0                               0D   1962
     110    3459       0       0       0                        01010000D   1963
     110       0       0       1       0                               0D   1964
     110    3460       0       0       0                        01010000D   1965
     110       0       0       1       0                               0D   1966
     120    3461       0       0       0                        01010000D   1967
     120       0       0       1       0                               0D   1968
     126    3462       0       0       0                        01010500D   1969
     126       0       0       2       0                               0D   1970
     124    3464       0       0       0                        00000000D   1971
     124       0       0       4       0                               0D   1972
     100    3468       0       0       0            1971        01010000D   1973
     100       0       0       1       0                               0D   1974
     126    3469       0       0       0                        01010500D   1975
     126       0       0       2       0                               0D   1976
     110    3471       0       0       0                        01010000D   1977
     110       0       0       1       0                               0D   1978
     126    3472       0       0       0                        01010500D   1979
     126       0       0       2       0                               0D   1980
     100    3474       0       0       0                        01010000D   1981
     100       0       0       1       0                               0D   1982
     126    3475       0       0       0                        01010500D   1983
     126       0       0       2       0                               0D   1984
     110    3477       0       0       0                        01010000D   1985
     110       0       0       1       0                               0D   1986
     102    3478       0       0       0                        01010500D   1987
     102       0       0       1       0                               0D   1988
     102    3479       0       0       0                        01010000D   1989
     102       0       0       1       0                               0D   1990
     142    3480       0       0       0                        00010500D   1991
     142       0       0       1       0                               0D   1992
     144    3481       0       0       0                        00000000D   1993
     144       0      -1       1       0                               0D   1994
     110    3482       0       0       0                        01010000D   1995
     110       0       0       1       0                               0D   1996
     110    3483       0       0       0                        01010000D   1997
     110       0       0       1       0                               0D   1998
     120    3484       0       0       0                        01010000D   1999
     120       0       0       1       0                               0D   2000
     126    3485       0       0       0                        01010500D   2001
     126       0       0       2       0                               0D   2002
     124    3487       0       0       0                        00000000D   2003
     124       0       0       4       0                               0D   2004
     100    3491       0       0       0            2003        01010000D   2005
     100       0       0       1       0                               0D   2006
     126    3492       0       0       0                        01010500D   2007
     126       0       0       2       0                               0D   2008
     110    3494       0       0       0                        01010000D   2009
     110       0       0       1       0                               0D   2010
     126    3495       0       0       0                        01010500D   2011
     126       0       0       2       0                               0D   2012
     100    3497       0       0       0                        01010000D   2013
     100       0       0       1       0                               0D   2014
     126    3498       0       0       0                        01010500D   2015
     126       0       0       2       0                               0D   2016
     110    3500       0       0       0                        01010000D   2017
     110       0       0       1       0                               0D   2018
     102    3501       0       0       0                        01010500D   2019
     102       0       0       1       0                               0D   2020
     102    3502       0       0       0                        01010000D   2021
     102       0       0       1       0                               0D   2022
     142    3503       0       0       0                        00010500D   2023
     142       0       0       1       0                               0D   2024
     144    3504       0       0       0                        00000000D   2025
     144       0      -1       1       0                               0D   2026
     110    3505       0       0       0                        01010000D   2027
     110       0       0       1       0                               0D   2028
     110    3506       0       0       0                        01010000D   2029
     110       0       0       1       0                               0D   2030
     120    3507       0       0       0                        01010000D   2031
     120       0       0       1       0                               0D   2032
     126    3508       0       0       0                        01010500D   2033
     126       0       0       2       0                               0D   2034
     124    3510       0       0       0                        00000000D   2035
     124       0       0       4       0                               0D   2036
     100    3514       0       0       0            2035        01010000D   2037
     100       0       0       1       0                               0D   2038
     126    3515       0       0       0                        01010500D   2039
     126       0       0       2       0                               0D   2040
     110    3517       0       0       0                        01010000D   2041
     110       0       0       1       0                               0D   2042
     126    3518       0       0       0                        01010500D   2043
     126       0       0       2       0                               0D   2044
     100    3520       0       0       0                        01010000D   2045
     100       0       0       1       0                               0D   2046
     126    3521       0       0       0                        01010500D   2047
     126       0       0       2       0                               0D   2048
     110    3523       0       0       0                        01010000D   2049
     110       0       0       1       0                               0D   2050
     102    3524       0       0       0                        01010500D   2051
     102       0       0       1       0                               0D   2052
     102    3525       0       0       0                        01010000D   2053
     102       0       0       1       0                               0D   2054
     142    3526       0       0       0                        00010500D   2055
     142       0       0       1       0                               0D   2056
     144    3527       0       0       0                        00000000D   2057
     144       0      -1       1       0                               0D   2058
     110    3528       0       0       0                        01010000D   2059
     110       0       0       1       0                               0D   2060
     110    3529       0       0       0                        01010000D   2061
     110       0       0       1       0                               0D   2062
     120    3530       0       0       0                        01010000D   2063
     120       0       0       1       0                               0D   2064
     126    3531       0       0       0                        01010500D   2065
     126       0       0       2       0                               0D   2066
     124    3533       0       0       0                        00000000D   2067
     124       0       0       4       0                               0D   2068
     100    3537       0       0       0            2067        01010000D   2069
     100       0       0       1       0                               0D   2070
     126    3538       0       0       0                        01010500D   2071
     126       0       0       2       0                               0D   2072
     110    3540       0       0       0                        01010000D   2073
     110       0       0       1       0                               0D   2074
     126    3541       0       0       0                        01010500D   2075
     126       0       0       2       0                               0D   2076
     100    3543       0       0       0                        01010000D   2077
     100       0       0       1       0                               0D   2078
     126    3544       0       0       0                        01010500D   2079
     126       0       0       2       0                               0D   2080
     110    3546       0       0       0                        01010000D   2081
     110       0       0       1       0                               0D   2082
     102    3547       0       0       0                        01010500D   2083
     102       0       0       1       0                               0D   2084
     102    3548       0       0       0                        01010000D   2085
     102       0       0       1       0                               0D   2086
     142    3549       0       0       0                        00010500D   2087
     142       0       0       1       0                               0D   2088
     144    3550       0       0       0                        00000000D   2089
     144       0      -1       1       0                               0D   2090
     110    3551       0       0       0                        01010000D   2091
     110       0       0       1       0                               0D   2092
     110    3552       0       0       0                        01010000D   2093
     110       0       0       1       0                               0D   2094
     120    3553       0       0       0                        01010000D   2095
     120       0       0       1       0                               0D   2096
     126    3554       0       0       0                        01010500D   2097
     126       0       0       2       0                               0D   2098
     124    3556       0       0       0                        00000000D   2099
     124       0       0       4       0                               0D   2100
     100    3560       0       0       0            2099        01010000D   2101
     100       0       0       1       0                               0D   2102
     126    3561       0       0       0                        01010500D   2103
     126       0       0       2       0                               0D   2104
     110    3563       0       0       0                        01010000D   2105
     110       0       0       1       0                               0D   2106
     126    3564       0       0       0                        01010500D   2107
     126       0       0       2       0                               0D   2108
     100    3566       0       0       0                        01010000D   2109
     100       0       0       1       0                               0D   2110
     126    3567       0       0       0                        01010500D   2111
     126       0       0       2       0                               0D   2112
     110    3569       0       0       0                        01010000D   2113
     110       0       0       1       0                               0D   2114
     102    3570       0       0       0                        01010500D   2115
     102       0       0       1       0                               0D   2116
     102    3571       0       0       0                        01010000D   2117
     102       0       0       1       0                               0D   2118
     142    3572       0       0       0                        00010500D   2119
     142       0       0       1       0                               0D   2120
     144    3573       0       0       0                        00000000D   2121
     144       0      -1       1       0                               0D   2122
     110    3574       0       0       0                        01010000D   2123
     110       0       0       1       0                               0D   2124
     110    3575       0       0       0                        01010000D   2125
     110       0       0       1       0                               0D   2126
     120    3576       0       0       0                        01010000D   2127
     120       0       0       1       0                               0D   2128
     126    3577       0       0       0                        01010500D   2129
     126       0       0       2       0                               0D   2130
     124    3579       0       0       0                        00000000D   2131
     124       0       0       4       0                               0D   2132
     100    3583       0       0       0            2131        01010000D   2133
     100       0       0       1       0                               0D   2134
     126    3584       0       0       0                        01010500D   2135
     126       0       0       2       0                               0D   2136
     110    3586       0       0       0                        01010000D   2137
     110       0       0       1       0                               0D   2138
     126    3587       0       0       0                        01010500D   2139
     126       0       0       2       0                               0D   2140
     100    3589       0       0       0                        01010000D   2141
     100       0       0       1       0                               0D   2142
     126    3590       0       0       0                        01010500D   2143
     126       0       0       2       0                               0D   2144
     110    3592       0       0       0                        01010000D   2145
     110       0       0       1       0                               0D   2146
     102    3593       0       0       0                        01010500D   2147
     102       0       0       1       0                               0D   2148
     102    3594       0       0       0                        01010000D   2149
     102       0       0       1       0                               0D   2150
     142    3595       0       0       0                        00010500D   2151
     142       0       0       1       0                               0D   2152
     144    3596       0       0       0                        00000000D   2153
     144       0      -1       1       0                               0D   2154
     110    3597       0       0       0                        01010000D   2155
     110       0       0       1       0                               0D   2156
     110    3598       0       0       0                        01010000D   2157
     110       0       0       1       0                               0D   2158
     120    3599       0       0       0                        01010000D   2159
     120       0       0       1       0                               0D   2160
     126    3600       0       0       0                        01010500D   2161
     126       0       0       2       0                               0D   2162
     124    3602       0       0       0                        00000000D   2163
     124       0       0       4       0                               0D   2164
     100    3606       0       0       0            2163        01010000D   2165
     100       0       0       1       0                               0D   2166
     126    3607       0       0       0                        01010500D   2167
     126       0       0       2       0                               0D   2168
     110    3609       0       0       0                        01010000D   2169
     110       0       0       1       0                               0D   2170
     126    3610       0       0       0                        01010500D   2171
     126       0       0       2       0                               0D   2172
     100    3612       0       0       0                        01010000D   2173
     100       0       0       1       0                               0D   2174
     126    3613       0       0       0                        01010500D   2175
     126       0       0       2       0                               0D   2176
     110    3615       0       0       0                        01010000D   2177
     110       0       0       1       0                               0D   2178
     102    3616       0       0       0                        01010500D   2179
     102       0       0       1       0                               0D   2180
     102    3617       0       0       0                        01010000D   2181
     102       0       0       1       0                               0D   2182
     142    3618       0       0       0                        00010500D   2183
     142       0       0       1       0                               0D   2184
     144    3619       0       0       0                        00000000D   2185
     144       0      -1       1       0                               0D   2186
     110    3620       0       0       0                        01010000D   2187
     110       0       0       1       0                               0D   2188
     110    3621       0       0       0                        01010000D   2189
     110       0       0       1       0                               0D   2190
     120    3622       0       0       0                        01010000D   2191
     120       0       0       1       0                               0D   2192
     126    3623       0       0       0                        01010500D   2193
     126       0       0       2       0                               0D   2194
     124    3625       0       0       0                        00000000D   2195
     124       0       0       4       0                               0D   2196
     100    3629       0       0       0            2195        01010000D   2197
     100       0       0       1       0                               0D   2198
     126    3630       0       0       0                        01010500D   2199
     126       0       0       2       0                               0D   2200
     110    3632       0       0       0                        01010000D   2201
     110       0       0       1       0                               0D   2202
     126    3633       0       0       0                        01010500D   2203
     126       0       0       2       0                               0D   2204
     100    3635       0       0       0                        01010000D   2205
     100       0       0       1       0                               0D   2206
     126    3636       0       0       0                        01010500D   2207
     126       0       0       2       0                               0D   2208
     110    3638       0       0       0                        01010000D   2209
     110       0       0       1       0                               0D   2210
     102    3639       0       0       0                        01010500D   2211
     102       0       0       1       0                               0D   2212
     102    3640       0       0       0                        01010000D   2213
     102       0       0       1       0                               0D   2214
     142    3641       0       0       0                        00010500D   2215
     142       0       0       1       0                               0D   2216
     144    3642       0       0       0                        00000000D   2217
     144       0      -1       1       0                               0D   2218
     110    3643       0       0       0                        01010000D   2219
     110       0       0       1       0                               0D   2220
     110    3644       0       0       0                        01010000D   2221
     110       0       0       1       0                               0D   2222
     120    3645       0       0       0                        01010000D   2223
     120       0       0       1       0                               0D   2224
     126    3646       0       0       0                        01010500D   2225
     126       0       0       2       0                               0D   2226
     124    3648       0       0       0                        00000000D   2227
     124       0       0       4       0                               0D   2228
     100    3652       0       0       0            2227        01010000D   2229
     100       0       0       1       0                               0D   2230
     126    3653       0       0       0                        01010500D   2231
     126       0       0       2       0                               0D   2232
     110    3655       0       0       0                        01010000D   2233
     110       0       0       1       0                               0D   2234
     126    3656       0       0       0                        01010500D   2235
     126       0       0       2       0                               0D   2236
     100    3658       0       0       0                        01010000D   2237
     100       0       0       1       0                               0D   2238
     126    3659       0       0       0                        01010500D   2239
     126       0       0       2       0                               0D   2240
     110    3661       0       0       0                        01010000D   2241
     110       0       0       1       0                               0D   2242
     102    3662       0       0       0                        01010500D   2243
     102       0       0       1       0                               0D   2244
     102    3663       0       0       0                        01010000D   2245
     102       0       0       1       0                               0D   2246
     142    3664       0       0       0                        00010500D   2247
     142       0       0       1       0                               0D   2248
     144    3665       0       0       0                        00000000D   2249
     144       0      -1       1       0                               0D   2250
     110    3666       0       0       0                        01010000D   2251
     110       0       0       1       0                               0D   2252
     110    3667       0       0       0                        01010000D   2253
     110       0       0       1       0                               0D   2254
     120    3668       0       0       0                        01010000D   2255
     120       0       0       1       0                               0D   2256
     126    3669       0       0       0                        01010500D   2257
     126       0       0       2       0                               0D   2258
     124    3671       0       0       0                        00000000D   2259
     124       0       0       4       0                               0D   2260
     100    3675       0       0       0            2259        01010000D   2261
     100       0       0       1       0                               0D   2262
     126    3676       0       0       0                        01010500D   2263
     126       0       0       2       0                               0D   2264
     110    3678       0       0       0                        01010000D   2265
     110       0       0       1       0                               0D   2266
     126    3679       0       0       0                        01010500D   2267
     126       0       0       2       0                               0D   2268
     100    3681       0       0       0                        01010000D   2269
     100       0       0       1       0                               0D   2270
     126    3682       0       0       0                        01010500D   2271
     126       0       0       2       0                               0D   2272
     110    3684       0       0       0                        01010000D   2273
     110       0       0       1       0                               0D   2274
     102    3685       0       0       0                        01010500D   2275
     102       0       0       1       0                               0D   2276
     102    3686       0       0       0                        01010000D   2277
     102       0       0       1       0                               0D   2278
     142    3687       0       0       0                        00010500D   2279
     142       0       0       1       0                               0D   2280
     144    3688       0       0       0                        00000000D   2281
     144       0      -1       1       0                               0D   2282
     110    3689       0       0       0                        01010000D   2283
     110       0       0       1       0                               0D   2284
     110    3690       0       0       0                        01010000D   2285
     110       0       0       1       0                               0D   2286
     120    3691       0       0       0                        01010000D   2287
     120       0       0       1       0                               0D   2288
     126    3692       0       0       0                        01010500D   2289
     126       0       0       2       0                               0D   2290
     124    3694       0       0       0                        00000000D   2291
     124       0       0       4       0                               0D   2292
     100    3698       0       0       0            2291        01010000D   2293
     100       0       0       1       0                               0D   2294
     126    3699       0       0       0                        01010500D   2295
     126       0       0       2       0                               0D   2296
     110    3701       0       0       0                        01010000D   2297
     110       0       0       1       0                               0D   2298
     126    3702       0       0       0                        01010500D   2299
     126       0       0       2       0                               0D   2300
     100    3704       0       0       0                        01010000D   2301
     100       0       0       1       0                               0D   2302
     126    3705       0       0       0                        01010500D   2303
     126       0       0       2       0                               0D   2304
     110    3707       0       0       0                        01010000D   2305
     110       0       0       1       0                               0D   2306
     102    3708       0       0       0                        01010500D   2307
     102       0       0       1       0                               0D   2308
     102    3709       0       0       0                        01010000D   2309
     102       0       0       1       0                               0D   2310
     142    3710       0       0       0                        00010500D   2311
     142       0       0       1       0                               0D   2312
     144    3711       0       0       0                        00000000D   2313
     144       0      -1       1       0                               0D   2314
     110    3712       0       0       0                        01010000D   2315
     110       0       0       1       0                               0D   2316
     110    3713       0       0       0                        01010000D   2317
     110       0       0       1       0                               0D   2318
     120    3714       0       0       0                        01010000D   2319
     120       0       0       1       0                               0D   2320
     126    3715       0       0       0                        01010500D   2321
     126       0       0       2       0                               0D   2322
     124    3717       0       0       0                        00000000D   2323
     124       0       0       4       0                               0D   2324
     100    3721       0       0       0            2323        01010000D   2325
     100       0       0       1       0                               0D   2326
     126    3722       0       0       0                        01010500D   2327
     126       0       0       2       0                               0D   2328
     110    3724       0       0       0                        01010000D   2329
     110       0       0       1       0                               0D   2330
     126    3725       0       0       0                        01010500D   2331
     126       0       0       2       0                               0D   2332
     100    3727       0       0       0                        01010000D   2333
     100       0       0       1       0                               0D   2334
     126    3728       0       0       0                        01010500D   2335
     126       0       0       2       0                               0D   2336
     110    3730       0       0       0                        01010000D   2337
     110       0       0       1       0                               0D   2338
     102    3731       0       0       0                        01010500D   2339
     102       0       0       1       0                               0D   2340
     102    3732       0       0       0                        01010000D   2341
     102       0       0       1       0                               0D   2342
     142    3733       0       0       0                        00010500D   2343
     142       0       0       1       0                               0D   2344
     144    3734       0       0       0                        00000000D   2345
     144       0      -1       1       0                               0D   2346
     110    3735       0       0       0                        01010000D   2347
     110       0       0       1       0                               0D   2348
     110    3736       0       0       0                        01010000D   2349
     110       0       0       1       0                               0D   2350
     120    3737       0       0       0                        01010000D   2351
     120       0       0       1       0                               0D   2352
     126    3738       0       0       0                        01010500D   2353
     126       0       0       2       0                               0D   2354
     124    3740       0       0       0                        00000000D   2355
     124       0       0       4       0                               0D   2356
     100    3744       0       0       0            2355        01010000D   2357
     100       0       0       1       0                               0D   2358
     126    3745       0       0       0                        01010500D   2359
     126       0       0       2       0                               0D   2360
     110    3747       0       0       0                        01010000D   2361
     110       0       0       1       0                               0D   2362
     126    3748       0       0       0                        01010500D   2363
     126       0       0       2       0                               0D   2364
     100    3750       0       0       0                        01010000D   2365
     100       0       0       1       0                               0D   2366
     126    3751       0       0       0                        01010500D   2367
     126       0       0       2       0                               0D   2368
     110    3753       0       0       0                        01010000D   2369
     110       0       0       1       0                               0D   2370
     102    3754       0       0       0                        01010500D   2371
     102       0       0       1       0                               0D   2372
     102    3755       0       0       0                        01010000D   2373
     102       0       0       1       0                               0D   2374
     142    3756       0       0       0                        00010500D   2375
     142       0       0       1       0                               0D   2376
     144    3757       0       0       0                        00000000D   2377
     144       0      -1       1       0                               0D   2378
     110    3758       0       0       0                        01010000D   2379
     110       0       0       1       0                               0D   2380
     110    3759       0       0       0                        01010000D   2381
     110       0       0       1       0                               0D   2382
     120    3760       0       0       0                        01010000D   2383
     120       0       0       1       0                               0D   2384
     126    3761       0       0       0                        01010500D   2385
     126       0       0       2       0                               0D   2386
     124    3763       0       0       0                        00000000D   2387
     124       0       0       4       0                               0D   2388
     100    3767       0       0       0            2387        01010000D   2389
     100       0       0       1       0                               0D   2390
     126    3768       0       0       0                        01010500D   2391
     126       0       0       2       0                               0D   2392
     110    3770       0       0       0                        01010000D   2393
     110       0       0       1       0                               0D   2394
     126    3771       0       0       0                        01010500D   2395
     126       0       0       2       0                               0D   2396
     100    3773       0       0       0                        01010000D   2397
     100       0       0       1       0                               0D   2398
     126    3774       0       0       0                        01010500D   2399
     126       0       0       2       0                               0D   2400
     110    3776       0       0       0                        01010000D   2401
     110       0       0       1       0                               0D   2402
     102    3777       0       0       0                        01010500D   2403
     102       0       0       1       0                               0D   2404
     102    3778       0       0       0                        01010000D   2405
     102       0       0       1       0                               0D   2406
     142    3779       0       0       0                        00010500D   2407
     142       0       0       1       0                               0D   2408
     144    3780       0       0       0                        00000000D   2409
     144       0      -1       1       0                               0D   2410
     110    3781       0       0       0                        01010000D   2411
     110       0       0       1       0                               0D   2412
     110    3782       0       0       0                        01010000D   2413
     110       0       0       1       0                               0D   2414
     120    3783       0       0       0                        01010000D   2415
     120       0       0       1       0                               0D   2416
     126    3784       0       0       0                        01010500D   2417
     126       0       0       2       0                               0D   2418
     124    3786       0       0       0                        00000000D   2419
     124       0       0       4       0                               0D   2420
     100    3790       0       0       0            2419        01010000D   2421
     100       0       0       1       0                               0D   2422
     126    3791       0       0       0                        01010500D   2423
     126       0       0       2       0                               0D   2424
     110    3793       0       0       0                        01010000D   2425
     110       0       0       1       0                               0D   2426
     126    3794       0       0       0                        01010500D   2427
     126       0       0       2       0                               0D   2428
     100    3796       0       0       0                        01010000D   2429
     100       0       0       1       0                               0D   2430
     126    3797       0       0       0                        01010500D   2431
     126       0       0       2       0                               0D   2432
     110    3799       0       0       0                        01010000D   2433
     110       0       0       1       0                               0D   2434
     102    3800       0       0       0                        01010500D   2435
     102       0       0       1       0                               0D   2436
     102    3801       0       0       0                        01010000D   2437
     102       0       0       1       0                               0D   2438
     142    3802       0       0       0                        00010500D   2439
     142       0       0       1       0                               0D   2440
     144    3803       0       0       0                        00000000D   2441
     144       0      -1       1       0                               0D   2442
     110    3804       0       0       0                        01010000D   2443
     110       0       0       1       0                               0D   2444
     110    3805       0       0       0                        01010000D   2445
     110       0       0       1       0                               0D   2446
     120    3806       0       0       0                        01010000D   2447
     120       0       0       1       0                               0D   2448
     126    3807       0       0       0                        01010500D   2449
     126       0       0       2       0                               0D   2450
     124    3809       0       0       0                        00000000D   2451
     124       0       0       4       0                               0D   2452
     100    3813       0       0       0            2451        01010000D   2453
     100       0       0       1       0                               0D   2454
     126    3814       0       0       0                        01010500D   2455
     126       0       0       2       0                               0D   2456
     110    3816       0       0       0                        01010000D   2457
     110       0       0       1       0                               0D   2458
     126    3817       0       0       0                        01010500D   2459
     126       0       0       2       0                               0D   2460
     100    3819       0       0       0                        01010000D   2461
     100       0       0       1       0                               0D   2462
     126    3820       0       0       0                        01010500D   2463
     126       0       0       2       0                               0D   2464
     110    3822       0       0       0                        01010000D   2465
     110       0       0       1       0                               0D   2466
     102    3823       0       0       0                        01010500D   2467
     102       0       0       1       0                               0D   2468
     102    3824       0       0       0                        01010000D   2469
     102       0       0       1       0                               0D   2470
     142    3825       0       0       0                        00010500D   2471
     142       0       0       1       0                               0D   2472
     144    3826       0       0       0                        00000000D   2473
     144       0      -1       1       0                               0D   2474
     110    3827       0       0       0                        01010000D   2475
     110       0       0       1       0                               0D   2476
     110    3828       0       0       0                        01010000D   2477
     110       0       0       1       0                               0D   2478
     120    3829       0       0       0                        01010000D   2479
     120       0       0       1       0                               0D   2480
     126    3830       0       0       0                        01010500D   2481
     126       0       0       2       0                               0D   2482
     124    3832       0       0       0                        00000000D   2483
     124       0       0       4       0                               0D   2484
     100    3836       0       0       0            2483        01010000D   2485
     100       0       0       1       0                               0D   2486
     126    3837       0       0       0                        01010500D   2487
     126       0       0       2       0                               0D   2488
     110    3839       0       0       0                        01010000D   2489
     110       0       0       1       0                               0D   2490
     126    3840       0       0       0                        01010500D   2491
     126       0       0       2       0                               0D   2492
     100    3842       0       0       0                        01010000D   2493
     100       0       0       1       0                               0D   2494
     126    3843       0       0       0                        01010500D   2495
     126       0       0       2       0                               0D   2496
     110    3845       0       0       0                        01010000D   2497
     110       0       0       1       0                               0D   2498
     102    3846       0       0       0                        01010500D   2499
     102       0       0       1       0                               0D   2500
     102    3847       0       0       0                        01010000D   2501
     102       0       0       1       0                               0D   2502
     142    3848       0       0       0                        00010500D   2503
     142       0       0       1       0                               0D   2504
     144    3849       0       0       0                        00000000D   2505
     144       0      -1       1       0                               0D   2506
     110    3850       0       0       0                        01010000D   2507
     110       0       0       1       0                               0D   2508
     110    3851       0       0       0                        01010000D   2509
     110       0       0       1       0                               0D   2510
     120    3852       0       0       0                        01010000D   2511
     120       0       0       1       0                               0D   2512
     126    3853       0       0       0                        01010500D   2513
     126       0       0       2       0                               0D   2514
     124    3855       0       0       0                        00000000D   2515
     124       0       0       4       0                               0D   2516
     100    3859       0       0       0            2515        01010000D   2517
     100       0       0       1       0                               0D   2518
     126    3860       0       0       0                        01010500D   2519
     126       0       0       2       0                               0D   2520
     110    3862       0       0       0                        01010000D   2521
     110       0       0       1       0                               0D   2522
     126    3863       0       0       0                        01010500D   2523
     126       0       0       2       0                               0D   2524
     100    3865       0       0       0                        01010000D   2525
     100       0       0       1       0                               0D   2526
     126    3866       0       0       0                        01010500D   2527
     126       0       0       2       0                               0D   2528
     110    3868       0       0       0                        01010000D   2529
     110       0       0       1       0                               0D   2530
     102    3869       0       0       0                        01010500D   2531
     102       0       0       1       0                               0D   2532
     102    3870       0       0       0                        01010000D   2533
     102       0       0       1       0                               0D   2534
     142    3871       0       0       0                        00010500D   2535
     142       0       0       1       0                               0D   2536
     144    3872       0       0       0                        00000000D   2537
     144       0      -1       1       0                               0D   2538
     110    3873       0       0       0                        01010000D   2539
     110       0       0       1       0                               0D   2540
     110    3874       0       0       0                        01010000D   2541
     110       0       0       1       0                               0D   2542
     120    3875       0       0       0                        01010000D   2543
     120       0       0       1       0                               0D   2544
     126    3876       0       0       0                        01010500D   2545
     126       0       0       2       0                               0D   2546
     124    3878       0       0       0                        00000000D   2547
     124       0       0       4       0                               0D   2548
     100    3882       0       0       0            2547        01010000D   2549
     100       0       0       1       0                               0D   2550
     126    3883       0       0       0                        01010500D   2551
     126       0       0       2       0                               0D   2552
     110    3885       0       0       0                        01010000D   2553
     110       0       0       1       0                               0D   2554
     126    3886       0       0       0                        01010500D   2555
     126       0       0       2       0                               0D   2556
     100    3888       0       0       0                        01010000D   2557
     100       0       0       1       0                               0D   2558
     126    3889       0       0       0                        01010500D   2559
     126       0       0       2       0                               0D   2560
     110    3891       0       0       0                        01010000D   2561
     110       0       0       1       0                               0D   2562
     102    3892       0       0       0                        01010500D   2563
     102       0       0       1       0                               0D   2564
     102    3893       0       0       0                        01010000D   2565
     102       0       0       1       0                               0D   2566
     142    3894       0       0       0                        00010500D   2567
     142       0       0       1       0                               0D   2568
     144    3895       0       0       0                        00000000D   2569
     144       0      -1       1       0                               0D   2570
     110    3896       0       0       0                        01010000D   2571
     110       0       0       1       0                               0D   2572
     110    3897       0       0       0                        01010000D   2573
     110       0       0       1       0                               0D   2574
     120    3898       0       0       0                        01010000D   2575
     120       0       0       1       0                               0D   2576
     126    3899       0       0       0                        01010500D   2577
     126       0       0       2       0                               0D   2578
     124    3901       0       0       0                        00000000D   2579
     124       0       0       4       0                               0D   2580
     100    3905       0       0       0            2579        01010000D   2581
     100       0       0       1       0                               0D   2582
     126    3906       0       0       0                        01010500D   2583
     126       0       0       2       0                               0D   2584
     110    3908       0       0       0                        01010000D   2585
     110       0       0       1       0                               0D   2586
     126    3909       0       0       0                        01010500D   2587
     126       0       0       2       0                               0D   2588
     100    3911       0       0       0                        01010000D   2589
     100       0       0       1       0                               0D   2590
     126    3912       0       0       0                        01010500D   2591
     126       0       0       2       0                               0D   2592
     110    3914       0       0       0                        01010000D   2593
     110       0       0       1       0                               0D   2594
     102    3915       0       0       0                        01010500D   2595
     102       0       0       1       0                               0D   2596
     102    3916       0       0       0                        01010000D   2597
     102       0       0       1       0                               0D   2598
     142    3917       0       0       0                        00010500D   2599
     142       0       0       1       0                               0D   2600
     144    3918       0       0       0                        00000000D   2601
     144       0      -1       1       0                               0D   2602
     110    3919       0       0       0                        01010000D   2603
     110       0       0       1       0                               0D   2604
     110    3920       0       0       0                        01010000D   2605
     110       0       0       1       0                               0D   2606
     120    3921       0       0       0                        01010000D   2607
     120       0       0       1       0                               0D   2608
     126    3922       0       0       0                        01010500D   2609
     126       0       0       2       0                               0D   2610
     124    3924       0       0       0                        00000000D   2611
     124       0       0       4       0                               0D   2612
     100    3928       0       0       0            2611        01010000D   2613
     100       0       0       1       0                               0D   2614
     126    3929       0       0       0                        01010500D   2615
     126       0       0       2       0                               0D   2616
     110    3931       0       0       0                        01010000D   2617
     110       0       0       1       0                               0D   2618
     126    3932       0       0       0                        01010500D   2619
     126       0       0       2       0                               0D   2620
     100    3934       0       0       0                        01010000D   2621
     100       0       0       1       0                               0D   2622
     126    3935       0       0       0                        01010500D   2623
     126       0       0       2       0                               0D   2624
     110    3937       0       0       0                        01010000D   2625
     110       0       0       1       0                               0D   2626
     102    3938       0       0       0                        01010500D   2627
     102       0       0       1       0                               0D   2628
     102    3939       0       0       0                        01010000D   2629
     102       0       0       1       0                               0D   2630
     142    3940       0       0       0                        00010500D   2631
     142       0       0       1       0                               0D   2632
     144    3941       0       0       0                        00000000D   2633
     144       0      -1       1       0                               0D   2634
     110    3942       0       0       0                        01010000D   2635
     110       0       0       1       0                               0D   2636
     110    3943       0       0       0                        01010000D   2637
     110       0       0       1       0                               0D   2638
     120    3944       0       0       0                        01010000D   2639
     120       0       0       1       0                               0D   2640
     126    3945       0       0       0                        01010500D   2641
     126       0       0       2       0                               0D   2642
     124    3947       0       0       0                        00000000D   2643
     124       0       0       4       0                               0D   2644
     100    3951       0       0       0            2643        01010000D   2645
     100       0       0       1       0                               0D   2646
     126    3952       0       0       0                        01010500D   2647
     126       0       0       2       0                               0D   2648
     110    3954       0       0       0                        01010000D   2649
     110       0       0       1       0                               0D   2650
     126    3955       0       0       0                        01010500D   2651
     126       0       0       2       0                               0D   2652
     100    3957       0       0       0                        01010000D   2653
     100       0       0       1       0                               0D   2654
     126    3958       0       0       0                        01010500D   2655
     126       0       0       2       0                               0D   2656
     110    3960       0       0       0                        01010000D   2657
     110       0       0       1       0                               0D   2658
     102    3961       0       0       0                        01010500D   2659
     102       0       0       1       0                               0D   2660
     102    3962       0       0       0                        01010000D   2661
     102       0       0       1       0                               0D   2662
     142    3963       0       0       0                        00010500D   2663
     142       0       0       1       0                               0D   2664
     144    3964       0       0       0                        00000000D   2665
     144       0      -1       1       0                               0D   2666
     110    3965       0       0       0                        01010000D   2667
     110       0       0       1       0                               0D   2668
     110    3966       0       0       0                        01010000D   2669
     110       0       0       1       0                               0D   2670
     120    3967       0       0       0                        01010000D   2671
     120       0       0       1       0                               0D   2672
     126    3968       0       0       0                        01010500D   2673
     126       0       0       2       0                               0D   2674
     124    3970       0       0       0                        00000000D   2675
     124       0       0       4       0                               0D   2676
     100    3974       0       0       0            2675        01010000D   2677
     100       0       0       1       0                               0D   2678
     126    3975       0       0       0                        01010500D   2679
     126       0       0       2       0                               0D   2680
     110    3977       0       0       0                        01010000D   2681
     110       0       0       1       0                               0D   2682
     126    3978       0       0       0                        01010500D   2683
     126       0       0       2       0                               0D   2684
     100    3980       0       0       0                        01010000D   2685
     100       0       0       1       0                               0D   2686
     126    3981       0       0       0                        01010500D   2687
     126       0       0       2       0                               0D   2688
     110    3983       0       0       0                        01010000D   2689
     110       0       0       1       0                               0D   2690
     102    3984       0       0       0                        01010500D   2691
     102       0       0       1       0                               0D   2692
     102    3985       0       0       0                        01010000D   2693
     102       0       0       1       0                               0D   2694
     142    3986       0       0       0                        00010500D   2695
     142       0       0       1       0                               0D   2696
     144    3987       0       0       0                        00000000D   2697
     144       0      -1       1       0                               0D   2698
     110    3988       0       0       0                        01010000D   2699
     110       0       0       1       0                               0D   2700
     110    3989       0       0       0                        01010000D   2701
     110       0       0       1       0                               0D   2702
     120    3990       0       0       0                        01010000D   2703
     120       0       0       1       0                               0D   2704
     126    3991       0       0       0                        01010500D   2705
     126       0       0       2       0                               0D   2706
     124    3993       0       0       0                        00000000D   2707
     124       0       0       4       0                               0D   2708
     100    3997       0       0       0            2707        01010000D   2709
     100       0       0       1       0                               0D   2710
     126    3998       0       0       0                        01010500D   2711
     126       0       0       2       0                               0D   2712
     110    4000       0       0       0                        01010000D   2713
     110       0       0       1       0                               0D   2714
     126    4001       0       0       0                        01010500D   2715
     126       0       0       2       0                               0D   2716
     100    4003       0       0       0                        01010000D   2717
     100       0       0       1       0                               0D   2718
     126    4004       0       0       0                        01010500D   2719
     126       0       0       2       0                               0D   2720
     110    4006       0       0       0                        01010000D   2721
     110       0       0       1       0                               0D   2722
     102    4007       0       0       0                        01010500D   2723
     102       0       0       1       0                               0D   2724
     102    4008       0       0       0                        01010000D   2725
     102       0       0       1       0                               0D   2726
     142    4009       0       0       0                        00010500D   2727
     142       0       0       1       0                               0D   2728
     144    4010       0       0       0                        00000000D   2729
     144       0      -1       1       0                               0D   2730
     110    4011       0       0       0                        01010000D   2731
     110       0       0       1       0                               0D   2732
     110    4012       0       0       0                        01010000D   2733
     110       0       0       1       0                               0D   2734
     120    4013       0       0       0                        01010000D   2735
     120       0       0       1       0                               0D   2736
     126    4014       0       0       0                        01010500D   2737
     126       0       0       2       0                               0D   2738
     124    4016       0       0       0                        00000000D   2739
     124       0       0       4       0                               0D   2740
     100    4020       0       0       0            2739        01010000D   2741
     100       0       0       1       0                               0D   2742
     126    4021       0       0       0                        01010500D   2743
     126       0       0       2       0                               0D   2744
     110    4023       0       0       0                        01010000D   2745
     110       0       0       1       0                               0D   2746
     126    4024       0       0       0                        01010500D   2747
     126       0       0       2       0                               0D   2748
     100    4026       0       0       0                        01010000D   2749
     100       0       0       1       0                               0D   2750
     126    4027       0       0       0                        01010500D   2751
     126       0       0       2       0                               0D   2752
     110    4029       0       0       0                        01010000D   2753
     110       0       0       1       0                               0D   2754
     102    4030       0       0       0                        01010500D   2755
     102       0       0       1       0                               0D   2756
     102    4031       0       0       0                        01010000D   2757
     102       0       0       1       0                               0D   2758
     142    4032       0       0       0                        00010500D   2759
     142       0       0       1       0                               0D   2760
     144    4033       0       0       0                        00000000D   2761
     144       0      -1       1       0                               0D   2762
     110    4034       0       0       0                        01010000D   2763
     110       0       0       1       0                               0D   2764
     110    4035       0       0       0                        01010000D   2765
     110       0       0       1       0                               0D   2766
     120    4036       0       0       0                        01010000D   2767
     120       0       0       1       0                               0D   2768
     126    4037       0       0       0                        01010500D   2769
     126       0       0       2       0                               0D   2770
     110    4039       0       0       0                        01010000D   2771
     110       0       0       1       0                               0D   2772
     126    4040       0       0       0                        01010500D   2773
     126       0       0       2       0                               0D   2774
     124    4042       0       0       0                        00000000D   2775
     124       0       0       3       0                               0D   2776
     100    4045       0       0       0            2775        01010000D   2777
     100       0       0       1       0                               0D   2778
     126    4046       0       0       0                        01010500D   2779
     126       0       0       2       0                               0D   2780
     110    4048       0       0       0                        01010000D   2781
     110       0       0       1       0                               0D   2782
     126    4049       0       0       0                        01010500D   2783
     126       0       0       2       0                               0D   2784
     100    4051       0       0       0                        01010000D   2785
     100       0       0       1       0                               0D   2786
     102    4052       0       0       0                        01010500D   2787
     102       0       0       1       0                               0D   2788
     102    4053       0       0       0                        01010000D   2789
     102       0       0       1       0                               0D   2790
     142    4054       0       0       0                        00010500D   2791
     142       0       0       1       0                               0D   2792
     144    4055       0       0       0                        00000000D   2793
     144       0      -1       1       0                               0D   2794
     110    4056       0       0       0                        01010000D   2795
     110       0       0       1       0                               0D   2796
     110    4057       0       0       0                        01010000D   2797
     110       0       0       1       0                               0D   2798
     120    4058       0       0       0                        01010000D   2799
     120       0       0       1       0                               0D   2800
     126    4059       0       0       0                        01010500D   2801
     126       0       0       2       0                               0D   2802
     110    4061       0       0       0                        01010000D   2803
     110       0       0       1       0                               0D   2804
     126    4062       0       0       0                        01010500D   2805
     126       0       0       2       0                               0D   2806
     124    4064       0       0       0                        00000000D   2807
     124       0       0       4       0                               0D   2808
     100    4068       0       0       0            2807        01010000D   2809
     100       0       0       1       0                               0D   2810
     126    4069       0       0       0                        01010500D   2811
     126       0       0       2       0                               0D   2812
     110    4071       0       0       0                        01010000D   2813
     110       0       0       1       0                               0D   2814
     126    4072       0       0       0                        01010500D   2815
     126       0       0       2       0                               0D   2816
     100    4074       0       0       0                        01010000D   2817
     100       0       0       1       0                               0D   2818
     102    4075       0       0       0                        01010500D   2819
     102       0       0       1       0                               0D   2820
     102    4076       0       0       0                        01010000D   2821
     102       0       0       1       0                               0D   2822
     142    4077       0       0       0                        00010500D   2823
     142       0       0       1       0                               0D   2824
     144    4078       0       0       0                        00000000D   2825
     144       0      -1       1       0                               0D   2826
     110    4079       0       0       0                        01010000D   2827
     110       0       0       1       0                               0D   2828
     110    4080       0       0       0                        01010000D   2829
     110       0       0       1       0                               0D   2830
     120    4081       0       0       0                        01010000D   2831
     120       0       0       1       0                               0D   2832
     126    4082       0       0       0                        01010500D   2833
     126       0       0       2       0                               0D   2834
     110    4084       0       0       0                        01010000D   2835
     110       0       0       1       0                               0D   2836
     126    4085       0       0       0                        01010500D   2837
     126       0       0       2       0                               0D   2838
     124    4087       0       0       0                        00000000D   2839
     124       0       0       2       0                               0D   2840
     100    4089       0       0       0            2839        01010000D   2841
     100       0       0       1       0                               0D   2842
     126    4090       0       0       0                        01010500D   2843
     126       0       0       2       0                               0D   2844
     110    4092       0       0       0                        01010000D   2845
     110       0       0       1       0                               0D   2846
     126    4093       0       0       0                        01010500D   2847
     126       0       0       2       0                               0D   2848
     100    4095       0       0       0                        01010000D   2849
     100       0       0       1       0                               0D   2850
     102    4096       0       0       0                        01010500D   2851
     102       0       0       1       0                               0D   2852
     102    4097       0       0       0                        01010000D   2853
     102       0       0       1       0                               0D   2854
     142    4098       0       0       0                        00010500D   2855
     142       0       0       1       0                               0D   2856
     144    4099       0       0       0                        00000000D   2857
     144       0      -1       1       0                               0D   2858
     110    4100       0       0       0                        01010000D   2859
     110       0       0       1       0                               0D   2860
     110    4101       0       0       0                        01010000D   2861
     110       0       0       1       0                               0D   2862
     120    4102       0       0       0                        01010000D   2863
     120       0       0       1       0                               0D   2864
     126    4103       0       0       0                        01010500D   2865
     126       0       0       2       0                               0D   2866
     110    4105       0       0       0                        01010000D   2867
     110       0       0       1       0                               0D   2868
     126    4106       0       0       0                        01010500D   2869
     126       0       0       2       0                               0D   2870
     124    4108       0       0       0                        00000000D   2871
     124       0       0       4       0                               0D   2872
     100    4112       0       0       0            2871        01010000D   2873
     100       0       0       1       0                               0D   2874
     126    4113       0       0       0                        01010500D   2875
     126       0       0       2       0                               0D   2876
     110    4115       0       0       0                        01010000D   2877
     110       0       0       1       0                               0D   2878
     126    4116       0       0       0                        01010500D   2879
     126       0       0       2       0                               0D   2880
     100    4118       0       0       0                        01010000D   2881
     100       0       0       1       0                               0D   2882
     102    4119       0       0       0                        01010500D   2883
     102       0       0       1       0                               0D   2884
     102    4120       0       0       0                        01010000D   2885
     102       0       0       1       0                               0D   2886
     142    4121       0       0       0                        00010500D   2887
     142       0       0       1       0                               0D   2888
     144    4122       0       0       0                        00000000D   2889
     144       0      -1       1       0                               0D   2890
     128    4123       0       0       0                        01010000D   2891
     128       0       0      16       0                               0D   2892
     126    4139       0       0       0                        01010500D   2893
     126       0       0       2       0                               0D   2894
     124    4141       0       0       0                        00000000D   2895
     124       0       0       2       0                               0D   2896
     100    4143       0       0       0            2895        01010000D   2897
     100       0       0       2       0                               0D   2898
     126    4145       0       0       0                        01010500D   2899
     126       0       0       2       0                               0D   2900
     124    4147       0       0       0                        00000000D   2901
     124       0       0       3       0                               0D   2902
     100    4150       0       0       0            2901        01010000D   2903
     100       0       0       1       0                               0D   2904
     126    4151       0       0       0                        01010500D   2905
     126       0       0       2       0                               0D   2906
     124    4153       0       0       0                        00000000D   2907
     124       0       0       2       0                               0D   2908
     100    4155       0       0       0            2907        01010000D   2909
     100       0       0       2       0                               0D   2910
     126    4157       0       0       0                        01010500D   2911
     126       0       0       2       0                               0D   2912
     100    4159       0       0       0                        01010000D   2913
     100       0       0       1       0                               0D   2914
     102    4160       0       0       0                        01010500D   2915
     102       0       0       1       0                               0D   2916
     102    4161       0       0       0                        01010000D   2917
     102       0       0       1       0                               0D   2918
     142    4162       0       0       0                        00010500D   2919
     142       0       0       1       0                               0D   2920
     144    4163       0       0       0                        00000000D   2921
     144       0      -1       1       0                               0D   2922
     110    4164       0       0       0                        01010000D   2923
     110       0       0       2       0                               0D   2924
     110    4166       0       0       0                        01010000D   2925
     110       0       0       1       0                               0D   2926
     120    4167       0       0       0                        01010000D   2927
     120       0       0       1       0                               0D   2928
     126    4168       0       0       0                        01010500D   2929
     126       0       0       2       0                               0D   2930
     124    4170       0       0       0                        00000000D   2931
     124       0       0       4       0                               0D   2932
     100    4174       0       0       0            2931        01010000D   2933
     100       0       0       2       0                               0D   2934
     126    4176       0       0       0                        01010500D   2935
     126       0       0       2       0                               0D   2936
     110    4178       0       0       0                        01010000D   2937
     110       0       0       1       0                               0D   2938
     126    4179       0       0       0                        01010500D   2939
     126       0       0       2       0                               0D   2940
     124    4181       0       0       0                        00000000D   2941
     124       0       0       2       0                               0D   2942
     100    4183       0       0       0            2941        01010000D   2943
     100       0       0       2       0                               0D   2944
     126    4185       0       0       0                        01010500D   2945
     126       0       0       2       0                               0D   2946
     110    4187       0       0       0                        01010000D   2947
     110       0       0       1       0                               0D   2948
     102    4188       0       0       0                        01010500D   2949
     102       0       0       1       0                               0D   2950
     102    4189       0       0       0                        01010000D   2951
     102       0       0       1       0                               0D   2952
     142    4190       0       0       0                        00010500D   2953
     142       0       0       1       0                               0D   2954
     144    4191       0       0       0                        00000000D   2955
     144       0      -1       1       0                               0D   2956
     110    4192       0       0       0                        01010000D   2957
     110       0       0       1       0                               0D   2958
     110    4193       0       0       0                        01010000D   2959
     110       0       0       1       0                               0D   2960
     120    4194       0       0       0                        01010000D   2961
     120       0       0       1       0                               0D   2962
     126    4195       0       0       0                        01010500D   2963
     126       0       0       2       0                               0D   2964
     124    4197       0       0       0                        00000000D   2965
     124       0       0       3       0                               0D   2966
     100    4200       0       0       0            2965        01010000D   2967
     100       0       0       2       0                               0D   2968
     126    4202       0       0       0                        01010500D   2969
     126       0       0       2       0                               0D   2970
     110    4204       0       0       0                        01010000D   2971
     110       0       0       1       0                               0D   2972
     126    4205       0       0       0                        01010500D   2973
     126       0       0       2       0                               0D   2974
     124    4207       0       0       0                        00000000D   2975
     124       0       0       2       0                               0D   2976
     100    4209       0       0       0            2975        01010000D   2977
     100       0       0       2       0                               0D   2978
     126    4211       0       0       0                        01010500D   2979
     126       0       0       2       0                               0D   2980
     110    4213       0       0       0                        01010000D   2981
     110       0       0       1       0                               0D   2982
     102    4214       0       0       0                        01010500D   2983
     102       0       0       1       0                               0D   2984
     102    4215       0       0       0                        01010000D   2985
     102       0       0       1       0                               0D   2986
     142    4216       0       0       0                        00010500D   2987
     142       0       0       1       0                               0D   2988
     144    4217       0       0       0                        00000000D   2989
     144       0      -1       1       0                               0D   2990
     128    4218       0       0       0                        01010000D   2991
     128       0       0      16       0                               0D   2992
     126    4234       0       0       0                        01010500D   2993
     126       0       0       2       0                               0D   2994
     124    4236       0       0       0                        00000000D   2995
     124       0       0       4       0                               0D   2996
     100    4240       0       0       0            2995        01010000D   2997
     100       0       0       2       0                               0D   2998
     126    4242       0       0       0                        01010500D   2999
     126       0       0       2       0                               0D   3000
     124    4244       0       0       0                        00000000D   3001
     124       0       0       4       0                               0D   3002
     100    4248       0       0       0            3001        01010000D   3003
     100       0       0       1       0                               0D   3004
     126    4249       0       0       0                        01010500D   3005
     126       0       0       2       0                               0D   3006
     124    4251       0       0       0                        00000000D   3007
     124       0       0       4       0                               0D   3008
     100    4255       0       0       0            3007        01010000D   3009
     100       0       0       2       0                               0D   3010
     126    4257       0       0       0                        01010500D   3011
     126       0       0       2       0                               0D   3012
     100    4259       0       0       0                        01010000D   3013
     100       0       0       1       0                               0D   3014
     102    4260       0       0       0                        01010500D   3015
     102       0       0       1       0                               0D   3016
     102    4261       0       0       0                        01010000D   3017
     102       0       0       1       0                               0D   3018
     142    4262       0       0       0                        00010500D   3019
     142       0       0       1       0                               0D   3020
     144    4263       0       0       0                        00000000D   3021
     144       0      -1       1       0                               0D   3022
     128    4264       0       0       0                        01010000D   3023
     128       0       0      15       0                               0D   3024
     126    4279       0       0       0                        01010500D   3025
     126       0       0       2       0                               0D   3026
     124    4281       0       0       0                        00000000D   3027
     124       0       0       3       0                               0D   3028
     100    4284       0       0       0            3027        01010000D   3029
     100       0       0       2       0                               0D   3030
     126    4286       0       0       0                        01010500D   3031
     126       0       0       2       0                               0D   3032
     100    4288       0       0       0                        01010000D   3033
     100       0       0       1       0                               0D   3034
     126    4289       0       0       0                        01010500D   3035
     126       0       0       2       0                               0D   3036
     124    4291       0       0       0                        00000000D   3037
     124       0       0       4       0                               0D   3038
     100    4295       0       0       0            3037        01010000D   3039
     100       0       0       2       0                               0D   3040
     126    4297       0       0       0                        01010500D   3041
     126       0       0       2       0                               0D   3042
     124    4299       0       0       0                        00000000D   3043
     124       0       0       2       0                               0D   3044
     100    4301       0       0       0            3043        01010000D   3045
     100       0       0       1       0                               0D   3046
     102    4302       0       0       0                        01010500D   3047
     102       0       0       1       0                               0D   3048
     102    4303       0       0       0                        01010000D   3049
     102       0       0       1       0                               0D   3050
     142    4304       0       0       0                        00010500D   3051
     142       0       0       1       0                               0D   3052
     144    4305       0       0       0                        00000000D   3053
     144       0      -1       1       0                               0D   3054
     110    4306       0       0       0                        01010000D   3055
     110       0       0       1       0                               0D   3056
     110    4307       0       0       0                        01010000D   3057
     110       0       0       1       0                               0D   3058
     120    4308       0       0       0                        01010000D   3059
     120       0       0       1       0                               0D   3060
     126    4309       0       0       0                        01010500D   3061
     126       0       0       2       0                               0D   3062
     124    4311       0       0       0                        00000000D   3063
     124       0       0       4       0                               0D   3064
     100    4315       0       0       0            3063        01010000D   3065
     100       0       0       2       0                               0D   3066
     126    4317       0       0       0                        01010500D   3067
     126       0       0       2       0                               0D   3068
     110    4319       0       0       0                        01010000D   3069
     110       0       0       1       0                               0D   3070
     126    4320       0       0       0                        01010500D   3071
     126       0       0       2       0                               0D   3072
     124    4322       0       0       0                        00000000D   3073
     124       0       0       4       0                               0D   3074
     100    4326       0       0       0            3073        01010000D   3075
     100       0       0       2       0                               0D   3076
     126    4328       0       0       0                        01010500D   3077
     126       0       0       2       0                               0D   3078
     110    4330       0       0       0                        01010000D   3079
     110       0       0       1       0                               0D   3080
     102    4331       0       0       0                        01010500D   3081
     102       0       0       1       0                               0D   3082
     102    4332       0       0       0                        01010000D   3083
     102       0       0       1       0                               0D   3084
     142    4333       0       0       0                        00010500D   3085
     142       0       0       1       0                               0D   3086
     144    4334       0       0       0                        00000000D   3087
     144       0      -1       1       0                               0D   3088
     110    4335       0       0       0                        01010000D   3089
     110       0       0       2       0                               0D   3090
     110    4337       0       0       0                        01010000D   3091
     110       0       0       1       0                               0D   3092
     120    4338       0       0       0                        01010000D   3093
     120       0       0       1       0                               0D   3094
     126    4339       0       0       0                        01010500D   3095
     126       0       0       2       0                               0D   3096
     124    4341       0       0       0                        00000000D   3097
     124       0       0       4       0                               0D   3098
     100    4345       0       0       0            3097        01010000D   3099
     100       0       0       2       0                               0D   3100
     126    4347       0       0       0                        01010500D   3101
     126       0       0       2       0                               0D   3102
     110    4349       0       0       0                        01010000D   3103
     110       0       0       1       0                               0D   3104
     126    4350       0       0       0                        01010500D   3105
     126       0       0       2       0                               0D   3106
     124    4352       0       0       0                        00000000D   3107
     124       0       0       4       0                               0D   3108
     100    4356       0       0       0            3107        01010000D   3109
     100       0       0       2       0                               0D   3110
     126    4358       0       0       0                        01010500D   3111
     126       0       0       2       0                               0D   3112
     110    4360       0       0       0                        01010000D   3113
     110       0       0       1       0                               0D   3114
     102    4361       0       0       0                        01010500D   3115
     102       0       0       1       0                               0D   3116
     102    4362       0       0       0                        01010000D   3117
     102       0       0       1       0                               0D   3118
     142    4363       0       0       0                        00010500D   3119
     142       0       0       1       0                               0D   3120
     144    4364       0       0       0                        00000000D   3121
     144       0      -1       1       0                               0D   3122
     128    4365       0       0       0                        01010000D   3123
     128       0       0      15       0                               0D   3124
     126    4380       0       0       0                        01010500D   3125
     126       0       0       2       0                               0D   3126
     124    4382       0       0       0                        00000000D   3127
     124       0       0       4       0                               0D   3128
     100    4386       0       0       0            3127        01010000D   3129
     100       0       0       2       0                               0D   3130
     126    4388       0       0       0                        01010500D   3131
     126       0       0       2       0                               0D   3132
     124    4390       0       0       0                        00000000D   3133
     124       0       0       4       0                               0D   3134
     100    4394       0       0       0            3133        01010000D   3135
     100       0       0       1       0                               0D   3136
     126    4395       0       0       0                        01010500D   3137
     126       0       0       2       0                               0D   3138
     124    4397       0       0       0                        00000000D   3139
     124       0       0       4       0                               0D   3140
     100    4401       0       0       0            3139        01010000D   3141
     100       0       0       2       0                               0D   3142
     126    4403       0       0       0                        01010500D   3143
     126       0       0       2       0                               0D   3144
     100    4405       0       0       0                        01010000D   3145
     100       0       0       1       0                               0D   3146
     102    4406       0       0       0                        01010500D   3147
     102       0       0       1       0                               0D   3148
     102    4407       0       0       0                        01010000D   3149
     102       0       0       1       0                               0D   3150
     142    4408       0       0       0                        00010500D   3151
     142       0       0       1       0                               0D   3152
     144    4409       0       0       0                        00000000D   3153
     144       0      -1       1       0                               0D   3154
     128    4410       0       0       0                        01010000D   3155
     128       0       0      15       0                               0D   3156
     126    4425       0       0       0                        01010500D   3157
     126       0       0       2       0                               0D   3158
     124    4427       0       0       0                        00000000D   3159
     124       0       0       4       0                               0D   3160
     100    4431       0       0       0            3159        01010000D   3161
     100       0       0       2       0                               0D   3162
     126    4433       0       0       0                        01010500D   3163
     126       0       0       2       0                               0D   3164
     100    4435       0       0       0                        01010000D   3165
     100       0       0       1       0                               0D   3166
     126    4436       0       0       0                        01010500D   3167
     126       0       0       2       0                               0D   3168
     124    4438       0       0       0                        00000000D   3169
     124       0       0       3       0                               0D   3170
     100    4441       0       0       0            3169        01010000D   3171
     100       0       0       2       0                               0D   3172
     126    4443       0       0       0                        01010500D   3173
     126       0       0       2       0                               0D   3174
     124    4445       0       0       0                        00000000D   3175
     124       0       0       4       0                               0D   3176
     100    4449       0       0       0            3175        01010000D   3177
     100       0       0       1       0                               0D   3178
     102    4450       0       0       0                        01010500D   3179
     102       0       0       1       0                               0D   3180
     102    4451       0       0       0                        01010000D   3181
     102       0       0       1       0                               0D   3182
     142    4452       0       0       0                        00010500D   3183
     142       0       0       1       0                               0D   3184
     144    4453       0       0       0                        00000000D   3185
     144       0      -1       1       0                               0D   3186
     110    4454       0       0       0                        01010000D   3187
     110       0       0       2       0                               0D   3188
     110    4456       0       0       0                        01010000D   3189
     110       0       0       1       0                               0D   3190
     120    4457       0       0       0                        01010000D   3191
     120       0       0       1       0                               0D   3192
     126    4458       0       0       0                        01010500D   3193
     126       0       0       2       0                               0D   3194
     124    4460       0       0       0                        00000000D   3195
     124       0       0       4       0                               0D   3196
     100    4464       0       0       0            3195        01010000D   3197
     100       0       0       2       0                               0D   3198
     126    4466       0       0       0                        01010500D   3199
     126       0       0       2       0                               0D   3200
     110    4468       0       0       0                        01010000D   3201
     110       0       0       1       0                               0D   3202
     126    4469       0       0       0                        01010500D   3203
     126       0       0       2       0                               0D   3204
     124    4471       0       0       0                        00000000D   3205
     124       0       0       4       0                               0D   3206
     100    4475       0       0       0            3205        01010000D   3207
     100       0       0       2       0                               0D   3208
     126    4477       0       0       0                        01010500D   3209
     126       0       0       2       0                               0D   3210
     110    4479       0       0       0                        01010000D   3211
     110       0       0       1       0                               0D   3212
     102    4480       0       0       0                        01010500D   3213
     102       0       0       1       0                               0D   3214
     102    4481       0       0       0                        01010000D   3215
     102       0       0       1       0                               0D   3216
     142    4482       0       0       0                        00010500D   3217
     142       0       0       1       0                               0D   3218
     144    4483       0       0       0                        00000000D   3219
     144       0      -1       1       0                               0D   3220
     110    4484       0       0       0                        01010000D   3221
     110       0       0       1       0                               0D   3222
     110    4485       0       0       0                        01010000D   3223
     110       0       0       1       0                               0D   3224
     120    4486       0       0       0                        01010000D   3225
     120       0       0       1       0                               0D   3226
     126    4487       0       0       0                        01010500D   3227
     126       0       0       2       0                               0D   3228
     124    4489       0       0       0                        00000000D   3229
     124       0       0       4       0                               0D   3230
     100    4493       0       0       0            3229        01010000D   3231
     100       0       0       2       0                               0D   3232
     126    4495       0       0       0                        01010500D   3233
     126       0       0       2       0                               0D   3234
     110    4497       0       0       0                        01010000D   3235
     110       0       0       1       0                               0D   3236
     126    4498       0       0       0                        01010500D   3237
     126       0       0       2       0                               0D   3238
     124    4500       0       0       0                        00000000D   3239
     124       0       0       4       0                               0D   3240
     100    4504       0       0       0            3239        01010000D   3241
     100       0       0       2       0                               0D   3242
     126    4506       0       0       0                        01010500D   3243
     126       0       0       2       0                               0D   3244
     110    4508       0       0       0                        01010000D   3245
     110       0       0       1       0                               0D   3246
     102    4509       0       0       0                        01010500D   3247
     102       0       0       1       0                               0D   3248
     102    4510       0       0       0                        01010000D   3249
     102       0       0       1       0                               0D   3250
     142    4511       0       0       0                        00010500D   3251
     142       0       0       1       0                               0D   3252
     144    4512       0       0       0                        00000000D   3253
     144       0      -1       1       0                               0D   3254
     128    4513       0       0       0                        01010000D   3255
     128       0       0      16       0                               0D   3256
     126    4529       0       0       0                        01010500D   3257
     126       0       0       2       0                               0D   3258
     124    4531       0       0       0                        00000000D   3259
     124       0       0       4       0                               0D   3260
     100    4535       0       0       0            3259        01010000D   3261
     100       0       0       2       0                               0D   3262
     126    4537       0       0       0                        01010500D   3263
     126       0       0       2       0                               0D   3264
     100    4539       0       0       0                        01010000D   3265
     100       0       0       1       0                               0D   3266
     126    4540       0       0       0                        01010500D   3267
     126       0       0       2       0                               0D   3268
     124    4542       0       0       0                        00000000D   3269
     124       0       0       2       0                               0D   3270
     100    4544       0       0       0            3269        01010000D   3271
     100       0       0       2       0                               0D   3272
     126    4546       0       0       0                        01010500D   3273
     126       0       0       2       0                               0D   3274
     124    4548       0       0       0                        00000000D   3275
     124       0       0       4       0                               0D   3276
     100    4552       0       0       0            3275        01010000D   3277
     100       0       0       1       0                               0D   3278
     102    4553       0       0       0                        01010500D   3279
     102       0       0       1       0                               0D   3280
     102    4554       0       0       0                        01010000D   3281
     102       0       0       1       0                               0D   3282
     142    4555       0       0       0                        00010500D   3283
     142       0       0       1       0                               0D   3284
     144    4556       0       0       0                        00000000D   3285
     144       0      -1       1       0                               0D   3286
     128    4557       0       0       0                        01010000D   3287
     128       0       0      15       0                               0D   3288
     126    4572       0       0       0                        01010500D   3289
     126       0       0       2       0                               0D   3290
     124    4574       0       0       0                        00000000D   3291
     124       0       0       4       0                               0D   3292
     100    4578       0       0       0            3291        01010000D   3293
     100       0       0       2       0                               0D   3294
     126    4580       0       0       0                        01010500D   3295
     126       0       0       2       0                               0D   3296
     124    4582       0       0       0                        00000000D   3297
     124       0       0       4       0                               0D   3298
     100    4586       0       0       0            3297        01010000D   3299
     100       0       0       1       0                               0D   3300
     126    4587       0       0       0                        01010500D   3301
     126       0       0       2       0                               0D   3302
     124    4589       0       0       0                        00000000D   3303
     124       0       0       2       0                               0D   3304
     100    4591       0       0       0            3303        01010000D   3305
     100       0       0       2       0                               0D   3306
     126    4593       0       0       0                        01010500D   3307
     126       0       0       2       0                               0D   3308
     100    4595       0       0       0                        01010000D   3309
     100       0       0       1       0                               0D   3310
     102    4596       0       0       0                        01010500D   3311
     102       0       0       1       0                               0D   3312
     102    4597       0       0       0                        01010000D   3313
     102       0       0       1       0                               0D   3314
     142    4598       0       0       0                        00010500D   3315
     142       0       0       1       0                               0D   3316
     144    4599       0       0       0                        00000000D   3317
     144       0      -1       1       0                               0D   3318
     110    4600       0       0       0                        01010000D   3319
     110       0       0       2       0                               0D   3320
     110    4602       0       0       0                        01010000D   3321
     110       0       0       1       0                               0D   3322
     120    4603       0       0       0                        01010000D   3323
     120       0       0       1       0                               0D   3324
     126    4604       0       0       0                        01010500D   3325
     126       0       0       2       0                               0D   3326
     124    4606       0       0       0                        00000000D   3327
     124       0       0       4       0                               0D   3328
     100    4610       0       0       0            3327        01010000D   3329
     100       0       0       2       0                               0D   3330
     126    4612       0       0       0                        01010500D   3331
     126       0       0       2       0                               0D   3332
     110    4614       0       0       0                        01010000D   3333
     110       0       0       1       0                               0D   3334
     126    4615       0       0       0                        01010500D   3335
     126       0       0       2       0                               0D   3336
     124    4617       0       0       0                        00000000D   3337
     124       0       0       2       0                               0D   3338
     100    4619       0       0       0            3337        01010000D   3339
     100       0       0       2       0                               0D   3340
     126    4621       0       0       0                        01010500D   3341
     126       0       0       2       0                               0D   3342
     110    4623       0       0       0                        01010000D   3343
     110       0       0       1       0                               0D   3344
     102    4624       0       0       0                        01010500D   3345
     102       0       0       1       0                               0D   3346
     102    4625       0       0       0                        01010000D   3347
     102       0       0       1       0                               0D   3348
     142    4626       0       0       0                        00010500D   3349
     142       0       0       1       0                               0D   3350
     144    4627       0       0       0                        00000000D   3351
     144       0      -1       1       0                               0D   3352
     110    4628       0       0       0                        01010000D   3353
     110       0       0       2       0                               0D   3354
     110    4630       0       0       0                        01010000D   3355
     110       0       0       1       0                               0D   3356
     120    4631       0       0       0                        01010000D   3357
     120       0       0       1       0                               0D   3358
     126    4632       0       0       0                        01010500D   3359
     126       0       0       2       0                               0D   3360
     124    4634       0       0       0                        00000000D   3361
     124       0       0       3       0                               0D   3362
     100    4637       0       0       0            3361        01010000D   3363
     100       0       0       2       0                               0D   3364
     126    4639       0       0       0                        01010500D   3365
     126       0       0       2       0                               0D   3366
     110    4641       0       0       0                        01010000D   3367
     110       0       0       1       0                               0D   3368
     126    4642       0       0       0                        01010500D   3369
     126       0       0       2       0                               0D   3370
     124    4644       0       0       0                        00000000D   3371
     124       0       0       2       0                               0D   3372
     100    4646       0       0       0            3371        01010000D   3373
     100       0       0       2       0                               0D   3374
     126    4648       0       0       0                        01010500D   3375
     126       0       0       2       0                               0D   3376
     110    4650       0       0       0                        01010000D   3377
     110       0       0       1       0                               0D   3378
     102    4651       0       0       0                        01010500D   3379
     102       0       0       1       0                               0D   3380
     102    4652       0       0       0                        01010000D   3381
     102       0       0       1       0                               0D   3382
     142    4653       0       0       0                        00010500D   3383
     142       0       0       1       0                               0D   3384
     144    4654       0       0       0                        00000000D   3385
     144       0      -1       1       0                               0D   3386
     128    4655       0       0       0                        01010000D   3387
     128       0       0      16       0                               0D   3388
     126    4671       0       0       0                        01010500D   3389
     126       0       0       2       0                               0D   3390
     124    4673       0       0       0                        00000000D   3391
     124       0       0       4       0                               0D   3392
     100    4677       0       0       0            3391        01010000D   3393
     100       0       0       2       0                               0D   3394
     126    4679       0       0       0                        01010500D   3395
     126       0       0       2       0                               0D   3396
     100    4681       0       0       0                        01010000D   3397
     100       0       0       1       0                               0D   3398
     126    4682       0       0       0                        01010500D   3399
     126       0       0       2       0                               0D   3400
     124    4684       0       0       0                        00000000D   3401
     124       0       0       3       0                               0D   3402
     100    4687       0       0       0            3401        01010000D   3403
     100       0       0       2       0                               0D   3404
     126    4689       0       0       0                        01010500D   3405
     126       0       0       2       0                               0D   3406
     124    4691       0       0       0                        00000000D   3407
     124       0       0       4       0                               0D   3408
     100    4695       0       0       0            3407        01010000D   3409
     100       0       0       1       0                               0D   3410
     102    4696       0       0       0                        01010500D   3411
     102       0       0       1       0                               0D   3412
     102    4697       0       0       0                        01010000D   3413
     102       0       0       1       0                               0D   3414
     142    4698       0       0       0                        00010500D   3415
     142       0       0       1       0                               0D   3416
     144    4699       0       0       0                        00000000D   3417
     144       0      -1       1       0                               0D   3418
314,25.0980392156863,25.0980392156863,25.0980392156863,;               1P      1
110,69.,56.065,-998.,69.,56.065,2.;                                    3P      2
110,71.,56.065,1.,72.,56.065,2.;                                       5P      3
120,3,5,0.,6.28318530717959;                                           7P      4
126,1,1,1,0,1,0,0.,0.,1.,1.,1.,1.,0.,6.283185307,0.,1.,                9P      5
6.283185307,0.,0.,1.,0.,0.,1.;                                         9P      6
110,71.,56.065,1.,72.,56.065,2.;                                      11P      7
126,1,1,1,0,1,0,0.,0.,1.,1.,1.,1.,1.,6.283185307,0.,1.,               13P      8
3.141592654,0.,0.,1.,0.,0.,1.;                                        13P      9
124,1.,-7.105427357601E-015,0.,3.94275723181185E-013,                 15P     10
-7.105427357601E-015,-1.,6.98296672221876E-015,112.13,                15P     11
-4.96169627852706E-029,-6.98296672221876E-015,-1.,                    15P     12
4.00000000000039;                                                     15P     13
100,2.,69.,56.065,72.,56.065,66.,56.065;                              17P     14
126,1,1,1,0,1,0,0.,0.,1.,1.,1.,1.,1.,3.141592654,0.,0.,               19P     15
3.141592654,0.,0.,1.,0.,0.,1.;                                        19P     16
110,66.,56.065,2.,67.,56.065,1.;                                      21P     17
126,1,1,1,0,1,0,0.,0.,1.,1.,1.,1.,0.,3.141592654,0.,0.,               23P     18
6.283185307,0.,0.,1.,0.,0.,1.;                                        23P     19
100,1.,69.,56.065,67.,56.065,71.,56.065;                              25P     20
102,4,9,13,19,23;                                                     27P     21
102,4,11,17,21,25;                                                    29P     22
142,1,7,27,29,1;                                                      31P     23
144,7,1,0,31;                                                         33P     24
110,69.,56.065,2.,69.,56.065,1002.;                                   35P     25
110,71.,56.065,0.,71.,56.065,1.;                                      37P     26
120,35,37,0.,6.28318530717959;                                        39P     27
126,1,1,1,0,1,0,0.,0.,1.,1.,1.,1.,0.,6.283185307,0.,1.,               41P     28
6.283185307,0.,0.,1.,0.,0.,1.;                                        41P     29
110,71.,56.065,0.,71.,56.065,1.;                                      43P     30
126,1,1,1,0,1,0,0.,0.,1.,1.,1.,1.,1.,6.283185307,0.,1.,               45P     31
3.141592654,0.,0.,1.,0.,0.,1.;                                        45P     32
124,1.,-7.105427357601E-015,0.,3.94275723181185E-013,                 47P     33
-7.105427357601E-015,-1.,6.98296672221876E-015,112.13,                47P     34
-4.96169627852706E-029,-6.98296672221876E-015,-1.,                    47P     35
2.00000000000042;                                                     47P     36
100,1.,69.,56.065,71.,56.065,67.,56.065;                              49P     37
126,1,1,1,0,1,0,0.,0.,1.,1.,1.,1.,1.,3.141592654,0.,0.,               51P     38
3.141592654,0.,0.,1.,0.,0.,1.;                                        51P     39
110,67.,56.065,1.,67.,56.065,0.;                                      53P     40
126,1,1,1,0,1,0,0.,0.,1.,1.,1.,1.,0.,3.141592654,0.,0.,               55P     41
6.283185307,0.,0.,1.,0.,0.,1.;                                        55P     42
100,0.,69.,56.065,67.,56.065,71.,56.065;                              57P     43
102,4,41,45,51,55;                                                    59P     44
102,4,43,49,53,57;                                                    61P     45
142,1,39,59,61,1;                                                     63P     46
144,39,1,0,63;                                                        65P     47
110,79.,7.435,-998.,79.,7.435,2.;                                     67P     48
110,81.,7.435,1.,82.,7.435,2.;                                        69P     49
120,67,69,0.,6.28318530717959;                                        71P     50
126,1,1,1,0,1,0,0.,0.,1.,1.,1.,1.,0.,6.283185307,0.,1.,               73P     51
6.283185307,0.,0.,1.,0.,0.,1.;                                        73P     52
110,81.,7.435,1.,82.,7.435,2.;                                        75P     53
126,1,1,1,0,1,0,0.,0.,1.,1.,1.,1.,1.,6.283185307,0.,1.,               77P     54
3.141592654,0.,0.,1.,0.,0.,1.;                                        77P     55
124,1.,-7.105427357601E-015,0.,5.01465535762732E-014,                 79P     56
-7.105427357601E-015,-1.,6.98296672221876E-015,                       79P     57
14.8700000000006,-4.96169627852706E-029,-6.98296672221876E-015,       79P     58
-1.,4.00000000000006;                                                 79P     59
100,2.,79.,7.435,82.,7.435,76.,7.435;                                 81P     60
126,1,1,1,0,1,0,0.,0.,1.,1.,1.,1.,1.,3.141592654,0.,0.,               83P     61
3.141592654,0.,0.,1.,0.,0.,1.;                                        83P     62
110,76.,7.435,2.,77.,7.435,1.;                                        85P     63
126,1,1,1,0,1,0,0.,0.,1.,1.,1.,1.,0.,3.141592654,0.,0.,               87P     64
6.283185307,0.,0.,1.,0.,0.,1.;                                        87P     65
100,1.,79.,7.435,77.,7.435,81.,7.435;                                 89P     66
102,4,73,77,83,87;                                                    91P     67
102,4,75,81,85,89;                                                    93P     68
142,1,71,91,93,1;                                                     95P     69
144,71,1,0,95;                                                        97P     70
110,79.,7.435,2.,79.,7.435,1002.;                                     99P     71
110,81.,7.435,0.,81.,7.435,1.;                                       101P     72
120,99,101,0.,6.28318530717959;                                      103P     73
126,1,1,1,0,1,0,0.,0.,1.,1.,1.,1.,0.,6.283185307,0.,1.,              105P     74
6.283185307,0.,0.,1.,0.,0.,1.;                                       105P     75
110,81.,7.435,0.,81.,7.435,1.;                                       107P     76
126,1,1,1,0,1,0,0.,0.,1.,1.,1.,1.,1.,6.283185307,0.,1.,              109P     77
3.141592654,0.,0.,1.,0.,0.,1.;                                       109P     78
124,1.,-7.105427357601E-015,0.,5.01465535762731E-014,                111P     79
-7.105427357601E-015,-1.,6.98296672221876E-015,                      111P     80
14.8700000000006,-4.96169627852706E-029,-6.98296672221876E-015,      111P     81
-1.,2.00000000000008;                                                111P     82
100,1.,79.,7.435,81.,7.435,77.,7.435;                                113P     83
126,1,1,1,0,1,0,0.,0.,1.,1.,1.,1.,1.,3.141592654,0.,0.,              115P     84
3.141592654,0.,0.,1.,0.,0.,1.;                                       115P     85
110,77.,7.435,1.,77.,7.435,0.;                                       117P     86
126,1,1,1,0,1,0,0.,0.,1.,1.,1.,1.,0.,3.141592654,0.,0.,              119P     87
6.283185307,0.,0.,1.,0.,0.,1.;                                       119P     88
100,0.,79.,7.435,77.,7.435,81.,7.435;                                121P     89
102,4,105,109,115,119;                                               123P     90
102,4,107,113,117,121;                                               125P     91
142,1,103,123,125,1;                                                 127P     92
144,103,1,0,127;                                                     129P     93
110,69.,7.435,-998.,69.,7.435,2.;                                    131P     94
110,71.,7.435,1.,72.,7.435,2.;                                       133P     95
120,131,133,0.,6.28318530717959;                                     135P     96
126,1,1,1,0,1,0,0.,0.,1.,1.,1.,1.,0.,6.283185307,0.,1.,              137P     97
6.283185307,0.,0.,1.,0.,0.,1.;                                       137P     98
110,71.,7.435,1.,72.,7.435,2.;                                       139P     99
126,1,1,1,0,1,0,0.,0.,1.,1.,1.,1.,1.,6.283185307,0.,1.,              141P    100
3.141592654,0.,0.,1.,0.,0.,1.;                                       141P    101
124,1.,-7.105427357601E-015,0.,5.01465535762727E-014,                143P    102
-7.105427357601E-015,-1.,6.98296672221876E-015,                      143P    103
14.8700000000005,-4.96169627852706E-029,-6.98296672221876E-015,      143P    104
-1.,4.00000000000006;                                                143P    105
100,2.,69.,7.435,72.,7.435,66.,7.435;                                145P    106
126,1,1,1,0,1,0,0.,0.,1.,1.,1.,1.,1.,3.141592654,0.,0.,              147P    107
3.141592654,0.,0.,1.,0.,0.,1.;                                       147P    108
110,66.,7.435,2.,67.,7.435,1.;                                       149P    109
126,1,1,1,0,1,0,0.,0.,1.,1.,1.,1.,0.,3.141592654,0.,0.,              151P    110
6.283185307,0.,0.,1.,0.,0.,1.;                                       151P    111
100,1.,69.,7.435,67.,7.435,71.,7.435;                                153P    112
102,4,137,141,147,151;                                               155P    113
102,4,139,145,149,153;                                               157P    114
142,1,135,155,157,1;                                                 159P    115
144,135,1,0,159;                                                     161P    116
110,69.,7.435,2.,69.,7.435,1002.;                                    163P    117
110,71.,7.435,0.,71.,7.435,1.;                                       165P    118
120,163,165,0.,6.28318530717959;                                     167P    119
126,1,1,1,0,1,0,0.,0.,1.,1.,1.,1.,0.,6.283185307,0.,1.,              169P    120
6.283185307,0.,0.,1.,0.,0.,1.;                                       169P    121
110,71.,7.435,0.,71.,7.435,1.;                                       171P    122
126,1,1,1,0,1,0,0.,0.,1.,1.,1.,1.,1.,6.283185307,0.,1.,              173P    123
3.141592654,0.,0.,1.,0.,0.,1.;                                       173P    124
124,1.,-7.105427357601E-015,0.,5.01465535762726E-014,                175P    125
-7.105427357601E-015,-1.,6.98296672221876E-015,                      175P    126
14.8700000000005,-4.96169627852706E-029,-6.98296672221876E-015,      175P    127
-1.,2.00000000000008;                                                175P    128
100,1.,69.,7.435,71.,7.435,67.,7.435;                                177P    129
126,1,1,1,0,1,0,0.,0.,1.,1.,1.,1.,1.,3.141592654,0.,0.,              179P    130
3.141592654,0.,0.,1.,0.,0.,1.;                                       179P    131
110,67.,7.435,1.,67.,7.435,0.;                                       181P    132
126,1,1,1,0,1,0,0.,0.,1.,1.,1.,1.,0.,3.141592654,0.,0.,              183P    133
6.283185307,0.,0.,1.,0.,0.,1.;                                       183P    134
100,0.,69.,7.435,67.,7.435,71.,7.435;                                185P    135
102,4,169,173,179,183;                                               187P    136
102,4,171,177,181,185;                                               189P    137
142,1,167,187,189,1;                                                 191P    138
144,167,1,0,191;                                                     193P    139
110,62.,42.25,2.,62.,42.25,1002.;                                    195P    140
110,63.5,42.25,0.,63.5,42.25,2.;                                     197P    141
120,195,197,0.,6.28318530717959;                                     199P    142
126,1,1,1,0,1,0,0.,0.,1.,1.,1.,1.,0.,6.283185307,0.,1.,              201P    143
6.283185307,0.,0.,1.,0.,0.,1.;                                       201P    144
110,63.5,42.25,0.,63.5,42.25,2.;                                     203P    145
126,1,1,1,0,1,0,0.,0.,1.,1.,1.,1.,1.,6.283185307,0.,1.,              205P    146
3.141592654,0.,0.,1.,0.,0.,1.;                                       205P    147
124,1.,-7.105427357601E-015,0.,3.02036173849277E-013,                207P    148
-7.105427357601E-015,-1.,6.98296672221876E-015,                      207P    149
84.5000000000004,-4.96169627852706E-029,-6.98296672221876E-015,      207P    150
-1.,4.0000000000003;                                                 207P    151
100,2.,62.,42.25,63.5,42.25,60.5,42.25;                              209P    152
126,1,1,1,0,1,0,0.,0.,1.,1.,1.,1.,1.,3.141592654,0.,0.,              211P    153
3.141592654,0.,0.,1.,0.,0.,1.;                                       211P    154
110,60.5,42.25,2.,60.5,42.25,0.;                                     213P    155
126,1,1,1,0,1,0,0.,0.,1.,1.,1.,1.,0.,3.141592654,0.,0.,              215P    156
6.283185307,0.,0.,1.,0.,0.,1.;                                       215P    157
100,0.,62.,42.25,60.5,42.25,63.5,42.25;                              217P    158
102,4,201,205,211,215;                                               219P    159
102,4,203,209,213,217;                                               221P    160
142,1,199,219,221,1;                                                 223P    161
144,199,1,0,223;                                                     225P    162
110,69.,49.25,2.,69.,49.25,1002.;                                    227P    163
110,70.5,49.25,0.,70.5,49.25,2.;                                     229P    164
120,227,229,0.,6.28318530717959;                                     231P    165
126,1,1,1,0,1,0,0.,0.,1.,1.,1.,1.,0.,6.283185307,0.,1.,              233P    166
6.283185307,0.,0.,1.,0.,0.,1.;                                       233P    167
110,70.5,49.25,0.,70.5,49.25,2.;                                     235P    168
126,1,1,1,0,1,0,0.,0.,1.,1.,1.,1.,1.,6.283185307,0.,1.,              237P    169
3.141592654,0.,0.,1.,0.,0.,1.;                                       237P    170
124,1.,-7.105427357601E-015,0.,3.52939899528341E-013,                239P    171
-7.105427357601E-015,-1.,6.98296672221876E-015,                      239P    172
98.5000000000005,-4.96169627852706E-029,-6.98296672221876E-015,      239P    173
-1.,4.00000000000035;                                                239P    174
100,2.,69.,49.25,70.5,49.25,67.5,49.25;                              241P    175
126,1,1,1,0,1,0,0.,0.,1.,1.,1.,1.,1.,3.141592654,0.,0.,              243P    176
3.141592654,0.,0.,1.,0.,0.,1.;                                       243P    177
110,67.5,49.25,2.,67.5,49.25,0.;                                     245P    178
126,1,1,1,0,1,0,0.,0.,1.,1.,1.,1.,0.,3.141592654,0.,0.,              247P    179
6.283185307,0.,0.,1.,0.,0.,1.;                                       247P    180
100,0.,69.,49.25,67.5,49.25,70.5,49.25;                              249P    181
102,4,233,237,243,247;                                               251P    182
102,4,235,241,245,249;                                               253P    183
142,1,231,251,253,1;                                                 255P    184
144,231,1,0,255;                                                     257P    185
110,76.,42.25,2.,76.,42.25,1002.;                                    259P    186
110,77.5,42.25,0.,77.5,42.25,2.;                                     261P    187
120,259,261,0.,6.28318530717959;                                     263P    188
126,1,1,1,0,1,0,0.,0.,1.,1.,1.,1.,0.,6.283185307,0.,1.,              265P    189
6.283185307,0.,0.,1.,0.,0.,1.;                                       265P    190
110,77.5,42.25,0.,77.5,42.25,2.;                                     267P    191
126,1,1,1,0,1,0,0.,0.,1.,1.,1.,1.,1.,6.283185307,0.,1.,              269P    192
3.141592654,0.,0.,1.,0.,0.,1.;                                       269P    193
124,1.,-7.105427357601E-015,0.,2.95097279945371E-013,                271P    194
-7.105427357601E-015,-1.,6.98296672221876E-015,                      271P    195
84.5000000000005,-4.96169627852706E-029,-6.98296672221876E-015,      271P    196
-1.,4.0000000000003;                                                 271P    197
100,2.,76.,42.25,77.5,42.25,74.5,42.25;                              273P    198
126,1,1,1,0,1,0,0.,0.,1.,1.,1.,1.,1.,3.141592654,0.,0.,              275P    199
3.141592654,0.,0.,1.,0.,0.,1.;                                       275P    200
110,74.5,42.25,2.,74.5,42.25,0.;                                     277P    201
126,1,1,1,0,1,0,0.,0.,1.,1.,1.,1.,0.,3.141592654,0.,0.,              279P    202
6.283185307,0.,0.,1.,0.,0.,1.;                                       279P    203
100,0.,76.,42.25,74.5,42.25,77.5,42.25;                              281P    204
102,4,265,269,275,279;                                               283P    205
102,4,267,273,277,281;                                               285P    206
142,1,263,283,285,1;                                                 287P    207
144,263,1,0,287;                                                     289P    208
110,69.,35.25,2.,69.,35.25,1002.;                                    291P    209
110,70.5,35.25,0.,70.5,35.25,2.;                                     293P    210
120,291,293,0.,6.28318530717959;                                     295P    211
126,1,1,1,0,1,0,0.,0.,1.,1.,1.,1.,0.,6.283185307,0.,1.,              297P    212
6.283185307,0.,0.,1.,0.,0.,1.;                                       297P    213
110,70.5,35.25,0.,70.5,35.25,2.;                                     299P    214
126,1,1,1,0,1,0,0.,0.,1.,1.,1.,1.,1.,6.283185307,0.,1.,              301P    215
3.141592654,0.,0.,1.,0.,0.,1.;                                       301P    216
124,1.,-7.105427357601E-015,0.,2.51132448170214E-013,                303P    217
-7.105427357601E-015,-1.,6.98296672221876E-015,                      303P    218
70.5000000000005,-4.96169627852706E-029,-6.98296672221876E-015,      303P    219
-1.,4.00000000000025;                                                303P    220
100,2.,69.,35.25,70.5,35.25,67.5,35.25;                              305P    221
126,1,1,1,0,1,0,0.,0.,1.,1.,1.,1.,1.,3.141592654,0.,0.,              307P    222
3.141592654,0.,0.,1.,0.,0.,1.;                                       307P    223
110,67.5,35.25,2.,67.5,35.25,0.;                                     309P    224
126,1,1,1,0,1,0,0.,0.,1.,1.,1.,1.,0.,3.141592654,0.,0.,              311P    225
6.283185307,0.,0.,1.,0.,0.,1.;                                       311P    226
100,0.,69.,35.25,67.5,35.25,70.5,35.25;                              313P    227
102,4,297,301,307,311;                                               315P    228
102,4,299,305,309,313;                                               317P    229
142,1,295,315,317,1;                                                 319P    230
144,295,1,0,319;                                                     321P    231
110,76.,31.75,2.,76.,31.75,1002.;                                    323P    232
110,77.5,31.75,0.,77.5,31.75,2.;                                     325P    233
120,323,325,0.,6.28318530717959;                                     327P    234
126,1,1,1,0,1,0,0.,0.,1.,1.,1.,1.,0.,6.283185307,0.,1.,              329P    235
6.283185307,0.,0.,1.,0.,0.,1.;                                       329P    236
110,77.5,31.75,0.,77.5,31.75,2.;                                     331P    237
126,1,1,1,0,1,0,0.,0.,1.,1.,1.,1.,1.,6.283185307,0.,1.,              333P    238
3.141592654,0.,0.,1.,0.,0.,1.;                                       333P    239
124,1.,-7.105427357601E-015,0.,2.29150032282636E-013,                335P    240
-7.105427357601E-015,-1.,6.98296672221876E-015,                      335P    241
63.5000000000005,-4.96169627852706E-029,-6.98296672221876E-015,      335P    242
-1.,4.00000000000022;                                                335P    243
100,2.,76.,31.75,77.5,31.75,74.5,31.75;                              337P    244
126,1,1,1,0,1,0,0.,0.,1.,1.,1.,1.,1.,3.141592654,0.,0.,              339P    245
3.141592654,0.,0.,1.,0.,0.,1.;                                       339P    246
110,74.5,31.75,2.,74.5,31.75,0.;                                     341P    247
126,1,1,1,0,1,0,0.,0.,1.,1.,1.,1.,0.,3.141592654,0.,0.,              343P    248
6.283185307,0.,0.,1.,0.,0.,1.;                                       343P    249
100,0.,76.,31.75,74.5,31.75,77.5,31.75;                              345P    250
102,4,329,333,339,343;                                               347P    251
102,4,331,337,341,345;                                               349P    252
142,1,327,347,349,1;                                                 351P    253
144,327,1,0,351;                                                     353P    254
110,83.,38.75,2.,83.,38.75,1002.;                                    355P    255
110,84.5,38.75,0.,84.5,38.75,2.;                                     357P    256
120,355,357,0.,6.28318530717959;                                     359P    257
126,1,1,1,0,1,0,0.,0.,1.,1.,1.,1.,0.,6.283185307,0.,1.,              361P    258
6.283185307,0.,0.,1.,0.,0.,1.;                                       361P    259
110,84.5,38.75,0.,84.5,38.75,2.;                                     363P    260
126,1,1,1,0,1,0,0.,0.,1.,1.,1.,1.,1.,6.283185307,0.,1.,              365P    261
3.141592654,0.,0.,1.,0.,0.,1.;                                       365P    262
124,1.,-7.105427357601E-015,0.,2.73114864057793E-013,                367P    263
-7.105427357601E-015,-1.,6.98296672221876E-015,                      367P    264
77.5000000000006,-4.96169627852706E-029,-6.98296672221876E-015,      367P    265
-1.,4.00000000000027;                                                367P    266
100,2.,83.,38.75,84.5,38.75,81.5,38.75;                              369P    267
126,1,1,1,0,1,0,0.,0.,1.,1.,1.,1.,1.,3.141592654,0.,0.,              371P    268
3.141592654,0.,0.,1.,0.,0.,1.;                                       371P    269
110,81.5,38.75,2.,81.5,38.75,0.;                                     373P    270
126,1,1,1,0,1,0,0.,0.,1.,1.,1.,1.,0.,3.141592654,0.,0.,              375P    271
6.283185307,0.,0.,1.,0.,0.,1.;                                       375P    272
100,0.,83.,38.75,81.5,38.75,84.5,38.75;                              377P    273
102,4,361,365,371,375;                                               379P    274
102,4,363,369,373,377;                                               381P    275
142,1,359,379,381,1;                                                 383P    276
144,359,1,0,383;                                                     385P    277
110,90.,31.75,2.,90.,31.75,1002.;                                    387P    278
110,91.5,31.75,0.,91.5,31.75,2.;                                     389P    279
120,387,389,0.,6.28318530717959;                                     391P    280
126,1,1,1,0,1,0,0.,0.,1.,1.,1.,1.,0.,6.283185307,0.,1.,              393P    281
6.283185307,0.,0.,1.,0.,0.,1.;                                       393P    282
110,91.5,31.75,0.,91.5,31.75,2.;                                     395P    283
126,1,1,1,0,1,0,0.,0.,1.,1.,1.,1.,1.,6.283185307,0.,1.,              397P    284
3.141592654,0.,0.,1.,0.,0.,1.;                                       397P    285
124,1.,-7.105427357601E-015,0.,2.29150032282637E-013,                399P    286
-7.105427357601E-015,-1.,6.98296672221876E-015,                      399P    287
63.5000000000006,-4.96169627852706E-029,-6.98296672221876E-015,      399P    288
-1.,4.00000000000022;                                                399P    289
100,2.,90.,31.75,91.5,31.75,88.5,31.75;                              401P    290
126,1,1,1,0,1,0,0.,0.,1.,1.,1.,1.,1.,3.141592654,0.,0.,              403P    291
3.141592654,0.,0.,1.,0.,0.,1.;                                       403P    292
110,88.5,31.75,2.,88.5,31.75,0.;                                     405P    293
126,1,1,1,0,1,0,0.,0.,1.,1.,1.,1.,0.,3.141592654,0.,0.,              407P    294
6.283185307,0.,0.,1.,0.,0.,1.;                                       407P    295
100,0.,90.,31.75,88.5,31.75,91.5,31.75;                              409P    296
102,4,393,397,403,407;                                               411P    297
102,4,395,401,405,409;                                               413P    298
142,1,391,411,413,1;                                                 415P    299
144,391,1,0,415;                                                     417P    300
110,83.,24.75,2.,83.,24.75,1002.;                                    419P    301
110,84.5,24.75,0.,84.5,24.75,2.;                                     421P    302
120,419,421,0.,6.28318530717959;                                     423P    303
126,1,1,1,0,1,0,0.,0.,1.,1.,1.,1.,0.,6.283185307,0.,1.,              425P    304
6.283185307,0.,0.,1.,0.,0.,1.;                                       425P    305
110,84.5,24.75,0.,84.5,24.75,2.;                                     427P    306
126,1,1,1,0,1,0,0.,0.,1.,1.,1.,1.,1.,6.283185307,0.,1.,              429P    307
3.141592654,0.,0.,1.,0.,0.,1.;                                       429P    308
124,1.,-7.105427357601E-015,0.,1.71307412699666E-013,                431P    309
-7.105427357601E-015,-1.,6.98296672221876E-015,                      431P    310
49.5000000000006,-4.96169627852706E-029,-6.98296672221876E-015,      431P    311
-1.,4.00000000000017;                                                431P    312
100,2.,83.,24.75,84.5,24.75,81.5,24.75;                              433P    313
126,1,1,1,0,1,0,0.,0.,1.,1.,1.,1.,1.,3.141592654,0.,0.,              435P    314
3.141592654,0.,0.,1.,0.,0.,1.;                                       435P    315
110,81.5,24.75,2.,81.5,24.75,0.;                                     437P    316
126,1,1,1,0,1,0,0.,0.,1.,1.,1.,1.,0.,3.141592654,0.,0.,              439P    317
6.283185307,0.,0.,1.,0.,0.,1.;                                       439P    318
100,0.,83.,24.75,81.5,24.75,84.5,24.75;                              441P    319
102,4,425,429,435,439;                                               443P    320
102,4,427,433,437,441;                                               445P    321
142,1,423,443,445,1;                                                 447P    322
144,423,1,0,447;                                                     449P    323
110,76.,21.25,2.,76.,21.25,1002.;                                    451P    324
110,77.5,21.25,0.,77.5,21.25,2.;                                     453P    325
120,451,453,0.,6.28318530717959;                                     455P    326
126,1,1,1,0,1,0,0.,0.,1.,1.,1.,1.,0.,6.283185307,0.,1.,              457P    327
6.283185307,0.,0.,1.,0.,0.,1.;                                       457P    328
110,77.5,21.25,0.,77.5,21.25,2.;                                     459P    329
126,1,1,1,0,1,0,0.,0.,1.,1.,1.,1.,1.,6.283185307,0.,1.,              461P    330
3.141592654,0.,0.,1.,0.,0.,1.;                                       461P    331
124,1.,-7.105427357601E-015,0.,1.49324996812088E-013,                463P    332
-7.105427357601E-015,-1.,6.98296672221876E-015,                      463P    333
42.5000000000005,-4.96169627852706E-029,-6.98296672221876E-015,      463P    334
-1.,4.00000000000015;                                                463P    335
100,2.,76.,21.25,77.5,21.25,74.5,21.25;                              465P    336
126,1,1,1,0,1,0,0.,0.,1.,1.,1.,1.,1.,3.141592654,0.,0.,              467P    337
3.141592654,0.,0.,1.,0.,0.,1.;                                       467P    338
110,74.5,21.25,2.,74.5,21.25,0.;                                     469P    339
126,1,1,1,0,1,0,0.,0.,1.,1.,1.,1.,0.,3.141592654,0.,0.,              471P    340
6.283185307,0.,0.,1.,0.,0.,1.;                                       471P    341
100,0.,76.,21.25,74.5,21.25,77.5,21.25;                              473P    342
102,4,457,461,467,471;                                               475P    343
102,4,459,465,469,473;                                               477P    344
142,1,455,475,477,1;                                                 479P    345
144,455,1,0,479;                                                     481P    346
110,69.,28.25,2.,69.,28.25,1002.;                                    483P    347
110,70.5,28.25,0.,70.5,28.25,2.;                                     485P    348
120,483,485,0.,6.28318530717959;                                     487P    349
126,1,1,1,0,1,0,0.,0.,1.,1.,1.,1.,0.,6.283185307,0.,1.,              489P    350
6.283185307,0.,0.,1.,0.,0.,1.;                                       489P    351
110,70.5,28.25,0.,70.5,28.25,2.;                                     491P    352
126,1,1,1,0,1,0,0.,0.,1.,1.,1.,1.,1.,6.283185307,0.,1.,              493P    353
3.141592654,0.,0.,1.,0.,0.,1.;                                       493P    354
124,1.,-7.105427357601E-015,0.,2.07167616395058E-013,                495P    355
-7.105427357601E-015,-1.,6.98296672221876E-015,                      495P    356
56.5000000000005,-4.96169627852706E-029,-6.98296672221876E-015,      495P    357
-1.,4.0000000000002;                                                 495P    358
100,2.,69.,28.25,70.5,28.25,67.5,28.25;                              497P    359
126,1,1,1,0,1,0,0.,0.,1.,1.,1.,1.,1.,3.141592654,0.,0.,              499P    360
3.141592654,0.,0.,1.,0.,0.,1.;                                       499P    361
110,67.5,28.25,2.,67.5,28.25,0.;                                     501P    362
126,1,1,1,0,1,0,0.,0.,1.,1.,1.,1.,0.,3.141592654,0.,0.,              503P    363
6.283185307,0.,0.,1.,0.,0.,1.;                                       503P    364
100,0.,69.,28.25,67.5,28.25,70.5,28.25;                              505P    365
102,4,489,493,499,503;                                               507P    366
102,4,491,497,501,505;                                               509P    367
142,1,487,507,509,1;                                                 511P    368
144,487,1,0,511;                                                     513P    369
110,62.,21.25,2.,62.,21.25,1002.;                                    515P    370
110,63.5,21.25,0.,63.5,21.25,2.;                                     517P    371
120,515,517,0.,6.28318530717959;                                     519P    372
126,1,1,1,0,1,0,0.,0.,1.,1.,1.,1.,0.,6.283185307,0.,1.,              521P    373
6.283185307,0.,0.,1.,0.,0.,1.;                                       521P    374
110,63.5,21.25,0.,63.5,21.25,2.;                                     523P    375
126,1,1,1,0,1,0,0.,0.,1.,1.,1.,1.,1.,6.283185307,0.,1.,              525P    376
3.141592654,0.,0.,1.,0.,0.,1.;                                       525P    377
124,1.,-7.105427357601E-015,0.,1.49324996812087E-013,                527P    378
-7.105427357601E-015,-1.,6.98296672221876E-015,                      527P    379
42.5000000000004,-4.96169627852706E-029,-6.98296672221876E-015,      527P    380
-1.,4.00000000000015;                                                527P    381
100,2.,62.,21.25,63.5,21.25,60.5,21.25;                              529P    382
126,1,1,1,0,1,0,0.,0.,1.,1.,1.,1.,1.,3.141592654,0.,0.,              531P    383
3.141592654,0.,0.,1.,0.,0.,1.;                                       531P    384
110,60.5,21.25,2.,60.5,21.25,0.;                                     533P    385
126,1,1,1,0,1,0,0.,0.,1.,1.,1.,1.,0.,3.141592654,0.,0.,              535P    386
6.283185307,0.,0.,1.,0.,0.,1.;                                       535P    387
100,0.,62.,21.25,60.5,21.25,63.5,21.25;                              537P    388
102,4,521,525,531,535;                                               539P    389
102,4,523,529,533,537;                                               541P    390
142,1,519,539,541,1;                                                 543P    391
144,519,1,0,543;                                                     545P    392
110,69.,14.25,2.,69.,14.25,1002.;                                    547P    393
110,70.5,14.25,0.,70.5,14.25,2.;                                     549P    394
120,547,549,0.,6.28318530717959;                                     551P    395
126,1,1,1,0,1,0,0.,0.,1.,1.,1.,1.,0.,6.283185307,0.,1.,              553P    396
6.283185307,0.,0.,1.,0.,0.,1.;                                       553P    397
110,70.5,14.25,0.,70.5,14.25,2.;                                     555P    398
126,1,1,1,0,1,0,0.,0.,1.,1.,1.,1.,1.,6.283185307,0.,1.,              557P    399
3.141592654,0.,0.,1.,0.,0.,1.;                                       557P    400
124,1.,-7.105427357601E-015,0.,1.05360165036931E-013,                559P    401
-7.105427357601E-015,-1.,6.98296672221876E-015,                      559P    402
28.5000000000005,-4.96169627852706E-029,-6.98296672221876E-015,      559P    403
-1.,4.0000000000001;                                                 559P    404
100,2.,69.,14.25,70.5,14.25,67.5,14.25;                              561P    405
126,1,1,1,0,1,0,0.,0.,1.,1.,1.,1.,1.,3.141592654,0.,0.,              563P    406
3.141592654,0.,0.,1.,0.,0.,1.;                                       563P    407
110,67.5,14.25,2.,67.5,14.25,0.;                                     565P    408
126,1,1,1,0,1,0,0.,0.,1.,1.,1.,1.,0.,3.141592654,0.,0.,              567P    409
6.283185307,0.,0.,1.,0.,0.,1.;                                       567P    410
100,0.,69.,14.25,67.5,14.25,70.5,14.25;                              569P    411
102,4,553,557,563,567;                                               571P    412
102,4,555,561,565,569;                                               573P    413
142,1,551,571,573,1;                                                 575P    414
144,551,1,0,575;                                                     577P    415
110,69.,42.25,2.,69.,42.25,1002.;                                    579P    416
110,73.,42.25,0.,73.,42.25,2.;                                       581P    417
120,579,581,0.,6.28318530717959;                                     583P    418
126,1,1,1,0,1,0,0.,0.,1.,1.,1.,1.,0.,6.283185307,0.,1.,              585P    419
6.283185307,0.,0.,1.,0.,0.,1.;                                       585P    420
110,73.,42.25,0.,73.,42.25,2.;                                       587P    421
126,1,1,1,0,1,0,0.,0.,1.,1.,1.,1.,1.,6.283185307,0.,1.,              589P    422
3.141592654,0.,0.,1.,0.,0.,1.;                                       589P    423
124,1.,-7.105427357601E-015,0.,2.9509727994537E-013,                 591P    424
-7.105427357601E-015,-1.,6.98296672221876E-015,                      591P    425
84.5000000000005,-4.96169627852706E-029,-6.98296672221876E-015,      591P    426
-1.,4.0000000000003;                                                 591P    427
100,2.,69.,42.25,73.,42.25,65.,42.25;                                593P    428
126,1,1,1,0,1,0,0.,0.,1.,1.,1.,1.,1.,3.141592654,0.,0.,              595P    429
3.141592654,0.,0.,1.,0.,0.,1.;                                       595P    430
110,65.,42.25,2.,65.,42.25,0.;                                       597P    431
126,1,1,1,0,1,0,0.,0.,1.,1.,1.,1.,0.,3.141592654,0.,0.,              599P    432
6.283185307,0.,0.,1.,0.,0.,1.;                                       599P    433
100,0.,69.,42.25,65.,42.25,73.,42.25;                                601P    434
102,4,585,589,595,599;                                               603P    435
102,4,587,593,597,601;                                               605P    436
142,1,583,603,605,1;                                                 607P    437
144,583,1,0,607;                                                     609P    438
110,69.,21.25,2.,69.,21.25,1002.;                                    611P    439
110,73.,21.25,0.,73.,21.25,2.;                                       613P    440
120,611,613,0.,6.28318530717959;                                     615P    441
126,1,1,1,0,1,0,0.,0.,1.,1.,1.,1.,0.,6.283185307,0.,1.,              617P    442
6.283185307,0.,0.,1.,0.,0.,1.;                                       617P    443
110,73.,21.25,0.,73.,21.25,2.;                                       619P    444
126,1,1,1,0,1,0,0.,0.,1.,1.,1.,1.,1.,6.283185307,0.,1.,              621P    445
3.141592654,0.,0.,1.,0.,0.,1.;                                       621P    446
124,1.,-7.105427357601E-015,0.,1.49324996812087E-013,                623P    447
-7.105427357601E-015,-1.,6.98296672221876E-015,                      623P    448
42.5000000000005,-4.96169627852706E-029,-6.98296672221876E-015,      623P    449
-1.,4.00000000000015;                                                623P    450
100,2.,69.,21.25,73.,21.25,65.,21.25;                                625P    451
126,1,1,1,0,1,0,0.,0.,1.,1.,1.,1.,1.,3.141592654,0.,0.,              627P    452
3.141592654,0.,0.,1.,0.,0.,1.;                                       627P    453
110,65.,21.25,2.,65.,21.25,0.;                                       629P    454
126,1,1,1,0,1,0,0.,0.,1.,1.,1.,1.,0.,3.141592654,0.,0.,              631P    455
6.283185307,0.,0.,1.,0.,0.,1.;                                       631P    456
100,0.,69.,21.25,65.,21.25,73.,21.25;                                633P    457
102,4,617,621,627,631;                                               635P    458
102,4,619,625,629,633;                                               637P    459
142,1,615,635,637,1;                                                 639P    460
144,615,1,0,639;                                                     641P    461
110,83.,31.75,2.,83.,31.75,1002.;                                    643P    462
110,87.,31.75,0.,87.,31.75,2.;                                       645P    463
120,643,645,0.,6.28318530717959;                                     647P    464
126,1,1,1,0,1,0,0.,0.,1.,1.,1.,1.,0.,6.283185307,0.,1.,              649P    465
6.283185307,0.,0.,1.,0.,0.,1.;                                       649P    466
110,87.,31.75,0.,87.,31.75,2.;                                       651P    467
126,1,1,1,0,1,0,0.,0.,1.,1.,1.,1.,1.,6.283185307,0.,1.,              653P    468
3.141592654,0.,0.,1.,0.,0.,1.;                                       653P    469
124,1.,-7.105427357601E-015,0.,2.29150032282637E-013,                655P    470
-7.105427357601E-015,-1.,6.98296672221876E-015,                      655P    471
63.5000000000006,-4.96169627852706E-029,-6.98296672221876E-015,      655P    472
-1.,4.00000000000022;                                                655P    473
100,2.,83.,31.75,87.,31.75,79.,31.75;                                657P    474
126,1,1,1,0,1,0,0.,0.,1.,1.,1.,1.,1.,3.141592654,0.,0.,              659P    475
3.141592654,0.,0.,1.,0.,0.,1.;                                       659P    476
110,79.,31.75,2.,79.,31.75,0.;                                       661P    477
126,1,1,1,0,1,0,0.,0.,1.,1.,1.,1.,0.,3.141592654,0.,0.,              663P    478
6.283185307,0.,0.,1.,0.,0.,1.;                                       663P    479
100,0.,83.,31.75,79.,31.75,87.,31.75;                                665P    480
102,4,649,653,659,663;                                               667P    481
102,4,651,657,661,665;                                               669P    482
142,1,647,667,669,1;                                                 671P    483
144,647,1,0,671;                                                     673P    484
110,45.,44.75,2.,45.,44.75,1002.;                                    675P    485
110,53.,44.75,0.,53.,44.75,2.;                                       677P    486
120,675,677,0.,6.28318530717959;                                     679P    487
126,1,1,1,0,1,0,0.,0.,1.,1.,1.,1.,0.,6.283185307,0.,1.,              681P    488
6.283185307,0.,0.,1.,0.,0.,1.;                                       681P    489
110,53.,44.75,0.,53.,44.75,2.;                                       683P    490
126,1,1,1,0,1,0,0.,0.,1.,1.,1.,1.,1.,6.283185307,0.,1.,              685P    491
3.141592654,0.,0.,1.,0.,0.,1.;                                       685P    492
124,1.,-7.105427357601E-015,0.,3.16746628925559E-013,                687P    493
-7.105427357601E-015,-1.,6.98296672221876E-015,                      687P    494
89.5000000000003,-4.96169627852706E-029,-6.98296672221876E-015,      687P    495
-1.,4.00000000000031;                                                687P    496
100,2.,45.,44.75,53.,44.75,37.,44.75;                                689P    497
126,1,1,1,0,1,0,0.,0.,1.,1.,1.,1.,1.,3.141592654,0.,0.,              691P    498
3.141592654,0.,0.,1.,0.,0.,1.;                                       691P    499
110,37.,44.75,2.,37.,44.75,0.;                                       693P    500
126,1,1,1,0,1,0,0.,0.,1.,1.,1.,1.,0.,3.141592654,0.,0.,              695P    501
6.283185307,0.,0.,1.,0.,0.,1.;                                       695P    502
100,0.,45.,44.75,37.,44.75,53.,44.75;                                697P    503
102,4,681,685,691,695;                                               699P    504
102,4,683,689,693,697;                                               701P    505
142,1,679,699,701,1;                                                 703P    506
144,679,1,0,703;                                                     705P    507
110,45.,18.75,2.,45.,18.75,1002.;                                    707P    508
110,53.,18.75,0.,53.,18.75,2.;                                       709P    509
120,707,709,0.,6.28318530717959;                                     711P    510
126,1,1,1,0,1,0,0.,0.,1.,1.,1.,1.,0.,6.283185307,0.,1.,              713P    511
6.283185307,0.,0.,1.,0.,0.,1.;                                       713P    512
110,53.,18.75,0.,53.,18.75,2.;                                       715P    513
126,1,1,1,0,1,0,0.,0.,1.,1.,1.,1.,1.,6.283185307,0.,1.,              717P    514
3.141592654,0.,0.,1.,0.,0.,1.;                                       717P    515
124,1.,-7.105427357601E-015,0.,1.34614541735803E-013,                719P    516
-7.105427357601E-015,-1.,6.98296672221876E-015,                      719P    517
37.5000000000003,-4.96169627852706E-029,-6.98296672221876E-015,      719P    518
-1.,4.00000000000013;                                                719P    519
100,2.,45.,18.75,53.,18.75,37.,18.75;                                721P    520
126,1,1,1,0,1,0,0.,0.,1.,1.,1.,1.,1.,3.141592654,0.,0.,              723P    521
3.141592654,0.,0.,1.,0.,0.,1.;                                       723P    522
110,37.,18.75,2.,37.,18.75,0.;                                       725P    523
126,1,1,1,0,1,0,0.,0.,1.,1.,1.,1.,0.,3.141592654,0.,0.,              727P    524
6.283185307,0.,0.,1.,0.,0.,1.;                                       727P    525
100,0.,45.,18.75,37.,18.75,53.,18.75;                                729P    526
102,4,713,717,723,727;                                               731P    527
102,4,715,721,725,729;                                               733P    528
142,1,711,731,733,1;                                                 735P    529
144,711,1,0,735;                                                     737P    530
110,19.,44.75,2.,19.,44.75,1002.;                                    739P    531
110,27.,44.75,0.,27.,44.75,2.;                                       741P    532
120,739,741,0.,6.28318530717959;                                     743P    533
126,1,1,1,0,1,0,0.,0.,1.,1.,1.,1.,0.,6.283185307,0.,1.,              745P    534
6.283185307,0.,0.,1.,0.,0.,1.;                                       745P    535
110,27.,44.75,0.,27.,44.75,2.;                                       747P    536
126,1,1,1,0,1,0,0.,0.,1.,1.,1.,1.,1.,6.283185307,0.,1.,              749P    537
3.141592654,0.,0.,1.,0.,0.,1.;                                       749P    538
124,1.,-7.105427357601E-015,0.,3.16746628925558E-013,                751P    539
-7.105427357601E-015,-1.,6.98296672221876E-015,                      751P    540
89.5000000000001,-4.96169627852706E-029,-6.98296672221876E-015,      751P    541
-1.,4.00000000000031;                                                751P    542
100,2.,19.,44.75,27.,44.75,11.,44.75;                                753P    543
126,1,1,1,0,1,0,0.,0.,1.,1.,1.,1.,1.,3.141592654,0.,0.,              755P    544
3.141592654,0.,0.,1.,0.,0.,1.;                                       755P    545
110,11.,44.75,2.,11.,44.75,0.;                                       757P    546
126,1,1,1,0,1,0,0.,0.,1.,1.,1.,1.,0.,3.141592654,0.,0.,              759P    547
6.283185307,0.,0.,1.,0.,0.,1.;                                       759P    548
100,0.,19.,44.75,11.,44.75,27.,44.75;                                761P    549
102,4,745,749,755,759;                                               763P    550
102,4,747,753,757,761;                                               765P    551
142,1,743,763,765,1;                                                 767P    552
144,743,1,0,767;                                                     769P    553
110,19.,18.75,2.,19.,18.75,1002.;                                    771P    554
110,27.,18.75,0.,27.,18.75,2.;                                       773P    555
120,771,773,0.,6.28318530717959;                                     775P    556
126,1,1,1,0,1,0,0.,0.,1.,1.,1.,1.,0.,6.283185307,0.,1.,              777P    557
6.283185307,0.,0.,1.,0.,0.,1.;                                       777P    558
110,27.,18.75,0.,27.,18.75,2.;                                       779P    559
126,1,1,1,0,1,0,0.,0.,1.,1.,1.,1.,1.,6.283185307,0.,1.,              781P    560
3.141592654,0.,0.,1.,0.,0.,1.;                                       781P    561
124,1.,-7.105427357601E-015,0.,1.34614541735801E-013,                783P    562
-7.105427357601E-015,-1.,6.98296672221876E-015,                      783P    563
37.5000000000001,-4.96169627852706E-029,-6.98296672221876E-015,      783P    564
-1.,4.00000000000013;                                                783P    565
100,2.,19.,18.75,27.,18.75,11.,18.75;                                785P    566
126,1,1,1,0,1,0,0.,0.,1.,1.,1.,1.,1.,3.141592654,0.,0.,              787P    567
3.141592654,0.,0.,1.,0.,0.,1.;                                       787P    568
110,11.,18.75,2.,11.,18.75,0.;                                       789P    569
126,1,1,1,0,1,0,0.,0.,1.,1.,1.,1.,0.,3.141592654,0.,0.,              791P    570
6.283185307,0.,0.,1.,0.,0.,1.;                                       791P    571
100,0.,19.,18.75,11.,18.75,27.,18.75;                                793P    572
102,4,777,781,787,791;                                               795P    573
102,4,779,785,789,793;                                               797P    574
142,1,775,795,797,1;                                                 799P    575
144,775,1,0,799;                                                     801P    576
110,104.5,44.75,2.,104.5,44.75,1002.;                                803P    577
110,112.5,44.75,0.,112.5,44.75,2.;                                   805P    578
120,803,805,0.,6.28318530717959;                                     807P    579
126,1,1,1,0,1,0,0.,0.,1.,1.,1.,1.,0.,6.283185307,0.,1.,              809P    580
6.283185307,0.,0.,1.,0.,0.,1.;                                       809P    581
110,112.5,44.75,0.,112.5,44.75,2.;                                   811P    582
126,1,1,1,0,1,0,0.,0.,1.,1.,1.,1.,1.,6.283185307,0.,1.,              813P    583
3.141592654,0.,0.,1.,0.,0.,1.;                                       813P    584
124,1.,-7.105427357601E-015,0.,3.16746628925562E-013,                815P    585
-7.105427357601E-015,-1.,6.98296672221876E-015,                      815P    586
89.5000000000007,-4.96169627852706E-029,-6.98296672221876E-015,      815P    587
-1.,4.00000000000031;                                                815P    588
100,2.,104.5,44.75,112.5,44.75,96.5,44.75;                           817P    589
126,1,1,1,0,1,0,0.,0.,1.,1.,1.,1.,1.,3.141592654,0.,0.,              819P    590
3.141592654,0.,0.,1.,0.,0.,1.;                                       819P    591
110,96.5,44.75,2.,96.5,44.75,0.;                                     821P    592
126,1,1,1,0,1,0,0.,0.,1.,1.,1.,1.,0.,3.141592654,0.,0.,              823P    593
6.283185307,0.,0.,1.,0.,0.,1.;                                       823P    594
100,0.,104.5,44.75,96.5,44.75,112.5,44.75;                           825P    595
102,4,809,813,819,823;                                               827P    596
102,4,811,817,821,825;                                               829P    597
142,1,807,827,829,1;                                                 831P    598
144,807,1,0,831;                                                     833P    599
110,104.5,18.75,2.,104.5,18.75,1002.;                                835P    600
110,112.5,18.75,0.,112.5,18.75,2.;                                   837P    601
120,835,837,0.,6.28318530717959;                                     839P    602
126,1,1,1,0,1,0,0.,0.,1.,1.,1.,1.,0.,6.283185307,0.,1.,              841P    603
6.283185307,0.,0.,1.,0.,0.,1.;                                       841P    604
110,112.5,18.75,0.,112.5,18.75,2.;                                   843P    605
126,1,1,1,0,1,0,0.,0.,1.,1.,1.,1.,1.,6.283185307,0.,1.,              845P    606
3.141592654,0.,0.,1.,0.,0.,1.;                                       845P    607
124,1.,-7.105427357601E-015,0.,1.27675647831898E-013,                847P    608
-7.105427357601E-015,-1.,6.98296672221876E-015,                      847P    609
37.5000000000007,-4.96169627852706E-029,-6.98296672221876E-015,      847P    610
-1.,4.00000000000013;                                                847P    611
100,2.,104.5,18.75,112.5,18.75,96.5,18.75;                           849P    612
126,1,1,1,0,1,0,0.,0.,1.,1.,1.,1.,1.,3.141592654,0.,0.,              851P    613
3.141592654,0.,0.,1.,0.,0.,1.;                                       851P    614
110,96.5,18.75,2.,96.5,18.75,0.;                                     853P    615
126,1,1,1,0,1,0,0.,0.,1.,1.,1.,1.,0.,3.141592654,0.,0.,              855P    616
6.283185307,0.,0.,1.,0.,0.,1.;                                       855P    617
100,0.,104.5,18.75,96.5,18.75,112.5,18.75;                           857P    618
102,4,841,845,851,855;                                               859P    619
102,4,843,849,853,857;                                               861P    620
142,1,839,859,861,1;                                                 863P    621
144,839,1,0,863;                                                     865P    622
110,79.,56.065,-998.,79.,56.065,2.;                                  867P    623
110,81.,56.065,1.,82.,56.065,2.;                                     869P    624
120,867,869,0.,6.28318530717959;                                     871P    625
126,1,1,1,0,1,0,0.,0.,1.,1.,1.,1.,0.,6.283185307,0.,1.,              873P    626
6.283185307,0.,0.,1.,0.,0.,1.;                                       873P    627
110,81.,56.065,1.,82.,56.065,2.;                                     875P    628
126,1,1,1,0,1,0,0.,0.,1.,1.,1.,1.,1.,6.283185307,0.,1.,              877P    629
3.141592654,0.,0.,1.,0.,0.,1.;                                       877P    630
124,1.,-7.105427357601E-015,0.,3.94275723181185E-013,                879P    631
-7.105427357601E-015,-1.,6.98296672221876E-015,                      879P    632
112.130000000001,-4.96169627852706E-029,-6.98296672221876E-015,      879P    633
-1.,4.00000000000039;                                                879P    634
100,2.,79.,56.065,82.,56.065,76.,56.065;                             881P    635
126,1,1,1,0,1,0,0.,0.,1.,1.,1.,1.,1.,3.141592654,0.,0.,              883P    636
3.141592654,0.,0.,1.,0.,0.,1.;                                       883P    637
110,76.,56.065,2.,77.,56.065,1.;                                     885P    638
126,1,1,1,0,1,0,0.,0.,1.,1.,1.,1.,0.,3.141592654,0.,0.,              887P    639
6.283185307,0.,0.,1.,0.,0.,1.;                                       887P    640
100,1.,79.,56.065,77.,56.065,81.,56.065;                             889P    641
102,4,873,877,883,887;                                               891P    642
102,4,875,881,885,889;                                               893P    643
142,1,871,891,893,1;                                                 895P    644
144,871,1,0,895;                                                     897P    645
110,79.,56.065,2.,79.,56.065,1002.;                                  899P    646
110,81.,56.065,0.,81.,56.065,1.;                                     901P    647
120,899,901,0.,6.28318530717959;                                     903P    648
126,1,1,1,0,1,0,0.,0.,1.,1.,1.,1.,0.,6.283185307,0.,1.,              905P    649
6.283185307,0.,0.,1.,0.,0.,1.;                                       905P    650
110,81.,56.065,0.,81.,56.065,1.;                                     907P    651
126,1,1,1,0,1,0,0.,0.,1.,1.,1.,1.,1.,6.283185307,0.,1.,              909P    652
3.141592654,0.,0.,1.,0.,0.,1.;                                       909P    653
124,1.,-7.105427357601E-015,0.,3.94275723181185E-013,                911P    654
-7.105427357601E-015,-1.,6.98296672221876E-015,                      911P    655
112.130000000001,-4.96169627852706E-029,-6.98296672221876E-015,      911P    656
-1.,2.00000000000042;                                                911P    657
100,1.,79.,56.065,81.,56.065,77.,56.065;                             913P    658
126,1,1,1,0,1,0,0.,0.,1.,1.,1.,1.,1.,3.141592654,0.,0.,              915P    659
3.141592654,0.,0.,1.,0.,0.,1.;                                       915P    660
110,77.,56.065,1.,77.,56.065,0.;                                     917P    661
126,1,1,1,0,1,0,0.,0.,1.,1.,1.,1.,0.,3.141592654,0.,0.,              919P    662
6.283185307,0.,0.,1.,0.,0.,1.;                                       919P    663
100,0.,79.,56.065,77.,56.065,81.,56.065;                             921P    664
102,4,905,909,915,919;                                               923P    665
102,4,907,913,917,921;                                               925P    666
142,1,903,923,925,1;                                                 927P    667
144,903,1,0,927;                                                     929P    668
128,1,1,1,1,0,0,1,0,0,0.,0.,1.,1.,0.,0.,1.,1.,1.,1.,1.,1.,           931P    669
123.250000002,0.249999998,2.,0.249999998,0.249999998,2.,             931P    670
123.250000002,63.250000002,2.,0.249999998,63.250000002,2.,0.,        931P    671
1.,0.,1.;                                                            931P    672
126,16,2,1,0,1,0,0.,0.,0.,0.125,0.125,0.25,0.25,0.375,0.375,         933P    673
0.5,0.5,0.625,0.625,0.75,0.75,0.875,0.875,1.,1.,1.,1.,1.,1.,1.,      933P    674
1.,1.,1.,1.,1.,1.,1.,1.,1.,1.,1.,1.,1.,0.,0.194444444,0.,0.,         933P    675
0.175293338,0.,0.001913661,0.156510215,0.,0.003827322,               933P    676
0.137727092,0.,0.007581103,0.120033777,0.,0.011334885,               933P    677
0.102340462,0.,0.01678453,0.086416899,0.,0.022234176,                933P    678
0.070493336,0.,0.02917026,0.056951459,0.,0.036106343,                933P    679
0.043409582,0.,0.044262314,0.032769798,0.,0.052418285,               933P    680
0.022130013,0.,0.061480715,0.014801202,0.,0.070543145,               933P    681
0.007472391,0.,0.080163769,0.003736195,0.,0.089784393,0.,0.,         933P    682
0.099593496,0.,0.,0.,1.,0.,0.,-1.;                                   933P    683
124,1.,-1.40883940781654E-014,-6.98296672221876E-015,                935P    684
1.85852689533635E-013,-1.40883940781654E-014,-1.,0.,                 935P    685
25.0000000000016,-6.98296672221876E-015,9.83787870259465E-029,       935P    686
-1.,4.00000000000078;                                                935P    687
100,2.,111.,12.5,123.250000002,12.5,111.,24.750000002;               937P    688
126,1,1,1,0,1,0,0.,0.,1.,1.,1.,1.,0.099593496,0.,0.,                 939P    689
0.900406504,0.,0.,0.,1.,0.,0.,1.;                                    939P    690
110,111.,0.249999998,2.,12.5,0.249999998,2.;                         941P    691
126,16,2,1,0,1,0,0.,0.,0.,0.125,0.125,0.25,0.25,0.375,0.375,         943P    692
0.5,0.5,0.625,0.625,0.75,0.75,0.875,0.875,1.,1.,1.,1.,1.,1.,1.,      943P    693
1.,1.,1.,1.,1.,1.,1.,1.,1.,1.,1.,1.,1.,0.900406504,0.,0.,            943P    694
0.910215607,0.,0.,0.919836231,0.003736195,0.,0.929456855,            943P    695
0.007472391,0.,0.938519285,0.014801202,0.,0.947581715,               943P    696
0.022130013,0.,0.955737686,0.032769798,0.,0.963893657,               943P    697
0.043409582,0.,0.97082974,0.056951459,0.,0.977765824,                943P    698
0.070493336,0.,0.98321547,0.086416899,0.,0.988665115,                943P    699
0.102340462,0.,0.992418897,0.120033777,0.,0.996172678,               943P    700
0.137727092,0.,0.998086339,0.156510215,0.,1.,0.175293338,0.,1.,      943P    701
0.194444444,0.,0.,1.,0.,0.,-1.;                                      943P    702
124,-7.04419703990988E-015,-1.,0.,25.0000000000001,-1.,              945P    703
7.04419703990988E-015,6.98296672221876E-015,24.9999999999999,        945P    704
-6.98296672221876E-015,4.91893935144426E-029,-1.,                    945P    705
4.00000000000009;                                                    945P    706
100,2.,12.5,12.5,24.750000002,12.5,12.5,24.750000002;                947P    707
126,1,1,1,0,1,0,0.,0.,1.,1.,1.,1.,1.,0.194444444,0.,1.,              949P    708
0.805555556,0.,0.,1.,0.,0.,1.;                                       949P    709
110,0.249999998,12.5,2.,0.249999998,51.,2.;                          951P    710
126,16,2,1,0,1,0,0.,0.,0.,0.125,0.125,0.25,0.25,0.375,0.375,         953P    711
0.5,0.5,0.625,0.625,0.75,0.75,0.875,0.875,1.,1.,1.,1.,1.,1.,1.,      953P    712
1.,1.,1.,1.,1.,1.,1.,1.,1.,1.,1.,1.,1.,1.,0.805555556,0.,1.,         953P    713
0.824706662,0.,0.998086339,0.843489785,0.,0.996172678,               953P    714
0.862272908,0.,0.992418897,0.879966223,0.,0.988665115,               953P    715
0.897659538,0.,0.98321547,0.913583101,0.,0.977765824,                953P    716
0.929506664,0.,0.97082974,0.943048541,0.,0.963893657,                953P    717
0.956590418,0.,0.955737686,0.967230202,0.,0.947581715,               953P    718
0.977869987,0.,0.938519285,0.985198798,0.,0.929456855,               953P    719
0.992527609,0.,0.919836231,0.996263805,0.,0.910215607,1.,0.,         953P    720
0.900406504,1.,0.,0.,1.,0.,0.,-1.;                                   953P    721
124,-1.,-2.22044604925031E-016,6.98296672221876E-015,25.,            955P    722
-2.22044604925031E-016,1.,0.,5.55111512312579E-015,                  955P    723
-6.98296672221876E-015,-1.55053008703971E-030,-1.,                   955P    724
4.00000000000009;                                                    955P    725
100,2.,12.5,51.,24.750000002,51.,12.5,63.250000002;                  957P    726
126,1,1,1,0,1,0,0.,0.,1.,1.,1.,1.,0.900406504,1.,0.,                 959P    727
0.099593496,1.,0.,0.,1.,0.,0.,1.;                                    959P    728
110,12.5,63.250000002,2.,111.,63.250000002,2.;                       961P    729
126,16,2,1,0,1,0,0.,0.,0.,0.125,0.125,0.25,0.25,0.375,0.375,         963P    730
0.5,0.5,0.625,0.625,0.75,0.75,0.875,0.875,1.,1.,1.,1.,1.,1.,1.,      963P    731
1.,1.,1.,1.,1.,1.,1.,1.,1.,1.,1.,1.,1.,0.099593496,1.,0.,            963P    732
0.089784393,1.,0.,0.080163769,0.996263805,0.,0.070543145,            963P    733
0.992527609,0.,0.061480715,0.985198798,0.,0.052418285,               963P    734
0.977869987,0.,0.044262314,0.967230202,0.,0.036106343,               963P    735
0.956590418,0.,0.02917026,0.943048541,0.,0.022234176,                963P    736
0.929506664,0.,0.01678453,0.913583101,0.,0.011334885,                963P    737
0.897659538,0.,0.007581103,0.879966223,0.,0.003827322,               963P    738
0.862272908,0.,0.001913661,0.843489785,0.,0.,0.824706662,0.,0.,      963P    739
0.805555556,0.,0.,1.,0.,0.,-1.;                                      963P    740
124,1.42492083670537E-014,1.,0.,59.9999999999984,1.,                 965P    741
-1.42492083670537E-014,-6.98296672221876E-015,                       965P    742
-59.9999999999993,-6.98296672221876E-015,9.95017478524439E-029,      965P    743
-1.,4.00000000000077;                                                965P    744
100,2.,111.,51.,123.250000002,51.,111.,63.250000002;                 967P    745
126,1,1,1,0,1,0,0.,0.,1.,1.,1.,1.,0.,0.805555556,0.,0.,              969P    746
0.194444444,0.,0.,1.,0.,0.,1.;                                       969P    747
110,123.250000002,51.,2.,123.250000002,12.5,2.;                      971P    748
102,8,933,939,943,949,953,959,963,969;                               973P    749
102,8,937,941,947,951,957,961,967,971;                               975P    750
142,1,931,973,975,1;                                                 977P    751
126,32,2,1,0,1,0,0.,0.,0.,0.0625,0.0625,0.125,0.125,0.1875,          979P    752
0.1875,0.25,0.25,0.3125,0.3125,0.375,0.375,0.4375,0.4375,0.5,        979P    753
0.5,0.5625,0.5625,0.625,0.625,0.6875,0.6875,0.75,0.75,0.8125,        979P    754
0.8125,0.875,0.875,0.9375,0.9375,1.,1.,1.,1.,1.,1.,1.,1.,1.,1.,      979P    755
1.,1.,1.,1.,1.,1.,1.,1.,1.,1.,1.,1.,1.,1.,1.,1.,1.,1.,1.,1.,1.,      979P    756
1.,1.,1.,1.,1.,0.465447154,0.885952381,0.,0.465447154,               979P    757
0.881262314,0.,0.464978503,0.876662366,0.,0.464509851,               979P    758
0.872062417,0.,0.463590558,0.86772936,0.,0.462671264,                979P    759
0.863396304,0.,0.461336657,0.859496656,0.,0.46000205,                979P    760
0.855597008,0.,0.458303417,0.852280629,0.,0.456604785,               979P    761
0.848964251,0.,0.454607404,0.84635859,0.,0.452610023,                979P    762
0.843752928,0.,0.450390653,0.841958117,0.,0.448171282,               979P    763
0.840163307,0.,0.445815211,0.83924832,0.,0.44345914,                 979P    764
0.838333333,0.,0.441056911,0.838333333,0.,0.438654681,               979P    765
0.838333333,0.,0.43629861,0.83924832,0.,0.433942539,                 979P    766
0.840163307,0.,0.431723168,0.841958117,0.,0.429503798,               979P    767
0.843752928,0.,0.427506417,0.84635859,0.,0.425509036,                979P    768
0.848964251,0.,0.423810404,0.852280629,0.,0.422111771,               979P    769
0.855597008,0.,0.420777164,0.859496656,0.,0.419442557,               979P    770
0.863396304,0.,0.418523263,0.86772936,0.,0.41760397,                 979P    771
0.872062417,0.,0.417135318,0.876662366,0.,0.416666667,               979P    772
0.881262314,0.,0.416666667,0.885952381,0.,0.,1.,0.,0.,1.;            979P    773
100,2.,69.,56.065,66.,56.065,72.,56.065;                             981P    774
126,32,2,1,0,1,0,0.,0.,0.,0.0625,0.0625,0.125,0.125,0.1875,          983P    775
0.1875,0.25,0.25,0.3125,0.3125,0.375,0.375,0.4375,0.4375,0.5,        983P    776
0.5,0.5625,0.5625,0.625,0.625,0.6875,0.6875,0.75,0.75,0.8125,        983P    777
0.8125,0.875,0.875,0.9375,0.9375,1.,1.,1.,1.,1.,1.,1.,1.,1.,1.,      983P    778
1.,1.,1.,1.,1.,1.,1.,1.,1.,1.,1.,1.,1.,1.,1.,1.,1.,1.,1.,1.,1.,      983P    779
1.,1.,1.,1.,1.,0.416666667,0.885952381,0.,0.416666667,               983P    780
0.890642448,0.,0.417135318,0.895242396,0.,0.41760397,                983P    781
0.899842345,0.,0.418523263,0.904175402,0.,0.419442557,               983P    782
0.908508458,0.,0.420777164,0.912408106,0.,0.422111771,               983P    783
0.916307754,0.,0.423810404,0.919624132,0.,0.425509036,               983P    784
0.92294051,0.,0.427506417,0.925546172,0.,0.429503798,                983P    785
0.928151834,0.,0.431723168,0.929946644,0.,0.433942539,               983P    786
0.931741455,0.,0.43629861,0.932656442,0.,0.438654681,                983P    787
0.933571429,0.,0.441056911,0.933571429,0.,0.44345914,                983P    788
0.933571429,0.,0.445815211,0.932656442,0.,0.448171282,               983P    789
0.931741455,0.,0.450390653,0.929946644,0.,0.452610023,               983P    790
0.928151834,0.,0.454607404,0.925546172,0.,0.456604785,               983P    791
0.92294051,0.,0.458303417,0.919624132,0.,0.46000205,                 983P    792
0.916307754,0.,0.461336657,0.912408106,0.,0.462671264,               983P    793
0.908508458,0.,0.463590558,0.904175402,0.,0.464509851,               983P    794
0.899842345,0.,0.464978503,0.895242396,0.,0.465447154,               983P    795
0.890642448,0.,0.465447154,0.885952381,0.,0.,1.,0.,0.,1.;            983P    796
100,2.,69.,56.065,72.,56.065,66.,56.065;                             985P    797
102,2,979,983;                                                       987P    798
102,2,981,985;                                                       989P    799
142,1,931,987,989,1;                                                 991P    800
126,32,2,1,0,1,0,0.,0.,0.,0.0625,0.0625,0.125,0.125,0.1875,          993P    801
0.1875,0.25,0.25,0.3125,0.3125,0.375,0.375,0.4375,0.4375,0.5,        993P    802
0.5,0.5625,0.5625,0.625,0.625,0.6875,0.6875,0.75,0.75,0.8125,        993P    803
0.8125,0.875,0.875,0.9375,0.9375,1.,1.,1.,1.,1.,1.,1.,1.,1.,1.,      993P    804
1.,1.,1.,1.,1.,1.,1.,1.,1.,1.,1.,1.,1.,1.,1.,1.,1.,1.,1.,1.,1.,      993P    805
1.,1.,1.,1.,1.,0.384146341,0.114047619,0.,0.384146341,               993P    806
0.109357552,0.,0.38367769,0.104757604,0.,0.383209038,                993P    807
0.100157655,0.,0.382289745,0.095824598,0.,0.381370451,               993P    808
0.091491542,0.,0.380035844,0.087591894,0.,0.378701237,               993P    809
0.083692246,0.,0.377002604,0.080375868,0.,0.375303972,               993P    810
0.07705949,0.,0.373306591,0.074453828,0.,0.37130921,                 993P    811
0.071848166,0.,0.36908984,0.070053356,0.,0.366870469,                993P    812
0.068258545,0.,0.364514398,0.067343558,0.,0.362158327,               993P    813
0.066428571,0.,0.359756098,0.066428571,0.,0.357353868,               993P    814
0.066428571,0.,0.354997797,0.067343558,0.,0.352641726,               993P    815
0.068258545,0.,0.350422355,0.070053356,0.,0.348202985,               993P    816
0.071848166,0.,0.346205604,0.074453828,0.,0.344208223,               993P    817
0.07705949,0.,0.342509591,0.080375868,0.,0.340810958,                993P    818
0.083692246,0.,0.339476351,0.087591894,0.,0.338141744,               993P    819
0.091491542,0.,0.33722245,0.095824598,0.,0.336303157,                993P    820
0.100157655,0.,0.335834505,0.104757604,0.,0.335365854,               993P    821
0.109357552,0.,0.335365854,0.114047619,0.,0.,1.,0.,0.,1.;            993P    822
100,2.,79.,7.435,76.,7.435,82.,7.435;                                995P    823
126,32,2,1,0,1,0,0.,0.,0.,0.0625,0.0625,0.125,0.125,0.1875,          997P    824
0.1875,0.25,0.25,0.3125,0.3125,0.375,0.375,0.4375,0.4375,0.5,        997P    825
0.5,0.5625,0.5625,0.625,0.625,0.6875,0.6875,0.75,0.75,0.8125,        997P    826
0.8125,0.875,0.875,0.9375,0.9375,1.,1.,1.,1.,1.,1.,1.,1.,1.,1.,      997P    827
1.,1.,1.,1.,1.,1.,1.,1.,1.,1.,1.,1.,1.,1.,1.,1.,1.,1.,1.,1.,1.,      997P    828
1.,1.,1.,1.,1.,0.335365854,0.114047619,0.,0.335365854,               997P    829
0.118737686,0.,0.335834505,0.123337634,0.,0.336303157,               997P    830
0.127937583,0.,0.33722245,0.13227064,0.,0.338141744,                 997P    831
0.136603696,0.,0.339476351,0.140503344,0.,0.340810958,               997P    832
0.144402992,0.,0.342509591,0.147719371,0.,0.344208223,               997P    833
0.151035749,0.,0.346205604,0.15364141,0.,0.348202985,                997P    834
0.156247072,0.,0.350422355,0.158041883,0.,0.352641726,               997P    835
0.159836693,0.,0.354997797,0.16075168,0.,0.357353868,                997P    836
0.161666667,0.,0.359756098,0.161666667,0.,0.362158327,               997P    837
0.161666667,0.,0.364514398,0.16075168,0.,0.366870469,                997P    838
0.159836693,0.,0.36908984,0.158041883,0.,0.37130921,                 997P    839
0.156247072,0.,0.373306591,0.15364141,0.,0.375303972,                997P    840
0.151035749,0.,0.377002604,0.147719371,0.,0.378701237,               997P    841
0.144402992,0.,0.380035844,0.140503344,0.,0.381370451,               997P    842
0.136603696,0.,0.382289745,0.13227064,0.,0.383209038,                997P    843
0.127937583,0.,0.38367769,0.123337634,0.,0.384146341,                997P    844
0.118737686,0.,0.384146341,0.114047619,0.,0.,1.,0.,0.,1.;            997P    845
100,2.,79.,7.435,82.,7.435,76.,7.435;                                999P    846
102,2,993,997;                                                      1001P    847
102,2,995,999;                                                      1003P    848
142,1,931,1001,1003,1;                                              1005P    849
126,32,2,1,0,1,0,0.,0.,0.,0.0625,0.0625,0.125,0.125,0.1875,         1007P    850
0.1875,0.25,0.25,0.3125,0.3125,0.375,0.375,0.4375,0.4375,0.5,       1007P    851
0.5,0.5625,0.5625,0.625,0.625,0.6875,0.6875,0.75,0.75,0.8125,       1007P    852
0.8125,0.875,0.875,0.9375,0.9375,1.,1.,1.,1.,1.,1.,1.,1.,1.,1.,     1007P    853
1.,1.,1.,1.,1.,1.,1.,1.,1.,1.,1.,1.,1.,1.,1.,1.,1.,1.,1.,1.,1.,     1007P    854
1.,1.,1.,1.,1.,0.465447154,0.114047619,0.,0.465447154,              1007P    855
0.109357552,0.,0.464978503,0.104757604,0.,0.464509851,              1007P    856
0.100157655,0.,0.463590558,0.095824598,0.,0.462671264,              1007P    857
0.091491542,0.,0.461336657,0.087591894,0.,0.46000205,               1007P    858
0.083692246,0.,0.458303417,0.080375868,0.,0.456604785,              1007P    859
0.07705949,0.,0.454607404,0.074453828,0.,0.452610023,               1007P    860
0.071848166,0.,0.450390653,0.070053356,0.,0.448171282,              1007P    861
0.068258545,0.,0.445815211,0.067343558,0.,0.44345914,               1007P    862
0.066428571,0.,0.441056911,0.066428571,0.,0.438654681,              1007P    863
0.066428571,0.,0.43629861,0.067343558,0.,0.433942539,               1007P    864
0.068258545,0.,0.431723168,0.070053356,0.,0.429503798,              1007P    865
0.071848166,0.,0.427506417,0.074453828,0.,0.425509036,              1007P    866
0.07705949,0.,0.423810404,0.080375868,0.,0.422111771,               1007P    867
0.083692246,0.,0.420777164,0.087591894,0.,0.419442557,              1007P    868
0.091491542,0.,0.418523263,0.095824598,0.,0.41760397,               1007P    869
0.100157655,0.,0.417135318,0.104757604,0.,0.416666667,              1007P    870
0.109357552,0.,0.416666667,0.114047619,0.,0.,1.,0.,0.,1.;           1007P    871
100,2.,69.,7.435,66.,7.435,72.,7.435;                               1009P    872
126,32,2,1,0,1,0,0.,0.,0.,0.0625,0.0625,0.125,0.125,0.1875,         1011P    873
0.1875,0.25,0.25,0.3125,0.3125,0.375,0.375,0.4375,0.4375,0.5,       1011P    874
0.5,0.5625,0.5625,0.625,0.625,0.6875,0.6875,0.75,0.75,0.8125,       1011P    875
0.8125,0.875,0.875,0.9375,0.9375,1.,1.,1.,1.,1.,1.,1.,1.,1.,1.,     1011P    876
1.,1.,1.,1.,1.,1.,1.,1.,1.,1.,1.,1.,1.,1.,1.,1.,1.,1.,1.,1.,1.,     1011P    877
1.,1.,1.,1.,1.,0.416666667,0.114047619,0.,0.416666667,              1011P    878
0.118737686,0.,0.417135318,0.123337634,0.,0.41760397,               1011P    879
0.127937583,0.,0.418523263,0.13227064,0.,0.419442557,               1011P    880
0.136603696,0.,0.420777164,0.140503344,0.,0.422111771,              1011P    881
0.144402992,0.,0.423810404,0.147719371,0.,0.425509036,              1011P    882
0.151035749,0.,0.427506417,0.15364141,0.,0.429503798,               1011P    883
0.156247072,0.,0.431723168,0.158041883,0.,0.433942539,              1011P    884
0.159836693,0.,0.43629861,0.16075168,0.,0.438654681,                1011P    885
0.161666667,0.,0.441056911,0.161666667,0.,0.44345914,               1011P    886
0.161666667,0.,0.445815211,0.16075168,0.,0.448171282,               1011P    887
0.159836693,0.,0.450390653,0.158041883,0.,0.452610023,              1011P    888
0.156247072,0.,0.454607404,0.15364141,0.,0.456604785,               1011P    889
0.151035749,0.,0.458303417,0.147719371,0.,0.46000205,               1011P    890
0.144402992,0.,0.461336657,0.140503344,0.,0.462671264,              1011P    891
0.136603696,0.,0.463590558,0.13227064,0.,0.464509851,               1011P    892
0.127937583,0.,0.464978503,0.123337634,0.,0.465447154,              1011P    893
0.118737686,0.,0.465447154,0.114047619,0.,0.,1.,0.,0.,1.;           1011P    894
100,2.,69.,7.435,72.,7.435,66.,7.435;                               1013P    895
102,2,1007,1011;                                                    1015P    896
102,2,1009,1013;                                                    1017P    897
142,1,931,1015,1017,1;                                              1019P    898
126,32,2,1,0,1,0,0.,0.,0.,0.0625,0.0625,0.125,0.125,0.1875,         1021P    899
0.1875,0.25,0.25,0.3125,0.3125,0.375,0.375,0.4375,0.4375,0.5,       1021P    900
0.5,0.5625,0.5625,0.625,0.625,0.6875,0.6875,0.75,0.75,0.8125,       1021P    901
0.8125,0.875,0.875,0.9375,0.9375,1.,1.,1.,1.,1.,1.,1.,1.,1.,1.,     1021P    902
1.,1.,1.,1.,1.,1.,1.,1.,1.,1.,1.,1.,1.,1.,1.,1.,1.,1.,1.,1.,1.,     1021P    903
1.,1.,1.,1.,1.,0.510162602,0.666666667,0.,0.510162602,              1021P    904
0.664321633,0.,0.509928276,0.662021659,0.,0.50969395,               1021P    905
0.659721685,0.,0.509234303,0.657555156,0.,0.508774657,              1021P    906
0.655388628,0.,0.508107353,0.653438804,0.,0.507440049,              1021P    907
0.65148898,0.,0.506590733,0.649830791,0.,0.505741417,               1021P    908
0.648172602,0.,0.504742726,0.646869771,0.,0.503744036,              1021P    909
0.64556694,0.,0.502634351,0.644669535,0.,0.501524666,               1021P    910
0.643772129,0.,0.50034663,0.643314636,0.,0.499168594,               1021P    911
0.642857143,0.,0.49796748,0.642857143,0.,0.496766365,               1021P    912
0.642857143,0.,0.495588329,0.643314636,0.,0.494410294,              1021P    913
0.643772129,0.,0.493300609,0.644669535,0.,0.492190923,              1021P    914
0.64556694,0.,0.491192233,0.646869771,0.,0.490193543,               1021P    915
0.648172602,0.,0.489344226,0.649830791,0.,0.48849491,               1021P    916
0.65148898,0.,0.487827606,0.653438804,0.,0.487160303,               1021P    917
0.655388628,0.,0.486700656,0.657555156,0.,0.486241009,              1021P    918
0.659721685,0.,0.486006684,0.662021659,0.,0.485772358,              1021P    919
0.664321633,0.,0.485772358,0.666666667,0.,0.,1.,0.,0.,1.;           1021P    920
100,2.,62.,42.25,60.5,42.25,63.5,42.25;                             1023P    921
126,32,2,1,0,1,0,0.,0.,0.,0.0625,0.0625,0.125,0.125,0.1875,         1025P    922
0.1875,0.25,0.25,0.3125,0.3125,0.375,0.375,0.4375,0.4375,0.5,       1025P    923
0.5,0.5625,0.5625,0.625,0.625,0.6875,0.6875,0.75,0.75,0.8125,       1025P    924
0.8125,0.875,0.875,0.9375,0.9375,1.,1.,1.,1.,1.,1.,1.,1.,1.,1.,     1025P    925
1.,1.,1.,1.,1.,1.,1.,1.,1.,1.,1.,1.,1.,1.,1.,1.,1.,1.,1.,1.,1.,     1025P    926
1.,1.,1.,1.,1.,0.485772358,0.666666667,0.,0.485772358,              1025P    927
0.6690117,0.,0.486006684,0.671311674,0.,0.486241009,                1025P    928
0.673611649,0.,0.486700656,0.675778177,0.,0.487160303,              1025P    929
0.677944705,0.,0.487827606,0.679894529,0.,0.48849491,               1025P    930
0.681844353,0.,0.489344226,0.683502542,0.,0.490193543,              1025P    931
0.685160731,0.,0.491192233,0.686463562,0.,0.492190923,              1025P    932
0.687766393,0.,0.493300609,0.688663798,0.,0.494410294,              1025P    933
0.689561204,0.,0.495588329,0.690018697,0.,0.496766365,              1025P    934
0.69047619,0.,0.49796748,0.69047619,0.,0.499168594,0.69047619,      1025P    935
0.,0.50034663,0.690018697,0.,0.501524666,0.689561204,0.,            1025P    936
0.502634351,0.688663798,0.,0.503744036,0.687766393,0.,              1025P    937
0.504742726,0.686463562,0.,0.505741417,0.685160731,0.,              1025P    938
0.506590733,0.683502542,0.,0.507440049,0.681844353,0.,              1025P    939
0.508107353,0.679894529,0.,0.508774657,0.677944705,0.,              1025P    940
0.509234303,0.675778177,0.,0.50969395,0.673611649,0.,               1025P    941
0.509928276,0.671311674,0.,0.510162602,0.6690117,0.,                1025P    942
0.510162602,0.666666667,0.,0.,1.,0.,0.,1.;                          1025P    943
100,2.,62.,42.25,63.5,42.25,60.5,42.25;                             1027P    944
102,2,1021,1025;                                                    1029P    945
102,2,1023,1027;                                                    1031P    946
142,1,931,1029,1031,1;                                              1033P    947
126,32,2,1,0,1,0,0.,0.,0.,0.0625,0.0625,0.125,0.125,0.1875,         1035P    948
0.1875,0.25,0.25,0.3125,0.3125,0.375,0.375,0.4375,0.4375,0.5,       1035P    949
0.5,0.5625,0.5625,0.625,0.625,0.6875,0.6875,0.75,0.75,0.8125,       1035P    950
0.8125,0.875,0.875,0.9375,0.9375,1.,1.,1.,1.,1.,1.,1.,1.,1.,1.,     1035P    951
1.,1.,1.,1.,1.,1.,1.,1.,1.,1.,1.,1.,1.,1.,1.,1.,1.,1.,1.,1.,1.,     1035P    952
1.,1.,1.,1.,1.,0.384146341,0.885952381,0.,0.384146341,              1035P    953
0.881262314,0.,0.38367769,0.876662366,0.,0.383209038,               1035P    954
0.872062417,0.,0.382289745,0.86772936,0.,0.381370451,               1035P    955
0.863396304,0.,0.380035844,0.859496656,0.,0.378701237,              1035P    956
0.855597008,0.,0.377002604,0.852280629,0.,0.375303972,              1035P    957
0.848964251,0.,0.373306591,0.84635859,0.,0.37130921,                1035P    958
0.843752928,0.,0.36908984,0.841958117,0.,0.366870469,               1035P    959
0.840163307,0.,0.364514398,0.83924832,0.,0.362158327,               1035P    960
0.838333333,0.,0.359756098,0.838333333,0.,0.357353868,              1035P    961
0.838333333,0.,0.354997797,0.83924832,0.,0.352641726,               1035P    962
0.840163307,0.,0.350422355,0.841958117,0.,0.348202985,              1035P    963
0.843752928,0.,0.346205604,0.84635859,0.,0.344208223,               1035P    964
0.848964251,0.,0.342509591,0.852280629,0.,0.340810958,              1035P    965
0.855597008,0.,0.339476351,0.859496656,0.,0.338141744,              1035P    966
0.863396304,0.,0.33722245,0.86772936,0.,0.336303157,                1035P    967
0.872062417,0.,0.335834505,0.876662366,0.,0.335365854,              1035P    968
0.881262314,0.,0.335365854,0.885952381,0.,0.,1.,0.,0.,1.;           1035P    969
100,2.,79.,56.065,76.,56.065,82.,56.065;                            1037P    970
126,32,2,1,0,1,0,0.,0.,0.,0.0625,0.0625,0.125,0.125,0.1875,         1039P    971
0.1875,0.25,0.25,0.3125,0.3125,0.375,0.375,0.4375,0.4375,0.5,       1039P    972
0.5,0.5625,0.5625,0.625,0.625,0.6875,0.6875,0.75,0.75,0.8125,       1039P    973
0.8125,0.875,0.875,0.9375,0.9375,1.,1.,1.,1.,1.,1.,1.,1.,1.,1.,     1039P    974
1.,1.,1.,1.,1.,1.,1.,1.,1.,1.,1.,1.,1.,1.,1.,1.,1.,1.,1.,1.,1.,     1039P    975
1.,1.,1.,1.,1.,0.335365854,0.885952381,0.,0.335365854,              1039P    976
0.890642448,0.,0.335834505,0.895242396,0.,0.336303157,              1039P    977
0.899842345,0.,0.33722245,0.904175402,0.,0.338141744,               1039P    978
0.908508458,0.,0.339476351,0.912408106,0.,0.340810958,              1039P    979
0.916307754,0.,0.342509591,0.919624132,0.,0.344208223,              1039P    980
0.92294051,0.,0.346205604,0.925546172,0.,0.348202985,               1039P    981
0.928151834,0.,0.350422355,0.929946644,0.,0.352641726,              1039P    982
0.931741455,0.,0.354997797,0.932656442,0.,0.357353868,              1039P    983
0.933571429,0.,0.359756098,0.933571429,0.,0.362158327,              1039P    984
0.933571429,0.,0.364514398,0.932656442,0.,0.366870469,              1039P    985
0.931741455,0.,0.36908984,0.929946644,0.,0.37130921,                1039P    986
0.928151834,0.,0.373306591,0.925546172,0.,0.375303972,              1039P    987
0.92294051,0.,0.377002604,0.919624132,0.,0.378701237,               1039P    988
0.916307754,0.,0.380035844,0.912408106,0.,0.381370451,              1039P    989
0.908508458,0.,0.382289745,0.904175402,0.,0.383209038,              1039P    990
0.899842345,0.,0.38367769,0.895242396,0.,0.384146341,               1039P    991
0.890642448,0.,0.384146341,0.885952381,0.,0.,1.,0.,0.,1.;           1039P    992
100,2.,79.,56.065,82.,56.065,76.,56.065;                            1041P    993
102,2,1035,1039;                                                    1043P    994
102,2,1037,1041;                                                    1045P    995
142,1,931,1043,1045,1;                                              1047P    996
126,32,2,1,0,1,0,0.,0.,0.,0.0625,0.0625,0.125,0.125,0.1875,         1049P    997
0.1875,0.25,0.25,0.3125,0.3125,0.375,0.375,0.4375,0.4375,0.5,       1049P    998
0.5,0.5625,0.5625,0.625,0.625,0.6875,0.6875,0.75,0.75,0.8125,       1049P    999
0.8125,0.875,0.875,0.9375,0.9375,1.,1.,1.,1.,1.,1.,1.,1.,1.,1.,     1049P   1000
1.,1.,1.,1.,1.,1.,1.,1.,1.,1.,1.,1.,1.,1.,1.,1.,1.,1.,1.,1.,1.,     1049P   1001
1.,1.,1.,1.,1.,0.217479675,0.293650794,0.,0.217479675,              1049P   1002
0.281143949,0.,0.216229937,0.268877419,0.,0.214980199,              1049P   1003
0.25661089,0.,0.21252875,0.245056072,0.,0.210077301,                1049P   1004
0.233501254,0.,0.206518349,0.223102193,0.,0.202959396,              1049P   1005
0.212703131,0.,0.198429709,0.203859456,0.,0.193900022,              1049P   1006
0.195015782,0.,0.188573674,0.188067351,0.,0.183247325,              1049P   1007
0.18111892,0.,0.177329004,0.176332758,0.,0.171410682,               1049P   1008
0.171546595,0.,0.165127826,0.169106631,0.,0.158844969,              1049P   1009
0.166666667,0.,0.152439024,0.166666667,0.,0.146033079,              1049P   1010
0.166666667,0.,0.139750223,0.169106631,0.,0.133467366,              1049P   1011
0.171546595,0.,0.127549045,0.176332758,0.,0.121630724,              1049P   1012
0.18111892,0.,0.116304375,0.188067351,0.,0.110978027,               1049P   1013
0.195015782,0.,0.106448339,0.203859456,0.,0.101918652,              1049P   1014
0.212703131,0.,0.0983597,0.223102193,0.,0.094800748,                1049P   1015
0.233501254,0.,0.092349299,0.245056072,0.,0.08989785,               1049P   1016
0.25661089,0.,0.088648112,0.268877419,0.,0.087398374,               1049P   1017
0.281143949,0.,0.087398374,0.293650794,0.,0.,1.,0.,0.,1.;           1049P   1018
100,2.,104.5,18.75,96.5,18.75,112.5,18.75;                          1051P   1019
126,32,2,1,0,1,0,0.,0.,0.,0.0625,0.0625,0.125,0.125,0.1875,         1053P   1020
0.1875,0.25,0.25,0.3125,0.3125,0.375,0.375,0.4375,0.4375,0.5,       1053P   1021
0.5,0.5625,0.5625,0.625,0.625,0.6875,0.6875,0.75,0.75,0.8125,       1053P   1022
0.8125,0.875,0.875,0.9375,0.9375,1.,1.,1.,1.,1.,1.,1.,1.,1.,1.,     1053P   1023
1.,1.,1.,1.,1.,1.,1.,1.,1.,1.,1.,1.,1.,1.,1.,1.,1.,1.,1.,1.,1.,     1053P   1024
1.,1.,1.,1.,1.,0.087398374,0.293650794,0.,0.087398374,              1053P   1025
0.306157639,0.,0.088648112,0.318424168,0.,0.08989785,               1053P   1026
0.330690697,0.,0.092349299,0.342245515,0.,0.094800748,              1053P   1027
0.353800333,0.,0.0983597,0.364199395,0.,0.101918652,                1053P   1028
0.374598456,0.,0.106448339,0.383442131,0.,0.110978027,              1053P   1029
0.392285806,0.,0.116304375,0.399234236,0.,0.121630724,              1053P   1030
0.406182667,0.,0.127549045,0.41096883,0.,0.133467366,               1053P   1031
0.415754992,0.,0.139750223,0.418194956,0.,0.146033079,              1053P   1032
0.420634921,0.,0.152439024,0.420634921,0.,0.158844969,              1053P   1033
0.420634921,0.,0.165127826,0.418194956,0.,0.171410682,              1053P   1034
0.415754992,0.,0.177329004,0.41096883,0.,0.183247325,               1053P   1035
0.406182667,0.,0.188573674,0.399234236,0.,0.193900022,              1053P   1036
0.392285806,0.,0.198429709,0.383442131,0.,0.202959396,              1053P   1037
0.374598456,0.,0.206518349,0.364199395,0.,0.210077301,              1053P   1038
0.353800333,0.,0.21252875,0.342245515,0.,0.214980199,               1053P   1039
0.330690697,0.,0.216229937,0.318424168,0.,0.217479675,              1053P   1040
0.306157639,0.,0.217479675,0.293650794,0.,0.,1.,0.,0.,1.;           1053P   1041
100,2.,104.5,18.75,112.5,18.75,96.5,18.75;                          1055P   1042
102,2,1049,1053;                                                    1057P   1043
102,2,1051,1055;                                                    1059P   1044
142,1,931,1057,1059,1;                                              1061P   1045
126,32,2,1,0,1,0,0.,0.,0.,0.0625,0.0625,0.125,0.125,0.1875,         1063P   1046
0.1875,0.25,0.25,0.3125,0.3125,0.375,0.375,0.4375,0.4375,0.5,       1063P   1047
0.5,0.5625,0.5625,0.625,0.625,0.6875,0.6875,0.75,0.75,0.8125,       1063P   1048
0.8125,0.875,0.875,0.9375,0.9375,1.,1.,1.,1.,1.,1.,1.,1.,1.,1.,     1063P   1049
1.,1.,1.,1.,1.,1.,1.,1.,1.,1.,1.,1.,1.,1.,1.,1.,1.,1.,1.,1.,1.,     1063P   1050
1.,1.,1.,1.,1.,0.217479675,0.706349206,0.,0.217479675,              1063P   1051
0.693842361,0.,0.216229937,0.681575832,0.,0.214980199,              1063P   1052
0.669309303,0.,0.21252875,0.657754485,0.,0.210077301,               1063P   1053
0.646199667,0.,0.206518349,0.635800605,0.,0.202959396,              1063P   1054
0.625401544,0.,0.198429709,0.616557869,0.,0.193900022,              1063P   1055
0.607714194,0.,0.188573674,0.600765764,0.,0.183247325,              1063P   1056
0.593817333,0.,0.177329004,0.58903117,0.,0.171410682,               1063P   1057
0.584245008,0.,0.165127826,0.581805044,0.,0.158844969,              1063P   1058
0.579365079,0.,0.152439024,0.579365079,0.,0.146033079,              1063P   1059
0.579365079,0.,0.139750223,0.581805044,0.,0.133467366,              1063P   1060
0.584245008,0.,0.127549045,0.58903117,0.,0.121630724,               1063P   1061
0.593817333,0.,0.116304375,0.600765764,0.,0.110978027,              1063P   1062
0.607714194,0.,0.106448339,0.616557869,0.,0.101918652,              1063P   1063
0.625401544,0.,0.0983597,0.635800605,0.,0.094800748,                1063P   1064
0.646199667,0.,0.092349299,0.657754485,0.,0.08989785,               1063P   1065
0.669309303,0.,0.088648112,0.681575832,0.,0.087398374,              1063P   1066
0.693842361,0.,0.087398374,0.706349206,0.,0.,1.,0.,0.,1.;           1063P   1067
100,2.,104.5,44.75,96.5,44.75,112.5,44.75;                          1065P   1068
126,32,2,1,0,1,0,0.,0.,0.,0.0625,0.0625,0.125,0.125,0.1875,         1067P   1069
0.1875,0.25,0.25,0.3125,0.3125,0.375,0.375,0.4375,0.4375,0.5,       1067P   1070
0.5,0.5625,0.5625,0.625,0.625,0.6875,0.6875,0.75,0.75,0.8125,       1067P   1071
0.8125,0.875,0.875,0.9375,0.9375,1.,1.,1.,1.,1.,1.,1.,1.,1.,1.,     1067P   1072
1.,1.,1.,1.,1.,1.,1.,1.,1.,1.,1.,1.,1.,1.,1.,1.,1.,1.,1.,1.,1.,     1067P   1073
1.,1.,1.,1.,1.,0.087398374,0.706349206,0.,0.087398374,              1067P   1074
0.718856051,0.,0.088648112,0.731122581,0.,0.08989785,               1067P   1075
0.74338911,0.,0.092349299,0.754943928,0.,0.094800748,               1067P   1076
0.766498746,0.,0.0983597,0.776897807,0.,0.101918652,                1067P   1077
0.787296869,0.,0.106448339,0.796140544,0.,0.110978027,              1067P   1078
0.804984218,0.,0.116304375,0.811932649,0.,0.121630724,              1067P   1079
0.81888108,0.,0.127549045,0.823667242,0.,0.133467366,               1067P   1080
0.828453405,0.,0.139750223,0.830893369,0.,0.146033079,              1067P   1081
0.833333333,0.,0.152439024,0.833333333,0.,0.158844969,              1067P   1082
0.833333333,0.,0.165127826,0.830893369,0.,0.171410682,              1067P   1083
0.828453405,0.,0.177329004,0.823667242,0.,0.183247325,              1067P   1084
0.81888108,0.,0.188573674,0.811932649,0.,0.193900022,               1067P   1085
0.804984218,0.,0.198429709,0.796140544,0.,0.202959396,              1067P   1086
0.787296869,0.,0.206518349,0.776897807,0.,0.210077301,              1067P   1087
0.766498746,0.,0.21252875,0.754943928,0.,0.214980199,               1067P   1088
0.74338911,0.,0.216229937,0.731122581,0.,0.217479675,               1067P   1089
0.718856051,0.,0.217479675,0.706349206,0.,0.,1.,0.,0.,1.;           1067P   1090
100,2.,104.5,44.75,112.5,44.75,96.5,44.75;                          1069P   1091
102,2,1063,1067;                                                    1071P   1092
102,2,1065,1069;                                                    1073P   1093
142,1,931,1071,1073,1;                                              1075P   1094
126,32,2,1,0,1,0,0.,0.,0.,0.0625,0.0625,0.125,0.125,0.1875,         1077P   1095
0.1875,0.25,0.25,0.3125,0.3125,0.375,0.375,0.4375,0.4375,0.5,       1077P   1096
0.5,0.5625,0.5625,0.625,0.625,0.6875,0.6875,0.75,0.75,0.8125,       1077P   1097
0.8125,0.875,0.875,0.9375,0.9375,1.,1.,1.,1.,1.,1.,1.,1.,1.,1.,     1077P   1098
1.,1.,1.,1.,1.,1.,1.,1.,1.,1.,1.,1.,1.,1.,1.,1.,1.,1.,1.,1.,1.,     1077P   1099
1.,1.,1.,1.,1.,0.912601626,0.293650794,0.,0.912601626,              1077P   1100
0.281143949,0.,0.911351888,0.268877419,0.,0.91010215,               1077P   1101
0.25661089,0.,0.907650701,0.245056072,0.,0.905199252,               1077P   1102
0.233501254,0.,0.9016403,0.223102193,0.,0.898081348,                1077P   1103
0.212703131,0.,0.893551661,0.203859456,0.,0.889021973,              1077P   1104
0.195015782,0.,0.883695625,0.188067351,0.,0.878369276,              1077P   1105
0.18111892,0.,0.872450955,0.176332758,0.,0.866532634,               1077P   1106
0.171546595,0.,0.860249777,0.169106631,0.,0.853966921,              1077P   1107
0.166666667,0.,0.847560976,0.166666667,0.,0.841155031,              1077P   1108
0.166666667,0.,0.834872174,0.169106631,0.,0.828589318,              1077P   1109
0.171546595,0.,0.822670996,0.176332758,0.,0.816752675,              1077P   1110
0.18111892,0.,0.811426326,0.188067351,0.,0.806099978,               1077P   1111
0.195015782,0.,0.801570291,0.203859456,0.,0.797040604,              1077P   1112
0.212703131,0.,0.793481651,0.223102193,0.,0.789922699,              1077P   1113
0.233501254,0.,0.78747125,0.245056072,0.,0.785019801,               1077P   1114
0.25661089,0.,0.783770063,0.268877419,0.,0.782520325,               1077P   1115
0.281143949,0.,0.782520325,0.293650794,0.,0.,1.,0.,0.,1.;           1077P   1116
100,2.,19.,18.75,11.,18.75,27.,18.75;                               1079P   1117
126,32,2,1,0,1,0,0.,0.,0.,0.0625,0.0625,0.125,0.125,0.1875,         1081P   1118
0.1875,0.25,0.25,0.3125,0.3125,0.375,0.375,0.4375,0.4375,0.5,       1081P   1119
0.5,0.5625,0.5625,0.625,0.625,0.6875,0.6875,0.75,0.75,0.8125,       1081P   1120
0.8125,0.875,0.875,0.9375,0.9375,1.,1.,1.,1.,1.,1.,1.,1.,1.,1.,     1081P   1121
1.,1.,1.,1.,1.,1.,1.,1.,1.,1.,1.,1.,1.,1.,1.,1.,1.,1.,1.,1.,1.,     1081P   1122
1.,1.,1.,1.,1.,0.782520325,0.293650794,0.,0.782520325,              1081P   1123
0.306157639,0.,0.783770063,0.318424168,0.,0.785019801,              1081P   1124
0.330690697,0.,0.78747125,0.342245515,0.,0.789922699,               1081P   1125
0.353800333,0.,0.793481651,0.364199395,0.,0.797040604,              1081P   1126
0.374598456,0.,0.801570291,0.383442131,0.,0.806099978,              1081P   1127
0.392285806,0.,0.811426326,0.399234236,0.,0.816752675,              1081P   1128
0.406182667,0.,0.822670996,0.41096883,0.,0.828589318,               1081P   1129
0.415754992,0.,0.834872174,0.418194956,0.,0.841155031,              1081P   1130
0.420634921,0.,0.847560976,0.420634921,0.,0.853966921,              1081P   1131
0.420634921,0.,0.860249777,0.418194956,0.,0.866532634,              1081P   1132
0.415754992,0.,0.872450955,0.41096883,0.,0.878369276,               1081P   1133
0.406182667,0.,0.883695625,0.399234236,0.,0.889021973,              1081P   1134
0.392285806,0.,0.893551661,0.383442131,0.,0.898081348,              1081P   1135
0.374598456,0.,0.9016403,0.364199395,0.,0.905199252,                1081P   1136
0.353800333,0.,0.907650701,0.342245515,0.,0.91010215,               1081P   1137
0.330690697,0.,0.911351888,0.318424168,0.,0.912601626,              1081P   1138
0.306157639,0.,0.912601626,0.293650794,0.,0.,1.,0.,0.,1.;           1081P   1139
100,2.,19.,18.75,27.,18.75,11.,18.75;                               1083P   1140
102,2,1077,1081;                                                    1085P   1141
102,2,1079,1083;                                                    1087P   1142
142,1,931,1085,1087,1;                                              1089P   1143
126,32,2,1,0,1,0,0.,0.,0.,0.0625,0.0625,0.125,0.125,0.1875,         1091P   1144
0.1875,0.25,0.25,0.3125,0.3125,0.375,0.375,0.4375,0.4375,0.5,       1091P   1145
0.5,0.5625,0.5625,0.625,0.625,0.6875,0.6875,0.75,0.75,0.8125,       1091P   1146
0.8125,0.875,0.875,0.9375,0.9375,1.,1.,1.,1.,1.,1.,1.,1.,1.,1.,     1091P   1147
1.,1.,1.,1.,1.,1.,1.,1.,1.,1.,1.,1.,1.,1.,1.,1.,1.,1.,1.,1.,1.,     1091P   1148
1.,1.,1.,1.,1.,0.912601626,0.706349206,0.,0.912601626,              1091P   1149
0.693842361,0.,0.911351888,0.681575832,0.,0.91010215,               1091P   1150
0.669309303,0.,0.907650701,0.657754485,0.,0.905199252,              1091P   1151
0.646199667,0.,0.9016403,0.635800605,0.,0.898081348,                1091P   1152
0.625401544,0.,0.893551661,0.616557869,0.,0.889021973,              1091P   1153
0.607714194,0.,0.883695625,0.600765764,0.,0.878369276,              1091P   1154
0.593817333,0.,0.872450955,0.58903117,0.,0.866532634,               1091P   1155
0.584245008,0.,0.860249777,0.581805044,0.,0.853966921,              1091P   1156
0.579365079,0.,0.847560976,0.579365079,0.,0.841155031,              1091P   1157
0.579365079,0.,0.834872174,0.581805044,0.,0.828589318,              1091P   1158
0.584245008,0.,0.822670996,0.58903117,0.,0.816752675,               1091P   1159
0.593817333,0.,0.811426326,0.600765764,0.,0.806099978,              1091P   1160
0.607714194,0.,0.801570291,0.616557869,0.,0.797040604,              1091P   1161
0.625401544,0.,0.793481651,0.635800605,0.,0.789922699,              1091P   1162
0.646199667,0.,0.78747125,0.657754485,0.,0.785019801,               1091P   1163
0.669309303,0.,0.783770063,0.681575832,0.,0.782520325,              1091P   1164
0.693842361,0.,0.782520325,0.706349206,0.,0.,1.,0.,0.,1.;           1091P   1165
100,2.,19.,44.75,11.,44.75,27.,44.75;                               1093P   1166
126,32,2,1,0,1,0,0.,0.,0.,0.0625,0.0625,0.125,0.125,0.1875,         1095P   1167
0.1875,0.25,0.25,0.3125,0.3125,0.375,0.375,0.4375,0.4375,0.5,       1095P   1168
0.5,0.5625,0.5625,0.625,0.625,0.6875,0.6875,0.75,0.75,0.8125,       1095P   1169
0.8125,0.875,0.875,0.9375,0.9375,1.,1.,1.,1.,1.,1.,1.,1.,1.,1.,     1095P   1170
1.,1.,1.,1.,1.,1.,1.,1.,1.,1.,1.,1.,1.,1.,1.,1.,1.,1.,1.,1.,1.,     1095P   1171
1.,1.,1.,1.,1.,0.782520325,0.706349206,0.,0.782520325,              1095P   1172
0.718856051,0.,0.783770063,0.731122581,0.,0.785019801,              1095P   1173
0.74338911,0.,0.78747125,0.754943928,0.,0.789922699,                1095P   1174
0.766498746,0.,0.793481651,0.776897807,0.,0.797040604,              1095P   1175
0.787296869,0.,0.801570291,0.796140544,0.,0.806099978,              1095P   1176
0.804984218,0.,0.811426326,0.811932649,0.,0.816752675,              1095P   1177
0.81888108,0.,0.822670996,0.823667242,0.,0.828589318,               1095P   1178
0.828453405,0.,0.834872174,0.830893369,0.,0.841155031,              1095P   1179
0.833333333,0.,0.847560976,0.833333333,0.,0.853966921,              1095P   1180
0.833333333,0.,0.860249777,0.830893369,0.,0.866532634,              1095P   1181
0.828453405,0.,0.872450955,0.823667242,0.,0.878369276,              1095P   1182
0.81888108,0.,0.883695625,0.811932649,0.,0.889021973,               1095P   1183
0.804984218,0.,0.893551661,0.796140544,0.,0.898081348,              1095P   1184
0.787296869,0.,0.9016403,0.776897807,0.,0.905199252,                1095P   1185
0.766498746,0.,0.907650701,0.754943928,0.,0.91010215,               1095P   1186
0.74338911,0.,0.911351888,0.731122581,0.,0.912601626,               1095P   1187
0.718856051,0.,0.912601626,0.706349206,0.,0.,1.,0.,0.,1.;           1095P   1188
100,2.,19.,44.75,27.,44.75,11.,44.75;                               1097P   1189
102,2,1091,1095;                                                    1099P   1190
102,2,1093,1097;                                                    1101P   1191
142,1,931,1099,1101,1;                                              1103P   1192
126,32,2,1,0,1,0,0.,0.,0.,0.0625,0.0625,0.125,0.125,0.1875,         1105P   1193
0.1875,0.25,0.25,0.3125,0.3125,0.375,0.375,0.4375,0.4375,0.5,       1105P   1194
0.5,0.5625,0.5625,0.625,0.625,0.6875,0.6875,0.75,0.75,0.8125,       1105P   1195
0.8125,0.875,0.875,0.9375,0.9375,1.,1.,1.,1.,1.,1.,1.,1.,1.,1.,     1105P   1196
1.,1.,1.,1.,1.,1.,1.,1.,1.,1.,1.,1.,1.,1.,1.,1.,1.,1.,1.,1.,1.,     1105P   1197
1.,1.,1.,1.,1.,0.701219512,0.293650794,0.,0.701219512,              1105P   1198
0.281143949,0.,0.699969774,0.268877419,0.,0.698720036,              1105P   1199
0.25661089,0.,0.696268587,0.245056072,0.,0.693817138,               1105P   1200
0.233501254,0.,0.690258186,0.223102193,0.,0.686699234,              1105P   1201
0.212703131,0.,0.682169547,0.203859456,0.,0.67763986,               1105P   1202
0.195015782,0.,0.672313511,0.188067351,0.,0.666987163,              1105P   1203
0.18111892,0.,0.661068841,0.176332758,0.,0.65515052,                1105P   1204
0.171546595,0.,0.648867663,0.169106631,0.,0.642584807,              1105P   1205
0.166666667,0.,0.636178862,0.166666667,0.,0.629772917,              1105P   1206
0.166666667,0.,0.62349006,0.169106631,0.,0.617207204,               1105P   1207
0.171546595,0.,0.611288882,0.176332758,0.,0.605370561,              1105P   1208
0.18111892,0.,0.600044212,0.188067351,0.,0.594717864,               1105P   1209
0.195015782,0.,0.590188177,0.203859456,0.,0.58565849,               1105P   1210
0.212703131,0.,0.582099537,0.223102193,0.,0.578540585,              1105P   1211
0.233501254,0.,0.576089136,0.245056072,0.,0.573637687,              1105P   1212
0.25661089,0.,0.572387949,0.268877419,0.,0.571138211,               1105P   1213
0.281143949,0.,0.571138211,0.293650794,0.,0.,1.,0.,0.,1.;           1105P   1214
100,2.,45.,18.75,37.,18.75,53.,18.75;                               1107P   1215
126,32,2,1,0,1,0,0.,0.,0.,0.0625,0.0625,0.125,0.125,0.1875,         1109P   1216
0.1875,0.25,0.25,0.3125,0.3125,0.375,0.375,0.4375,0.4375,0.5,       1109P   1217
0.5,0.5625,0.5625,0.625,0.625,0.6875,0.6875,0.75,0.75,0.8125,       1109P   1218
0.8125,0.875,0.875,0.9375,0.9375,1.,1.,1.,1.,1.,1.,1.,1.,1.,1.,     1109P   1219
1.,1.,1.,1.,1.,1.,1.,1.,1.,1.,1.,1.,1.,1.,1.,1.,1.,1.,1.,1.,1.,     1109P   1220
1.,1.,1.,1.,1.,0.571138211,0.293650794,0.,0.571138211,              1109P   1221
0.306157639,0.,0.572387949,0.318424168,0.,0.573637687,              1109P   1222
0.330690697,0.,0.576089136,0.342245515,0.,0.578540585,              1109P   1223
0.353800333,0.,0.582099537,0.364199395,0.,0.58565849,               1109P   1224
0.374598456,0.,0.590188177,0.383442131,0.,0.594717864,              1109P   1225
0.392285806,0.,0.600044212,0.399234236,0.,0.605370561,              1109P   1226
0.406182667,0.,0.611288882,0.41096883,0.,0.617207204,               1109P   1227
0.415754992,0.,0.62349006,0.418194956,0.,0.629772917,               1109P   1228
0.420634921,0.,0.636178862,0.420634921,0.,0.642584807,              1109P   1229
0.420634921,0.,0.648867663,0.418194956,0.,0.65515052,               1109P   1230
0.415754992,0.,0.661068841,0.41096883,0.,0.666987163,               1109P   1231
0.406182667,0.,0.672313511,0.399234236,0.,0.67763986,               1109P   1232
0.392285806,0.,0.682169547,0.383442131,0.,0.686699234,              1109P   1233
0.374598456,0.,0.690258186,0.364199395,0.,0.693817138,              1109P   1234
0.353800333,0.,0.696268587,0.342245515,0.,0.698720036,              1109P   1235
0.330690697,0.,0.699969774,0.318424168,0.,0.701219512,              1109P   1236
0.306157639,0.,0.701219512,0.293650794,0.,0.,1.,0.,0.,1.;           1109P   1237
100,2.,45.,18.75,53.,18.75,37.,18.75;                               1111P   1238
102,2,1105,1109;                                                    1113P   1239
102,2,1107,1111;                                                    1115P   1240
142,1,931,1113,1115,1;                                              1117P   1241
126,32,2,1,0,1,0,0.,0.,0.,0.0625,0.0625,0.125,0.125,0.1875,         1119P   1242
0.1875,0.25,0.25,0.3125,0.3125,0.375,0.375,0.4375,0.4375,0.5,       1119P   1243
0.5,0.5625,0.5625,0.625,0.625,0.6875,0.6875,0.75,0.75,0.8125,       1119P   1244
0.8125,0.875,0.875,0.9375,0.9375,1.,1.,1.,1.,1.,1.,1.,1.,1.,1.,     1119P   1245
1.,1.,1.,1.,1.,1.,1.,1.,1.,1.,1.,1.,1.,1.,1.,1.,1.,1.,1.,1.,1.,     1119P   1246
1.,1.,1.,1.,1.,0.701219512,0.706349206,0.,0.701219512,              1119P   1247
0.693842361,0.,0.699969774,0.681575832,0.,0.698720036,              1119P   1248
0.669309303,0.,0.696268587,0.657754485,0.,0.693817138,              1119P   1249
0.646199667,0.,0.690258186,0.635800605,0.,0.686699234,              1119P   1250
0.625401544,0.,0.682169547,0.616557869,0.,0.67763986,               1119P   1251
0.607714194,0.,0.672313511,0.600765764,0.,0.666987163,              1119P   1252
0.593817333,0.,0.661068841,0.58903117,0.,0.65515052,                1119P   1253
0.584245008,0.,0.648867663,0.581805044,0.,0.642584807,              1119P   1254
0.579365079,0.,0.636178862,0.579365079,0.,0.629772917,              1119P   1255
0.579365079,0.,0.62349006,0.581805044,0.,0.617207204,               1119P   1256
0.584245008,0.,0.611288882,0.58903117,0.,0.605370561,               1119P   1257
0.593817333,0.,0.600044212,0.600765764,0.,0.594717864,              1119P   1258
0.607714194,0.,0.590188177,0.616557869,0.,0.58565849,               1119P   1259
0.625401544,0.,0.582099537,0.635800605,0.,0.578540585,              1119P   1260
0.646199667,0.,0.576089136,0.657754485,0.,0.573637687,              1119P   1261
0.669309303,0.,0.572387949,0.681575832,0.,0.571138211,              1119P   1262
0.693842361,0.,0.571138211,0.706349206,0.,0.,1.,0.,0.,1.;           1119P   1263
100,2.,45.,44.75,37.,44.75,53.,44.75;                               1121P   1264
126,32,2,1,0,1,0,0.,0.,0.,0.0625,0.0625,0.125,0.125,0.1875,         1123P   1265
0.1875,0.25,0.25,0.3125,0.3125,0.375,0.375,0.4375,0.4375,0.5,       1123P   1266
0.5,0.5625,0.5625,0.625,0.625,0.6875,0.6875,0.75,0.75,0.8125,       1123P   1267
0.8125,0.875,0.875,0.9375,0.9375,1.,1.,1.,1.,1.,1.,1.,1.,1.,1.,     1123P   1268
1.,1.,1.,1.,1.,1.,1.,1.,1.,1.,1.,1.,1.,1.,1.,1.,1.,1.,1.,1.,1.,     1123P   1269
1.,1.,1.,1.,1.,0.571138211,0.706349206,0.,0.571138211,              1123P   1270
0.718856051,0.,0.572387949,0.731122581,0.,0.573637687,              1123P   1271
0.74338911,0.,0.576089136,0.754943928,0.,0.578540585,               1123P   1272
0.766498746,0.,0.582099537,0.776897807,0.,0.58565849,               1123P   1273
0.787296869,0.,0.590188177,0.796140544,0.,0.594717864,              1123P   1274
0.804984218,0.,0.600044212,0.811932649,0.,0.605370561,              1123P   1275
0.81888108,0.,0.611288882,0.823667242,0.,0.617207204,               1123P   1276
0.828453405,0.,0.62349006,0.830893369,0.,0.629772917,               1123P   1277
0.833333333,0.,0.636178862,0.833333333,0.,0.642584807,              1123P   1278
0.833333333,0.,0.648867663,0.830893369,0.,0.65515052,               1123P   1279
0.828453405,0.,0.661068841,0.823667242,0.,0.666987163,              1123P   1280
0.81888108,0.,0.672313511,0.811932649,0.,0.67763986,                1123P   1281
0.804984218,0.,0.682169547,0.796140544,0.,0.686699234,              1123P   1282
0.787296869,0.,0.690258186,0.776897807,0.,0.693817138,              1123P   1283
0.766498746,0.,0.696268587,0.754943928,0.,0.698720036,              1123P   1284
0.74338911,0.,0.699969774,0.731122581,0.,0.701219512,               1123P   1285
0.718856051,0.,0.701219512,0.706349206,0.,0.,1.,0.,0.,1.;           1123P   1286
100,2.,45.,44.75,53.,44.75,37.,44.75;                               1125P   1287
102,2,1119,1123;                                                    1127P   1288
102,2,1121,1125;                                                    1129P   1289
142,1,931,1127,1129,1;                                              1131P   1290
126,32,2,1,0,1,0,0.,0.,0.,0.0625,0.0625,0.125,0.125,0.1875,         1133P   1291
0.1875,0.25,0.25,0.3125,0.3125,0.375,0.375,0.4375,0.4375,0.5,       1133P   1292
0.5,0.5625,0.5625,0.625,0.625,0.6875,0.6875,0.75,0.75,0.8125,       1133P   1293
0.8125,0.875,0.875,0.9375,0.9375,1.,1.,1.,1.,1.,1.,1.,1.,1.,1.,     1133P   1294
1.,1.,1.,1.,1.,1.,1.,1.,1.,1.,1.,1.,1.,1.,1.,1.,1.,1.,1.,1.,1.,     1133P   1295
1.,1.,1.,1.,1.,0.359756098,0.5,0.,0.359756098,0.493746578,0.,       1133P   1296
0.359131229,0.487613313,0.,0.35850636,0.481480048,0.,               1133P   1297
0.357280635,0.475702639,0.,0.356054911,0.46992523,0.,               1133P   1298
0.354275435,0.464725699,0.,0.352495958,0.459526169,0.,              1133P   1299
0.350231115,0.455104331,0.,0.347966271,0.450682494,0.,              1133P   1300
0.345303097,0.447208279,0.,0.342639923,0.443734063,0.,              1133P   1301
0.339680762,0.441340982,0.,0.336721601,0.438947901,0.,              1133P   1302
0.333580173,0.437727919,0.,0.330438745,0.436507937,0.,              1133P   1303
0.327235772,0.436507937,0.,0.3240328,0.436507937,0.,                1133P   1304
0.320891372,0.437727919,0.,0.317749943,0.438947901,0.,              1133P   1305
0.314790783,0.441340982,0.,0.311831622,0.443734063,0.,              1133P   1306
0.309168448,0.447208279,0.,0.306505273,0.450682494,0.,              1133P   1307
0.30424043,0.455104331,0.,0.301975586,0.459526169,0.,               1133P   1308
0.30019611,0.464725699,0.,0.298416634,0.46992523,0.,0.29719091,     1133P   1309
0.475702639,0.,0.295965185,0.481480048,0.,0.295340316,              1133P   1310
0.487613313,0.,0.294715447,0.493746578,0.,0.294715447,0.5,0.,       1133P   1311
0.,1.,0.,0.,1.;                                                     1133P   1312
100,2.,83.,31.75,79.,31.75,87.,31.75;                               1135P   1313
126,32,2,1,0,1,0,0.,0.,0.,0.0625,0.0625,0.125,0.125,0.1875,         1137P   1314
0.1875,0.25,0.25,0.3125,0.3125,0.375,0.375,0.4375,0.4375,0.5,       1137P   1315
0.5,0.5625,0.5625,0.625,0.625,0.6875,0.6875,0.75,0.75,0.8125,       1137P   1316
0.8125,0.875,0.875,0.9375,0.9375,1.,1.,1.,1.,1.,1.,1.,1.,1.,1.,     1137P   1317
1.,1.,1.,1.,1.,1.,1.,1.,1.,1.,1.,1.,1.,1.,1.,1.,1.,1.,1.,1.,1.,     1137P   1318
1.,1.,1.,1.,1.,0.294715447,0.5,0.,0.294715447,0.506253422,0.,       1137P   1319
0.295340316,0.512386687,0.,0.295965185,0.518519952,0.,              1137P   1320
0.29719091,0.524297361,0.,0.298416634,0.53007477,0.,0.30019611,     1137P   1321
0.535274301,0.,0.301975586,0.540473831,0.,0.30424043,               1137P   1322
0.544895669,0.,0.306505273,0.549317506,0.,0.309168448,              1137P   1323
0.552791721,0.,0.311831622,0.556265937,0.,0.314790783,              1137P   1324
0.558659018,0.,0.317749943,0.561052099,0.,0.320891372,              1137P   1325
0.562272081,0.,0.3240328,0.563492063,0.,0.327235772,                1137P   1326
0.563492063,0.,0.330438745,0.563492063,0.,0.333580173,              1137P   1327
0.562272081,0.,0.336721601,0.561052099,0.,0.339680762,              1137P   1328
0.558659018,0.,0.342639923,0.556265937,0.,0.345303097,              1137P   1329
0.552791721,0.,0.347966271,0.549317506,0.,0.350231115,              1137P   1330
0.544895669,0.,0.352495958,0.540473831,0.,0.354275435,              1137P   1331
0.535274301,0.,0.356054911,0.53007477,0.,0.357280635,               1137P   1332
0.524297361,0.,0.35850636,0.518519952,0.,0.359131229,               1137P   1333
0.512386687,0.,0.359756098,0.506253422,0.,0.359756098,0.5,0.,       1137P   1334
0.,1.,0.,0.,1.;                                                     1137P   1335
100,2.,83.,31.75,87.,31.75,79.,31.75;                               1139P   1336
102,2,1133,1137;                                                    1141P   1337
102,2,1135,1139;                                                    1143P   1338
142,1,931,1141,1143,1;                                              1145P   1339
126,32,2,1,0,1,0,0.,0.,0.,0.0625,0.0625,0.125,0.125,0.1875,         1147P   1340
0.1875,0.25,0.25,0.3125,0.3125,0.375,0.375,0.4375,0.4375,0.5,       1147P   1341
0.5,0.5625,0.5625,0.625,0.625,0.6875,0.6875,0.75,0.75,0.8125,       1147P   1342
0.8125,0.875,0.875,0.9375,0.9375,1.,1.,1.,1.,1.,1.,1.,1.,1.,1.,     1147P   1343
1.,1.,1.,1.,1.,1.,1.,1.,1.,1.,1.,1.,1.,1.,1.,1.,1.,1.,1.,1.,1.,     1147P   1344
1.,1.,1.,1.,1.,0.473577236,0.333333333,0.,0.473577236,              1147P   1345
0.327079911,0.,0.472952367,0.320946646,0.,0.472327498,              1147P   1346
0.314813382,0.,0.471101773,0.309035973,0.,0.469876049,              1147P   1347
0.303258564,0.,0.468096573,0.298059033,0.,0.466317097,              1147P   1348
0.292859502,0.,0.464052253,0.288437665,0.,0.461787409,              1147P   1349
0.284015827,0.,0.459124235,0.280541612,0.,0.456461061,              1147P   1350
0.277067397,0.,0.4535019,0.274674315,0.,0.45054274,0.272281234,     1147P   1351
0.,0.447401311,0.271061252,0.,0.444259883,0.26984127,0.,            1147P   1352
0.441056911,0.26984127,0.,0.437853938,0.26984127,0.,0.43471251,     1147P   1353
0.271061252,0.,0.431571082,0.272281234,0.,0.428611921,              1147P   1354
0.274674315,0.,0.42565276,0.277067397,0.,0.422989586,               1147P   1355
0.280541612,0.,0.420326412,0.284015827,0.,0.418061568,              1147P   1356
0.288437665,0.,0.415796725,0.292859502,0.,0.414017248,              1147P   1357
0.298059033,0.,0.412237772,0.303258564,0.,0.411012048,              1147P   1358
0.309035973,0.,0.409786323,0.314813382,0.,0.409161454,              1147P   1359
0.320946646,0.,0.408536585,0.327079911,0.,0.408536585,              1147P   1360
0.333333333,0.,0.,1.,0.,0.,1.;                                      1147P   1361
100,2.,69.,21.25,65.,21.25,73.,21.25;                               1149P   1362
126,32,2,1,0,1,0,0.,0.,0.,0.0625,0.0625,0.125,0.125,0.1875,         1151P   1363
0.1875,0.25,0.25,0.3125,0.3125,0.375,0.375,0.4375,0.4375,0.5,       1151P   1364
0.5,0.5625,0.5625,0.625,0.625,0.6875,0.6875,0.75,0.75,0.8125,       1151P   1365
0.8125,0.875,0.875,0.9375,0.9375,1.,1.,1.,1.,1.,1.,1.,1.,1.,1.,     1151P   1366
1.,1.,1.,1.,1.,1.,1.,1.,1.,1.,1.,1.,1.,1.,1.,1.,1.,1.,1.,1.,1.,     1151P   1367
1.,1.,1.,1.,1.,0.408536585,0.333333333,0.,0.408536585,              1151P   1368
0.339586756,0.,0.409161454,0.34572002,0.,0.409786323,               1151P   1369
0.351853285,0.,0.411012048,0.357630694,0.,0.412237772,              1151P   1370
0.363408103,0.,0.414017248,0.368607634,0.,0.415796725,              1151P   1371
0.373807165,0.,0.418061568,0.378229002,0.,0.420326412,              1151P   1372
0.382650839,0.,0.422989586,0.386125055,0.,0.42565276,               1151P   1373
0.38959927,0.,0.428611921,0.391992351,0.,0.431571082,               1151P   1374
0.394385432,0.,0.43471251,0.395605415,0.,0.437853938,               1151P   1375
0.396825397,0.,0.441056911,0.396825397,0.,0.444259883,              1151P   1376
0.396825397,0.,0.447401311,0.395605415,0.,0.45054274,               1151P   1377
0.394385432,0.,0.4535019,0.391992351,0.,0.456461061,0.38959927,     1151P   1378
0.,0.459124235,0.386125055,0.,0.461787409,0.382650839,0.,           1151P   1379
0.464052253,0.378229002,0.,0.466317097,0.373807165,0.,              1151P   1380
0.468096573,0.368607634,0.,0.469876049,0.363408103,0.,              1151P   1381
0.471101773,0.357630694,0.,0.472327498,0.351853285,0.,              1151P   1382
0.472952367,0.34572002,0.,0.473577236,0.339586756,0.,               1151P   1383
0.473577236,0.333333333,0.,0.,1.,0.,0.,1.;                          1151P   1384
100,2.,69.,21.25,73.,21.25,65.,21.25;                               1153P   1385
102,2,1147,1151;                                                    1155P   1386
102,2,1149,1153;                                                    1157P   1387
142,1,931,1155,1157,1;                                              1159P   1388
126,32,2,1,0,1,0,0.,0.,0.,0.0625,0.0625,0.125,0.125,0.1875,         1161P   1389
0.1875,0.25,0.25,0.3125,0.3125,0.375,0.375,0.4375,0.4375,0.5,       1161P   1390
0.5,0.5625,0.5625,0.625,0.625,0.6875,0.6875,0.75,0.75,0.8125,       1161P   1391
0.8125,0.875,0.875,0.9375,0.9375,1.,1.,1.,1.,1.,1.,1.,1.,1.,1.,     1161P   1392
1.,1.,1.,1.,1.,1.,1.,1.,1.,1.,1.,1.,1.,1.,1.,1.,1.,1.,1.,1.,1.,     1161P   1393
1.,1.,1.,1.,1.,0.473577236,0.666666667,0.,0.473577236,              1161P   1394
0.660413244,0.,0.472952367,0.65427998,0.,0.472327498,               1161P   1395
0.648146715,0.,0.471101773,0.642369306,0.,0.469876049,              1161P   1396
0.636591897,0.,0.468096573,0.631392366,0.,0.466317097,              1161P   1397
0.626192835,0.,0.464052253,0.621770998,0.,0.461787409,              1161P   1398
0.617349161,0.,0.459124235,0.613874945,0.,0.456461061,              1161P   1399
0.61040073,0.,0.4535019,0.608007649,0.,0.45054274,0.605614568,      1161P   1400
0.,0.447401311,0.604394585,0.,0.444259883,0.603174603,0.,           1161P   1401
0.441056911,0.603174603,0.,0.437853938,0.603174603,0.,              1161P   1402
0.43471251,0.604394585,0.,0.431571082,0.605614568,0.,               1161P   1403
0.428611921,0.608007649,0.,0.42565276,0.61040073,0.,                1161P   1404
0.422989586,0.613874945,0.,0.420326412,0.617349161,0.,              1161P   1405
0.418061568,0.621770998,0.,0.415796725,0.626192835,0.,              1161P   1406
0.414017248,0.631392366,0.,0.412237772,0.636591897,0.,              1161P   1407
0.411012048,0.642369306,0.,0.409786323,0.648146715,0.,              1161P   1408
0.409161454,0.65427998,0.,0.408536585,0.660413244,0.,               1161P   1409
0.408536585,0.666666667,0.,0.,1.,0.,0.,1.;                          1161P   1410
100,2.,69.,42.25,65.,42.25,73.,42.25;                               1163P   1411
126,32,2,1,0,1,0,0.,0.,0.,0.0625,0.0625,0.125,0.125,0.1875,         1165P   1412
0.1875,0.25,0.25,0.3125,0.3125,0.375,0.375,0.4375,0.4375,0.5,       1165P   1413
0.5,0.5625,0.5625,0.625,0.625,0.6875,0.6875,0.75,0.75,0.8125,       1165P   1414
0.8125,0.875,0.875,0.9375,0.9375,1.,1.,1.,1.,1.,1.,1.,1.,1.,1.,     1165P   1415
1.,1.,1.,1.,1.,1.,1.,1.,1.,1.,1.,1.,1.,1.,1.,1.,1.,1.,1.,1.,1.,     1165P   1416
1.,1.,1.,1.,1.,0.408536585,0.666666667,0.,0.408536585,              1165P   1417
0.672920089,0.,0.409161454,0.679053354,0.,0.409786323,              1165P   1418
0.685186618,0.,0.411012048,0.690964027,0.,0.412237772,              1165P   1419
0.696741436,0.,0.414017248,0.701940967,0.,0.415796725,              1165P   1420
0.707140498,0.,0.418061568,0.711562335,0.,0.420326412,              1165P   1421
0.715984173,0.,0.422989586,0.719458388,0.,0.42565276,               1165P   1422
0.722932603,0.,0.428611921,0.725325685,0.,0.431571082,              1165P   1423
0.727718766,0.,0.43471251,0.728938748,0.,0.437853938,               1165P   1424
0.73015873,0.,0.441056911,0.73015873,0.,0.444259883,0.73015873,     1165P   1425
0.,0.447401311,0.728938748,0.,0.45054274,0.727718766,0.,            1165P   1426
0.4535019,0.725325685,0.,0.456461061,0.722932603,0.,                1165P   1427
0.459124235,0.719458388,0.,0.461787409,0.715984173,0.,              1165P   1428
0.464052253,0.711562335,0.,0.466317097,0.707140498,0.,              1165P   1429
0.468096573,0.701940967,0.,0.469876049,0.696741436,0.,              1165P   1430
0.471101773,0.690964027,0.,0.472327498,0.685186618,0.,              1165P   1431
0.472952367,0.679053354,0.,0.473577236,0.672920089,0.,              1165P   1432
0.473577236,0.666666667,0.,0.,1.,0.,0.,1.;                          1165P   1433
100,2.,69.,42.25,73.,42.25,65.,42.25;                               1167P   1434
102,2,1161,1165;                                                    1169P   1435
102,2,1163,1167;                                                    1171P   1436
142,1,931,1169,1171,1;                                              1173P   1437
126,32,2,1,0,1,0,0.,0.,0.,0.0625,0.0625,0.125,0.125,0.1875,         1175P   1438
0.1875,0.25,0.25,0.3125,0.3125,0.375,0.375,0.4375,0.4375,0.5,       1175P   1439
0.5,0.5625,0.5625,0.625,0.625,0.6875,0.6875,0.75,0.75,0.8125,       1175P   1440
0.8125,0.875,0.875,0.9375,0.9375,1.,1.,1.,1.,1.,1.,1.,1.,1.,1.,     1175P   1441
1.,1.,1.,1.,1.,1.,1.,1.,1.,1.,1.,1.,1.,1.,1.,1.,1.,1.,1.,1.,1.,     1175P   1442
1.,1.,1.,1.,1.,0.453252033,0.222222222,0.,0.453252033,              1175P   1443
0.219877189,0.,0.453017707,0.217577215,0.,0.452783381,              1175P   1444
0.21527724,0.,0.452323734,0.213110712,0.,0.451864087,               1175P   1445
0.210944184,0.,0.451196784,0.20899436,0.,0.45052948,                1175P   1446
0.207044536,0.,0.449680164,0.205386346,0.,0.448830848,              1175P   1447
0.203728157,0.,0.447832157,0.202425327,0.,0.446833467,              1175P   1448
0.201122496,0.,0.445723782,0.200225091,0.,0.444614096,              1175P   1449
0.199327685,0.,0.443436061,0.198870192,0.,0.442258025,              1175P   1450
0.198412698,0.,0.441056911,0.198412698,0.,0.439855796,              1175P   1451
0.198412698,0.,0.43867776,0.198870192,0.,0.437499725,               1175P   1452
0.199327685,0.,0.436390039,0.200225091,0.,0.435280354,              1175P   1453
0.201122496,0.,0.434281664,0.202425327,0.,0.433282973,              1175P   1454
0.203728157,0.,0.432433657,0.205386346,0.,0.431584341,              1175P   1455
0.207044536,0.,0.430917037,0.20899436,0.,0.430249734,               1175P   1456
0.210944184,0.,0.429790087,0.213110712,0.,0.42933044,               1175P   1457
0.21527724,0.,0.429096114,0.217577215,0.,0.428861789,               1175P   1458
0.219877189,0.,0.428861789,0.222222222,0.,0.,1.,0.,0.,1.;           1175P   1459
100,2.,69.,14.25,67.5,14.25,70.5,14.25;                             1177P   1460
126,32,2,1,0,1,0,0.,0.,0.,0.0625,0.0625,0.125,0.125,0.1875,         1179P   1461
0.1875,0.25,0.25,0.3125,0.3125,0.375,0.375,0.4375,0.4375,0.5,       1179P   1462
0.5,0.5625,0.5625,0.625,0.625,0.6875,0.6875,0.75,0.75,0.8125,       1179P   1463
0.8125,0.875,0.875,0.9375,0.9375,1.,1.,1.,1.,1.,1.,1.,1.,1.,1.,     1179P   1464
1.,1.,1.,1.,1.,1.,1.,1.,1.,1.,1.,1.,1.,1.,1.,1.,1.,1.,1.,1.,1.,     1179P   1465
1.,1.,1.,1.,1.,0.428861789,0.222222222,0.,0.428861789,              1179P   1466
0.224567256,0.,0.429096114,0.22686723,0.,0.42933044,                1179P   1467
0.229167204,0.,0.429790087,0.231333733,0.,0.430249734,              1179P   1468
0.233500261,0.,0.430917037,0.235450085,0.,0.431584341,              1179P   1469
0.237399909,0.,0.432433657,0.239058098,0.,0.433282973,              1179P   1470
0.240716287,0.,0.434281664,0.242019118,0.,0.435280354,              1179P   1471
0.243321949,0.,0.436390039,0.244219354,0.,0.437499725,              1179P   1472
0.245116759,0.,0.43867776,0.245574253,0.,0.439855796,               1179P   1473
0.246031746,0.,0.441056911,0.246031746,0.,0.442258025,              1179P   1474
0.246031746,0.,0.443436061,0.245574253,0.,0.444614096,              1179P   1475
0.245116759,0.,0.445723782,0.244219354,0.,0.446833467,              1179P   1476
0.243321949,0.,0.447832157,0.242019118,0.,0.448830848,              1179P   1477
0.240716287,0.,0.449680164,0.239058098,0.,0.45052948,               1179P   1478
0.237399909,0.,0.451196784,0.235450085,0.,0.451864087,              1179P   1479
0.233500261,0.,0.452323734,0.231333733,0.,0.452783381,              1179P   1480
0.229167204,0.,0.453017707,0.22686723,0.,0.453252033,               1179P   1481
0.224567256,0.,0.453252033,0.222222222,0.,0.,1.,0.,0.,1.;           1179P   1482
100,2.,69.,14.25,70.5,14.25,67.5,14.25;                             1181P   1483
102,2,1175,1179;                                                    1183P   1484
102,2,1177,1181;                                                    1185P   1485
142,1,931,1183,1185,1;                                              1187P   1486
126,32,2,1,0,1,0,0.,0.,0.,0.0625,0.0625,0.125,0.125,0.1875,         1189P   1487
0.1875,0.25,0.25,0.3125,0.3125,0.375,0.375,0.4375,0.4375,0.5,       1189P   1488
0.5,0.5625,0.5625,0.625,0.625,0.6875,0.6875,0.75,0.75,0.8125,       1189P   1489
0.8125,0.875,0.875,0.9375,0.9375,1.,1.,1.,1.,1.,1.,1.,1.,1.,1.,     1189P   1490
1.,1.,1.,1.,1.,1.,1.,1.,1.,1.,1.,1.,1.,1.,1.,1.,1.,1.,1.,1.,1.,     1189P   1491
1.,1.,1.,1.,1.,0.510162602,0.333333333,0.,0.510162602,              1189P   1492
0.3309883,0.,0.509928276,0.328688326,0.,0.50969395,0.326388351,     1189P   1493
0.,0.509234303,0.324221823,0.,0.508774657,0.322055295,0.,           1189P   1494
0.508107353,0.320105471,0.,0.507440049,0.318155647,0.,              1189P   1495
0.506590733,0.316497458,0.,0.505741417,0.314839269,0.,              1189P   1496
0.504742726,0.313536438,0.,0.503744036,0.312233607,0.,              1189P   1497
0.502634351,0.311336202,0.,0.501524666,0.310438796,0.,              1189P   1498
0.50034663,0.309981303,0.,0.499168594,0.30952381,0.,0.49796748,     1189P   1499
0.30952381,0.,0.496766365,0.30952381,0.,0.495588329,                1189P   1500
0.309981303,0.,0.494410294,0.310438796,0.,0.493300609,              1189P   1501
0.311336202,0.,0.492190923,0.312233607,0.,0.491192233,              1189P   1502
0.313536438,0.,0.490193543,0.314839269,0.,0.489344226,              1189P   1503
0.316497458,0.,0.48849491,0.318155647,0.,0.487827606,               1189P   1504
0.320105471,0.,0.487160303,0.322055295,0.,0.486700656,              1189P   1505
0.324221823,0.,0.486241009,0.326388351,0.,0.486006684,              1189P   1506
0.328688326,0.,0.485772358,0.3309883,0.,0.485772358,                1189P   1507
0.333333333,0.,0.,1.,0.,0.,1.;                                      1189P   1508
100,2.,62.,21.25,60.5,21.25,63.5,21.25;                             1191P   1509
126,32,2,1,0,1,0,0.,0.,0.,0.0625,0.0625,0.125,0.125,0.1875,         1193P   1510
0.1875,0.25,0.25,0.3125,0.3125,0.375,0.375,0.4375,0.4375,0.5,       1193P   1511
0.5,0.5625,0.5625,0.625,0.625,0.6875,0.6875,0.75,0.75,0.8125,       1193P   1512
0.8125,0.875,0.875,0.9375,0.9375,1.,1.,1.,1.,1.,1.,1.,1.,1.,1.,     1193P   1513
1.,1.,1.,1.,1.,1.,1.,1.,1.,1.,1.,1.,1.,1.,1.,1.,1.,1.,1.,1.,1.,     1193P   1514
1.,1.,1.,1.,1.,0.485772358,0.333333333,0.,0.485772358,              1193P   1515
0.335678367,0.,0.486006684,0.337978341,0.,0.486241009,              1193P   1516
0.340278315,0.,0.486700656,0.342444844,0.,0.487160303,              1193P   1517
0.344611372,0.,0.487827606,0.346561196,0.,0.48849491,               1193P   1518
0.34851102,0.,0.489344226,0.350169209,0.,0.490193543,               1193P   1519
0.351827398,0.,0.491192233,0.353130229,0.,0.492190923,              1193P   1520
0.35443306,0.,0.493300609,0.355330465,0.,0.494410294,               1193P   1521
0.356227871,0.,0.495588329,0.356685364,0.,0.496766365,              1193P   1522
0.357142857,0.,0.49796748,0.357142857,0.,0.499168594,               1193P   1523
0.357142857,0.,0.50034663,0.356685364,0.,0.501524666,               1193P   1524
0.356227871,0.,0.502634351,0.355330465,0.,0.503744036,              1193P   1525
0.35443306,0.,0.504742726,0.353130229,0.,0.505741417,               1193P   1526
0.351827398,0.,0.506590733,0.350169209,0.,0.507440049,              1193P   1527
0.34851102,0.,0.508107353,0.346561196,0.,0.508774657,               1193P   1528
0.344611372,0.,0.509234303,0.342444844,0.,0.50969395,               1193P   1529
0.340278315,0.,0.509928276,0.337978341,0.,0.510162602,              1193P   1530
0.335678367,0.,0.510162602,0.333333333,0.,0.,1.,0.,0.,1.;           1193P   1531
100,2.,62.,21.25,63.5,21.25,60.5,21.25;                             1195P   1532
102,2,1189,1193;                                                    1197P   1533
102,2,1191,1195;                                                    1199P   1534
142,1,931,1197,1199,1;                                              1201P   1535
126,32,2,1,0,1,0,0.,0.,0.,0.0625,0.0625,0.125,0.125,0.1875,         1203P   1536
0.1875,0.25,0.25,0.3125,0.3125,0.375,0.375,0.4375,0.4375,0.5,       1203P   1537
0.5,0.5625,0.5625,0.625,0.625,0.6875,0.6875,0.75,0.75,0.8125,       1203P   1538
0.8125,0.875,0.875,0.9375,0.9375,1.,1.,1.,1.,1.,1.,1.,1.,1.,1.,     1203P   1539
1.,1.,1.,1.,1.,1.,1.,1.,1.,1.,1.,1.,1.,1.,1.,1.,1.,1.,1.,1.,1.,     1203P   1540
1.,1.,1.,1.,1.,0.453252033,0.444444444,0.,0.453252033,              1203P   1541
0.442099411,0.,0.453017707,0.439799437,0.,0.452783381,              1203P   1542
0.437499463,0.,0.452323734,0.435332934,0.,0.451864087,              1203P   1543
0.433166406,0.,0.451196784,0.431216582,0.,0.45052948,               1203P   1544
0.429266758,0.,0.449680164,0.427608569,0.,0.448830848,              1203P   1545
0.42595038,0.,0.447832157,0.424647549,0.,0.446833467,               1203P   1546
0.423344718,0.,0.445723782,0.422447313,0.,0.444614096,              1203P   1547
0.421549907,0.,0.443436061,0.421092414,0.,0.442258025,              1203P   1548
0.420634921,0.,0.441056911,0.420634921,0.,0.439855796,              1203P   1549
0.420634921,0.,0.43867776,0.421092414,0.,0.437499725,               1203P   1550
0.421549907,0.,0.436390039,0.422447313,0.,0.435280354,              1203P   1551
0.423344718,0.,0.434281664,0.424647549,0.,0.433282973,              1203P   1552
0.42595038,0.,0.432433657,0.427608569,0.,0.431584341,               1203P   1553
0.429266758,0.,0.430917037,0.431216582,0.,0.430249734,              1203P   1554
0.433166406,0.,0.429790087,0.435332934,0.,0.42933044,               1203P   1555
0.437499463,0.,0.429096114,0.439799437,0.,0.428861789,              1203P   1556
0.442099411,0.,0.428861789,0.444444444,0.,0.,1.,0.,0.,1.;           1203P   1557
100,2.,69.,28.25,67.5,28.25,70.5,28.25;                             1205P   1558
126,32,2,1,0,1,0,0.,0.,0.,0.0625,0.0625,0.125,0.125,0.1875,         1207P   1559
0.1875,0.25,0.25,0.3125,0.3125,0.375,0.375,0.4375,0.4375,0.5,       1207P   1560
0.5,0.5625,0.5625,0.625,0.625,0.6875,0.6875,0.75,0.75,0.8125,       1207P   1561
0.8125,0.875,0.875,0.9375,0.9375,1.,1.,1.,1.,1.,1.,1.,1.,1.,1.,     1207P   1562
1.,1.,1.,1.,1.,1.,1.,1.,1.,1.,1.,1.,1.,1.,1.,1.,1.,1.,1.,1.,1.,     1207P   1563
1.,1.,1.,1.,1.,0.428861789,0.444444444,0.,0.428861789,              1207P   1564
0.446789478,0.,0.429096114,0.449089452,0.,0.42933044,               1207P   1565
0.451389426,0.,0.429790087,0.453555955,0.,0.430249734,              1207P   1566
0.455722483,0.,0.430917037,0.457672307,0.,0.431584341,              1207P   1567
0.459622131,0.,0.432433657,0.46128032,0.,0.433282973,               1207P   1568
0.462938509,0.,0.434281664,0.46424134,0.,0.435280354,               1207P   1569
0.465544171,0.,0.436390039,0.466441576,0.,0.437499725,              1207P   1570
0.467338982,0.,0.43867776,0.467796475,0.,0.439855796,               1207P   1571
0.468253968,0.,0.441056911,0.468253968,0.,0.442258025,              1207P   1572
0.468253968,0.,0.443436061,0.467796475,0.,0.444614096,              1207P   1573
0.467338982,0.,0.445723782,0.466441576,0.,0.446833467,              1207P   1574
0.465544171,0.,0.447832157,0.46424134,0.,0.448830848,               1207P   1575
0.462938509,0.,0.449680164,0.46128032,0.,0.45052948,                1207P   1576
0.459622131,0.,0.451196784,0.457672307,0.,0.451864087,              1207P   1577
0.455722483,0.,0.452323734,0.453555955,0.,0.452783381,              1207P   1578
0.451389426,0.,0.453017707,0.449089452,0.,0.453252033,              1207P   1579
0.446789478,0.,0.453252033,0.444444444,0.,0.,1.,0.,0.,1.;           1207P   1580
100,2.,69.,28.25,70.5,28.25,67.5,28.25;                             1209P   1581
102,2,1203,1207;                                                    1211P   1582
102,2,1205,1209;                                                    1213P   1583
142,1,931,1211,1213,1;                                              1215P   1584
126,32,2,1,0,1,0,0.,0.,0.,0.0625,0.0625,0.125,0.125,0.1875,         1217P   1585
0.1875,0.25,0.25,0.3125,0.3125,0.375,0.375,0.4375,0.4375,0.5,       1217P   1586
0.5,0.5625,0.5625,0.625,0.625,0.6875,0.6875,0.75,0.75,0.8125,       1217P   1587
0.8125,0.875,0.875,0.9375,0.9375,1.,1.,1.,1.,1.,1.,1.,1.,1.,1.,     1217P   1588
1.,1.,1.,1.,1.,1.,1.,1.,1.,1.,1.,1.,1.,1.,1.,1.,1.,1.,1.,1.,1.,     1217P   1589
1.,1.,1.,1.,1.,0.396341463,0.333333333,0.,0.396341463,              1217P   1590
0.3309883,0.,0.396107138,0.328688326,0.,0.395872812,                1217P   1591
0.326388351,0.,0.395413165,0.324221823,0.,0.394953518,              1217P   1592
0.322055295,0.,0.394286215,0.320105471,0.,0.393618911,              1217P   1593
0.318155647,0.,0.392769595,0.316497458,0.,0.391920279,              1217P   1594
0.314839269,0.,0.390921588,0.313536438,0.,0.389922898,              1217P   1595
0.312233607,0.,0.388813213,0.311336202,0.,0.387703527,              1217P   1596
0.310438796,0.,0.386525492,0.309981303,0.,0.385347456,              1217P   1597
0.30952381,0.,0.384146341,0.30952381,0.,0.382945227,0.30952381,     1217P   1598
0.,0.381767191,0.309981303,0.,0.380589156,0.310438796,0.,           1217P   1599
0.37947947,0.311336202,0.,0.378369785,0.312233607,0.,               1217P   1600
0.377371095,0.313536438,0.,0.376372404,0.314839269,0.,              1217P   1601
0.375523088,0.316497458,0.,0.374673772,0.318155647,0.,              1217P   1602
0.374006468,0.320105471,0.,0.373339165,0.322055295,0.,              1217P   1603
0.372879518,0.324221823,0.,0.372419871,0.326388351,0.,              1217P   1604
0.372185545,0.328688326,0.,0.37195122,0.3309883,0.,0.37195122,      1217P   1605
0.333333333,0.,0.,1.,0.,0.,1.;                                      1217P   1606
100,2.,76.,21.25,74.5,21.25,77.5,21.25;                             1219P   1607
126,32,2,1,0,1,0,0.,0.,0.,0.0625,0.0625,0.125,0.125,0.1875,         1221P   1608
0.1875,0.25,0.25,0.3125,0.3125,0.375,0.375,0.4375,0.4375,0.5,       1221P   1609
0.5,0.5625,0.5625,0.625,0.625,0.6875,0.6875,0.75,0.75,0.8125,       1221P   1610
0.8125,0.875,0.875,0.9375,0.9375,1.,1.,1.,1.,1.,1.,1.,1.,1.,1.,     1221P   1611
1.,1.,1.,1.,1.,1.,1.,1.,1.,1.,1.,1.,1.,1.,1.,1.,1.,1.,1.,1.,1.,     1221P   1612
1.,1.,1.,1.,1.,0.37195122,0.333333333,0.,0.37195122,                1221P   1613
0.335678367,0.,0.372185545,0.337978341,0.,0.372419871,              1221P   1614
0.340278315,0.,0.372879518,0.342444844,0.,0.373339165,              1221P   1615
0.344611372,0.,0.374006468,0.346561196,0.,0.374673772,              1221P   1616
0.34851102,0.,0.375523088,0.350169209,0.,0.376372404,               1221P   1617
0.351827398,0.,0.377371095,0.353130229,0.,0.378369785,              1221P   1618
0.35443306,0.,0.37947947,0.355330465,0.,0.380589156,                1221P   1619
0.356227871,0.,0.381767191,0.356685364,0.,0.382945227,              1221P   1620
0.357142857,0.,0.384146341,0.357142857,0.,0.385347456,              1221P   1621
0.357142857,0.,0.386525492,0.356685364,0.,0.387703527,              1221P   1622
0.356227871,0.,0.388813213,0.355330465,0.,0.389922898,              1221P   1623
0.35443306,0.,0.390921588,0.353130229,0.,0.391920279,               1221P   1624
0.351827398,0.,0.392769595,0.350169209,0.,0.393618911,              1221P   1625
0.34851102,0.,0.394286215,0.346561196,0.,0.394953518,               1221P   1626
0.344611372,0.,0.395413165,0.342444844,0.,0.395872812,              1221P   1627
0.340278315,0.,0.396107138,0.337978341,0.,0.396341463,              1221P   1628
0.335678367,0.,0.396341463,0.333333333,0.,0.,1.,0.,0.,1.;           1221P   1629
100,2.,76.,21.25,77.5,21.25,74.5,21.25;                             1223P   1630
102,2,1217,1221;                                                    1225P   1631
102,2,1219,1223;                                                    1227P   1632
142,1,931,1225,1227,1;                                              1229P   1633
126,32,2,1,0,1,0,0.,0.,0.,0.0625,0.0625,0.125,0.125,0.1875,         1231P   1634
0.1875,0.25,0.25,0.3125,0.3125,0.375,0.375,0.4375,0.4375,0.5,       1231P   1635
0.5,0.5625,0.5625,0.625,0.625,0.6875,0.6875,0.75,0.75,0.8125,       1231P   1636
0.8125,0.875,0.875,0.9375,0.9375,1.,1.,1.,1.,1.,1.,1.,1.,1.,1.,     1231P   1637
1.,1.,1.,1.,1.,1.,1.,1.,1.,1.,1.,1.,1.,1.,1.,1.,1.,1.,1.,1.,1.,     1231P   1638
1.,1.,1.,1.,1.,0.339430894,0.388888889,0.,0.339430894,              1231P   1639
0.386543855,0.,0.339196568,0.384243881,0.,0.338962243,              1231P   1640
0.381943907,0.,0.338502596,0.379777379,0.,0.338042949,              1231P   1641
0.37761085,0.,0.337375646,0.375661026,0.,0.336708342,               1231P   1642
0.373711202,0.,0.335859026,0.372053013,0.,0.335009709,              1231P   1643
0.370394824,0.,0.334011019,0.369091993,0.,0.333012329,              1231P   1644
0.367789163,0.,0.331902643,0.366891757,0.,0.330792958,              1231P   1645
0.365994352,0.,0.329614923,0.365536858,0.,0.328436887,              1231P   1646
0.365079365,0.,0.327235772,0.365079365,0.,0.326034658,              1231P   1647
0.365079365,0.,0.324856622,0.365536858,0.,0.323678587,              1231P   1648
0.365994352,0.,0.322568901,0.366891757,0.,0.321459216,              1231P   1649
0.367789163,0.,0.320460526,0.369091993,0.,0.319461835,              1231P   1650
0.370394824,0.,0.318612519,0.372053013,0.,0.317763203,              1231P   1651
0.373711202,0.,0.317095899,0.375661026,0.,0.316428595,              1231P   1652
0.37761085,0.,0.315968949,0.379777379,0.,0.315509302,               1231P   1653
0.381943907,0.,0.315274976,0.384243881,0.,0.31504065,               1231P   1654
0.386543855,0.,0.31504065,0.388888889,0.,0.,1.,0.,0.,1.;            1231P   1655
100,2.,83.,24.75,81.5,24.75,84.5,24.75;                             1233P   1656
126,32,2,1,0,1,0,0.,0.,0.,0.0625,0.0625,0.125,0.125,0.1875,         1235P   1657
0.1875,0.25,0.25,0.3125,0.3125,0.375,0.375,0.4375,0.4375,0.5,       1235P   1658
0.5,0.5625,0.5625,0.625,0.625,0.6875,0.6875,0.75,0.75,0.8125,       1235P   1659
0.8125,0.875,0.875,0.9375,0.9375,1.,1.,1.,1.,1.,1.,1.,1.,1.,1.,     1235P   1660
1.,1.,1.,1.,1.,1.,1.,1.,1.,1.,1.,1.,1.,1.,1.,1.,1.,1.,1.,1.,1.,     1235P   1661
1.,1.,1.,1.,1.,0.31504065,0.388888889,0.,0.31504065,                1235P   1662
0.391233922,0.,0.315274976,0.393533897,0.,0.315509302,              1235P   1663
0.395833871,0.,0.315968949,0.398000399,0.,0.316428595,              1235P   1664
0.400166928,0.,0.317095899,0.402116752,0.,0.317763203,              1235P   1665
0.404066576,0.,0.318612519,0.405724765,0.,0.319461835,              1235P   1666
0.407382954,0.,0.320460526,0.408685784,0.,0.321459216,              1235P   1667
0.409988615,0.,0.322568901,0.410886021,0.,0.323678587,              1235P   1668
0.411783426,0.,0.324856622,0.412240919,0.,0.326034658,              1235P   1669
0.412698413,0.,0.327235772,0.412698413,0.,0.328436887,              1235P   1670
0.412698413,0.,0.329614923,0.412240919,0.,0.330792958,              1235P   1671
0.411783426,0.,0.331902643,0.410886021,0.,0.333012329,              1235P   1672
0.409988615,0.,0.334011019,0.408685784,0.,0.335009709,              1235P   1673
0.407382954,0.,0.335859026,0.405724765,0.,0.336708342,              1235P   1674
0.404066576,0.,0.337375646,0.402116752,0.,0.338042949,              1235P   1675
0.400166928,0.,0.338502596,0.398000399,0.,0.338962243,              1235P   1676
0.395833871,0.,0.339196568,0.393533897,0.,0.339430894,              1235P   1677
0.391233922,0.,0.339430894,0.388888889,0.,0.,1.,0.,0.,1.;           1235P   1678
100,2.,83.,24.75,84.5,24.75,81.5,24.75;                             1237P   1679
102,2,1231,1235;                                                    1239P   1680
102,2,1233,1237;                                                    1241P   1681
142,1,931,1239,1241,1;                                              1243P   1682
126,32,2,1,0,1,0,0.,0.,0.,0.0625,0.0625,0.125,0.125,0.1875,         1245P   1683
0.1875,0.25,0.25,0.3125,0.3125,0.375,0.375,0.4375,0.4375,0.5,       1245P   1684
0.5,0.5625,0.5625,0.625,0.625,0.6875,0.6875,0.75,0.75,0.8125,       1245P   1685
0.8125,0.875,0.875,0.9375,0.9375,1.,1.,1.,1.,1.,1.,1.,1.,1.,1.,     1245P   1686
1.,1.,1.,1.,1.,1.,1.,1.,1.,1.,1.,1.,1.,1.,1.,1.,1.,1.,1.,1.,1.,     1245P   1687
1.,1.,1.,1.,1.,0.282520325,0.5,0.,0.282520325,0.497654967,0.,       1245P   1688
0.282285999,0.495354992,0.,0.282051674,0.493055018,0.,              1245P   1689
0.281592027,0.49088849,0.,0.28113238,0.488721961,0.,                1245P   1690
0.280465077,0.486772137,0.,0.279797773,0.484822313,0.,              1245P   1691
0.278948457,0.483164124,0.,0.27809914,0.481505935,0.,               1245P   1692
0.27710045,0.480203104,0.,0.27610176,0.478900274,0.,                1245P   1693
0.274992074,0.478002868,0.,0.273882389,0.477105463,0.,              1245P   1694
0.272704354,0.47664797,0.,0.271526318,0.476190476,0.,               1245P   1695
0.270325203,0.476190476,0.,0.269124089,0.476190476,0.,              1245P   1696
0.267946053,0.47664797,0.,0.266768017,0.477105463,0.,               1245P   1697
0.265658332,0.478002868,0.,0.264548647,0.478900274,0.,              1245P   1698
0.263549957,0.480203104,0.,0.262551266,0.481505935,0.,              1245P   1699
0.26170195,0.483164124,0.,0.260852633,0.484822313,0.,               1245P   1700
0.26018533,0.486772137,0.,0.259518026,0.488721961,0.,               1245P   1701
0.25905838,0.49088849,0.,0.258598733,0.493055018,0.,                1245P   1702
0.258364407,0.495354992,0.,0.258130081,0.497654967,0.,              1245P   1703
0.258130081,0.5,0.,0.,1.,0.,0.,1.;                                  1245P   1704
100,2.,90.,31.75,88.5,31.75,91.5,31.75;                             1247P   1705
126,32,2,1,0,1,0,0.,0.,0.,0.0625,0.0625,0.125,0.125,0.1875,         1249P   1706
0.1875,0.25,0.25,0.3125,0.3125,0.375,0.375,0.4375,0.4375,0.5,       1249P   1707
0.5,0.5625,0.5625,0.625,0.625,0.6875,0.6875,0.75,0.75,0.8125,       1249P   1708
0.8125,0.875,0.875,0.9375,0.9375,1.,1.,1.,1.,1.,1.,1.,1.,1.,1.,     1249P   1709
1.,1.,1.,1.,1.,1.,1.,1.,1.,1.,1.,1.,1.,1.,1.,1.,1.,1.,1.,1.,1.,     1249P   1710
1.,1.,1.,1.,1.,0.258130081,0.5,0.,0.258130081,0.502345033,0.,       1249P   1711
0.258364407,0.504645008,0.,0.258598733,0.506944982,0.,              1249P   1712
0.25905838,0.50911151,0.,0.259518026,0.511278039,0.,0.26018533,     1249P   1713
0.513227863,0.,0.260852633,0.515177687,0.,0.26170195,               1249P   1714
0.516835876,0.,0.262551266,0.518494065,0.,0.263549957,              1249P   1715
0.519796896,0.,0.264548647,0.521099726,0.,0.265658332,              1249P   1716
0.521997132,0.,0.266768017,0.522894537,0.,0.267946053,              1249P   1717
0.52335203,0.,0.269124089,0.523809524,0.,0.270325203,               1249P   1718
0.523809524,0.,0.271526318,0.523809524,0.,0.272704354,              1249P   1719
0.52335203,0.,0.273882389,0.522894537,0.,0.274992074,               1249P   1720
0.521997132,0.,0.27610176,0.521099726,0.,0.27710045,                1249P   1721
0.519796896,0.,0.27809914,0.518494065,0.,0.278948457,               1249P   1722
0.516835876,0.,0.279797773,0.515177687,0.,0.280465077,              1249P   1723
0.513227863,0.,0.28113238,0.511278039,0.,0.281592027,               1249P   1724
0.50911151,0.,0.282051674,0.506944982,0.,0.282285999,               1249P   1725
0.504645008,0.,0.282520325,0.502345033,0.,0.282520325,0.5,0.,       1249P   1726
0.,1.,0.,0.,1.;                                                     1249P   1727
100,2.,90.,31.75,91.5,31.75,88.5,31.75;                             1251P   1728
102,2,1245,1249;                                                    1253P   1729
102,2,1247,1251;                                                    1255P   1730
142,1,931,1253,1255,1;                                              1257P   1731
126,32,2,1,0,1,0,0.,0.,0.,0.0625,0.0625,0.125,0.125,0.1875,         1259P   1732
0.1875,0.25,0.25,0.3125,0.3125,0.375,0.375,0.4375,0.4375,0.5,       1259P   1733
0.5,0.5625,0.5625,0.625,0.625,0.6875,0.6875,0.75,0.75,0.8125,       1259P   1734
0.8125,0.875,0.875,0.9375,0.9375,1.,1.,1.,1.,1.,1.,1.,1.,1.,1.,     1259P   1735
1.,1.,1.,1.,1.,1.,1.,1.,1.,1.,1.,1.,1.,1.,1.,1.,1.,1.,1.,1.,1.,     1259P   1736
1.,1.,1.,1.,1.,0.339430894,0.611111111,0.,0.339430894,              1259P   1737
0.608766078,0.,0.339196568,0.606466103,0.,0.338962243,              1259P   1738
0.604166129,0.,0.338502596,0.601999601,0.,0.338042949,              1259P   1739
0.599833072,0.,0.337375646,0.597883248,0.,0.336708342,              1259P   1740
0.595933424,0.,0.335859026,0.594275235,0.,0.335009709,              1259P   1741
0.592617046,0.,0.334011019,0.591314216,0.,0.333012329,              1259P   1742
0.590011385,0.,0.331902643,0.589113979,0.,0.330792958,              1259P   1743
0.588216574,0.,0.329614923,0.587759081,0.,0.328436887,              1259P   1744
0.587301587,0.,0.327235772,0.587301587,0.,0.326034658,              1259P   1745
0.587301587,0.,0.324856622,0.587759081,0.,0.323678587,              1259P   1746
0.588216574,0.,0.322568901,0.589113979,0.,0.321459216,              1259P   1747
0.590011385,0.,0.320460526,0.591314216,0.,0.319461835,              1259P   1748
0.592617046,0.,0.318612519,0.594275235,0.,0.317763203,              1259P   1749
0.595933424,0.,0.317095899,0.597883248,0.,0.316428595,              1259P   1750
0.599833072,0.,0.315968949,0.601999601,0.,0.315509302,              1259P   1751
0.604166129,0.,0.315274976,0.606466103,0.,0.31504065,               1259P   1752
0.608766078,0.,0.31504065,0.611111111,0.,0.,1.,0.,0.,1.;            1259P   1753
100,2.,83.,38.75,81.5,38.75,84.5,38.75;                             1261P   1754
126,32,2,1,0,1,0,0.,0.,0.,0.0625,0.0625,0.125,0.125,0.1875,         1263P   1755
0.1875,0.25,0.25,0.3125,0.3125,0.375,0.375,0.4375,0.4375,0.5,       1263P   1756
0.5,0.5625,0.5625,0.625,0.625,0.6875,0.6875,0.75,0.75,0.8125,       1263P   1757
0.8125,0.875,0.875,0.9375,0.9375,1.,1.,1.,1.,1.,1.,1.,1.,1.,1.,     1263P   1758
1.,1.,1.,1.,1.,1.,1.,1.,1.,1.,1.,1.,1.,1.,1.,1.,1.,1.,1.,1.,1.,     1263P   1759
1.,1.,1.,1.,1.,0.31504065,0.611111111,0.,0.31504065,                1263P   1760
0.613456145,0.,0.315274976,0.615756119,0.,0.315509302,              1263P   1761
0.618056093,0.,0.315968949,0.620222621,0.,0.316428595,              1263P   1762
0.62238915,0.,0.317095899,0.624338974,0.,0.317763203,               1263P   1763
0.626288798,0.,0.318612519,0.627946987,0.,0.319461835,              1263P   1764
0.629605176,0.,0.320460526,0.630908007,0.,0.321459216,              1263P   1765
0.632210837,0.,0.322568901,0.633108243,0.,0.323678587,              1263P   1766
0.634005648,0.,0.324856622,0.634463142,0.,0.326034658,              1263P   1767
0.634920635,0.,0.327235772,0.634920635,0.,0.328436887,              1263P   1768
0.634920635,0.,0.329614923,0.634463142,0.,0.330792958,              1263P   1769
0.634005648,0.,0.331902643,0.633108243,0.,0.333012329,              1263P   1770
0.632210837,0.,0.334011019,0.630908007,0.,0.335009709,              1263P   1771
0.629605176,0.,0.335859026,0.627946987,0.,0.336708342,              1263P   1772
0.626288798,0.,0.337375646,0.624338974,0.,0.338042949,              1263P   1773
0.62238915,0.,0.338502596,0.620222621,0.,0.338962243,               1263P   1774
0.618056093,0.,0.339196568,0.615756119,0.,0.339430894,              1263P   1775
0.613456145,0.,0.339430894,0.611111111,0.,0.,1.,0.,0.,1.;           1263P   1776
100,2.,83.,38.75,84.5,38.75,81.5,38.75;                             1265P   1777
102,2,1259,1263;                                                    1267P   1778
102,2,1261,1265;                                                    1269P   1779
142,1,931,1267,1269,1;                                              1271P   1780
126,32,2,1,0,1,0,0.,0.,0.,0.0625,0.0625,0.125,0.125,0.1875,         1273P   1781
0.1875,0.25,0.25,0.3125,0.3125,0.375,0.375,0.4375,0.4375,0.5,       1273P   1782
0.5,0.5625,0.5625,0.625,0.625,0.6875,0.6875,0.75,0.75,0.8125,       1273P   1783
0.8125,0.875,0.875,0.9375,0.9375,1.,1.,1.,1.,1.,1.,1.,1.,1.,1.,     1273P   1784
1.,1.,1.,1.,1.,1.,1.,1.,1.,1.,1.,1.,1.,1.,1.,1.,1.,1.,1.,1.,1.,     1273P   1785
1.,1.,1.,1.,1.,0.396341463,0.5,0.,0.396341463,0.497654967,0.,       1273P   1786
0.396107138,0.495354992,0.,0.395872812,0.493055018,0.,              1273P   1787
0.395413165,0.49088849,0.,0.394953518,0.488721961,0.,               1273P   1788
0.394286215,0.486772137,0.,0.393618911,0.484822313,0.,              1273P   1789
0.392769595,0.483164124,0.,0.391920279,0.481505935,0.,              1273P   1790
0.390921588,0.480203104,0.,0.389922898,0.478900274,0.,              1273P   1791
0.388813213,0.478002868,0.,0.387703527,0.477105463,0.,              1273P   1792
0.386525492,0.47664797,0.,0.385347456,0.476190476,0.,               1273P   1793
0.384146341,0.476190476,0.,0.382945227,0.476190476,0.,              1273P   1794
0.381767191,0.47664797,0.,0.380589156,0.477105463,0.,               1273P   1795
0.37947947,0.478002868,0.,0.378369785,0.478900274,0.,               1273P   1796
0.377371095,0.480203104,0.,0.376372404,0.481505935,0.,              1273P   1797
0.375523088,0.483164124,0.,0.374673772,0.484822313,0.,              1273P   1798
0.374006468,0.486772137,0.,0.373339165,0.488721961,0.,              1273P   1799
0.372879518,0.49088849,0.,0.372419871,0.493055018,0.,               1273P   1800
0.372185545,0.495354992,0.,0.37195122,0.497654967,0.,               1273P   1801
0.37195122,0.5,0.,0.,1.,0.,0.,1.;                                   1273P   1802
100,2.,76.,31.75,74.5,31.75,77.5,31.75;                             1275P   1803
126,32,2,1,0,1,0,0.,0.,0.,0.0625,0.0625,0.125,0.125,0.1875,         1277P   1804
0.1875,0.25,0.25,0.3125,0.3125,0.375,0.375,0.4375,0.4375,0.5,       1277P   1805
0.5,0.5625,0.5625,0.625,0.625,0.6875,0.6875,0.75,0.75,0.8125,       1277P   1806
0.8125,0.875,0.875,0.9375,0.9375,1.,1.,1.,1.,1.,1.,1.,1.,1.,1.,     1277P   1807
1.,1.,1.,1.,1.,1.,1.,1.,1.,1.,1.,1.,1.,1.,1.,1.,1.,1.,1.,1.,1.,     1277P   1808
1.,1.,1.,1.,1.,0.37195122,0.5,0.,0.37195122,0.502345033,0.,         1277P   1809
0.372185545,0.504645008,0.,0.372419871,0.506944982,0.,              1277P   1810
0.372879518,0.50911151,0.,0.373339165,0.511278039,0.,               1277P   1811
0.374006468,0.513227863,0.,0.374673772,0.515177687,0.,              1277P   1812
0.375523088,0.516835876,0.,0.376372404,0.518494065,0.,              1277P   1813
0.377371095,0.519796896,0.,0.378369785,0.521099726,0.,              1277P   1814
0.37947947,0.521997132,0.,0.380589156,0.522894537,0.,               1277P   1815
0.381767191,0.52335203,0.,0.382945227,0.523809524,0.,               1277P   1816
0.384146341,0.523809524,0.,0.385347456,0.523809524,0.,              1277P   1817
0.386525492,0.52335203,0.,0.387703527,0.522894537,0.,               1277P   1818
0.388813213,0.521997132,0.,0.389922898,0.521099726,0.,              1277P   1819
0.390921588,0.519796896,0.,0.391920279,0.518494065,0.,              1277P   1820
0.392769595,0.516835876,0.,0.393618911,0.515177687,0.,              1277P   1821
0.394286215,0.513227863,0.,0.394953518,0.511278039,0.,              1277P   1822
0.395413165,0.50911151,0.,0.395872812,0.506944982,0.,               1277P   1823
0.396107138,0.504645008,0.,0.396341463,0.502345033,0.,              1277P   1824
0.396341463,0.5,0.,0.,1.,0.,0.,1.;                                  1277P   1825
100,2.,76.,31.75,77.5,31.75,74.5,31.75;                             1279P   1826
102,2,1273,1277;                                                    1281P   1827
102,2,1275,1279;                                                    1283P   1828
142,1,931,1281,1283,1;                                              1285P   1829
126,32,2,1,0,1,0,0.,0.,0.,0.0625,0.0625,0.125,0.125,0.1875,         1287P   1830
0.1875,0.25,0.25,0.3125,0.3125,0.375,0.375,0.4375,0.4375,0.5,       1287P   1831
0.5,0.5625,0.5625,0.625,0.625,0.6875,0.6875,0.75,0.75,0.8125,       1287P   1832
0.8125,0.875,0.875,0.9375,0.9375,1.,1.,1.,1.,1.,1.,1.,1.,1.,1.,     1287P   1833
1.,1.,1.,1.,1.,1.,1.,1.,1.,1.,1.,1.,1.,1.,1.,1.,1.,1.,1.,1.,1.,     1287P   1834
1.,1.,1.,1.,1.,0.453252033,0.555555556,0.,0.453252033,              1287P   1835
0.553210522,0.,0.453017707,0.550910548,0.,0.452783381,              1287P   1836
0.548610574,0.,0.452323734,0.546444045,0.,0.451864087,              1287P   1837
0.544277517,0.,0.451196784,0.542327693,0.,0.45052948,               1287P   1838
0.540377869,0.,0.449680164,0.53871968,0.,0.448830848,               1287P   1839
0.537061491,0.,0.447832157,0.53575866,0.,0.446833467,               1287P   1840
0.534455829,0.,0.445723782,0.533558424,0.,0.444614096,              1287P   1841
0.532661018,0.,0.443436061,0.532203525,0.,0.442258025,              1287P   1842
0.531746032,0.,0.441056911,0.531746032,0.,0.439855796,              1287P   1843
0.531746032,0.,0.43867776,0.532203525,0.,0.437499725,               1287P   1844
0.532661018,0.,0.436390039,0.533558424,0.,0.435280354,              1287P   1845
0.534455829,0.,0.434281664,0.53575866,0.,0.433282973,               1287P   1846
0.537061491,0.,0.432433657,0.53871968,0.,0.431584341,               1287P   1847
0.540377869,0.,0.430917037,0.542327693,0.,0.430249734,              1287P   1848
0.544277517,0.,0.429790087,0.546444045,0.,0.42933044,               1287P   1849
0.548610574,0.,0.429096114,0.550910548,0.,0.428861789,              1287P   1850
0.553210522,0.,0.428861789,0.555555556,0.,0.,1.,0.,0.,1.;           1287P   1851
100,2.,69.,35.25,67.5,35.25,70.5,35.25;                             1289P   1852
126,32,2,1,0,1,0,0.,0.,0.,0.0625,0.0625,0.125,0.125,0.1875,         1291P   1853
0.1875,0.25,0.25,0.3125,0.3125,0.375,0.375,0.4375,0.4375,0.5,       1291P   1854
0.5,0.5625,0.5625,0.625,0.625,0.6875,0.6875,0.75,0.75,0.8125,       1291P   1855
0.8125,0.875,0.875,0.9375,0.9375,1.,1.,1.,1.,1.,1.,1.,1.,1.,1.,     1291P   1856
1.,1.,1.,1.,1.,1.,1.,1.,1.,1.,1.,1.,1.,1.,1.,1.,1.,1.,1.,1.,1.,     1291P   1857
1.,1.,1.,1.,1.,0.428861789,0.555555556,0.,0.428861789,              1291P   1858
0.557900589,0.,0.429096114,0.560200563,0.,0.42933044,               1291P   1859
0.562500537,0.,0.429790087,0.564667066,0.,0.430249734,              1291P   1860
0.566833594,0.,0.430917037,0.568783418,0.,0.431584341,              1291P   1861
0.570733242,0.,0.432433657,0.572391431,0.,0.433282973,              1291P   1862
0.57404962,0.,0.434281664,0.575352451,0.,0.435280354,               1291P   1863
0.576655282,0.,0.436390039,0.577552687,0.,0.437499725,              1291P   1864
0.578450093,0.,0.43867776,0.578907586,0.,0.439855796,               1291P   1865
0.579365079,0.,0.441056911,0.579365079,0.,0.442258025,              1291P   1866
0.579365079,0.,0.443436061,0.578907586,0.,0.444614096,              1291P   1867
0.578450093,0.,0.445723782,0.577552687,0.,0.446833467,              1291P   1868
0.576655282,0.,0.447832157,0.575352451,0.,0.448830848,              1291P   1869
0.57404962,0.,0.449680164,0.572391431,0.,0.45052948,                1291P   1870
0.570733242,0.,0.451196784,0.568783418,0.,0.451864087,              1291P   1871
0.566833594,0.,0.452323734,0.564667066,0.,0.452783381,              1291P   1872
0.562500537,0.,0.453017707,0.560200563,0.,0.453252033,              1291P   1873
0.557900589,0.,0.453252033,0.555555556,0.,0.,1.,0.,0.,1.;           1291P   1874
100,2.,69.,35.25,70.5,35.25,67.5,35.25;                             1293P   1875
102,2,1287,1291;                                                    1295P   1876
102,2,1289,1293;                                                    1297P   1877
142,1,931,1295,1297,1;                                              1299P   1878
126,32,2,1,0,1,0,0.,0.,0.,0.0625,0.0625,0.125,0.125,0.1875,         1301P   1879
0.1875,0.25,0.25,0.3125,0.3125,0.375,0.375,0.4375,0.4375,0.5,       1301P   1880
0.5,0.5625,0.5625,0.625,0.625,0.6875,0.6875,0.75,0.75,0.8125,       1301P   1881
0.8125,0.875,0.875,0.9375,0.9375,1.,1.,1.,1.,1.,1.,1.,1.,1.,1.,     1301P   1882
1.,1.,1.,1.,1.,1.,1.,1.,1.,1.,1.,1.,1.,1.,1.,1.,1.,1.,1.,1.,1.,     1301P   1883
1.,1.,1.,1.,1.,0.396341463,0.666666667,0.,0.396341463,              1301P   1884
0.664321633,0.,0.396107138,0.662021659,0.,0.395872812,              1301P   1885
0.659721685,0.,0.395413165,0.657555156,0.,0.394953518,              1301P   1886
0.655388628,0.,0.394286215,0.653438804,0.,0.393618911,              1301P   1887
0.65148898,0.,0.392769595,0.649830791,0.,0.391920279,               1301P   1888
0.648172602,0.,0.390921588,0.646869771,0.,0.389922898,              1301P   1889
0.64556694,0.,0.388813213,0.644669535,0.,0.387703527,               1301P   1890
0.643772129,0.,0.386525492,0.643314636,0.,0.385347456,              1301P   1891
0.642857143,0.,0.384146341,0.642857143,0.,0.382945227,              1301P   1892
0.642857143,0.,0.381767191,0.643314636,0.,0.380589156,              1301P   1893
0.643772129,0.,0.37947947,0.644669535,0.,0.378369785,               1301P   1894
0.64556694,0.,0.377371095,0.646869771,0.,0.376372404,               1301P   1895
0.648172602,0.,0.375523088,0.649830791,0.,0.374673772,              1301P   1896
0.65148898,0.,0.374006468,0.653438804,0.,0.373339165,               1301P   1897
0.655388628,0.,0.372879518,0.657555156,0.,0.372419871,              1301P   1898
0.659721685,0.,0.372185545,0.662021659,0.,0.37195122,               1301P   1899
0.664321633,0.,0.37195122,0.666666667,0.,0.,1.,0.,0.,1.;            1301P   1900
100,2.,76.,42.25,74.5,42.25,77.5,42.25;                             1303P   1901
126,32,2,1,0,1,0,0.,0.,0.,0.0625,0.0625,0.125,0.125,0.1875,         1305P   1902
0.1875,0.25,0.25,0.3125,0.3125,0.375,0.375,0.4375,0.4375,0.5,       1305P   1903
0.5,0.5625,0.5625,0.625,0.625,0.6875,0.6875,0.75,0.75,0.8125,       1305P   1904
0.8125,0.875,0.875,0.9375,0.9375,1.,1.,1.,1.,1.,1.,1.,1.,1.,1.,     1305P   1905
1.,1.,1.,1.,1.,1.,1.,1.,1.,1.,1.,1.,1.,1.,1.,1.,1.,1.,1.,1.,1.,     1305P   1906
1.,1.,1.,1.,1.,0.37195122,0.666666667,0.,0.37195122,0.6690117,      1305P   1907
0.,0.372185545,0.671311674,0.,0.372419871,0.673611649,0.,           1305P   1908
0.372879518,0.675778177,0.,0.373339165,0.677944705,0.,              1305P   1909
0.374006468,0.679894529,0.,0.374673772,0.681844353,0.,              1305P   1910
0.375523088,0.683502542,0.,0.376372404,0.685160731,0.,              1305P   1911
0.377371095,0.686463562,0.,0.378369785,0.687766393,0.,              1305P   1912
0.37947947,0.688663798,0.,0.380589156,0.689561204,0.,               1305P   1913
0.381767191,0.690018697,0.,0.382945227,0.69047619,0.,               1305P   1914
0.384146341,0.69047619,0.,0.385347456,0.69047619,0.,                1305P   1915
0.386525492,0.690018697,0.,0.387703527,0.689561204,0.,              1305P   1916
0.388813213,0.688663798,0.,0.389922898,0.687766393,0.,              1305P   1917
0.390921588,0.686463562,0.,0.391920279,0.685160731,0.,              1305P   1918
0.392769595,0.683502542,0.,0.393618911,0.681844353,0.,              1305P   1919
0.394286215,0.679894529,0.,0.394953518,0.677944705,0.,              1305P   1920
0.395413165,0.675778177,0.,0.395872812,0.673611649,0.,              1305P   1921
0.396107138,0.671311674,0.,0.396341463,0.6690117,0.,                1305P   1922
0.396341463,0.666666667,0.,0.,1.,0.,0.,1.;                          1305P   1923
100,2.,76.,42.25,77.5,42.25,74.5,42.25;                             1307P   1924
102,2,1301,1305;                                                    1309P   1925
102,2,1303,1307;                                                    1311P   1926
142,1,931,1309,1311,1;                                              1313P   1927
126,32,2,1,0,1,0,0.,0.,0.,0.0625,0.0625,0.125,0.125,0.1875,         1315P   1928
0.1875,0.25,0.25,0.3125,0.3125,0.375,0.375,0.4375,0.4375,0.5,       1315P   1929
0.5,0.5625,0.5625,0.625,0.625,0.6875,0.6875,0.75,0.75,0.8125,       1315P   1930
0.8125,0.875,0.875,0.9375,0.9375,1.,1.,1.,1.,1.,1.,1.,1.,1.,1.,     1315P   1931
1.,1.,1.,1.,1.,1.,1.,1.,1.,1.,1.,1.,1.,1.,1.,1.,1.,1.,1.,1.,1.,     1315P   1932
1.,1.,1.,1.,1.,0.453252033,0.777777778,0.,0.453252033,              1315P   1933
0.775432744,0.,0.453017707,0.77313277,0.,0.452783381,               1315P   1934
0.770832796,0.,0.452323734,0.768666267,0.,0.451864087,              1315P   1935
0.766499739,0.,0.451196784,0.764549915,0.,0.45052948,               1315P   1936
0.762600091,0.,0.449680164,0.760941902,0.,0.448830848,              1315P   1937
0.759283713,0.,0.447832157,0.757980882,0.,0.446833467,              1315P   1938
0.756678051,0.,0.445723782,0.755780646,0.,0.444614096,              1315P   1939
0.754883241,0.,0.443436061,0.754425747,0.,0.442258025,              1315P   1940
0.753968254,0.,0.441056911,0.753968254,0.,0.439855796,              1315P   1941
0.753968254,0.,0.43867776,0.754425747,0.,0.437499725,               1315P   1942
0.754883241,0.,0.436390039,0.755780646,0.,0.435280354,              1315P   1943
0.756678051,0.,0.434281664,0.757980882,0.,0.433282973,              1315P   1944
0.759283713,0.,0.432433657,0.760941902,0.,0.431584341,              1315P   1945
0.762600091,0.,0.430917037,0.764549915,0.,0.430249734,              1315P   1946
0.766499739,0.,0.429790087,0.768666267,0.,0.42933044,               1315P   1947
0.770832796,0.,0.429096114,0.77313277,0.,0.428861789,               1315P   1948
0.775432744,0.,0.428861789,0.777777778,0.,0.,1.,0.,0.,1.;           1315P   1949
100,2.,69.,49.25,67.5,49.25,70.5,49.25;                             1317P   1950
126,32,2,1,0,1,0,0.,0.,0.,0.0625,0.0625,0.125,0.125,0.1875,         1319P   1951
0.1875,0.25,0.25,0.3125,0.3125,0.375,0.375,0.4375,0.4375,0.5,       1319P   1952
0.5,0.5625,0.5625,0.625,0.625,0.6875,0.6875,0.75,0.75,0.8125,       1319P   1953
0.8125,0.875,0.875,0.9375,0.9375,1.,1.,1.,1.,1.,1.,1.,1.,1.,1.,     1319P   1954
1.,1.,1.,1.,1.,1.,1.,1.,1.,1.,1.,1.,1.,1.,1.,1.,1.,1.,1.,1.,1.,     1319P   1955
1.,1.,1.,1.,1.,0.428861789,0.777777778,0.,0.428861789,              1319P   1956
0.780122811,0.,0.429096114,0.782422785,0.,0.42933044,               1319P   1957
0.78472276,0.,0.429790087,0.786889288,0.,0.430249734,               1319P   1958
0.789055816,0.,0.430917037,0.79100564,0.,0.431584341,               1319P   1959
0.792955464,0.,0.432433657,0.794613654,0.,0.433282973,              1319P   1960
0.796271843,0.,0.434281664,0.797574673,0.,0.435280354,              1319P   1961
0.798877504,0.,0.436390039,0.799774909,0.,0.437499725,              1319P   1962
0.800672315,0.,0.43867776,0.801129808,0.,0.439855796,               1319P   1963
0.801587302,0.,0.441056911,0.801587302,0.,0.442258025,              1319P   1964
0.801587302,0.,0.443436061,0.801129808,0.,0.444614096,              1319P   1965
0.800672315,0.,0.445723782,0.799774909,0.,0.446833467,              1319P   1966
0.798877504,0.,0.447832157,0.797574673,0.,0.448830848,              1319P   1967
0.796271843,0.,0.449680164,0.794613654,0.,0.45052948,               1319P   1968
0.792955464,0.,0.451196784,0.79100564,0.,0.451864087,               1319P   1969
0.789055816,0.,0.452323734,0.786889288,0.,0.452783381,              1319P   1970
0.78472276,0.,0.453017707,0.782422785,0.,0.453252033,               1319P   1971
0.780122811,0.,0.453252033,0.777777778,0.,0.,1.,0.,0.,1.;           1319P   1972
100,2.,69.,49.25,70.5,49.25,67.5,49.25;                             1321P   1973
102,2,1315,1319;                                                    1323P   1974
102,2,1317,1321;                                                    1325P   1975
142,1,931,1323,1325,1;                                              1327P   1976
144,931,1,25,977,991,1005,1019,1033,1047,1061,1075,1089,1103,       1329P   1977
1117,1131,1145,1159,1173,1187,1201,1215,1229,1243,1257,1271,        1329P   1978
1285,1299,1313,1327;                                                1329P   1979
128,1,1,1,1,0,0,1,0,0,0.,0.,1.,1.,0.,0.,1.,1.,1.,1.,1.,1.,0.,       1331P   1980
12.5,0.249999998,0.,12.5,1.750000002,0.,51.,0.249999998,0.,51.,     1331P   1981
1.750000002,0.,1.,0.,1.;                                            1331P   1982
126,1,1,1,0,1,0,0.,0.,1.,1.,1.,1.,0.,0.,0.,1.,0.,0.,0.,1.,0.,       1333P   1983
0.,1.;                                                              1333P   1984
110,0.,12.5,0.249999998,0.,12.5,1.750000002;                        1335P   1985
126,1,1,1,0,1,0,0.,0.,1.,1.,1.,1.,1.,0.,0.,1.,1.,0.,0.,1.,0.,       1337P   1986
0.,1.;                                                              1337P   1987
110,0.,12.5,1.750000002,0.,51.,1.750000002;                         1339P   1988
126,1,1,1,0,1,0,0.,0.,1.,1.,1.,1.,1.,1.,0.,0.,1.,0.,0.,1.,0.,       1341P   1989
0.,1.;                                                              1341P   1990
110,0.,51.,1.750000002,0.,51.,0.249999998;                          1343P   1991
126,1,1,1,0,1,0,0.,0.,1.,1.,1.,1.,0.,1.,0.,0.,0.,0.,0.,1.,0.,       1345P   1992
0.,1.;                                                              1345P   1993
110,0.,51.,0.249999998,0.,12.5,0.249999998;                         1347P   1994
102,4,1333,1337,1341,1345;                                          1349P   1995
102,4,1335,1339,1343,1347;                                          1351P   1996
142,1,1331,1349,1351,1;                                             1353P   1997
144,1331,1,0,1353;                                                  1355P   1998
128,1,1,1,1,0,0,1,0,0,0.,0.,1.,1.,0.,0.,1.,1.,1.,1.,1.,1.,12.5,     1357P   1999
0.,1.750000002,12.5,0.,0.249999998,111.,0.,1.750000002,111.,0.,     1357P   2000
0.249999998,0.,1.,0.,1.;                                            1357P   2001
126,1,1,1,0,1,0,0.,0.,1.,1.,1.,1.,1.,1.,0.,0.,1.,0.,0.,1.,0.,       1359P   2002
0.,1.;                                                              1359P   2003
110,111.,0.,0.249999998,111.,0.,1.750000002;                        1361P   2004
126,1,1,1,0,1,0,0.,0.,1.,1.,1.,1.,0.,1.,0.,0.,0.,0.,0.,1.,0.,       1363P   2005
0.,1.;                                                              1363P   2006
110,111.,0.,1.750000002,12.5,0.,1.750000002;                        1365P   2007
126,1,1,1,0,1,0,0.,0.,1.,1.,1.,1.,0.,0.,0.,1.,0.,0.,0.,1.,0.,       1367P   2008
0.,1.;                                                              1367P   2009
110,12.5,0.,1.750000002,12.5,0.,0.249999998;                        1369P   2010
126,1,1,1,0,1,0,0.,0.,1.,1.,1.,1.,1.,0.,0.,1.,1.,0.,0.,1.,0.,       1371P   2011
0.,1.;                                                              1371P   2012
110,12.5,0.,0.249999998,111.,0.,0.249999998;                        1373P   2013
102,4,1359,1363,1367,1371;                                          1375P   2014
102,4,1361,1365,1369,1373;                                          1377P   2015
142,1,1357,1375,1377,1;                                             1379P   2016
144,1357,1,0,1379;                                                  1381P   2017
128,1,1,1,1,0,0,1,0,0,0.,0.,1.,1.,0.,0.,1.,1.,1.,1.,1.,1.,          1383P   2018
123.5,12.5,1.750000002,123.5,12.5,0.249999998,123.5,51.,            1383P   2019
1.750000002,123.5,51.,0.249999998,0.,1.,0.,1.;                      1383P   2020
126,1,1,1,0,1,0,0.,0.,1.,1.,1.,1.,1.,1.,0.,0.,1.,0.,0.,1.,0.,       1385P   2021
0.,1.;                                                              1385P   2022
110,123.5,51.,0.249999998,123.5,51.,1.750000002;                    1387P   2023
126,1,1,1,0,1,0,0.,0.,1.,1.,1.,1.,0.,1.,0.,0.,0.,0.,0.,1.,0.,       1389P   2024
0.,1.;                                                              1389P   2025
110,123.5,51.,1.750000002,123.5,12.5,1.750000002;                   1391P   2026
126,1,1,1,0,1,0,0.,0.,1.,1.,1.,1.,0.,0.,0.,1.,0.,0.,0.,1.,0.,       1393P   2027
0.,1.;                                                              1393P   2028
110,123.5,12.5,1.750000002,123.5,12.5,0.249999998;                  1395P   2029
126,1,1,1,0,1,0,0.,0.,1.,1.,1.,1.,1.,0.,0.,1.,1.,0.,0.,1.,0.,       1397P   2030
0.,1.;                                                              1397P   2031
110,123.5,12.5,0.249999998,123.5,51.,0.249999998;                   1399P   2032
102,4,1385,1389,1393,1397;                                          1401P   2033
102,4,1387,1391,1395,1399;                                          1403P   2034
142,1,1383,1401,1403,1;                                             1405P   2035
144,1383,1,0,1405;                                                  1407P   2036
128,1,1,1,1,0,0,1,0,0,0.,0.,1.,1.,0.,0.,1.,1.,1.,1.,1.,1.,12.5,     1409P   2037
63.5,0.249999998,12.5,63.5,1.750000002,111.,63.5,0.249999998,       1409P   2038
111.,63.5,1.750000002,0.,1.,0.,1.;                                  1409P   2039
126,1,1,1,0,1,0,0.,0.,1.,1.,1.,1.,0.,0.,0.,1.,0.,0.,0.,1.,0.,       1411P   2040
0.,1.;                                                              1411P   2041
110,12.5,63.5,0.249999998,12.5,63.5,1.750000002;                    1413P   2042
126,1,1,1,0,1,0,0.,0.,1.,1.,1.,1.,1.,0.,0.,1.,1.,0.,0.,1.,0.,       1415P   2043
0.,1.;                                                              1415P   2044
110,12.5,63.5,1.750000002,111.,63.5,1.750000002;                    1417P   2045
126,1,1,1,0,1,0,0.,0.,1.,1.,1.,1.,1.,1.,0.,0.,1.,0.,0.,1.,0.,       1419P   2046
0.,1.;                                                              1419P   2047
110,111.,63.5,1.750000002,111.,63.5,0.249999998;                    1421P   2048
126,1,1,1,0,1,0,0.,0.,1.,1.,1.,1.,0.,1.,0.,0.,0.,0.,0.,1.,0.,       1423P   2049
0.,1.;                                                              1423P   2050
110,111.,63.5,0.249999998,12.5,63.5,0.249999998;                    1425P   2051
102,4,1411,1415,1419,1423;                                          1427P   2052
102,4,1413,1417,1421,1425;                                          1429P   2053
142,1,1409,1427,1429,1;                                             1431P   2054
144,1409,1,0,1431;                                                  1433P   2055
128,1,1,1,1,0,0,1,0,0,0.,0.,1.,1.,0.,0.,1.,1.,1.,1.,1.,1.,          1435P   2056
123.250000002,0.249999998,0.,0.249999998,0.249999998,0.,            1435P   2057
123.250000002,63.250000002,0.,0.249999998,63.250000002,0.,0.,       1435P   2058
1.,0.,1.;                                                           1435P   2059
126,1,1,1,0,1,0,0.,0.,1.,1.,1.,1.,0.099593496,0.,0.,                1437P   2060
0.900406504,0.,0.,0.,1.,0.,0.,1.;                                   1437P   2061
110,111.,0.249999998,0.,12.5,0.249999998,0.;                        1439P   2062
126,16,2,1,0,1,0,0.,0.,0.,0.125,0.125,0.25,0.25,0.375,0.375,        1441P   2063
0.5,0.5,0.625,0.625,0.75,0.75,0.875,0.875,1.,1.,1.,1.,1.,1.,1.,     1441P   2064
1.,1.,1.,1.,1.,1.,1.,1.,1.,1.,1.,1.,1.,0.900406504,0.,0.,           1441P   2065
0.910215607,0.,0.,0.919836231,0.003736195,0.,0.929456855,           1441P   2066
0.007472391,0.,0.938519285,0.014801202,0.,0.947581715,              1441P   2067
0.022130013,0.,0.955737686,0.032769798,0.,0.963893657,              1441P   2068
0.043409582,0.,0.97082974,0.056951459,0.,0.977765824,               1441P   2069
0.070493336,0.,0.98321547,0.086416899,0.,0.988665115,               1441P   2070
0.102340462,0.,0.992418897,0.120033777,0.,0.996172678,              1441P   2071
0.137727092,0.,0.998086339,0.156510215,0.,1.,0.175293338,0.,1.,     1441P   2072
0.194444444,0.,0.,1.,0.,0.,-1.;                                     1441P   2073
124,-7.04419703990988E-015,-1.,0.,25.0000000000001,-1.,             1443P   2074
7.04419703990988E-015,6.98296672221876E-015,24.9999999999999,       1443P   2075
-6.98296672221876E-015,4.91893935144426E-029,-1.,                   1443P   2076
8.72870840277339E-014;                                              1443P   2077
100,0.,12.5,12.5,24.750000002,12.5,12.5,24.750000002;               1445P   2078
126,1,1,1,0,1,0,0.,0.,1.,1.,1.,1.,1.,0.194444444,0.,1.,             1447P   2079
0.805555556,0.,0.,1.,0.,0.,1.;                                      1447P   2080
110,0.249999998,12.5,0.,0.249999998,51.,0.;                         1449P   2081
126,16,2,1,0,1,0,0.,0.,0.,0.125,0.125,0.25,0.25,0.375,0.375,        1451P   2082
0.5,0.5,0.625,0.625,0.75,0.75,0.875,0.875,1.,1.,1.,1.,1.,1.,1.,     1451P   2083
1.,1.,1.,1.,1.,1.,1.,1.,1.,1.,1.,1.,1.,1.,0.805555556,0.,1.,        1451P   2084
0.824706662,0.,0.998086339,0.843489785,0.,0.996172678,              1451P   2085
0.862272908,0.,0.992418897,0.879966223,0.,0.988665115,              1451P   2086
0.897659538,0.,0.98321547,0.913583101,0.,0.977765824,               1451P   2087
0.929506664,0.,0.97082974,0.943048541,0.,0.963893657,               1451P   2088
0.956590418,0.,0.955737686,0.967230202,0.,0.947581715,              1451P   2089
0.977869987,0.,0.938519285,0.985198798,0.,0.929456855,              1451P   2090
0.992527609,0.,0.919836231,0.996263805,0.,0.910215607,1.,0.,        1451P   2091
0.900406504,1.,0.,0.,1.,0.,0.,-1.;                                  1451P   2092
124,-1.,-2.22044604925031E-016,6.98296672221876E-015,25.,           1453P   2093
-2.22044604925031E-016,1.,0.,5.55111512312579E-015,                 1453P   2094
-6.98296672221876E-015,-1.55053008703971E-030,-1.,                  1453P   2095
8.72870840277346E-014;                                              1453P   2096
100,0.,12.5,51.,24.750000002,51.,12.5,63.250000002;                 1455P   2097
126,1,1,1,0,1,0,0.,0.,1.,1.,1.,1.,0.900406504,1.,0.,                1457P   2098
0.099593496,1.,0.,0.,1.,0.,0.,1.;                                   1457P   2099
110,12.5,63.250000002,0.,111.,63.250000002,0.;                      1459P   2100
126,16,2,1,0,1,0,0.,0.,0.,0.125,0.125,0.25,0.25,0.375,0.375,        1461P   2101
0.5,0.5,0.625,0.625,0.75,0.75,0.875,0.875,1.,1.,1.,1.,1.,1.,1.,     1461P   2102
1.,1.,1.,1.,1.,1.,1.,1.,1.,1.,1.,1.,1.,0.099593496,1.,0.,           1461P   2103
0.089784393,1.,0.,0.080163769,0.996263805,0.,0.070543145,           1461P   2104
0.992527609,0.,0.061480715,0.985198798,0.,0.052418285,              1461P   2105
0.977869987,0.,0.044262314,0.967230202,0.,0.036106343,              1461P   2106
0.956590418,0.,0.02917026,0.943048541,0.,0.022234176,               1461P   2107
0.929506664,0.,0.01678453,0.913583101,0.,0.011334885,               1461P   2108
0.897659538,0.,0.007581103,0.879966223,0.,0.003827322,              1461P   2109
0.862272908,0.,0.001913661,0.843489785,0.,0.,0.824706662,0.,0.,     1461P   2110
0.805555556,0.,0.,1.,0.,0.,-1.;                                     1461P   2111
124,1.42492083670537E-014,1.,0.,59.9999999999984,1.,                1463P   2112
-1.42492083670537E-014,-6.98296672221876E-015,                      1463P   2113
-59.9999999999993,-6.98296672221876E-015,9.95017478524439E-029,     1463P   2114
-1.,7.75109306166278E-013;                                          1463P   2115
100,0.,111.,51.,123.250000002,51.,111.,63.250000002;                1465P   2116
126,1,1,1,0,1,0,0.,0.,1.,1.,1.,1.,0.,0.805555556,0.,0.,             1467P   2117
0.194444444,0.,0.,1.,0.,0.,1.;                                      1467P   2118
110,123.250000002,51.,0.,123.250000002,12.5,0.;                     1469P   2119
126,16,2,1,0,1,0,0.,0.,0.,0.125,0.125,0.25,0.25,0.375,0.375,        1471P   2120
0.5,0.5,0.625,0.625,0.75,0.75,0.875,0.875,1.,1.,1.,1.,1.,1.,1.,     1471P   2121
1.,1.,1.,1.,1.,1.,1.,1.,1.,1.,1.,1.,1.,0.,0.194444444,0.,0.,        1471P   2122
0.175293338,0.,0.001913661,0.156510215,0.,0.003827322,              1471P   2123
0.137727092,0.,0.007581103,0.120033777,0.,0.011334885,              1471P   2124
0.102340462,0.,0.01678453,0.086416899,0.,0.022234176,               1471P   2125
0.070493336,0.,0.02917026,0.056951459,0.,0.036106343,               1471P   2126
0.043409582,0.,0.044262314,0.032769798,0.,0.052418285,              1471P   2127
0.022130013,0.,0.061480715,0.014801202,0.,0.070543145,              1471P   2128
0.007472391,0.,0.080163769,0.003736195,0.,0.089784393,0.,0.,        1471P   2129
0.099593496,0.,0.,0.,1.,0.,0.,-1.;                                  1471P   2130
124,1.,-1.40883940781654E-014,-6.98296672221876E-015,               1473P   2131
1.71798610452575E-013,-1.40883940781654E-014,-1.,0.,                1473P   2132
25.0000000000016,-6.98296672221876E-015,9.83787870259465E-029,      1473P   2133
-1.,7.75109306166282E-013;                                          1473P   2134
100,0.,111.,12.5,123.250000002,12.5,111.,24.750000002;              1475P   2135
102,8,1437,1441,1447,1451,1457,1461,1467,1471;                      1477P   2136
102,8,1439,1445,1449,1455,1459,1465,1469,1475;                      1479P   2137
142,1,1435,1477,1479,1;                                             1481P   2138
126,32,2,1,0,1,0,0.,0.,0.,0.0625,0.0625,0.125,0.125,0.1875,         1483P   2139
0.1875,0.25,0.25,0.3125,0.3125,0.375,0.375,0.4375,0.4375,0.5,       1483P   2140
0.5,0.5625,0.5625,0.625,0.625,0.6875,0.6875,0.75,0.75,0.8125,       1483P   2141
0.8125,0.875,0.875,0.9375,0.9375,1.,1.,1.,1.,1.,1.,1.,1.,1.,1.,     1483P   2142
1.,1.,1.,1.,1.,1.,1.,1.,1.,1.,1.,1.,1.,1.,1.,1.,1.,1.,1.,1.,1.,     1483P   2143
1.,1.,1.,1.,1.,0.424796748,0.885952381,0.,0.424796748,              1483P   2144
0.889079092,0.,0.425109182,0.892145724,0.,0.425421617,              1483P   2145
0.895212357,0.,0.426034479,0.898101061,0.,0.426647341,              1483P   2146
0.900989766,0.,0.427537079,0.903589531,0.,0.428426818,              1483P   2147
0.906189297,0.,0.429559239,0.908400215,0.,0.430691661,              1483P   2148
0.910611134,0.,0.432023248,0.912348242,0.,0.433354835,              1483P   2149
0.914085349,0.,0.434834416,0.91528189,0.,0.436313996,               1483P   2150
0.91647843,0.,0.43788471,0.917088422,0.,0.439455424,                1483P   2151
0.917698413,0.,0.441056911,0.917698413,0.,0.442658397,              1483P   2152
0.917698413,0.,0.444229111,0.917088422,0.,0.445799825,              1483P   2153
0.91647843,0.,0.447279405,0.91528189,0.,0.448758986,                1483P   2154
0.914085349,0.,0.450090573,0.912348242,0.,0.45142216,               1483P   2155
0.910611134,0.,0.452554582,0.908400215,0.,0.453687004,              1483P   2156
0.906189297,0.,0.454576742,0.903589531,0.,0.45546648,               1483P   2157
0.900989766,0.,0.456079342,0.898101061,0.,0.456692204,              1483P   2158
0.895212357,0.,0.457004639,0.892145724,0.,0.457317073,              1483P   2159
0.889079092,0.,0.457317073,0.885952381,0.,0.,1.,0.,0.,1.;           1483P   2160
100,0.,69.,56.065,71.,56.065,67.,56.065;                            1485P   2161
126,32,2,1,0,1,0,0.,0.,0.,0.0625,0.0625,0.125,0.125,0.1875,         1487P   2162
0.1875,0.25,0.25,0.3125,0.3125,0.375,0.375,0.4375,0.4375,0.5,       1487P   2163
0.5,0.5625,0.5625,0.625,0.625,0.6875,0.6875,0.75,0.75,0.8125,       1487P   2164
0.8125,0.875,0.875,0.9375,0.9375,1.,1.,1.,1.,1.,1.,1.,1.,1.,1.,     1487P   2165
1.,1.,1.,1.,1.,1.,1.,1.,1.,1.,1.,1.,1.,1.,1.,1.,1.,1.,1.,1.,1.,     1487P   2166
1.,1.,1.,1.,1.,0.457317073,0.885952381,0.,0.457317073,              1487P   2167
0.88282567,0.,0.457004639,0.879759037,0.,0.456692204,               1487P   2168
0.876692405,0.,0.456079342,0.873803701,0.,0.45546648,               1487P   2169
0.870914996,0.,0.454576742,0.868315231,0.,0.453687004,              1487P   2170
0.865715465,0.,0.452554582,0.863504547,0.,0.45142216,               1487P   2171
0.861293628,0.,0.450090573,0.85955652,0.,0.448758986,               1487P   2172
0.857819413,0.,0.447279405,0.856622872,0.,0.445799825,              1487P   2173
0.855426331,0.,0.444229111,0.85481634,0.,0.442658397,               1487P   2174
0.854206349,0.,0.441056911,0.854206349,0.,0.439455424,              1487P   2175
0.854206349,0.,0.43788471,0.85481634,0.,0.436313996,                1487P   2176
0.855426331,0.,0.434834416,0.856622872,0.,0.433354835,              1487P   2177
0.857819413,0.,0.432023248,0.85955652,0.,0.430691661,               1487P   2178
0.861293628,0.,0.429559239,0.863504547,0.,0.428426818,              1487P   2179
0.865715465,0.,0.427537079,0.868315231,0.,0.426647341,              1487P   2180
0.870914996,0.,0.426034479,0.873803701,0.,0.425421617,              1487P   2181
0.876692405,0.,0.425109182,0.879759037,0.,0.424796748,              1487P   2182
0.88282567,0.,0.424796748,0.885952381,0.,0.,1.,0.,0.,1.;            1487P   2183
100,0.,69.,56.065,67.,56.065,71.,56.065;                            1489P   2184
102,2,1483,1487;                                                    1491P   2185
102,2,1485,1489;                                                    1493P   2186
142,1,1435,1491,1493,1;                                             1495P   2187
126,32,2,1,0,1,0,0.,0.,0.,0.0625,0.0625,0.125,0.125,0.1875,         1497P   2188
0.1875,0.25,0.25,0.3125,0.3125,0.375,0.375,0.4375,0.4375,0.5,       1497P   2189
0.5,0.5625,0.5625,0.625,0.625,0.6875,0.6875,0.75,0.75,0.8125,       1497P   2190
0.8125,0.875,0.875,0.9375,0.9375,1.,1.,1.,1.,1.,1.,1.,1.,1.,1.,     1497P   2191
1.,1.,1.,1.,1.,1.,1.,1.,1.,1.,1.,1.,1.,1.,1.,1.,1.,1.,1.,1.,1.,     1497P   2192
1.,1.,1.,1.,1.,0.343495935,0.114047619,0.,0.343495935,              1497P   2193
0.11717433,0.,0.343808369,0.120240963,0.,0.344120804,               1497P   2194
0.123307595,0.,0.344733666,0.126196299,0.,0.345346528,              1497P   2195
0.129085004,0.,0.346236266,0.131684769,0.,0.347126005,              1497P   2196
0.134284535,0.,0.348258426,0.136495453,0.,0.349390848,              1497P   2197
0.138706372,0.,0.350722435,0.14044348,0.,0.352054022,               1497P   2198
0.142180587,0.,0.353533603,0.143377128,0.,0.355013183,              1497P   2199
0.144573669,0.,0.356583897,0.14518366,0.,0.358154611,               1497P   2200
0.145793651,0.,0.359756098,0.145793651,0.,0.361357584,              1497P   2201
0.145793651,0.,0.362928298,0.14518366,0.,0.364499012,               1497P   2202
0.144573669,0.,0.365978592,0.143377128,0.,0.367458173,              1497P   2203
0.142180587,0.,0.36878976,0.14044348,0.,0.370121347,                1497P   2204
0.138706372,0.,0.371253769,0.136495453,0.,0.372386191,              1497P   2205
0.134284535,0.,0.373275929,0.131684769,0.,0.374165667,              1497P   2206
0.129085004,0.,0.374778529,0.126196299,0.,0.375391391,              1497P   2207
0.123307595,0.,0.375703826,0.120240963,0.,0.37601626,               1497P   2208
0.11717433,0.,0.37601626,0.114047619,0.,0.,1.,0.,0.,1.;             1497P   2209
100,0.,79.,7.435,81.,7.435,77.,7.435;                               1499P   2210
126,32,2,1,0,1,0,0.,0.,0.,0.0625,0.0625,0.125,0.125,0.1875,         1501P   2211
0.1875,0.25,0.25,0.3125,0.3125,0.375,0.375,0.4375,0.4375,0.5,       1501P   2212
0.5,0.5625,0.5625,0.625,0.625,0.6875,0.6875,0.75,0.75,0.8125,       1501P   2213
0.8125,0.875,0.875,0.9375,0.9375,1.,1.,1.,1.,1.,1.,1.,1.,1.,1.,     1501P   2214
1.,1.,1.,1.,1.,1.,1.,1.,1.,1.,1.,1.,1.,1.,1.,1.,1.,1.,1.,1.,1.,     1501P   2215
1.,1.,1.,1.,1.,0.37601626,0.114047619,0.,0.37601626,                1501P   2216
0.110920908,0.,0.375703826,0.107854276,0.,0.375391391,              1501P   2217
0.104787643,0.,0.374778529,0.101898939,0.,0.374165667,              1501P   2218
0.099010234,0.,0.373275929,0.096410469,0.,0.372386191,              1501P   2219
0.093810703,0.,0.371253769,0.091599785,0.,0.370121347,              1501P   2220
0.089388866,0.,0.36878976,0.087651758,0.,0.367458173,               1501P   2221
0.085914651,0.,0.365978592,0.08471811,0.,0.364499012,               1501P   2222
0.08352157,0.,0.362928298,0.082911578,0.,0.361357584,               1501P   2223
0.082301587,0.,0.359756098,0.082301587,0.,0.358154611,              1501P   2224
0.082301587,0.,0.356583897,0.082911578,0.,0.355013183,              1501P   2225
0.08352157,0.,0.353533603,0.08471811,0.,0.352054022,                1501P   2226
0.085914651,0.,0.350722435,0.087651758,0.,0.349390848,              1501P   2227
0.089388866,0.,0.348258426,0.091599785,0.,0.347126005,              1501P   2228
0.093810703,0.,0.346236266,0.096410469,0.,0.345346528,              1501P   2229
0.099010234,0.,0.344733666,0.101898939,0.,0.344120804,              1501P   2230
0.104787643,0.,0.343808369,0.107854276,0.,0.343495935,              1501P   2231
0.110920908,0.,0.343495935,0.114047619,0.,0.,1.,0.,0.,1.;           1501P   2232
100,0.,79.,7.435,77.,7.435,81.,7.435;                               1503P   2233
102,2,1497,1501;                                                    1505P   2234
102,2,1499,1503;                                                    1507P   2235
142,1,1435,1505,1507,1;                                             1509P   2236
126,32,2,1,0,1,0,0.,0.,0.,0.0625,0.0625,0.125,0.125,0.1875,         1511P   2237
0.1875,0.25,0.25,0.3125,0.3125,0.375,0.375,0.4375,0.4375,0.5,       1511P   2238
0.5,0.5625,0.5625,0.625,0.625,0.6875,0.6875,0.75,0.75,0.8125,       1511P   2239
0.8125,0.875,0.875,0.9375,0.9375,1.,1.,1.,1.,1.,1.,1.,1.,1.,1.,     1511P   2240
1.,1.,1.,1.,1.,1.,1.,1.,1.,1.,1.,1.,1.,1.,1.,1.,1.,1.,1.,1.,1.,     1511P   2241
1.,1.,1.,1.,1.,0.424796748,0.114047619,0.,0.424796748,              1511P   2242
0.11717433,0.,0.425109182,0.120240963,0.,0.425421617,               1511P   2243
0.123307595,0.,0.426034479,0.126196299,0.,0.426647341,              1511P   2244
0.129085004,0.,0.427537079,0.131684769,0.,0.428426818,              1511P   2245
0.134284535,0.,0.429559239,0.136495453,0.,0.430691661,              1511P   2246
0.138706372,0.,0.432023248,0.14044348,0.,0.433354835,               1511P   2247
0.142180587,0.,0.434834416,0.143377128,0.,0.436313996,              1511P   2248
0.144573669,0.,0.43788471,0.14518366,0.,0.439455424,                1511P   2249
0.145793651,0.,0.441056911,0.145793651,0.,0.442658397,              1511P   2250
0.145793651,0.,0.444229111,0.14518366,0.,0.445799825,               1511P   2251
0.144573669,0.,0.447279405,0.143377128,0.,0.448758986,              1511P   2252
0.142180587,0.,0.450090573,0.14044348,0.,0.45142216,                1511P   2253
0.138706372,0.,0.452554582,0.136495453,0.,0.453687004,              1511P   2254
0.134284535,0.,0.454576742,0.131684769,0.,0.45546648,               1511P   2255
0.129085004,0.,0.456079342,0.126196299,0.,0.456692204,              1511P   2256
0.123307595,0.,0.457004639,0.120240963,0.,0.457317073,              1511P   2257
0.11717433,0.,0.457317073,0.114047619,0.,0.,1.,0.,0.,1.;            1511P   2258
100,0.,69.,7.435,71.,7.435,67.,7.435;                               1513P   2259
126,32,2,1,0,1,0,0.,0.,0.,0.0625,0.0625,0.125,0.125,0.1875,         1515P   2260
0.1875,0.25,0.25,0.3125,0.3125,0.375,0.375,0.4375,0.4375,0.5,       1515P   2261
0.5,0.5625,0.5625,0.625,0.625,0.6875,0.6875,0.75,0.75,0.8125,       1515P   2262
0.8125,0.875,0.875,0.9375,0.9375,1.,1.,1.,1.,1.,1.,1.,1.,1.,1.,     1515P   2263
1.,1.,1.,1.,1.,1.,1.,1.,1.,1.,1.,1.,1.,1.,1.,1.,1.,1.,1.,1.,1.,     1515P   2264
1.,1.,1.,1.,1.,0.457317073,0.114047619,0.,0.457317073,              1515P   2265
0.110920908,0.,0.457004639,0.107854276,0.,0.456692204,              1515P   2266
0.104787643,0.,0.456079342,0.101898939,0.,0.45546648,               1515P   2267
0.099010234,0.,0.454576742,0.096410469,0.,0.453687004,              1515P   2268
0.093810703,0.,0.452554582,0.091599785,0.,0.45142216,               1515P   2269
0.089388866,0.,0.450090573,0.087651758,0.,0.448758986,              1515P   2270
0.085914651,0.,0.447279405,0.08471811,0.,0.445799825,               1515P   2271
0.08352157,0.,0.444229111,0.082911578,0.,0.442658397,               1515P   2272
0.082301587,0.,0.441056911,0.082301587,0.,0.439455424,              1515P   2273
0.082301587,0.,0.43788471,0.082911578,0.,0.436313996,               1515P   2274
0.08352157,0.,0.434834416,0.08471811,0.,0.433354835,                1515P   2275
0.085914651,0.,0.432023248,0.087651758,0.,0.430691661,              1515P   2276
0.089388866,0.,0.429559239,0.091599785,0.,0.428426818,              1515P   2277
0.093810703,0.,0.427537079,0.096410469,0.,0.426647341,              1515P   2278
0.099010234,0.,0.426034479,0.101898939,0.,0.425421617,              1515P   2279
0.104787643,0.,0.425109182,0.107854276,0.,0.424796748,              1515P   2280
0.110920908,0.,0.424796748,0.114047619,0.,0.,1.,0.,0.,1.;           1515P   2281
100,0.,69.,7.435,67.,7.435,71.,7.435;                               1517P   2282
102,2,1511,1515;                                                    1519P   2283
102,2,1513,1517;                                                    1521P   2284
142,1,1435,1519,1521,1;                                             1523P   2285
126,32,2,1,0,1,0,0.,0.,0.,0.0625,0.0625,0.125,0.125,0.1875,         1525P   2286
0.1875,0.25,0.25,0.3125,0.3125,0.375,0.375,0.4375,0.4375,0.5,       1525P   2287
0.5,0.5625,0.5625,0.625,0.625,0.6875,0.6875,0.75,0.75,0.8125,       1525P   2288
0.8125,0.875,0.875,0.9375,0.9375,1.,1.,1.,1.,1.,1.,1.,1.,1.,1.,     1525P   2289
1.,1.,1.,1.,1.,1.,1.,1.,1.,1.,1.,1.,1.,1.,1.,1.,1.,1.,1.,1.,1.,     1525P   2290
1.,1.,1.,1.,1.,0.485772358,0.666666667,0.,0.485772358,              1525P   2291
0.6690117,0.,0.486006684,0.671311674,0.,0.486241009,                1525P   2292
0.673611649,0.,0.486700656,0.675778177,0.,0.487160303,              1525P   2293
0.677944705,0.,0.487827606,0.679894529,0.,0.48849491,               1525P   2294
0.681844353,0.,0.489344226,0.683502542,0.,0.490193543,              1525P   2295
0.685160731,0.,0.491192233,0.686463562,0.,0.492190923,              1525P   2296
0.687766393,0.,0.493300609,0.688663798,0.,0.494410294,              1525P   2297
0.689561204,0.,0.495588329,0.690018697,0.,0.496766365,              1525P   2298
0.69047619,0.,0.49796748,0.69047619,0.,0.499168594,0.69047619,      1525P   2299
0.,0.50034663,0.690018697,0.,0.501524666,0.689561204,0.,            1525P   2300
0.502634351,0.688663798,0.,0.503744036,0.687766393,0.,              1525P   2301
0.504742726,0.686463562,0.,0.505741417,0.685160731,0.,              1525P   2302
0.506590733,0.683502542,0.,0.507440049,0.681844353,0.,              1525P   2303
0.508107353,0.679894529,0.,0.508774657,0.677944705,0.,              1525P   2304
0.509234303,0.675778177,0.,0.50969395,0.673611649,0.,               1525P   2305
0.509928276,0.671311674,0.,0.510162602,0.6690117,0.,                1525P   2306
0.510162602,0.666666667,0.,0.,1.,0.,0.,1.;                          1525P   2307
100,0.,62.,42.25,63.5,42.25,60.5,42.25;                             1527P   2308
126,32,2,1,0,1,0,0.,0.,0.,0.0625,0.0625,0.125,0.125,0.1875,         1529P   2309
0.1875,0.25,0.25,0.3125,0.3125,0.375,0.375,0.4375,0.4375,0.5,       1529P   2310
0.5,0.5625,0.5625,0.625,0.625,0.6875,0.6875,0.75,0.75,0.8125,       1529P   2311
0.8125,0.875,0.875,0.9375,0.9375,1.,1.,1.,1.,1.,1.,1.,1.,1.,1.,     1529P   2312
1.,1.,1.,1.,1.,1.,1.,1.,1.,1.,1.,1.,1.,1.,1.,1.,1.,1.,1.,1.,1.,     1529P   2313
1.,1.,1.,1.,1.,0.510162602,0.666666667,0.,0.510162602,              1529P   2314
0.664321633,0.,0.509928276,0.662021659,0.,0.50969395,               1529P   2315
0.659721685,0.,0.509234303,0.657555156,0.,0.508774657,              1529P   2316
0.655388628,0.,0.508107353,0.653438804,0.,0.507440049,              1529P   2317
0.65148898,0.,0.506590733,0.649830791,0.,0.505741417,               1529P   2318
0.648172602,0.,0.504742726,0.646869771,0.,0.503744036,              1529P   2319
0.64556694,0.,0.502634351,0.644669535,0.,0.501524666,               1529P   2320
0.643772129,0.,0.50034663,0.643314636,0.,0.499168594,               1529P   2321
0.642857143,0.,0.49796748,0.642857143,0.,0.496766365,               1529P   2322
0.642857143,0.,0.495588329,0.643314636,0.,0.494410294,              1529P   2323
0.643772129,0.,0.493300609,0.644669535,0.,0.492190923,              1529P   2324
0.64556694,0.,0.491192233,0.646869771,0.,0.490193543,               1529P   2325
0.648172602,0.,0.489344226,0.649830791,0.,0.48849491,               1529P   2326
0.65148898,0.,0.487827606,0.653438804,0.,0.487160303,               1529P   2327
0.655388628,0.,0.486700656,0.657555156,0.,0.486241009,              1529P   2328
0.659721685,0.,0.486006684,0.662021659,0.,0.485772358,              1529P   2329
0.664321633,0.,0.485772358,0.666666667,0.,0.,1.,0.,0.,1.;           1529P   2330
100,0.,62.,42.25,60.5,42.25,63.5,42.25;                             1531P   2331
102,2,1525,1529;                                                    1533P   2332
102,2,1527,1531;                                                    1535P   2333
142,1,1435,1533,1535,1;                                             1537P   2334
126,32,2,1,0,1,0,0.,0.,0.,0.0625,0.0625,0.125,0.125,0.1875,         1539P   2335
0.1875,0.25,0.25,0.3125,0.3125,0.375,0.375,0.4375,0.4375,0.5,       1539P   2336
0.5,0.5625,0.5625,0.625,0.625,0.6875,0.6875,0.75,0.75,0.8125,       1539P   2337
0.8125,0.875,0.875,0.9375,0.9375,1.,1.,1.,1.,1.,1.,1.,1.,1.,1.,     1539P   2338
1.,1.,1.,1.,1.,1.,1.,1.,1.,1.,1.,1.,1.,1.,1.,1.,1.,1.,1.,1.,1.,     1539P   2339
1.,1.,1.,1.,1.,0.428861789,0.777777778,0.,0.428861789,              1539P   2340
0.780122811,0.,0.429096114,0.782422785,0.,0.42933044,               1539P   2341
0.78472276,0.,0.429790087,0.786889288,0.,0.430249734,               1539P   2342
0.789055816,0.,0.430917037,0.79100564,0.,0.431584341,               1539P   2343
0.792955464,0.,0.432433657,0.794613654,0.,0.433282973,              1539P   2344
0.796271843,0.,0.434281664,0.797574673,0.,0.435280354,              1539P   2345
0.798877504,0.,0.436390039,0.799774909,0.,0.437499725,              1539P   2346
0.800672315,0.,0.43867776,0.801129808,0.,0.439855796,               1539P   2347
0.801587302,0.,0.441056911,0.801587302,0.,0.442258025,              1539P   2348
0.801587302,0.,0.443436061,0.801129808,0.,0.444614096,              1539P   2349
0.800672315,0.,0.445723782,0.799774909,0.,0.446833467,              1539P   2350
0.798877504,0.,0.447832157,0.797574673,0.,0.448830848,              1539P   2351
0.796271843,0.,0.449680164,0.794613654,0.,0.45052948,               1539P   2352
0.792955464,0.,0.451196784,0.79100564,0.,0.451864087,               1539P   2353
0.789055816,0.,0.452323734,0.786889288,0.,0.452783381,              1539P   2354
0.78472276,0.,0.453017707,0.782422785,0.,0.453252033,               1539P   2355
0.780122811,0.,0.453252033,0.777777778,0.,0.,1.,0.,0.,1.;           1539P   2356
100,0.,69.,49.25,70.5,49.25,67.5,49.25;                             1541P   2357
126,32,2,1,0,1,0,0.,0.,0.,0.0625,0.0625,0.125,0.125,0.1875,         1543P   2358
0.1875,0.25,0.25,0.3125,0.3125,0.375,0.375,0.4375,0.4375,0.5,       1543P   2359
0.5,0.5625,0.5625,0.625,0.625,0.6875,0.6875,0.75,0.75,0.8125,       1543P   2360
0.8125,0.875,0.875,0.9375,0.9375,1.,1.,1.,1.,1.,1.,1.,1.,1.,1.,     1543P   2361
1.,1.,1.,1.,1.,1.,1.,1.,1.,1.,1.,1.,1.,1.,1.,1.,1.,1.,1.,1.,1.,     1543P   2362
1.,1.,1.,1.,1.,0.453252033,0.777777778,0.,0.453252033,              1543P   2363
0.775432744,0.,0.453017707,0.77313277,0.,0.452783381,               1543P   2364
0.770832796,0.,0.452323734,0.768666267,0.,0.451864087,              1543P   2365
0.766499739,0.,0.451196784,0.764549915,0.,0.45052948,               1543P   2366
0.762600091,0.,0.449680164,0.760941902,0.,0.448830848,              1543P   2367
0.759283713,0.,0.447832157,0.757980882,0.,0.446833467,              1543P   2368
0.756678051,0.,0.445723782,0.755780646,0.,0.444614096,              1543P   2369
0.754883241,0.,0.443436061,0.754425747,0.,0.442258025,              1543P   2370
0.753968254,0.,0.441056911,0.753968254,0.,0.439855796,              1543P   2371
0.753968254,0.,0.43867776,0.754425747,0.,0.437499725,               1543P   2372
0.754883241,0.,0.436390039,0.755780646,0.,0.435280354,              1543P   2373
0.756678051,0.,0.434281664,0.757980882,0.,0.433282973,              1543P   2374
0.759283713,0.,0.432433657,0.760941902,0.,0.431584341,              1543P   2375
0.762600091,0.,0.430917037,0.764549915,0.,0.430249734,              1543P   2376
0.766499739,0.,0.429790087,0.768666267,0.,0.42933044,               1543P   2377
0.770832796,0.,0.429096114,0.77313277,0.,0.428861789,               1543P   2378
0.775432744,0.,0.428861789,0.777777778,0.,0.,1.,0.,0.,1.;           1543P   2379
100,0.,69.,49.25,67.5,49.25,70.5,49.25;                             1545P   2380
102,2,1539,1543;                                                    1547P   2381
102,2,1541,1545;                                                    1549P   2382
142,1,1435,1547,1549,1;                                             1551P   2383
126,32,2,1,0,1,0,0.,0.,0.,0.0625,0.0625,0.125,0.125,0.1875,         1553P   2384
0.1875,0.25,0.25,0.3125,0.3125,0.375,0.375,0.4375,0.4375,0.5,       1553P   2385
0.5,0.5625,0.5625,0.625,0.625,0.6875,0.6875,0.75,0.75,0.8125,       1553P   2386
0.8125,0.875,0.875,0.9375,0.9375,1.,1.,1.,1.,1.,1.,1.,1.,1.,1.,     1553P   2387
1.,1.,1.,1.,1.,1.,1.,1.,1.,1.,1.,1.,1.,1.,1.,1.,1.,1.,1.,1.,1.,     1553P   2388
1.,1.,1.,1.,1.,0.37195122,0.666666667,0.,0.37195122,0.6690117,      1553P   2389
0.,0.372185545,0.671311674,0.,0.372419871,0.673611649,0.,           1553P   2390
0.372879518,0.675778177,0.,0.373339165,0.677944705,0.,              1553P   2391
0.374006468,0.679894529,0.,0.374673772,0.681844353,0.,              1553P   2392
0.375523088,0.683502542,0.,0.376372404,0.685160731,0.,              1553P   2393
0.377371095,0.686463562,0.,0.378369785,0.687766393,0.,              1553P   2394
0.37947947,0.688663798,0.,0.380589156,0.689561204,0.,               1553P   2395
0.381767191,0.690018697,0.,0.382945227,0.69047619,0.,               1553P   2396
0.384146341,0.69047619,0.,0.385347456,0.69047619,0.,                1553P   2397
0.386525492,0.690018697,0.,0.387703527,0.689561204,0.,              1553P   2398
0.388813213,0.688663798,0.,0.389922898,0.687766393,0.,              1553P   2399
0.390921588,0.686463562,0.,0.391920279,0.685160731,0.,              1553P   2400
0.392769595,0.683502542,0.,0.393618911,0.681844353,0.,              1553P   2401
0.394286215,0.679894529,0.,0.394953518,0.677944705,0.,              1553P   2402
0.395413165,0.675778177,0.,0.395872812,0.673611649,0.,              1553P   2403
0.396107138,0.671311674,0.,0.396341463,0.6690117,0.,                1553P   2404
0.396341463,0.666666667,0.,0.,1.,0.,0.,1.;                          1553P   2405
100,0.,76.,42.25,77.5,42.25,74.5,42.25;                             1555P   2406
126,32,2,1,0,1,0,0.,0.,0.,0.0625,0.0625,0.125,0.125,0.1875,         1557P   2407
0.1875,0.25,0.25,0.3125,0.3125,0.375,0.375,0.4375,0.4375,0.5,       1557P   2408
0.5,0.5625,0.5625,0.625,0.625,0.6875,0.6875,0.75,0.75,0.8125,       1557P   2409
0.8125,0.875,0.875,0.9375,0.9375,1.,1.,1.,1.,1.,1.,1.,1.,1.,1.,     1557P   2410
1.,1.,1.,1.,1.,1.,1.,1.,1.,1.,1.,1.,1.,1.,1.,1.,1.,1.,1.,1.,1.,     1557P   2411
1.,1.,1.,1.,1.,0.396341463,0.666666667,0.,0.396341463,              1557P   2412
0.664321633,0.,0.396107138,0.662021659,0.,0.395872812,              1557P   2413
0.659721685,0.,0.395413165,0.657555156,0.,0.394953518,              1557P   2414
0.655388628,0.,0.394286215,0.653438804,0.,0.393618911,              1557P   2415
0.65148898,0.,0.392769595,0.649830791,0.,0.391920279,               1557P   2416
0.648172602,0.,0.390921588,0.646869771,0.,0.389922898,              1557P   2417
0.64556694,0.,0.388813213,0.644669535,0.,0.387703527,               1557P   2418
0.643772129,0.,0.386525492,0.643314636,0.,0.385347456,              1557P   2419
0.642857143,0.,0.384146341,0.642857143,0.,0.382945227,              1557P   2420
0.642857143,0.,0.381767191,0.643314636,0.,0.380589156,              1557P   2421
0.643772129,0.,0.37947947,0.644669535,0.,0.378369785,               1557P   2422
0.64556694,0.,0.377371095,0.646869771,0.,0.376372404,               1557P   2423
0.648172602,0.,0.375523088,0.649830791,0.,0.374673772,              1557P   2424
0.65148898,0.,0.374006468,0.653438804,0.,0.373339165,               1557P   2425
0.655388628,0.,0.372879518,0.657555156,0.,0.372419871,              1557P   2426
0.659721685,0.,0.372185545,0.662021659,0.,0.37195122,               1557P   2427
0.664321633,0.,0.37195122,0.666666667,0.,0.,1.,0.,0.,1.;            1557P   2428
100,0.,76.,42.25,74.5,42.25,77.5,42.25;                             1559P   2429
102,2,1553,1557;                                                    1561P   2430
102,2,1555,1559;                                                    1563P   2431
142,1,1435,1561,1563,1;                                             1565P   2432
126,32,2,1,0,1,0,0.,0.,0.,0.0625,0.0625,0.125,0.125,0.1875,         1567P   2433
0.1875,0.25,0.25,0.3125,0.3125,0.375,0.375,0.4375,0.4375,0.5,       1567P   2434
0.5,0.5625,0.5625,0.625,0.625,0.6875,0.6875,0.75,0.75,0.8125,       1567P   2435
0.8125,0.875,0.875,0.9375,0.9375,1.,1.,1.,1.,1.,1.,1.,1.,1.,1.,     1567P   2436
1.,1.,1.,1.,1.,1.,1.,1.,1.,1.,1.,1.,1.,1.,1.,1.,1.,1.,1.,1.,1.,     1567P   2437
1.,1.,1.,1.,1.,0.428861789,0.555555556,0.,0.428861789,              1567P   2438
0.557900589,0.,0.429096114,0.560200563,0.,0.42933044,               1567P   2439
0.562500537,0.,0.429790087,0.564667066,0.,0.430249734,              1567P   2440
0.566833594,0.,0.430917037,0.568783418,0.,0.431584341,              1567P   2441
0.570733242,0.,0.432433657,0.572391431,0.,0.433282973,              1567P   2442
0.57404962,0.,0.434281664,0.575352451,0.,0.435280354,               1567P   2443
0.576655282,0.,0.436390039,0.577552687,0.,0.437499725,              1567P   2444
0.578450093,0.,0.43867776,0.578907586,0.,0.439855796,               1567P   2445
0.579365079,0.,0.441056911,0.579365079,0.,0.442258025,              1567P   2446
0.579365079,0.,0.443436061,0.578907586,0.,0.444614096,              1567P   2447
0.578450093,0.,0.445723782,0.577552687,0.,0.446833467,              1567P   2448
0.576655282,0.,0.447832157,0.575352451,0.,0.448830848,              1567P   2449
0.57404962,0.,0.449680164,0.572391431,0.,0.45052948,                1567P   2450
0.570733242,0.,0.451196784,0.568783418,0.,0.451864087,              1567P   2451
0.566833594,0.,0.452323734,0.564667066,0.,0.452783381,              1567P   2452
0.562500537,0.,0.453017707,0.560200563,0.,0.453252033,              1567P   2453
0.557900589,0.,0.453252033,0.555555556,0.,0.,1.,0.,0.,1.;           1567P   2454
100,0.,69.,35.25,70.5,35.25,67.5,35.25;                             1569P   2455
126,32,2,1,0,1,0,0.,0.,0.,0.0625,0.0625,0.125,0.125,0.1875,         1571P   2456
0.1875,0.25,0.25,0.3125,0.3125,0.375,0.375,0.4375,0.4375,0.5,       1571P   2457
0.5,0.5625,0.5625,0.625,0.625,0.6875,0.6875,0.75,0.75,0.8125,       1571P   2458
0.8125,0.875,0.875,0.9375,0.9375,1.,1.,1.,1.,1.,1.,1.,1.,1.,1.,     1571P   2459
1.,1.,1.,1.,1.,1.,1.,1.,1.,1.,1.,1.,1.,1.,1.,1.,1.,1.,1.,1.,1.,     1571P   2460
1.,1.,1.,1.,1.,0.453252033,0.555555556,0.,0.453252033,              1571P   2461
0.553210522,0.,0.453017707,0.550910548,0.,0.452783381,              1571P   2462
0.548610574,0.,0.452323734,0.546444045,0.,0.451864087,              1571P   2463
0.544277517,0.,0.451196784,0.542327693,0.,0.45052948,               1571P   2464
0.540377869,0.,0.449680164,0.53871968,0.,0.448830848,               1571P   2465
0.537061491,0.,0.447832157,0.53575866,0.,0.446833467,               1571P   2466
0.534455829,0.,0.445723782,0.533558424,0.,0.444614096,              1571P   2467
0.532661018,0.,0.443436061,0.532203525,0.,0.442258025,              1571P   2468
0.531746032,0.,0.441056911,0.531746032,0.,0.439855796,              1571P   2469
0.531746032,0.,0.43867776,0.532203525,0.,0.437499725,               1571P   2470
0.532661018,0.,0.436390039,0.533558424,0.,0.435280354,              1571P   2471
0.534455829,0.,0.434281664,0.53575866,0.,0.433282973,               1571P   2472
0.537061491,0.,0.432433657,0.53871968,0.,0.431584341,               1571P   2473
0.540377869,0.,0.430917037,0.542327693,0.,0.430249734,              1571P   2474
0.544277517,0.,0.429790087,0.546444045,0.,0.42933044,               1571P   2475
0.548610574,0.,0.429096114,0.550910548,0.,0.428861789,              1571P   2476
0.553210522,0.,0.428861789,0.555555556,0.,0.,1.,0.,0.,1.;           1571P   2477
100,0.,69.,35.25,67.5,35.25,70.5,35.25;                             1573P   2478
102,2,1567,1571;                                                    1575P   2479
102,2,1569,1573;                                                    1577P   2480
142,1,1435,1575,1577,1;                                             1579P   2481
126,32,2,1,0,1,0,0.,0.,0.,0.0625,0.0625,0.125,0.125,0.1875,         1581P   2482
0.1875,0.25,0.25,0.3125,0.3125,0.375,0.375,0.4375,0.4375,0.5,       1581P   2483
0.5,0.5625,0.5625,0.625,0.625,0.6875,0.6875,0.75,0.75,0.8125,       1581P   2484
0.8125,0.875,0.875,0.9375,0.9375,1.,1.,1.,1.,1.,1.,1.,1.,1.,1.,     1581P   2485
1.,1.,1.,1.,1.,1.,1.,1.,1.,1.,1.,1.,1.,1.,1.,1.,1.,1.,1.,1.,1.,     1581P   2486
1.,1.,1.,1.,1.,0.37195122,0.5,0.,0.37195122,0.502345033,0.,         1581P   2487
0.372185545,0.504645008,0.,0.372419871,0.506944982,0.,              1581P   2488
0.372879518,0.50911151,0.,0.373339165,0.511278039,0.,               1581P   2489
0.374006468,0.513227863,0.,0.374673772,0.515177687,0.,              1581P   2490
0.375523088,0.516835876,0.,0.376372404,0.518494065,0.,              1581P   2491
0.377371095,0.519796896,0.,0.378369785,0.521099726,0.,              1581P   2492
0.37947947,0.521997132,0.,0.380589156,0.522894537,0.,               1581P   2493
0.381767191,0.52335203,0.,0.382945227,0.523809524,0.,               1581P   2494
0.384146341,0.523809524,0.,0.385347456,0.523809524,0.,              1581P   2495
0.386525492,0.52335203,0.,0.387703527,0.522894537,0.,               1581P   2496
0.388813213,0.521997132,0.,0.389922898,0.521099726,0.,              1581P   2497
0.390921588,0.519796896,0.,0.391920279,0.518494065,0.,              1581P   2498
0.392769595,0.516835876,0.,0.393618911,0.515177687,0.,              1581P   2499
0.394286215,0.513227863,0.,0.394953518,0.511278039,0.,              1581P   2500
0.395413165,0.50911151,0.,0.395872812,0.506944982,0.,               1581P   2501
0.396107138,0.504645008,0.,0.396341463,0.502345033,0.,              1581P   2502
0.396341463,0.5,0.,0.,1.,0.,0.,1.;                                  1581P   2503
100,0.,76.,31.75,77.5,31.75,74.5,31.75;                             1583P   2504
126,32,2,1,0,1,0,0.,0.,0.,0.0625,0.0625,0.125,0.125,0.1875,         1585P   2505
0.1875,0.25,0.25,0.3125,0.3125,0.375,0.375,0.4375,0.4375,0.5,       1585P   2506
0.5,0.5625,0.5625,0.625,0.625,0.6875,0.6875,0.75,0.75,0.8125,       1585P   2507
0.8125,0.875,0.875,0.9375,0.9375,1.,1.,1.,1.,1.,1.,1.,1.,1.,1.,     1585P   2508
1.,1.,1.,1.,1.,1.,1.,1.,1.,1.,1.,1.,1.,1.,1.,1.,1.,1.,1.,1.,1.,     1585P   2509
1.,1.,1.,1.,1.,0.396341463,0.5,0.,0.396341463,0.497654967,0.,       1585P   2510
0.396107138,0.495354992,0.,0.395872812,0.493055018,0.,              1585P   2511
0.395413165,0.49088849,0.,0.394953518,0.488721961,0.,               1585P   2512
0.394286215,0.486772137,0.,0.393618911,0.484822313,0.,              1585P   2513
0.392769595,0.483164124,0.,0.391920279,0.481505935,0.,              1585P   2514
0.390921588,0.480203104,0.,0.389922898,0.478900274,0.,              1585P   2515
0.388813213,0.478002868,0.,0.387703527,0.477105463,0.,              1585P   2516
0.386525492,0.47664797,0.,0.385347456,0.476190476,0.,               1585P   2517
0.384146341,0.476190476,0.,0.382945227,0.476190476,0.,              1585P   2518
0.381767191,0.47664797,0.,0.380589156,0.477105463,0.,               1585P   2519
0.37947947,0.478002868,0.,0.378369785,0.478900274,0.,               1585P   2520
0.377371095,0.480203104,0.,0.376372404,0.481505935,0.,              1585P   2521
0.375523088,0.483164124,0.,0.374673772,0.484822313,0.,              1585P   2522
0.374006468,0.486772137,0.,0.373339165,0.488721961,0.,              1585P   2523
0.372879518,0.49088849,0.,0.372419871,0.493055018,0.,               1585P   2524
0.372185545,0.495354992,0.,0.37195122,0.497654967,0.,               1585P   2525
0.37195122,0.5,0.,0.,1.,0.,0.,1.;                                   1585P   2526
100,0.,76.,31.75,74.5,31.75,77.5,31.75;                             1587P   2527
102,2,1581,1585;                                                    1589P   2528
102,2,1583,1587;                                                    1591P   2529
142,1,1435,1589,1591,1;                                             1593P   2530
126,32,2,1,0,1,0,0.,0.,0.,0.0625,0.0625,0.125,0.125,0.1875,         1595P   2531
0.1875,0.25,0.25,0.3125,0.3125,0.375,0.375,0.4375,0.4375,0.5,       1595P   2532
0.5,0.5625,0.5625,0.625,0.625,0.6875,0.6875,0.75,0.75,0.8125,       1595P   2533
0.8125,0.875,0.875,0.9375,0.9375,1.,1.,1.,1.,1.,1.,1.,1.,1.,1.,     1595P   2534
1.,1.,1.,1.,1.,1.,1.,1.,1.,1.,1.,1.,1.,1.,1.,1.,1.,1.,1.,1.,1.,     1595P   2535
1.,1.,1.,1.,1.,0.31504065,0.611111111,0.,0.31504065,                1595P   2536
0.613456145,0.,0.315274976,0.615756119,0.,0.315509302,              1595P   2537
0.618056093,0.,0.315968949,0.620222621,0.,0.316428595,              1595P   2538
0.62238915,0.,0.317095899,0.624338974,0.,0.317763203,               1595P   2539
0.626288798,0.,0.318612519,0.627946987,0.,0.319461835,              1595P   2540
0.629605176,0.,0.320460526,0.630908007,0.,0.321459216,              1595P   2541
0.632210837,0.,0.322568901,0.633108243,0.,0.323678587,              1595P   2542
0.634005648,0.,0.324856622,0.634463142,0.,0.326034658,              1595P   2543
0.634920635,0.,0.327235772,0.634920635,0.,0.328436887,              1595P   2544
0.634920635,0.,0.329614923,0.634463142,0.,0.330792958,              1595P   2545
0.634005648,0.,0.331902643,0.633108243,0.,0.333012329,              1595P   2546
0.632210837,0.,0.334011019,0.630908007,0.,0.335009709,              1595P   2547
0.629605176,0.,0.335859026,0.627946987,0.,0.336708342,              1595P   2548
0.626288798,0.,0.337375646,0.624338974,0.,0.338042949,              1595P   2549
0.62238915,0.,0.338502596,0.620222621,0.,0.338962243,               1595P   2550
0.618056093,0.,0.339196568,0.615756119,0.,0.339430894,              1595P   2551
0.613456145,0.,0.339430894,0.611111111,0.,0.,1.,0.,0.,1.;           1595P   2552
100,0.,83.,38.75,84.5,38.75,81.5,38.75;                             1597P   2553
126,32,2,1,0,1,0,0.,0.,0.,0.0625,0.0625,0.125,0.125,0.1875,         1599P   2554
0.1875,0.25,0.25,0.3125,0.3125,0.375,0.375,0.4375,0.4375,0.5,       1599P   2555
0.5,0.5625,0.5625,0.625,0.625,0.6875,0.6875,0.75,0.75,0.8125,       1599P   2556
0.8125,0.875,0.875,0.9375,0.9375,1.,1.,1.,1.,1.,1.,1.,1.,1.,1.,     1599P   2557
1.,1.,1.,1.,1.,1.,1.,1.,1.,1.,1.,1.,1.,1.,1.,1.,1.,1.,1.,1.,1.,     1599P   2558
1.,1.,1.,1.,1.,0.339430894,0.611111111,0.,0.339430894,              1599P   2559
0.608766078,0.,0.339196568,0.606466103,0.,0.338962243,              1599P   2560
0.604166129,0.,0.338502596,0.601999601,0.,0.338042949,              1599P   2561
0.599833072,0.,0.337375646,0.597883248,0.,0.336708342,              1599P   2562
0.595933424,0.,0.335859026,0.594275235,0.,0.335009709,              1599P   2563
0.592617046,0.,0.334011019,0.591314216,0.,0.333012329,              1599P   2564
0.590011385,0.,0.331902643,0.589113979,0.,0.330792958,              1599P   2565
0.588216574,0.,0.329614923,0.587759081,0.,0.328436887,              1599P   2566
0.587301587,0.,0.327235772,0.587301587,0.,0.326034658,              1599P   2567
0.587301587,0.,0.324856622,0.587759081,0.,0.323678587,              1599P   2568
0.588216574,0.,0.322568901,0.589113979,0.,0.321459216,              1599P   2569
0.590011385,0.,0.320460526,0.591314216,0.,0.319461835,              1599P   2570
0.592617046,0.,0.318612519,0.594275235,0.,0.317763203,              1599P   2571
0.595933424,0.,0.317095899,0.597883248,0.,0.316428595,              1599P   2572
0.599833072,0.,0.315968949,0.601999601,0.,0.315509302,              1599P   2573
0.604166129,0.,0.315274976,0.606466103,0.,0.31504065,               1599P   2574
0.608766078,0.,0.31504065,0.611111111,0.,0.,1.,0.,0.,1.;            1599P   2575
100,0.,83.,38.75,81.5,38.75,84.5,38.75;                             1601P   2576
102,2,1595,1599;                                                    1603P   2577
102,2,1597,1601;                                                    1605P   2578
142,1,1435,1603,1605,1;                                             1607P   2579
126,32,2,1,0,1,0,0.,0.,0.,0.0625,0.0625,0.125,0.125,0.1875,         1609P   2580
0.1875,0.25,0.25,0.3125,0.3125,0.375,0.375,0.4375,0.4375,0.5,       1609P   2581
0.5,0.5625,0.5625,0.625,0.625,0.6875,0.6875,0.75,0.75,0.8125,       1609P   2582
0.8125,0.875,0.875,0.9375,0.9375,1.,1.,1.,1.,1.,1.,1.,1.,1.,1.,     1609P   2583
1.,1.,1.,1.,1.,1.,1.,1.,1.,1.,1.,1.,1.,1.,1.,1.,1.,1.,1.,1.,1.,     1609P   2584
1.,1.,1.,1.,1.,0.258130081,0.5,0.,0.258130081,0.502345033,0.,       1609P   2585
0.258364407,0.504645008,0.,0.258598733,0.506944982,0.,              1609P   2586
0.25905838,0.50911151,0.,0.259518026,0.511278039,0.,0.26018533,     1609P   2587
0.513227863,0.,0.260852633,0.515177687,0.,0.26170195,               1609P   2588
0.516835876,0.,0.262551266,0.518494065,0.,0.263549957,              1609P   2589
0.519796896,0.,0.264548647,0.521099726,0.,0.265658332,              1609P   2590
0.521997132,0.,0.266768017,0.522894537,0.,0.267946053,              1609P   2591
0.52335203,0.,0.269124089,0.523809524,0.,0.270325203,               1609P   2592
0.523809524,0.,0.271526318,0.523809524,0.,0.272704354,              1609P   2593
0.52335203,0.,0.273882389,0.522894537,0.,0.274992074,               1609P   2594
0.521997132,0.,0.27610176,0.521099726,0.,0.27710045,                1609P   2595
0.519796896,0.,0.27809914,0.518494065,0.,0.278948457,               1609P   2596
0.516835876,0.,0.279797773,0.515177687,0.,0.280465077,              1609P   2597
0.513227863,0.,0.28113238,0.511278039,0.,0.281592027,               1609P   2598
0.50911151,0.,0.282051674,0.506944982,0.,0.282285999,               1609P   2599
0.504645008,0.,0.282520325,0.502345033,0.,0.282520325,0.5,0.,       1609P   2600
0.,1.,0.,0.,1.;                                                     1609P   2601
100,0.,90.,31.75,91.5,31.75,88.5,31.75;                             1611P   2602
126,32,2,1,0,1,0,0.,0.,0.,0.0625,0.0625,0.125,0.125,0.1875,         1613P   2603
0.1875,0.25,0.25,0.3125,0.3125,0.375,0.375,0.4375,0.4375,0.5,       1613P   2604
0.5,0.5625,0.5625,0.625,0.625,0.6875,0.6875,0.75,0.75,0.8125,       1613P   2605
0.8125,0.875,0.875,0.9375,0.9375,1.,1.,1.,1.,1.,1.,1.,1.,1.,1.,     1613P   2606
1.,1.,1.,1.,1.,1.,1.,1.,1.,1.,1.,1.,1.,1.,1.,1.,1.,1.,1.,1.,1.,     1613P   2607
1.,1.,1.,1.,1.,0.282520325,0.5,0.,0.282520325,0.497654967,0.,       1613P   2608
0.282285999,0.495354992,0.,0.282051674,0.493055018,0.,              1613P   2609
0.281592027,0.49088849,0.,0.28113238,0.488721961,0.,                1613P   2610
0.280465077,0.486772137,0.,0.279797773,0.484822313,0.,              1613P   2611
0.278948457,0.483164124,0.,0.27809914,0.481505935,0.,               1613P   2612
0.27710045,0.480203104,0.,0.27610176,0.478900274,0.,                1613P   2613
0.274992074,0.478002868,0.,0.273882389,0.477105463,0.,              1613P   2614
0.272704354,0.47664797,0.,0.271526318,0.476190476,0.,               1613P   2615
0.270325203,0.476190476,0.,0.269124089,0.476190476,0.,              1613P   2616
0.267946053,0.47664797,0.,0.266768017,0.477105463,0.,               1613P   2617
0.265658332,0.478002868,0.,0.264548647,0.478900274,0.,              1613P   2618
0.263549957,0.480203104,0.,0.262551266,0.481505935,0.,              1613P   2619
0.26170195,0.483164124,0.,0.260852633,0.484822313,0.,               1613P   2620
0.26018533,0.486772137,0.,0.259518026,0.488721961,0.,               1613P   2621
0.25905838,0.49088849,0.,0.258598733,0.493055018,0.,                1613P   2622
0.258364407,0.495354992,0.,0.258130081,0.497654967,0.,              1613P   2623
0.258130081,0.5,0.,0.,1.,0.,0.,1.;                                  1613P   2624
100,0.,90.,31.75,88.5,31.75,91.5,31.75;                             1615P   2625
102,2,1609,1613;                                                    1617P   2626
102,2,1611,1615;                                                    1619P   2627
142,1,1435,1617,1619,1;                                             1621P   2628
126,32,2,1,0,1,0,0.,0.,0.,0.0625,0.0625,0.125,0.125,0.1875,         1623P   2629
0.1875,0.25,0.25,0.3125,0.3125,0.375,0.375,0.4375,0.4375,0.5,       1623P   2630
0.5,0.5625,0.5625,0.625,0.625,0.6875,0.6875,0.75,0.75,0.8125,       1623P   2631
0.8125,0.875,0.875,0.9375,0.9375,1.,1.,1.,1.,1.,1.,1.,1.,1.,1.,     1623P   2632
1.,1.,1.,1.,1.,1.,1.,1.,1.,1.,1.,1.,1.,1.,1.,1.,1.,1.,1.,1.,1.,     1623P   2633
1.,1.,1.,1.,1.,0.31504065,0.388888889,0.,0.31504065,                1623P   2634
0.391233922,0.,0.315274976,0.393533897,0.,0.315509302,              1623P   2635
0.395833871,0.,0.315968949,0.398000399,0.,0.316428595,              1623P   2636
0.400166928,0.,0.317095899,0.402116752,0.,0.317763203,              1623P   2637
0.404066576,0.,0.318612519,0.405724765,0.,0.319461835,              1623P   2638
0.407382954,0.,0.320460526,0.408685784,0.,0.321459216,              1623P   2639
0.409988615,0.,0.322568901,0.410886021,0.,0.323678587,              1623P   2640
0.411783426,0.,0.324856622,0.412240919,0.,0.326034658,              1623P   2641
0.412698413,0.,0.327235772,0.412698413,0.,0.328436887,              1623P   2642
0.412698413,0.,0.329614923,0.412240919,0.,0.330792958,              1623P   2643
0.411783426,0.,0.331902643,0.410886021,0.,0.333012329,              1623P   2644
0.409988615,0.,0.334011019,0.408685784,0.,0.335009709,              1623P   2645
0.407382954,0.,0.335859026,0.405724765,0.,0.336708342,              1623P   2646
0.404066576,0.,0.337375646,0.402116752,0.,0.338042949,              1623P   2647
0.400166928,0.,0.338502596,0.398000399,0.,0.338962243,              1623P   2648
0.395833871,0.,0.339196568,0.393533897,0.,0.339430894,              1623P   2649
0.391233922,0.,0.339430894,0.388888889,0.,0.,1.,0.,0.,1.;           1623P   2650
100,0.,83.,24.75,84.5,24.75,81.5,24.75;                             1625P   2651
126,32,2,1,0,1,0,0.,0.,0.,0.0625,0.0625,0.125,0.125,0.1875,         1627P   2652
0.1875,0.25,0.25,0.3125,0.3125,0.375,0.375,0.4375,0.4375,0.5,       1627P   2653
0.5,0.5625,0.5625,0.625,0.625,0.6875,0.6875,0.75,0.75,0.8125,       1627P   2654
0.8125,0.875,0.875,0.9375,0.9375,1.,1.,1.,1.,1.,1.,1.,1.,1.,1.,     1627P   2655
1.,1.,1.,1.,1.,1.,1.,1.,1.,1.,1.,1.,1.,1.,1.,1.,1.,1.,1.,1.,1.,     1627P   2656
1.,1.,1.,1.,1.,0.339430894,0.388888889,0.,0.339430894,              1627P   2657
0.386543855,0.,0.339196568,0.384243881,0.,0.338962243,              1627P   2658
0.381943907,0.,0.338502596,0.379777379,0.,0.338042949,              1627P   2659
0.37761085,0.,0.337375646,0.375661026,0.,0.336708342,               1627P   2660
0.373711202,0.,0.335859026,0.372053013,0.,0.335009709,              1627P   2661
0.370394824,0.,0.334011019,0.369091993,0.,0.333012329,              1627P   2662
0.367789163,0.,0.331902643,0.366891757,0.,0.330792958,              1627P   2663
0.365994352,0.,0.329614923,0.365536858,0.,0.328436887,              1627P   2664
0.365079365,0.,0.327235772,0.365079365,0.,0.326034658,              1627P   2665
0.365079365,0.,0.324856622,0.365536858,0.,0.323678587,              1627P   2666
0.365994352,0.,0.322568901,0.366891757,0.,0.321459216,              1627P   2667
0.367789163,0.,0.320460526,0.369091993,0.,0.319461835,              1627P   2668
0.370394824,0.,0.318612519,0.372053013,0.,0.317763203,              1627P   2669
0.373711202,0.,0.317095899,0.375661026,0.,0.316428595,              1627P   2670
0.37761085,0.,0.315968949,0.379777379,0.,0.315509302,               1627P   2671
0.381943907,0.,0.315274976,0.384243881,0.,0.31504065,               1627P   2672
0.386543855,0.,0.31504065,0.388888889,0.,0.,1.,0.,0.,1.;            1627P   2673
100,0.,83.,24.75,81.5,24.75,84.5,24.75;                             1629P   2674
102,2,1623,1627;                                                    1631P   2675
102,2,1625,1629;                                                    1633P   2676
142,1,1435,1631,1633,1;                                             1635P   2677
126,32,2,1,0,1,0,0.,0.,0.,0.0625,0.0625,0.125,0.125,0.1875,         1637P   2678
0.1875,0.25,0.25,0.3125,0.3125,0.375,0.375,0.4375,0.4375,0.5,       1637P   2679
0.5,0.5625,0.5625,0.625,0.625,0.6875,0.6875,0.75,0.75,0.8125,       1637P   2680
0.8125,0.875,0.875,0.9375,0.9375,1.,1.,1.,1.,1.,1.,1.,1.,1.,1.,     1637P   2681
1.,1.,1.,1.,1.,1.,1.,1.,1.,1.,1.,1.,1.,1.,1.,1.,1.,1.,1.,1.,1.,     1637P   2682
1.,1.,1.,1.,1.,0.37195122,0.333333333,0.,0.37195122,                1637P   2683
0.335678367,0.,0.372185545,0.337978341,0.,0.372419871,              1637P   2684
0.340278315,0.,0.372879518,0.342444844,0.,0.373339165,              1637P   2685
0.344611372,0.,0.374006468,0.346561196,0.,0.374673772,              1637P   2686
0.34851102,0.,0.375523088,0.350169209,0.,0.376372404,               1637P   2687
0.351827398,0.,0.377371095,0.353130229,0.,0.378369785,              1637P   2688
0.35443306,0.,0.37947947,0.355330465,0.,0.380589156,                1637P   2689
0.356227871,0.,0.381767191,0.356685364,0.,0.382945227,              1637P   2690
0.357142857,0.,0.384146341,0.357142857,0.,0.385347456,              1637P   2691
0.357142857,0.,0.386525492,0.356685364,0.,0.387703527,              1637P   2692
0.356227871,0.,0.388813213,0.355330465,0.,0.389922898,              1637P   2693
0.35443306,0.,0.390921588,0.353130229,0.,0.391920279,               1637P   2694
0.351827398,0.,0.392769595,0.350169209,0.,0.393618911,              1637P   2695
0.34851102,0.,0.394286215,0.346561196,0.,0.394953518,               1637P   2696
0.344611372,0.,0.395413165,0.342444844,0.,0.395872812,              1637P   2697
0.340278315,0.,0.396107138,0.337978341,0.,0.396341463,              1637P   2698
0.335678367,0.,0.396341463,0.333333333,0.,0.,1.,0.,0.,1.;           1637P   2699
100,0.,76.,21.25,77.5,21.25,74.5,21.25;                             1639P   2700
126,32,2,1,0,1,0,0.,0.,0.,0.0625,0.0625,0.125,0.125,0.1875,         1641P   2701
0.1875,0.25,0.25,0.3125,0.3125,0.375,0.375,0.4375,0.4375,0.5,       1641P   2702
0.5,0.5625,0.5625,0.625,0.625,0.6875,0.6875,0.75,0.75,0.8125,       1641P   2703
0.8125,0.875,0.875,0.9375,0.9375,1.,1.,1.,1.,1.,1.,1.,1.,1.,1.,     1641P   2704
1.,1.,1.,1.,1.,1.,1.,1.,1.,1.,1.,1.,1.,1.,1.,1.,1.,1.,1.,1.,1.,     1641P   2705
1.,1.,1.,1.,1.,0.396341463,0.333333333,0.,0.396341463,              1641P   2706
0.3309883,0.,0.396107138,0.328688326,0.,0.395872812,                1641P   2707
0.326388351,0.,0.395413165,0.324221823,0.,0.394953518,              1641P   2708
0.322055295,0.,0.394286215,0.320105471,0.,0.393618911,              1641P   2709
0.318155647,0.,0.392769595,0.316497458,0.,0.391920279,              1641P   2710
0.314839269,0.,0.390921588,0.313536438,0.,0.389922898,              1641P   2711
0.312233607,0.,0.388813213,0.311336202,0.,0.387703527,              1641P   2712
0.310438796,0.,0.386525492,0.309981303,0.,0.385347456,              1641P   2713
0.30952381,0.,0.384146341,0.30952381,0.,0.382945227,0.30952381,     1641P   2714
0.,0.381767191,0.309981303,0.,0.380589156,0.310438796,0.,           1641P   2715
0.37947947,0.311336202,0.,0.378369785,0.312233607,0.,               1641P   2716
0.377371095,0.313536438,0.,0.376372404,0.314839269,0.,              1641P   2717
0.375523088,0.316497458,0.,0.374673772,0.318155647,0.,              1641P   2718
0.374006468,0.320105471,0.,0.373339165,0.322055295,0.,              1641P   2719
0.372879518,0.324221823,0.,0.372419871,0.326388351,0.,              1641P   2720
0.372185545,0.328688326,0.,0.37195122,0.3309883,0.,0.37195122,      1641P   2721
0.333333333,0.,0.,1.,0.,0.,1.;                                      1641P   2722
100,0.,76.,21.25,74.5,21.25,77.5,21.25;                             1643P   2723
102,2,1637,1641;                                                    1645P   2724
102,2,1639,1643;                                                    1647P   2725
142,1,1435,1645,1647,1;                                             1649P   2726
126,32,2,1,0,1,0,0.,0.,0.,0.0625,0.0625,0.125,0.125,0.1875,         1651P   2727
0.1875,0.25,0.25,0.3125,0.3125,0.375,0.375,0.4375,0.4375,0.5,       1651P   2728
0.5,0.5625,0.5625,0.625,0.625,0.6875,0.6875,0.75,0.75,0.8125,       1651P   2729
0.8125,0.875,0.875,0.9375,0.9375,1.,1.,1.,1.,1.,1.,1.,1.,1.,1.,     1651P   2730
1.,1.,1.,1.,1.,1.,1.,1.,1.,1.,1.,1.,1.,1.,1.,1.,1.,1.,1.,1.,1.,     1651P   2731
1.,1.,1.,1.,1.,0.428861789,0.444444444,0.,0.428861789,              1651P   2732
0.446789478,0.,0.429096114,0.449089452,0.,0.42933044,               1651P   2733
0.451389426,0.,0.429790087,0.453555955,0.,0.430249734,              1651P   2734
0.455722483,0.,0.430917037,0.457672307,0.,0.431584341,              1651P   2735
0.459622131,0.,0.432433657,0.46128032,0.,0.433282973,               1651P   2736
0.462938509,0.,0.434281664,0.46424134,0.,0.435280354,               1651P   2737
0.465544171,0.,0.436390039,0.466441576,0.,0.437499725,              1651P   2738
0.467338982,0.,0.43867776,0.467796475,0.,0.439855796,               1651P   2739
0.468253968,0.,0.441056911,0.468253968,0.,0.442258025,              1651P   2740
0.468253968,0.,0.443436061,0.467796475,0.,0.444614096,              1651P   2741
0.467338982,0.,0.445723782,0.466441576,0.,0.446833467,              1651P   2742
0.465544171,0.,0.447832157,0.46424134,0.,0.448830848,               1651P   2743
0.462938509,0.,0.449680164,0.46128032,0.,0.45052948,                1651P   2744
0.459622131,0.,0.451196784,0.457672307,0.,0.451864087,              1651P   2745
0.455722483,0.,0.452323734,0.453555955,0.,0.452783381,              1651P   2746
0.451389426,0.,0.453017707,0.449089452,0.,0.453252033,              1651P   2747
0.446789478,0.,0.453252033,0.444444444,0.,0.,1.,0.,0.,1.;           1651P   2748
100,0.,69.,28.25,70.5,28.25,67.5,28.25;                             1653P   2749
126,32,2,1,0,1,0,0.,0.,0.,0.0625,0.0625,0.125,0.125,0.1875,         1655P   2750
0.1875,0.25,0.25,0.3125,0.3125,0.375,0.375,0.4375,0.4375,0.5,       1655P   2751
0.5,0.5625,0.5625,0.625,0.625,0.6875,0.6875,0.75,0.75,0.8125,       1655P   2752
0.8125,0.875,0.875,0.9375,0.9375,1.,1.,1.,1.,1.,1.,1.,1.,1.,1.,     1655P   2753
1.,1.,1.,1.,1.,1.,1.,1.,1.,1.,1.,1.,1.,1.,1.,1.,1.,1.,1.,1.,1.,     1655P   2754
1.,1.,1.,1.,1.,0.453252033,0.444444444,0.,0.453252033,              1655P   2755
0.442099411,0.,0.453017707,0.439799437,0.,0.452783381,              1655P   2756
0.437499463,0.,0.452323734,0.435332934,0.,0.451864087,              1655P   2757
0.433166406,0.,0.451196784,0.431216582,0.,0.45052948,               1655P   2758
0.429266758,0.,0.449680164,0.427608569,0.,0.448830848,              1655P   2759
0.42595038,0.,0.447832157,0.424647549,0.,0.446833467,               1655P   2760
0.423344718,0.,0.445723782,0.422447313,0.,0.444614096,              1655P   2761
0.421549907,0.,0.443436061,0.421092414,0.,0.442258025,              1655P   2762
0.420634921,0.,0.441056911,0.420634921,0.,0.439855796,              1655P   2763
0.420634921,0.,0.43867776,0.421092414,0.,0.437499725,               1655P   2764
0.421549907,0.,0.436390039,0.422447313,0.,0.435280354,              1655P   2765
0.423344718,0.,0.434281664,0.424647549,0.,0.433282973,              1655P   2766
0.42595038,0.,0.432433657,0.427608569,0.,0.431584341,               1655P   2767
0.429266758,0.,0.430917037,0.431216582,0.,0.430249734,              1655P   2768
0.433166406,0.,0.429790087,0.435332934,0.,0.42933044,               1655P   2769
0.437499463,0.,0.429096114,0.439799437,0.,0.428861789,              1655P   2770
0.442099411,0.,0.428861789,0.444444444,0.,0.,1.,0.,0.,1.;           1655P   2771
100,0.,69.,28.25,67.5,28.25,70.5,28.25;                             1657P   2772
102,2,1651,1655;                                                    1659P   2773
102,2,1653,1657;                                                    1661P   2774
142,1,1435,1659,1661,1;                                             1663P   2775
126,32,2,1,0,1,0,0.,0.,0.,0.0625,0.0625,0.125,0.125,0.1875,         1665P   2776
0.1875,0.25,0.25,0.3125,0.3125,0.375,0.375,0.4375,0.4375,0.5,       1665P   2777
0.5,0.5625,0.5625,0.625,0.625,0.6875,0.6875,0.75,0.75,0.8125,       1665P   2778
0.8125,0.875,0.875,0.9375,0.9375,1.,1.,1.,1.,1.,1.,1.,1.,1.,1.,     1665P   2779
1.,1.,1.,1.,1.,1.,1.,1.,1.,1.,1.,1.,1.,1.,1.,1.,1.,1.,1.,1.,1.,     1665P   2780
1.,1.,1.,1.,1.,0.485772358,0.333333333,0.,0.485772358,              1665P   2781
0.335678367,0.,0.486006684,0.337978341,0.,0.486241009,              1665P   2782
0.340278315,0.,0.486700656,0.342444844,0.,0.487160303,              1665P   2783
0.344611372,0.,0.487827606,0.346561196,0.,0.48849491,               1665P   2784
0.34851102,0.,0.489344226,0.350169209,0.,0.490193543,               1665P   2785
0.351827398,0.,0.491192233,0.353130229,0.,0.492190923,              1665P   2786
0.35443306,0.,0.493300609,0.355330465,0.,0.494410294,               1665P   2787
0.356227871,0.,0.495588329,0.356685364,0.,0.496766365,              1665P   2788
0.357142857,0.,0.49796748,0.357142857,0.,0.499168594,               1665P   2789
0.357142857,0.,0.50034663,0.356685364,0.,0.501524666,               1665P   2790
0.356227871,0.,0.502634351,0.355330465,0.,0.503744036,              1665P   2791
0.35443306,0.,0.504742726,0.353130229,0.,0.505741417,               1665P   2792
0.351827398,0.,0.506590733,0.350169209,0.,0.507440049,              1665P   2793
0.34851102,0.,0.508107353,0.346561196,0.,0.508774657,               1665P   2794
0.344611372,0.,0.509234303,0.342444844,0.,0.50969395,               1665P   2795
0.340278315,0.,0.509928276,0.337978341,0.,0.510162602,              1665P   2796
0.335678367,0.,0.510162602,0.333333333,0.,0.,1.,0.,0.,1.;           1665P   2797
100,0.,62.,21.25,63.5,21.25,60.5,21.25;                             1667P   2798
126,32,2,1,0,1,0,0.,0.,0.,0.0625,0.0625,0.125,0.125,0.1875,         1669P   2799
0.1875,0.25,0.25,0.3125,0.3125,0.375,0.375,0.4375,0.4375,0.5,       1669P   2800
0.5,0.5625,0.5625,0.625,0.625,0.6875,0.6875,0.75,0.75,0.8125,       1669P   2801
0.8125,0.875,0.875,0.9375,0.9375,1.,1.,1.,1.,1.,1.,1.,1.,1.,1.,     1669P   2802
1.,1.,1.,1.,1.,1.,1.,1.,1.,1.,1.,1.,1.,1.,1.,1.,1.,1.,1.,1.,1.,     1669P   2803
1.,1.,1.,1.,1.,0.510162602,0.333333333,0.,0.510162602,              1669P   2804
0.3309883,0.,0.509928276,0.328688326,0.,0.50969395,0.326388351,     1669P   2805
0.,0.509234303,0.324221823,0.,0.508774657,0.322055295,0.,           1669P   2806
0.508107353,0.320105471,0.,0.507440049,0.318155647,0.,              1669P   2807
0.506590733,0.316497458,0.,0.505741417,0.314839269,0.,              1669P   2808
0.504742726,0.313536438,0.,0.503744036,0.312233607,0.,              1669P   2809
0.502634351,0.311336202,0.,0.501524666,0.310438796,0.,              1669P   2810
0.50034663,0.309981303,0.,0.499168594,0.30952381,0.,0.49796748,     1669P   2811
0.30952381,0.,0.496766365,0.30952381,0.,0.495588329,                1669P   2812
0.309981303,0.,0.494410294,0.310438796,0.,0.493300609,              1669P   2813
0.311336202,0.,0.492190923,0.312233607,0.,0.491192233,              1669P   2814
0.313536438,0.,0.490193543,0.314839269,0.,0.489344226,              1669P   2815
0.316497458,0.,0.48849491,0.318155647,0.,0.487827606,               1669P   2816
0.320105471,0.,0.487160303,0.322055295,0.,0.486700656,              1669P   2817
0.324221823,0.,0.486241009,0.326388351,0.,0.486006684,              1669P   2818
0.328688326,0.,0.485772358,0.3309883,0.,0.485772358,                1669P   2819
0.333333333,0.,0.,1.,0.,0.,1.;                                      1669P   2820
100,0.,62.,21.25,60.5,21.25,63.5,21.25;                             1671P   2821
102,2,1665,1669;                                                    1673P   2822
102,2,1667,1671;                                                    1675P   2823
142,1,1435,1673,1675,1;                                             1677P   2824
126,32,2,1,0,1,0,0.,0.,0.,0.0625,0.0625,0.125,0.125,0.1875,         1679P   2825
0.1875,0.25,0.25,0.3125,0.3125,0.375,0.375,0.4375,0.4375,0.5,       1679P   2826
0.5,0.5625,0.5625,0.625,0.625,0.6875,0.6875,0.75,0.75,0.8125,       1679P   2827
0.8125,0.875,0.875,0.9375,0.9375,1.,1.,1.,1.,1.,1.,1.,1.,1.,1.,     1679P   2828
1.,1.,1.,1.,1.,1.,1.,1.,1.,1.,1.,1.,1.,1.,1.,1.,1.,1.,1.,1.,1.,     1679P   2829
1.,1.,1.,1.,1.,0.428861789,0.222222222,0.,0.428861789,              1679P   2830
0.224567256,0.,0.429096114,0.22686723,0.,0.42933044,                1679P   2831
0.229167204,0.,0.429790087,0.231333733,0.,0.430249734,              1679P   2832
0.233500261,0.,0.430917037,0.235450085,0.,0.431584341,              1679P   2833
0.237399909,0.,0.432433657,0.239058098,0.,0.433282973,              1679P   2834
0.240716287,0.,0.434281664,0.242019118,0.,0.435280354,              1679P   2835
0.243321949,0.,0.436390039,0.244219354,0.,0.437499725,              1679P   2836
0.245116759,0.,0.43867776,0.245574253,0.,0.439855796,               1679P   2837
0.246031746,0.,0.441056911,0.246031746,0.,0.442258025,              1679P   2838
0.246031746,0.,0.443436061,0.245574253,0.,0.444614096,              1679P   2839
0.245116759,0.,0.445723782,0.244219354,0.,0.446833467,              1679P   2840
0.243321949,0.,0.447832157,0.242019118,0.,0.448830848,              1679P   2841
0.240716287,0.,0.449680164,0.239058098,0.,0.45052948,               1679P   2842
0.237399909,0.,0.451196784,0.235450085,0.,0.451864087,              1679P   2843
0.233500261,0.,0.452323734,0.231333733,0.,0.452783381,              1679P   2844
0.229167204,0.,0.453017707,0.22686723,0.,0.453252033,               1679P   2845
0.224567256,0.,0.453252033,0.222222222,0.,0.,1.,0.,0.,1.;           1679P   2846
100,0.,69.,14.25,70.5,14.25,67.5,14.25;                             1681P   2847
126,32,2,1,0,1,0,0.,0.,0.,0.0625,0.0625,0.125,0.125,0.1875,         1683P   2848
0.1875,0.25,0.25,0.3125,0.3125,0.375,0.375,0.4375,0.4375,0.5,       1683P   2849
0.5,0.5625,0.5625,0.625,0.625,0.6875,0.6875,0.75,0.75,0.8125,       1683P   2850
0.8125,0.875,0.875,0.9375,0.9375,1.,1.,1.,1.,1.,1.,1.,1.,1.,1.,     1683P   2851
1.,1.,1.,1.,1.,1.,1.,1.,1.,1.,1.,1.,1.,1.,1.,1.,1.,1.,1.,1.,1.,     1683P   2852
1.,1.,1.,1.,1.,0.453252033,0.222222222,0.,0.453252033,              1683P   2853
0.219877189,0.,0.453017707,0.217577215,0.,0.452783381,              1683P   2854
0.21527724,0.,0.452323734,0.213110712,0.,0.451864087,               1683P   2855
0.210944184,0.,0.451196784,0.20899436,0.,0.45052948,                1683P   2856
0.207044536,0.,0.449680164,0.205386346,0.,0.448830848,              1683P   2857
0.203728157,0.,0.447832157,0.202425327,0.,0.446833467,              1683P   2858
0.201122496,0.,0.445723782,0.200225091,0.,0.444614096,              1683P   2859
0.199327685,0.,0.443436061,0.198870192,0.,0.442258025,              1683P   2860
0.198412698,0.,0.441056911,0.198412698,0.,0.439855796,              1683P   2861
0.198412698,0.,0.43867776,0.198870192,0.,0.437499725,               1683P   2862
0.199327685,0.,0.436390039,0.200225091,0.,0.435280354,              1683P   2863
0.201122496,0.,0.434281664,0.202425327,0.,0.433282973,              1683P   2864
0.203728157,0.,0.432433657,0.205386346,0.,0.431584341,              1683P   2865
0.207044536,0.,0.430917037,0.20899436,0.,0.430249734,               1683P   2866
0.210944184,0.,0.429790087,0.213110712,0.,0.42933044,               1683P   2867
0.21527724,0.,0.429096114,0.217577215,0.,0.428861789,               1683P   2868
0.219877189,0.,0.428861789,0.222222222,0.,0.,1.,0.,0.,1.;           1683P   2869
100,0.,69.,14.25,67.5,14.25,70.5,14.25;                             1685P   2870
102,2,1679,1683;                                                    1687P   2871
102,2,1681,1685;                                                    1689P   2872
142,1,1435,1687,1689,1;                                             1691P   2873
126,32,2,1,0,1,0,0.,0.,0.,0.0625,0.0625,0.125,0.125,0.1875,         1693P   2874
0.1875,0.25,0.25,0.3125,0.3125,0.375,0.375,0.4375,0.4375,0.5,       1693P   2875
0.5,0.5625,0.5625,0.625,0.625,0.6875,0.6875,0.75,0.75,0.8125,       1693P   2876
0.8125,0.875,0.875,0.9375,0.9375,1.,1.,1.,1.,1.,1.,1.,1.,1.,1.,     1693P   2877
1.,1.,1.,1.,1.,1.,1.,1.,1.,1.,1.,1.,1.,1.,1.,1.,1.,1.,1.,1.,1.,     1693P   2878
1.,1.,1.,1.,1.,0.408536585,0.666666667,0.,0.408536585,              1693P   2879
0.672920089,0.,0.409161454,0.679053354,0.,0.409786323,              1693P   2880
0.685186618,0.,0.411012048,0.690964027,0.,0.412237772,              1693P   2881
0.696741436,0.,0.414017248,0.701940967,0.,0.415796725,              1693P   2882
0.707140498,0.,0.418061568,0.711562335,0.,0.420326412,              1693P   2883
0.715984173,0.,0.422989586,0.719458388,0.,0.42565276,               1693P   2884
0.722932603,0.,0.428611921,0.725325685,0.,0.431571082,              1693P   2885
0.727718766,0.,0.43471251,0.728938748,0.,0.437853938,               1693P   2886
0.73015873,0.,0.441056911,0.73015873,0.,0.444259883,0.73015873,     1693P   2887
0.,0.447401311,0.728938748,0.,0.45054274,0.727718766,0.,            1693P   2888
0.4535019,0.725325685,0.,0.456461061,0.722932603,0.,                1693P   2889
0.459124235,0.719458388,0.,0.461787409,0.715984173,0.,              1693P   2890
0.464052253,0.711562335,0.,0.466317097,0.707140498,0.,              1693P   2891
0.468096573,0.701940967,0.,0.469876049,0.696741436,0.,              1693P   2892
0.471101773,0.690964027,0.,0.472327498,0.685186618,0.,              1693P   2893
0.472952367,0.679053354,0.,0.473577236,0.672920089,0.,              1693P   2894
0.473577236,0.666666667,0.,0.,1.,0.,0.,1.;                          1693P   2895
100,0.,69.,42.25,73.,42.25,65.,42.25;                               1695P   2896
126,32,2,1,0,1,0,0.,0.,0.,0.0625,0.0625,0.125,0.125,0.1875,         1697P   2897
0.1875,0.25,0.25,0.3125,0.3125,0.375,0.375,0.4375,0.4375,0.5,       1697P   2898
0.5,0.5625,0.5625,0.625,0.625,0.6875,0.6875,0.75,0.75,0.8125,       1697P   2899
0.8125,0.875,0.875,0.9375,0.9375,1.,1.,1.,1.,1.,1.,1.,1.,1.,1.,     1697P   2900
1.,1.,1.,1.,1.,1.,1.,1.,1.,1.,1.,1.,1.,1.,1.,1.,1.,1.,1.,1.,1.,     1697P   2901
1.,1.,1.,1.,1.,0.473577236,0.666666667,0.,0.473577236,              1697P   2902
0.660413244,0.,0.472952367,0.65427998,0.,0.472327498,               1697P   2903
0.648146715,0.,0.471101773,0.642369306,0.,0.469876049,              1697P   2904
0.636591897,0.,0.468096573,0.631392366,0.,0.466317097,              1697P   2905
0.626192835,0.,0.464052253,0.621770998,0.,0.461787409,              1697P   2906
0.617349161,0.,0.459124235,0.613874945,0.,0.456461061,              1697P   2907
0.61040073,0.,0.4535019,0.608007649,0.,0.45054274,0.605614568,      1697P   2908
0.,0.447401311,0.604394585,0.,0.444259883,0.603174603,0.,           1697P   2909
0.441056911,0.603174603,0.,0.437853938,0.603174603,0.,              1697P   2910
0.43471251,0.604394585,0.,0.431571082,0.605614568,0.,               1697P   2911
0.428611921,0.608007649,0.,0.42565276,0.61040073,0.,                1697P   2912
0.422989586,0.613874945,0.,0.420326412,0.617349161,0.,              1697P   2913
0.418061568,0.621770998,0.,0.415796725,0.626192835,0.,              1697P   2914
0.414017248,0.631392366,0.,0.412237772,0.636591897,0.,              1697P   2915
0.411012048,0.642369306,0.,0.409786323,0.648146715,0.,              1697P   2916
0.409161454,0.65427998,0.,0.408536585,0.660413244,0.,               1697P   2917
0.408536585,0.666666667,0.,0.,1.,0.,0.,1.;                          1697P   2918
100,0.,69.,42.25,65.,42.25,73.,42.25;                               1699P   2919
102,2,1693,1697;                                                    1701P   2920
102,2,1695,1699;                                                    1703P   2921
142,1,1435,1701,1703,1;                                             1705P   2922
126,32,2,1,0,1,0,0.,0.,0.,0.0625,0.0625,0.125,0.125,0.1875,         1707P   2923
0.1875,0.25,0.25,0.3125,0.3125,0.375,0.375,0.4375,0.4375,0.5,       1707P   2924
0.5,0.5625,0.5625,0.625,0.625,0.6875,0.6875,0.75,0.75,0.8125,       1707P   2925
0.8125,0.875,0.875,0.9375,0.9375,1.,1.,1.,1.,1.,1.,1.,1.,1.,1.,     1707P   2926
1.,1.,1.,1.,1.,1.,1.,1.,1.,1.,1.,1.,1.,1.,1.,1.,1.,1.,1.,1.,1.,     1707P   2927
1.,1.,1.,1.,1.,0.408536585,0.333333333,0.,0.408536585,              1707P   2928
0.339586756,0.,0.409161454,0.34572002,0.,0.409786323,               1707P   2929
0.351853285,0.,0.411012048,0.357630694,0.,0.412237772,              1707P   2930
0.363408103,0.,0.414017248,0.368607634,0.,0.415796725,              1707P   2931
0.373807165,0.,0.418061568,0.378229002,0.,0.420326412,              1707P   2932
0.382650839,0.,0.422989586,0.386125055,0.,0.42565276,               1707P   2933
0.38959927,0.,0.428611921,0.391992351,0.,0.431571082,               1707P   2934
0.394385432,0.,0.43471251,0.395605415,0.,0.437853938,               1707P   2935
0.396825397,0.,0.441056911,0.396825397,0.,0.444259883,              1707P   2936
0.396825397,0.,0.447401311,0.395605415,0.,0.45054274,               1707P   2937
0.394385432,0.,0.4535019,0.391992351,0.,0.456461061,0.38959927,     1707P   2938
0.,0.459124235,0.386125055,0.,0.461787409,0.382650839,0.,           1707P   2939
0.464052253,0.378229002,0.,0.466317097,0.373807165,0.,              1707P   2940
0.468096573,0.368607634,0.,0.469876049,0.363408103,0.,              1707P   2941
0.471101773,0.357630694,0.,0.472327498,0.351853285,0.,              1707P   2942
0.472952367,0.34572002,0.,0.473577236,0.339586756,0.,               1707P   2943
0.473577236,0.333333333,0.,0.,1.,0.,0.,1.;                          1707P   2944
100,0.,69.,21.25,73.,21.25,65.,21.25;                               1709P   2945
126,32,2,1,0,1,0,0.,0.,0.,0.0625,0.0625,0.125,0.125,0.1875,         1711P   2946
0.1875,0.25,0.25,0.3125,0.3125,0.375,0.375,0.4375,0.4375,0.5,       1711P   2947
0.5,0.5625,0.5625,0.625,0.625,0.6875,0.6875,0.75,0.75,0.8125,       1711P   2948
0.8125,0.875,0.875,0.9375,0.9375,1.,1.,1.,1.,1.,1.,1.,1.,1.,1.,     1711P   2949
1.,1.,1.,1.,1.,1.,1.,1.,1.,1.,1.,1.,1.,1.,1.,1.,1.,1.,1.,1.,1.,     1711P   2950
1.,1.,1.,1.,1.,0.473577236,0.333333333,0.,0.473577236,              1711P   2951
0.327079911,0.,0.472952367,0.320946646,0.,0.472327498,              1711P   2952
0.314813382,0.,0.471101773,0.309035973,0.,0.469876049,              1711P   2953
0.303258564,0.,0.468096573,0.298059033,0.,0.466317097,              1711P   2954
0.292859502,0.,0.464052253,0.288437665,0.,0.461787409,              1711P   2955
0.284015827,0.,0.459124235,0.280541612,0.,0.456461061,              1711P   2956
0.277067397,0.,0.4535019,0.274674315,0.,0.45054274,0.272281234,     1711P   2957
0.,0.447401311,0.271061252,0.,0.444259883,0.26984127,0.,            1711P   2958
0.441056911,0.26984127,0.,0.437853938,0.26984127,0.,0.43471251,     1711P   2959
0.271061252,0.,0.431571082,0.272281234,0.,0.428611921,              1711P   2960
0.274674315,0.,0.42565276,0.277067397,0.,0.422989586,               1711P   2961
0.280541612,0.,0.420326412,0.284015827,0.,0.418061568,              1711P   2962
0.288437665,0.,0.415796725,0.292859502,0.,0.414017248,              1711P   2963
0.298059033,0.,0.412237772,0.303258564,0.,0.411012048,              1711P   2964
0.309035973,0.,0.409786323,0.314813382,0.,0.409161454,              1711P   2965
0.320946646,0.,0.408536585,0.327079911,0.,0.408536585,              1711P   2966
0.333333333,0.,0.,1.,0.,0.,1.;                                      1711P   2967
100,0.,69.,21.25,65.,21.25,73.,21.25;                               1713P   2968
102,2,1707,1711;                                                    1715P   2969
102,2,1709,1713;                                                    1717P   2970
142,1,1435,1715,1717,1;                                             1719P   2971
126,32,2,1,0,1,0,0.,0.,0.,0.0625,0.0625,0.125,0.125,0.1875,         1721P   2972
0.1875,0.25,0.25,0.3125,0.3125,0.375,0.375,0.4375,0.4375,0.5,       1721P   2973
0.5,0.5625,0.5625,0.625,0.625,0.6875,0.6875,0.75,0.75,0.8125,       1721P   2974
0.8125,0.875,0.875,0.9375,0.9375,1.,1.,1.,1.,1.,1.,1.,1.,1.,1.,     1721P   2975
1.,1.,1.,1.,1.,1.,1.,1.,1.,1.,1.,1.,1.,1.,1.,1.,1.,1.,1.,1.,1.,     1721P   2976
1.,1.,1.,1.,1.,0.294715447,0.5,0.,0.294715447,0.506253422,0.,       1721P   2977
0.295340316,0.512386687,0.,0.295965185,0.518519952,0.,              1721P   2978
0.29719091,0.524297361,0.,0.298416634,0.53007477,0.,0.30019611,     1721P   2979
0.535274301,0.,0.301975586,0.540473831,0.,0.30424043,               1721P   2980
0.544895669,0.,0.306505273,0.549317506,0.,0.309168448,              1721P   2981
0.552791721,0.,0.311831622,0.556265937,0.,0.314790783,              1721P   2982
0.558659018,0.,0.317749943,0.561052099,0.,0.320891372,              1721P   2983
0.562272081,0.,0.3240328,0.563492063,0.,0.327235772,                1721P   2984
0.563492063,0.,0.330438745,0.563492063,0.,0.333580173,              1721P   2985
0.562272081,0.,0.336721601,0.561052099,0.,0.339680762,              1721P   2986
0.558659018,0.,0.342639923,0.556265937,0.,0.345303097,              1721P   2987
0.552791721,0.,0.347966271,0.549317506,0.,0.350231115,              1721P   2988
0.544895669,0.,0.352495958,0.540473831,0.,0.354275435,              1721P   2989
0.535274301,0.,0.356054911,0.53007477,0.,0.357280635,               1721P   2990
0.524297361,0.,0.35850636,0.518519952,0.,0.359131229,               1721P   2991
0.512386687,0.,0.359756098,0.506253422,0.,0.359756098,0.5,0.,       1721P   2992
0.,1.,0.,0.,1.;                                                     1721P   2993
100,0.,83.,31.75,87.,31.75,79.,31.75;                               1723P   2994
126,32,2,1,0,1,0,0.,0.,0.,0.0625,0.0625,0.125,0.125,0.1875,         1725P   2995
0.1875,0.25,0.25,0.3125,0.3125,0.375,0.375,0.4375,0.4375,0.5,       1725P   2996
0.5,0.5625,0.5625,0.625,0.625,0.6875,0.6875,0.75,0.75,0.8125,       1725P   2997
0.8125,0.875,0.875,0.9375,0.9375,1.,1.,1.,1.,1.,1.,1.,1.,1.,1.,     1725P   2998
1.,1.,1.,1.,1.,1.,1.,1.,1.,1.,1.,1.,1.,1.,1.,1.,1.,1.,1.,1.,1.,     1725P   2999
1.,1.,1.,1.,1.,0.359756098,0.5,0.,0.359756098,0.493746578,0.,       1725P   3000
0.359131229,0.487613313,0.,0.35850636,0.481480048,0.,               1725P   3001
0.357280635,0.475702639,0.,0.356054911,0.46992523,0.,               1725P   3002
0.354275435,0.464725699,0.,0.352495958,0.459526169,0.,              1725P   3003
0.350231115,0.455104331,0.,0.347966271,0.450682494,0.,              1725P   3004
0.345303097,0.447208279,0.,0.342639923,0.443734063,0.,              1725P   3005
0.339680762,0.441340982,0.,0.336721601,0.438947901,0.,              1725P   3006
0.333580173,0.437727919,0.,0.330438745,0.436507937,0.,              1725P   3007
0.327235772,0.436507937,0.,0.3240328,0.436507937,0.,                1725P   3008
0.320891372,0.437727919,0.,0.317749943,0.438947901,0.,              1725P   3009
0.314790783,0.441340982,0.,0.311831622,0.443734063,0.,              1725P   3010
0.309168448,0.447208279,0.,0.306505273,0.450682494,0.,              1725P   3011
0.30424043,0.455104331,0.,0.301975586,0.459526169,0.,               1725P   3012
0.30019611,0.464725699,0.,0.298416634,0.46992523,0.,0.29719091,     1725P   3013
0.475702639,0.,0.295965185,0.481480048,0.,0.295340316,              1725P   3014
0.487613313,0.,0.294715447,0.493746578,0.,0.294715447,0.5,0.,       1725P   3015
0.,1.,0.,0.,1.;                                                     1725P   3016
100,0.,83.,31.75,79.,31.75,87.,31.75;                               1727P   3017
102,2,1721,1725;                                                    1729P   3018
102,2,1723,1727;                                                    1731P   3019
142,1,1435,1729,1731,1;                                             1733P   3020
126,32,2,1,0,1,0,0.,0.,0.,0.0625,0.0625,0.125,0.125,0.1875,         1735P   3021
0.1875,0.25,0.25,0.3125,0.3125,0.375,0.375,0.4375,0.4375,0.5,       1735P   3022
0.5,0.5625,0.5625,0.625,0.625,0.6875,0.6875,0.75,0.75,0.8125,       1735P   3023
0.8125,0.875,0.875,0.9375,0.9375,1.,1.,1.,1.,1.,1.,1.,1.,1.,1.,     1735P   3024
1.,1.,1.,1.,1.,1.,1.,1.,1.,1.,1.,1.,1.,1.,1.,1.,1.,1.,1.,1.,1.,     1735P   3025
1.,1.,1.,1.,1.,0.571138211,0.706349206,0.,0.571138211,              1735P   3026
0.718856051,0.,0.572387949,0.731122581,0.,0.573637687,              1735P   3027
0.74338911,0.,0.576089136,0.754943928,0.,0.578540585,               1735P   3028
0.766498746,0.,0.582099537,0.776897807,0.,0.58565849,               1735P   3029
0.787296869,0.,0.590188177,0.796140544,0.,0.594717864,              1735P   3030
0.804984218,0.,0.600044212,0.811932649,0.,0.605370561,              1735P   3031
0.81888108,0.,0.611288882,0.823667242,0.,0.617207204,               1735P   3032
0.828453405,0.,0.62349006,0.830893369,0.,0.629772917,               1735P   3033
0.833333333,0.,0.636178862,0.833333333,0.,0.642584807,              1735P   3034
0.833333333,0.,0.648867663,0.830893369,0.,0.65515052,               1735P   3035
0.828453405,0.,0.661068841,0.823667242,0.,0.666987163,              1735P   3036
0.81888108,0.,0.672313511,0.811932649,0.,0.67763986,                1735P   3037
0.804984218,0.,0.682169547,0.796140544,0.,0.686699234,              1735P   3038
0.787296869,0.,0.690258186,0.776897807,0.,0.693817138,              1735P   3039
0.766498746,0.,0.696268587,0.754943928,0.,0.698720036,              1735P   3040
0.74338911,0.,0.699969774,0.731122581,0.,0.701219512,               1735P   3041
0.718856051,0.,0.701219512,0.706349206,0.,0.,1.,0.,0.,1.;           1735P   3042
100,0.,45.,44.75,53.,44.75,37.,44.75;                               1737P   3043
126,32,2,1,0,1,0,0.,0.,0.,0.0625,0.0625,0.125,0.125,0.1875,         1739P   3044
0.1875,0.25,0.25,0.3125,0.3125,0.375,0.375,0.4375,0.4375,0.5,       1739P   3045
0.5,0.5625,0.5625,0.625,0.625,0.6875,0.6875,0.75,0.75,0.8125,       1739P   3046
0.8125,0.875,0.875,0.9375,0.9375,1.,1.,1.,1.,1.,1.,1.,1.,1.,1.,     1739P   3047
1.,1.,1.,1.,1.,1.,1.,1.,1.,1.,1.,1.,1.,1.,1.,1.,1.,1.,1.,1.,1.,     1739P   3048
1.,1.,1.,1.,1.,0.701219512,0.706349206,0.,0.701219512,              1739P   3049
0.693842361,0.,0.699969774,0.681575832,0.,0.698720036,              1739P   3050
0.669309303,0.,0.696268587,0.657754485,0.,0.693817138,              1739P   3051
0.646199667,0.,0.690258186,0.635800605,0.,0.686699234,              1739P   3052
0.625401544,0.,0.682169547,0.616557869,0.,0.67763986,               1739P   3053
0.607714194,0.,0.672313511,0.600765764,0.,0.666987163,              1739P   3054
0.593817333,0.,0.661068841,0.58903117,0.,0.65515052,                1739P   3055
0.584245008,0.,0.648867663,0.581805044,0.,0.642584807,              1739P   3056
0.579365079,0.,0.636178862,0.579365079,0.,0.629772917,              1739P   3057
0.579365079,0.,0.62349006,0.581805044,0.,0.617207204,               1739P   3058
0.584245008,0.,0.611288882,0.58903117,0.,0.605370561,               1739P   3059
0.593817333,0.,0.600044212,0.600765764,0.,0.594717864,              1739P   3060
0.607714194,0.,0.590188177,0.616557869,0.,0.58565849,               1739P   3061
0.625401544,0.,0.582099537,0.635800605,0.,0.578540585,              1739P   3062
0.646199667,0.,0.576089136,0.657754485,0.,0.573637687,              1739P   3063
0.669309303,0.,0.572387949,0.681575832,0.,0.571138211,              1739P   3064
0.693842361,0.,0.571138211,0.706349206,0.,0.,1.,0.,0.,1.;           1739P   3065
100,0.,45.,44.75,37.,44.75,53.,44.75;                               1741P   3066
102,2,1735,1739;                                                    1743P   3067
102,2,1737,1741;                                                    1745P   3068
142,1,1435,1743,1745,1;                                             1747P   3069
126,32,2,1,0,1,0,0.,0.,0.,0.0625,0.0625,0.125,0.125,0.1875,         1749P   3070
0.1875,0.25,0.25,0.3125,0.3125,0.375,0.375,0.4375,0.4375,0.5,       1749P   3071
0.5,0.5625,0.5625,0.625,0.625,0.6875,0.6875,0.75,0.75,0.8125,       1749P   3072
0.8125,0.875,0.875,0.9375,0.9375,1.,1.,1.,1.,1.,1.,1.,1.,1.,1.,     1749P   3073
1.,1.,1.,1.,1.,1.,1.,1.,1.,1.,1.,1.,1.,1.,1.,1.,1.,1.,1.,1.,1.,     1749P   3074
1.,1.,1.,1.,1.,0.571138211,0.293650794,0.,0.571138211,              1749P   3075
0.306157639,0.,0.572387949,0.318424168,0.,0.573637687,              1749P   3076
0.330690697,0.,0.576089136,0.342245515,0.,0.578540585,              1749P   3077
0.353800333,0.,0.582099537,0.364199395,0.,0.58565849,               1749P   3078
0.374598456,0.,0.590188177,0.383442131,0.,0.594717864,              1749P   3079
0.392285806,0.,0.600044212,0.399234236,0.,0.605370561,              1749P   3080
0.406182667,0.,0.611288882,0.41096883,0.,0.617207204,               1749P   3081
0.415754992,0.,0.62349006,0.418194956,0.,0.629772917,               1749P   3082
0.420634921,0.,0.636178862,0.420634921,0.,0.642584807,              1749P   3083
0.420634921,0.,0.648867663,0.418194956,0.,0.65515052,               1749P   3084
0.415754992,0.,0.661068841,0.41096883,0.,0.666987163,               1749P   3085
0.406182667,0.,0.672313511,0.399234236,0.,0.67763986,               1749P   3086
0.392285806,0.,0.682169547,0.383442131,0.,0.686699234,              1749P   3087
0.374598456,0.,0.690258186,0.364199395,0.,0.693817138,              1749P   3088
0.353800333,0.,0.696268587,0.342245515,0.,0.698720036,              1749P   3089
0.330690697,0.,0.699969774,0.318424168,0.,0.701219512,              1749P   3090
0.306157639,0.,0.701219512,0.293650794,0.,0.,1.,0.,0.,1.;           1749P   3091
100,0.,45.,18.75,53.,18.75,37.,18.75;                               1751P   3092
126,32,2,1,0,1,0,0.,0.,0.,0.0625,0.0625,0.125,0.125,0.1875,         1753P   3093
0.1875,0.25,0.25,0.3125,0.3125,0.375,0.375,0.4375,0.4375,0.5,       1753P   3094
0.5,0.5625,0.5625,0.625,0.625,0.6875,0.6875,0.75,0.75,0.8125,       1753P   3095
0.8125,0.875,0.875,0.9375,0.9375,1.,1.,1.,1.,1.,1.,1.,1.,1.,1.,     1753P   3096
1.,1.,1.,1.,1.,1.,1.,1.,1.,1.,1.,1.,1.,1.,1.,1.,1.,1.,1.,1.,1.,     1753P   3097
1.,1.,1.,1.,1.,0.701219512,0.293650794,0.,0.701219512,              1753P   3098
0.281143949,0.,0.699969774,0.268877419,0.,0.698720036,              1753P   3099
0.25661089,0.,0.696268587,0.245056072,0.,0.693817138,               1753P   3100
0.233501254,0.,0.690258186,0.223102193,0.,0.686699234,              1753P   3101
0.212703131,0.,0.682169547,0.203859456,0.,0.67763986,               1753P   3102
0.195015782,0.,0.672313511,0.188067351,0.,0.666987163,              1753P   3103
0.18111892,0.,0.661068841,0.176332758,0.,0.65515052,                1753P   3104
0.171546595,0.,0.648867663,0.169106631,0.,0.642584807,              1753P   3105
0.166666667,0.,0.636178862,0.166666667,0.,0.629772917,              1753P   3106
0.166666667,0.,0.62349006,0.169106631,0.,0.617207204,               1753P   3107
0.171546595,0.,0.611288882,0.176332758,0.,0.605370561,              1753P   3108
0.18111892,0.,0.600044212,0.188067351,0.,0.594717864,               1753P   3109
0.195015782,0.,0.590188177,0.203859456,0.,0.58565849,               1753P   3110
0.212703131,0.,0.582099537,0.223102193,0.,0.578540585,              1753P   3111
0.233501254,0.,0.576089136,0.245056072,0.,0.573637687,              1753P   3112
0.25661089,0.,0.572387949,0.268877419,0.,0.571138211,               1753P   3113
0.281143949,0.,0.571138211,0.293650794,0.,0.,1.,0.,0.,1.;           1753P   3114
100,0.,45.,18.75,37.,18.75,53.,18.75;                               1755P   3115
102,2,1749,1753;                                                    1757P   3116
102,2,1751,1755;                                                    1759P   3117
142,1,1435,1757,1759,1;                                             1761P   3118
126,32,2,1,0,1,0,0.,0.,0.,0.0625,0.0625,0.125,0.125,0.1875,         1763P   3119
0.1875,0.25,0.25,0.3125,0.3125,0.375,0.375,0.4375,0.4375,0.5,       1763P   3120
0.5,0.5625,0.5625,0.625,0.625,0.6875,0.6875,0.75,0.75,0.8125,       1763P   3121
0.8125,0.875,0.875,0.9375,0.9375,1.,1.,1.,1.,1.,1.,1.,1.,1.,1.,     1763P   3122
1.,1.,1.,1.,1.,1.,1.,1.,1.,1.,1.,1.,1.,1.,1.,1.,1.,1.,1.,1.,1.,     1763P   3123
1.,1.,1.,1.,1.,0.782520325,0.706349206,0.,0.782520325,              1763P   3124
0.718856051,0.,0.783770063,0.731122581,0.,0.785019801,              1763P   3125
0.74338911,0.,0.78747125,0.754943928,0.,0.789922699,                1763P   3126
0.766498746,0.,0.793481651,0.776897807,0.,0.797040604,              1763P   3127
0.787296869,0.,0.801570291,0.796140544,0.,0.806099978,              1763P   3128
0.804984218,0.,0.811426326,0.811932649,0.,0.816752675,              1763P   3129
0.81888108,0.,0.822670996,0.823667242,0.,0.828589318,               1763P   3130
0.828453405,0.,0.834872174,0.830893369,0.,0.841155031,              1763P   3131
0.833333333,0.,0.847560976,0.833333333,0.,0.853966921,              1763P   3132
0.833333333,0.,0.860249777,0.830893369,0.,0.866532634,              1763P   3133
0.828453405,0.,0.872450955,0.823667242,0.,0.878369276,              1763P   3134
0.81888108,0.,0.883695625,0.811932649,0.,0.889021973,               1763P   3135
0.804984218,0.,0.893551661,0.796140544,0.,0.898081348,              1763P   3136
0.787296869,0.,0.9016403,0.776897807,0.,0.905199252,                1763P   3137
0.766498746,0.,0.907650701,0.754943928,0.,0.91010215,               1763P   3138
0.74338911,0.,0.911351888,0.731122581,0.,0.912601626,               1763P   3139
0.718856051,0.,0.912601626,0.706349206,0.,0.,1.,0.,0.,1.;           1763P   3140
100,0.,19.,44.75,27.,44.75,11.,44.75;                               1765P   3141
126,32,2,1,0,1,0,0.,0.,0.,0.0625,0.0625,0.125,0.125,0.1875,         1767P   3142
0.1875,0.25,0.25,0.3125,0.3125,0.375,0.375,0.4375,0.4375,0.5,       1767P   3143
0.5,0.5625,0.5625,0.625,0.625,0.6875,0.6875,0.75,0.75,0.8125,       1767P   3144
0.8125,0.875,0.875,0.9375,0.9375,1.,1.,1.,1.,1.,1.,1.,1.,1.,1.,     1767P   3145
1.,1.,1.,1.,1.,1.,1.,1.,1.,1.,1.,1.,1.,1.,1.,1.,1.,1.,1.,1.,1.,     1767P   3146
1.,1.,1.,1.,1.,0.912601626,0.706349206,0.,0.912601626,              1767P   3147
0.693842361,0.,0.911351888,0.681575832,0.,0.91010215,               1767P   3148
0.669309303,0.,0.907650701,0.657754485,0.,0.905199252,              1767P   3149
0.646199667,0.,0.9016403,0.635800605,0.,0.898081348,                1767P   3150
0.625401544,0.,0.893551661,0.616557869,0.,0.889021973,              1767P   3151
0.607714194,0.,0.883695625,0.600765764,0.,0.878369276,              1767P   3152
0.593817333,0.,0.872450955,0.58903117,0.,0.866532634,               1767P   3153
0.584245008,0.,0.860249777,0.581805044,0.,0.853966921,              1767P   3154
0.579365079,0.,0.847560976,0.579365079,0.,0.841155031,              1767P   3155
0.579365079,0.,0.834872174,0.581805044,0.,0.828589318,              1767P   3156
0.584245008,0.,0.822670996,0.58903117,0.,0.816752675,               1767P   3157
0.593817333,0.,0.811426326,0.600765764,0.,0.806099978,              1767P   3158
0.607714194,0.,0.801570291,0.616557869,0.,0.797040604,              1767P   3159
0.625401544,0.,0.793481651,0.635800605,0.,0.789922699,              1767P   3160
0.646199667,0.,0.78747125,0.657754485,0.,0.785019801,               1767P   3161
0.669309303,0.,0.783770063,0.681575832,0.,0.782520325,              1767P   3162
0.693842361,0.,0.782520325,0.706349206,0.,0.,1.,0.,0.,1.;           1767P   3163
100,0.,19.,44.75,11.,44.75,27.,44.75;                               1769P   3164
102,2,1763,1767;                                                    1771P   3165
102,2,1765,1769;                                                    1773P   3166
142,1,1435,1771,1773,1;                                             1775P   3167
126,32,2,1,0,1,0,0.,0.,0.,0.0625,0.0625,0.125,0.125,0.1875,         1777P   3168
0.1875,0.25,0.25,0.3125,0.3125,0.375,0.375,0.4375,0.4375,0.5,       1777P   3169
0.5,0.5625,0.5625,0.625,0.625,0.6875,0.6875,0.75,0.75,0.8125,       1777P   3170
0.8125,0.875,0.875,0.9375,0.9375,1.,1.,1.,1.,1.,1.,1.,1.,1.,1.,     1777P   3171
1.,1.,1.,1.,1.,1.,1.,1.,1.,1.,1.,1.,1.,1.,1.,1.,1.,1.,1.,1.,1.,     1777P   3172
1.,1.,1.,1.,1.,0.782520325,0.293650794,0.,0.782520325,              1777P   3173
0.306157639,0.,0.783770063,0.318424168,0.,0.785019801,              1777P   3174
0.330690697,0.,0.78747125,0.342245515,0.,0.789922699,               1777P   3175
0.353800333,0.,0.793481651,0.364199395,0.,0.797040604,              1777P   3176
0.374598456,0.,0.801570291,0.383442131,0.,0.806099978,              1777P   3177
0.392285806,0.,0.811426326,0.399234236,0.,0.816752675,              1777P   3178
0.406182667,0.,0.822670996,0.41096883,0.,0.828589318,               1777P   3179
0.415754992,0.,0.834872174,0.418194956,0.,0.841155031,              1777P   3180
0.420634921,0.,0.847560976,0.420634921,0.,0.853966921,              1777P   3181
0.420634921,0.,0.860249777,0.418194956,0.,0.866532634,              1777P   3182
0.415754992,0.,0.872450955,0.41096883,0.,0.878369276,               1777P   3183
0.406182667,0.,0.883695625,0.399234236,0.,0.889021973,              1777P   3184
0.392285806,0.,0.893551661,0.383442131,0.,0.898081348,              1777P   3185
0.374598456,0.,0.9016403,0.364199395,0.,0.905199252,                1777P   3186
0.353800333,0.,0.907650701,0.342245515,0.,0.91010215,               1777P   3187
0.330690697,0.,0.911351888,0.318424168,0.,0.912601626,              1777P   3188
0.306157639,0.,0.912601626,0.293650794,0.,0.,1.,0.,0.,1.;           1777P   3189
100,0.,19.,18.75,27.,18.75,11.,18.75;                               1779P   3190
126,32,2,1,0,1,0,0.,0.,0.,0.0625,0.0625,0.125,0.125,0.1875,         1781P   3191
0.1875,0.25,0.25,0.3125,0.3125,0.375,0.375,0.4375,0.4375,0.5,       1781P   3192
0.5,0.5625,0.5625,0.625,0.625,0.6875,0.6875,0.75,0.75,0.8125,       1781P   3193
0.8125,0.875,0.875,0.9375,0.9375,1.,1.,1.,1.,1.,1.,1.,1.,1.,1.,     1781P   3194
1.,1.,1.,1.,1.,1.,1.,1.,1.,1.,1.,1.,1.,1.,1.,1.,1.,1.,1.,1.,1.,     1781P   3195
1.,1.,1.,1.,1.,0.912601626,0.293650794,0.,0.912601626,              1781P   3196
0.281143949,0.,0.911351888,0.268877419,0.,0.91010215,               1781P   3197
0.25661089,0.,0.907650701,0.245056072,0.,0.905199252,               1781P   3198
0.233501254,0.,0.9016403,0.223102193,0.,0.898081348,                1781P   3199
0.212703131,0.,0.893551661,0.203859456,0.,0.889021973,              1781P   3200
0.195015782,0.,0.883695625,0.188067351,0.,0.878369276,              1781P   3201
0.18111892,0.,0.872450955,0.176332758,0.,0.866532634,               1781P   3202
0.171546595,0.,0.860249777,0.169106631,0.,0.853966921,              1781P   3203
0.166666667,0.,0.847560976,0.166666667,0.,0.841155031,              1781P   3204
0.166666667,0.,0.834872174,0.169106631,0.,0.828589318,              1781P   3205
0.171546595,0.,0.822670996,0.176332758,0.,0.816752675,              1781P   3206
0.18111892,0.,0.811426326,0.188067351,0.,0.806099978,               1781P   3207
0.195015782,0.,0.801570291,0.203859456,0.,0.797040604,              1781P   3208
0.212703131,0.,0.793481651,0.223102193,0.,0.789922699,              1781P   3209
0.233501254,0.,0.78747125,0.245056072,0.,0.785019801,               1781P   3210
0.25661089,0.,0.783770063,0.268877419,0.,0.782520325,               1781P   3211
0.281143949,0.,0.782520325,0.293650794,0.,0.,1.,0.,0.,1.;           1781P   3212
100,0.,19.,18.75,11.,18.75,27.,18.75;                               1783P   3213
102,2,1777,1781;                                                    1785P   3214
102,2,1779,1783;                                                    1787P   3215
142,1,1435,1785,1787,1;                                             1789P   3216
126,32,2,1,0,1,0,0.,0.,0.,0.0625,0.0625,0.125,0.125,0.1875,         1791P   3217
0.1875,0.25,0.25,0.3125,0.3125,0.375,0.375,0.4375,0.4375,0.5,       1791P   3218
0.5,0.5625,0.5625,0.625,0.625,0.6875,0.6875,0.75,0.75,0.8125,       1791P   3219
0.8125,0.875,0.875,0.9375,0.9375,1.,1.,1.,1.,1.,1.,1.,1.,1.,1.,     1791P   3220
1.,1.,1.,1.,1.,1.,1.,1.,1.,1.,1.,1.,1.,1.,1.,1.,1.,1.,1.,1.,1.,     1791P   3221
1.,1.,1.,1.,1.,0.087398374,0.706349206,0.,0.087398374,              1791P   3222
0.718856051,0.,0.088648112,0.731122581,0.,0.08989785,               1791P   3223
0.74338911,0.,0.092349299,0.754943928,0.,0.094800748,               1791P   3224
0.766498746,0.,0.0983597,0.776897807,0.,0.101918652,                1791P   3225
0.787296869,0.,0.106448339,0.796140544,0.,0.110978027,              1791P   3226
0.804984218,0.,0.116304375,0.811932649,0.,0.121630724,              1791P   3227
0.81888108,0.,0.127549045,0.823667242,0.,0.133467366,               1791P   3228
0.828453405,0.,0.139750223,0.830893369,0.,0.146033079,              1791P   3229
0.833333333,0.,0.152439024,0.833333333,0.,0.158844969,              1791P   3230
0.833333333,0.,0.165127826,0.830893369,0.,0.171410682,              1791P   3231
0.828453405,0.,0.177329004,0.823667242,0.,0.183247325,              1791P   3232
0.81888108,0.,0.188573674,0.811932649,0.,0.193900022,               1791P   3233
0.804984218,0.,0.198429709,0.796140544,0.,0.202959396,              1791P   3234
0.787296869,0.,0.206518349,0.776897807,0.,0.210077301,              1791P   3235
0.766498746,0.,0.21252875,0.754943928,0.,0.214980199,               1791P   3236
0.74338911,0.,0.216229937,0.731122581,0.,0.217479675,               1791P   3237
0.718856051,0.,0.217479675,0.706349206,0.,0.,1.,0.,0.,1.;           1791P   3238
100,0.,104.5,44.75,112.5,44.75,96.5,44.75;                          1793P   3239
126,32,2,1,0,1,0,0.,0.,0.,0.0625,0.0625,0.125,0.125,0.1875,         1795P   3240
0.1875,0.25,0.25,0.3125,0.3125,0.375,0.375,0.4375,0.4375,0.5,       1795P   3241
0.5,0.5625,0.5625,0.625,0.625,0.6875,0.6875,0.75,0.75,0.8125,       1795P   3242
0.8125,0.875,0.875,0.9375,0.9375,1.,1.,1.,1.,1.,1.,1.,1.,1.,1.,     1795P   3243
1.,1.,1.,1.,1.,1.,1.,1.,1.,1.,1.,1.,1.,1.,1.,1.,1.,1.,1.,1.,1.,     1795P   3244
1.,1.,1.,1.,1.,0.217479675,0.706349206,0.,0.217479675,              1795P   3245
0.693842361,0.,0.216229937,0.681575832,0.,0.214980199,              1795P   3246
0.669309303,0.,0.21252875,0.657754485,0.,0.210077301,               1795P   3247
0.646199667,0.,0.206518349,0.635800605,0.,0.202959396,              1795P   3248
0.625401544,0.,0.198429709,0.616557869,0.,0.193900022,              1795P   3249
0.607714194,0.,0.188573674,0.600765764,0.,0.183247325,              1795P   3250
0.593817333,0.,0.177329004,0.58903117,0.,0.171410682,               1795P   3251
0.584245008,0.,0.165127826,0.581805044,0.,0.158844969,              1795P   3252
0.579365079,0.,0.152439024,0.579365079,0.,0.146033079,              1795P   3253
0.579365079,0.,0.139750223,0.581805044,0.,0.133467366,              1795P   3254
0.584245008,0.,0.127549045,0.58903117,0.,0.121630724,               1795P   3255
0.593817333,0.,0.116304375,0.600765764,0.,0.110978027,              1795P   3256
0.607714194,0.,0.106448339,0.616557869,0.,0.101918652,              1795P   3257
0.625401544,0.,0.0983597,0.635800605,0.,0.094800748,                1795P   3258
0.646199667,0.,0.092349299,0.657754485,0.,0.08989785,               1795P   3259
0.669309303,0.,0.088648112,0.681575832,0.,0.087398374,              1795P   3260
0.693842361,0.,0.087398374,0.706349206,0.,0.,1.,0.,0.,1.;           1795P   3261
100,0.,104.5,44.75,96.5,44.75,112.5,44.75;                          1797P   3262
102,2,1791,1795;                                                    1799P   3263
102,2,1793,1797;                                                    1801P   3264
142,1,1435,1799,1801,1;                                             1803P   3265
126,32,2,1,0,1,0,0.,0.,0.,0.0625,0.0625,0.125,0.125,0.1875,         1805P   3266
0.1875,0.25,0.25,0.3125,0.3125,0.375,0.375,0.4375,0.4375,0.5,       1805P   3267
0.5,0.5625,0.5625,0.625,0.625,0.6875,0.6875,0.75,0.75,0.8125,       1805P   3268
0.8125,0.875,0.875,0.9375,0.9375,1.,1.,1.,1.,1.,1.,1.,1.,1.,1.,     1805P   3269
1.,1.,1.,1.,1.,1.,1.,1.,1.,1.,1.,1.,1.,1.,1.,1.,1.,1.,1.,1.,1.,     1805P   3270
1.,1.,1.,1.,1.,0.087398374,0.293650794,0.,0.087398374,              1805P   3271
0.306157639,0.,0.088648112,0.318424168,0.,0.08989785,               1805P   3272
0.330690697,0.,0.092349299,0.342245515,0.,0.094800748,              1805P   3273
0.353800333,0.,0.0983597,0.364199395,0.,0.101918652,                1805P   3274
0.374598456,0.,0.106448339,0.383442131,0.,0.110978027,              1805P   3275
0.392285806,0.,0.116304375,0.399234236,0.,0.121630724,              1805P   3276
0.406182667,0.,0.127549045,0.41096883,0.,0.133467366,               1805P   3277
0.415754992,0.,0.139750223,0.418194956,0.,0.146033079,              1805P   3278
0.420634921,0.,0.152439024,0.420634921,0.,0.158844969,              1805P   3279
0.420634921,0.,0.165127826,0.418194956,0.,0.171410682,              1805P   3280
0.415754992,0.,0.177329004,0.41096883,0.,0.183247325,               1805P   3281
0.406182667,0.,0.188573674,0.399234236,0.,0.193900022,              1805P   3282
0.392285806,0.,0.198429709,0.383442131,0.,0.202959396,              1805P   3283
0.374598456,0.,0.206518349,0.364199395,0.,0.210077301,              1805P   3284
0.353800333,0.,0.21252875,0.342245515,0.,0.214980199,               1805P   3285
0.330690697,0.,0.216229937,0.318424168,0.,0.217479675,              1805P   3286
0.306157639,0.,0.217479675,0.293650794,0.,0.,1.,0.,0.,1.;           1805P   3287
100,0.,104.5,18.75,112.5,18.75,96.5,18.75;                          1807P   3288
126,32,2,1,0,1,0,0.,0.,0.,0.0625,0.0625,0.125,0.125,0.1875,         1809P   3289
0.1875,0.25,0.25,0.3125,0.3125,0.375,0.375,0.4375,0.4375,0.5,       1809P   3290
0.5,0.5625,0.5625,0.625,0.625,0.6875,0.6875,0.75,0.75,0.8125,       1809P   3291
0.8125,0.875,0.875,0.9375,0.9375,1.,1.,1.,1.,1.,1.,1.,1.,1.,1.,     1809P   3292
1.,1.,1.,1.,1.,1.,1.,1.,1.,1.,1.,1.,1.,1.,1.,1.,1.,1.,1.,1.,1.,     1809P   3293
1.,1.,1.,1.,1.,0.217479675,0.293650794,0.,0.217479675,              1809P   3294
0.281143949,0.,0.216229937,0.268877419,0.,0.214980199,              1809P   3295
0.25661089,0.,0.21252875,0.245056072,0.,0.210077301,                1809P   3296
0.233501254,0.,0.206518349,0.223102193,0.,0.202959396,              1809P   3297
0.212703131,0.,0.198429709,0.203859456,0.,0.193900022,              1809P   3298
0.195015782,0.,0.188573674,0.188067351,0.,0.183247325,              1809P   3299
0.18111892,0.,0.177329004,0.176332758,0.,0.171410682,               1809P   3300
0.171546595,0.,0.165127826,0.169106631,0.,0.158844969,              1809P   3301
0.166666667,0.,0.152439024,0.166666667,0.,0.146033079,              1809P   3302
0.166666667,0.,0.139750223,0.169106631,0.,0.133467366,              1809P   3303
0.171546595,0.,0.127549045,0.176332758,0.,0.121630724,              1809P   3304
0.18111892,0.,0.116304375,0.188067351,0.,0.110978027,               1809P   3305
0.195015782,0.,0.106448339,0.203859456,0.,0.101918652,              1809P   3306
0.212703131,0.,0.0983597,0.223102193,0.,0.094800748,                1809P   3307
0.233501254,0.,0.092349299,0.245056072,0.,0.08989785,               1809P   3308
0.25661089,0.,0.088648112,0.268877419,0.,0.087398374,               1809P   3309
0.281143949,0.,0.087398374,0.293650794,0.,0.,1.,0.,0.,1.;           1809P   3310
100,0.,104.5,18.75,96.5,18.75,112.5,18.75;                          1811P   3311
102,2,1805,1809;                                                    1813P   3312
102,2,1807,1811;                                                    1815P   3313
142,1,1435,1813,1815,1;                                             1817P   3314
126,32,2,1,0,1,0,0.,0.,0.,0.0625,0.0625,0.125,0.125,0.1875,         1819P   3315
0.1875,0.25,0.25,0.3125,0.3125,0.375,0.375,0.4375,0.4375,0.5,       1819P   3316
0.5,0.5625,0.5625,0.625,0.625,0.6875,0.6875,0.75,0.75,0.8125,       1819P   3317
0.8125,0.875,0.875,0.9375,0.9375,1.,1.,1.,1.,1.,1.,1.,1.,1.,1.,     1819P   3318
1.,1.,1.,1.,1.,1.,1.,1.,1.,1.,1.,1.,1.,1.,1.,1.,1.,1.,1.,1.,1.,     1819P   3319
1.,1.,1.,1.,1.,0.343495935,0.885952381,0.,0.343495935,              1819P   3320
0.889079092,0.,0.343808369,0.892145724,0.,0.344120804,              1819P   3321
0.895212357,0.,0.344733666,0.898101061,0.,0.345346528,              1819P   3322
0.900989766,0.,0.346236266,0.903589531,0.,0.347126005,              1819P   3323
0.906189297,0.,0.348258426,0.908400215,0.,0.349390848,              1819P   3324
0.910611134,0.,0.350722435,0.912348242,0.,0.352054022,              1819P   3325
0.914085349,0.,0.353533603,0.91528189,0.,0.355013183,               1819P   3326
0.91647843,0.,0.356583897,0.917088422,0.,0.358154611,               1819P   3327
0.917698413,0.,0.359756098,0.917698413,0.,0.361357584,              1819P   3328
0.917698413,0.,0.362928298,0.917088422,0.,0.364499012,              1819P   3329
0.91647843,0.,0.365978592,0.91528189,0.,0.367458173,                1819P   3330
0.914085349,0.,0.36878976,0.912348242,0.,0.370121347,               1819P   3331
0.910611134,0.,0.371253769,0.908400215,0.,0.372386191,              1819P   3332
0.906189297,0.,0.373275929,0.903589531,0.,0.374165667,              1819P   3333
0.900989766,0.,0.374778529,0.898101061,0.,0.375391391,              1819P   3334
0.895212357,0.,0.375703826,0.892145724,0.,0.37601626,               1819P   3335
0.889079092,0.,0.37601626,0.885952381,0.,0.,1.,0.,0.,1.;            1819P   3336
100,0.,79.,56.065,81.,56.065,77.,56.065;                            1821P   3337
126,32,2,1,0,1,0,0.,0.,0.,0.0625,0.0625,0.125,0.125,0.1875,         1823P   3338
0.1875,0.25,0.25,0.3125,0.3125,0.375,0.375,0.4375,0.4375,0.5,       1823P   3339
0.5,0.5625,0.5625,0.625,0.625,0.6875,0.6875,0.75,0.75,0.8125,       1823P   3340
0.8125,0.875,0.875,0.9375,0.9375,1.,1.,1.,1.,1.,1.,1.,1.,1.,1.,     1823P   3341
1.,1.,1.,1.,1.,1.,1.,1.,1.,1.,1.,1.,1.,1.,1.,1.,1.,1.,1.,1.,1.,     1823P   3342
1.,1.,1.,1.,1.,0.37601626,0.885952381,0.,0.37601626,0.88282567,     1823P   3343
0.,0.375703826,0.879759037,0.,0.375391391,0.876692405,0.,           1823P   3344
0.374778529,0.873803701,0.,0.374165667,0.870914996,0.,              1823P   3345
0.373275929,0.868315231,0.,0.372386191,0.865715465,0.,              1823P   3346
0.371253769,0.863504547,0.,0.370121347,0.861293628,0.,              1823P   3347
0.36878976,0.85955652,0.,0.367458173,0.857819413,0.,                1823P   3348
0.365978592,0.856622872,0.,0.364499012,0.855426331,0.,              1823P   3349
0.362928298,0.85481634,0.,0.361357584,0.854206349,0.,               1823P   3350
0.359756098,0.854206349,0.,0.358154611,0.854206349,0.,              1823P   3351
0.356583897,0.85481634,0.,0.355013183,0.855426331,0.,               1823P   3352
0.353533603,0.856622872,0.,0.352054022,0.857819413,0.,              1823P   3353
0.350722435,0.85955652,0.,0.349390848,0.861293628,0.,               1823P   3354
0.348258426,0.863504547,0.,0.347126005,0.865715465,0.,              1823P   3355
0.346236266,0.868315231,0.,0.345346528,0.870914996,0.,              1823P   3356
0.344733666,0.873803701,0.,0.344120804,0.876692405,0.,              1823P   3357
0.343808369,0.879759037,0.,0.343495935,0.88282567,0.,               1823P   3358
0.343495935,0.885952381,0.,0.,1.,0.,0.,1.;                          1823P   3359
100,0.,79.,56.065,77.,56.065,81.,56.065;                            1825P   3360
102,2,1819,1823;                                                    1827P   3361
102,2,1821,1825;                                                    1829P   3362
142,1,1435,1827,1829,1;                                             1831P   3363
144,1435,1,25,1481,1495,1509,1523,1537,1551,1565,1579,1593,         1833P   3364
1607,1621,1635,1649,1663,1677,1691,1705,1719,1733,1747,1761,        1833P   3365
1775,1789,1803,1817,1831;                                           1833P   3366
110,79.,56.065,2.,79.,56.065,1002.;                                 1835P   3367
110,81.,56.065,0.,81.,56.065,1.;                                    1837P   3368
120,1835,1837,0.,6.28318530717959;                                  1839P   3369
126,1,1,1,0,1,0,0.,0.,1.,1.,1.,1.,1.,3.141592654,0.,1.,0.,0.,       1841P   3370
0.,1.,0.,0.,1.;                                                     1841P   3371
124,-1.,-6.98296672221876E-015,0.,158.,-6.98296672221876E-015,      1843P   3372
1.,-6.98296672221876E-015,5.55224269338522E-013,                    1843P   3373
4.87618242436147E-029,-6.98296672221876E-015,-1.,                   1843P   3374
2.00000000000042;                                                   1843P   3375
100,1.,79.,56.065,81.,56.065,77.,56.065;                            1845P   3376
126,1,1,1,0,1,0,0.,0.,1.,1.,1.,1.,1.,0.,0.,0.,0.,0.,0.,1.,0.,       1847P   3377
0.,1.;                                                              1847P   3378
110,81.,56.065,1.,81.,56.065,0.;                                    1849P   3379
126,1,1,1,0,1,0,0.,0.,1.,1.,1.,1.,0.,0.,0.,0.,3.141592654,0.,       1851P   3380
0.,1.,0.,0.,1.;                                                     1851P   3381
100,0.,79.,56.065,81.,56.065,77.,56.065;                            1853P   3382
126,1,1,1,0,1,0,0.,0.,1.,1.,1.,1.,0.,3.141592654,0.,1.,             1855P   3383
3.141592654,0.,0.,1.,0.,0.,1.;                                      1855P   3384
110,77.,56.065,0.,77.,56.065,1.;                                    1857P   3385
102,4,1841,1847,1851,1855;                                          1859P   3386
102,4,1845,1849,1853,1857;                                          1861P   3387
142,1,1839,1859,1861,1;                                             1863P   3388
144,1839,1,0,1863;                                                  1865P   3389
110,79.,56.065,-998.,79.,56.065,2.;                                 1867P   3390
110,81.,56.065,1.,82.,56.065,2.;                                    1869P   3391
120,1867,1869,0.,6.28318530717959;                                  1871P   3392
126,1,1,1,0,1,0,0.,0.,1.,1.,1.,1.,1.,3.141592654,0.,1.,0.,0.,       1873P   3393
0.,1.,0.,0.,1.;                                                     1873P   3394
124,-1.,-6.98296672221876E-015,0.,158.,-6.98296672221876E-015,      1875P   3395
1.,-6.98296672221876E-015,5.62251308879053E-013,                    1875P   3396
4.87618242436147E-029,-6.98296672221876E-015,-1.,                   1875P   3397
4.0000000000004;                                                    1875P   3398
100,2.,79.,56.065,82.,56.065,76.,56.065;                            1877P   3399
126,1,1,1,0,1,0,0.,0.,1.,1.,1.,1.,1.,0.,0.,0.,0.,0.,0.,1.,0.,       1879P   3400
0.,1.;                                                              1879P   3401
110,82.,56.065,2.,81.,56.065,1.;                                    1881P   3402
126,1,1,1,0,1,0,0.,0.,1.,1.,1.,1.,0.,0.,0.,0.,3.141592654,0.,       1883P   3403
0.,1.,0.,0.,1.;                                                     1883P   3404
100,1.,79.,56.065,81.,56.065,77.,56.065;                            1885P   3405
126,1,1,1,0,1,0,0.,0.,1.,1.,1.,1.,0.,3.141592654,0.,1.,             1887P   3406
3.141592654,0.,0.,1.,0.,0.,1.;                                      1887P   3407
110,77.,56.065,1.,76.,56.065,2.;                                    1889P   3408
102,4,1873,1879,1883,1887;                                          1891P   3409
102,4,1877,1881,1885,1889;                                          1893P   3410
142,1,1871,1891,1893,1;                                             1895P   3411
144,1871,1,0,1895;                                                  1897P   3412
110,104.5,18.75,2.,104.5,18.75,1002.;                               1899P   3413
110,112.5,18.75,0.,112.5,18.75,2.;                                  1901P   3414
120,1899,1901,0.,6.28318530717959;                                  1903P   3415
126,1,1,1,0,1,0,0.,0.,1.,1.,1.,1.,1.,3.141592654,0.,1.,0.,0.,       1905P   3416
0.,1.,0.,0.,1.;                                                     1905P   3417
124,-1.,-6.98296672221876E-015,0.,209.,-6.98296672221876E-015,      1907P   3418
1.,-6.98296672221876E-015,7.44910264114525E-013,                    1907P   3419
4.87618242436147E-029,-6.98296672221876E-015,-1.,                   1907P   3420
4.00000000000013;                                                   1907P   3421
100,2.,104.5,18.75,112.5,18.75,96.5,18.75;                          1909P   3422
126,1,1,1,0,1,0,0.,0.,1.,1.,1.,1.,1.,0.,0.,0.,0.,0.,0.,1.,0.,       1911P   3423
0.,1.;                                                              1911P   3424
110,112.5,18.75,2.,112.5,18.75,0.;                                  1913P   3425
126,1,1,1,0,1,0,0.,0.,1.,1.,1.,1.,0.,0.,0.,0.,3.141592654,0.,       1915P   3426
0.,1.,0.,0.,1.;                                                     1915P   3427
100,0.,104.5,18.75,112.5,18.75,96.5,18.75;                          1917P   3428
126,1,1,1,0,1,0,0.,0.,1.,1.,1.,1.,0.,3.141592654,0.,1.,             1919P   3429
3.141592654,0.,0.,1.,0.,0.,1.;                                      1919P   3430
110,96.5,18.75,0.,96.5,18.75,2.;                                    1921P   3431
102,4,1905,1911,1915,1919;                                          1923P   3432
102,4,1909,1913,1917,1921;                                          1925P   3433
142,1,1903,1923,1925,1;                                             1927P   3434
144,1903,1,0,1927;                                                  1929P   3435
110,104.5,44.75,2.,104.5,44.75,1002.;                               1931P   3436
110,112.5,44.75,0.,112.5,44.75,2.;                                  1933P   3437
120,1931,1933,0.,6.28318530717959;                                  1935P   3438
126,1,1,1,0,1,0,0.,0.,1.,1.,1.,1.,1.,3.141592654,0.,1.,0.,0.,       1937P   3439
0.,1.,0.,0.,1.;                                                     1937P   3440
124,-1.,-6.98296672221876E-015,0.,209.,-6.98296672221876E-015,      1939P   3441
1.,-6.98296672221876E-015,7.44910264114528E-013,                    1939P   3442
4.87618242436147E-029,-6.98296672221876E-015,-1.,                   1939P   3443
4.00000000000031;                                                   1939P   3444
100,2.,104.5,44.75,112.5,44.75,96.5,44.75;                          1941P   3445
126,1,1,1,0,1,0,0.,0.,1.,1.,1.,1.,1.,0.,0.,0.,0.,0.,0.,1.,0.,       1943P   3446
0.,1.;                                                              1943P   3447
110,112.5,44.75,2.,112.5,44.75,0.;                                  1945P   3448
126,1,1,1,0,1,0,0.,0.,1.,1.,1.,1.,0.,0.,0.,0.,3.141592654,0.,       1947P   3449
0.,1.,0.,0.,1.;                                                     1947P   3450
100,0.,104.5,44.75,112.5,44.75,96.5,44.75;                          1949P   3451
126,1,1,1,0,1,0,0.,0.,1.,1.,1.,1.,0.,3.141592654,0.,1.,             1951P   3452
3.141592654,0.,0.,1.,0.,0.,1.;                                      1951P   3453
110,96.5,44.75,0.,96.5,44.75,2.;                                    1953P   3454
102,4,1937,1943,1947,1951;                                          1955P   3455
102,4,1941,1945,1949,1953;                                          1957P   3456
142,1,1935,1955,1957,1;                                             1959P   3457
144,1935,1,0,1959;                                                  1961P   3458
110,19.,18.75,2.,19.,18.75,1002.;                                   1963P   3459
110,27.,18.75,0.,27.,18.75,2.;                                      1965P   3460
120,1963,1965,0.,6.28318530717959;                                  1967P   3461
126,1,1,1,0,1,0,0.,0.,1.,1.,1.,1.,1.,3.141592654,0.,1.,0.,0.,       1969P   3462
0.,1.,0.,0.,1.;                                                     1969P   3463
124,-1.,-6.98296672221876E-015,0.,38.0000000000001,                 1971P   3464
-6.98296672221876E-015,1.,-6.98296672221876E-015,                   1971P   3465
1.47567830351138E-013,4.87618242436147E-029,                        1971P   3466
-6.98296672221876E-015,-1.,4.00000000000013;                        1971P   3467
100,2.,19.,18.75,27.,18.75,11.,18.75;                               1973P   3468
126,1,1,1,0,1,0,0.,0.,1.,1.,1.,1.,1.,0.,0.,0.,0.,0.,0.,1.,0.,       1975P   3469
0.,1.;                                                              1975P   3470
110,27.,18.75,2.,27.,18.75,0.;                                      1977P   3471
126,1,1,1,0,1,0,0.,0.,1.,1.,1.,1.,0.,0.,0.,0.,3.141592654,0.,       1979P   3472
0.,1.,0.,0.,1.;                                                     1979P   3473
100,0.,19.,18.75,27.,18.75,11.,18.75;                               1981P   3474
126,1,1,1,0,1,0,0.,0.,1.,1.,1.,1.,0.,3.141592654,0.,1.,             1983P   3475
3.141592654,0.,0.,1.,0.,0.,1.;                                      1983P   3476
110,11.,18.75,0.,11.,18.75,2.;                                      1985P   3477
102,4,1969,1975,1979,1983;                                          1987P   3478
102,4,1973,1977,1981,1985;                                          1989P   3479
142,1,1967,1987,1989,1;                                             1991P   3480
144,1967,1,0,1991;                                                  1993P   3481
110,19.,44.75,2.,19.,44.75,1002.;                                   1995P   3482
110,27.,44.75,0.,27.,44.75,2.;                                      1997P   3483
120,1995,1997,0.,6.28318530717959;                                  1999P   3484
126,1,1,1,0,1,0,0.,0.,1.,1.,1.,1.,1.,3.141592654,0.,1.,0.,0.,       2001P   3485
0.,1.,0.,0.,1.;                                                     2001P   3486
124,-1.,-6.98296672221876E-015,0.,38.0000000000003,                 2003P   3487
-6.98296672221876E-015,1.,-6.98296672221876E-015,                   2003P   3488
1.47567830351141E-013,4.87618242436147E-029,                        2003P   3489
-6.98296672221876E-015,-1.,4.00000000000031;                        2003P   3490
100,2.,19.,44.75,27.,44.75,11.,44.75;                               2005P   3491
126,1,1,1,0,1,0,0.,0.,1.,1.,1.,1.,1.,0.,0.,0.,0.,0.,0.,1.,0.,       2007P   3492
0.,1.;                                                              2007P   3493
110,27.,44.75,2.,27.,44.75,0.;                                      2009P   3494
126,1,1,1,0,1,0,0.,0.,1.,1.,1.,1.,0.,0.,0.,0.,3.141592654,0.,       2011P   3495
0.,1.,0.,0.,1.;                                                     2011P   3496
100,0.,19.,44.75,27.,44.75,11.,44.75;                               2013P   3497
126,1,1,1,0,1,0,0.,0.,1.,1.,1.,1.,0.,3.141592654,0.,1.,             2015P   3498
3.141592654,0.,0.,1.,0.,0.,1.;                                      2015P   3499
110,11.,44.75,0.,11.,44.75,2.;                                      2017P   3500
102,4,2001,2007,2011,2015;                                          2019P   3501
102,4,2005,2009,2013,2017;                                          2021P   3502
142,1,1999,2019,2021,1;                                             2023P   3503
144,1999,1,0,2023;                                                  2025P   3504
110,45.,18.75,2.,45.,18.75,1002.;                                   2027P   3505
110,53.,18.75,0.,53.,18.75,2.;                                      2029P   3506
120,2027,2029,0.,6.28318530717959;                                  2031P   3507
126,1,1,1,0,1,0,0.,0.,1.,1.,1.,1.,1.,3.141592654,0.,1.,0.,0.,       2033P   3508
0.,1.,0.,0.,1.;                                                     2033P   3509
124,-1.,-6.98296672221876E-015,0.,90.0000000000001,                 2035P   3510
-6.98296672221876E-015,1.,-6.98296672221876E-015,                   2035P   3511
3.26801411452972E-013,4.87618242436147E-029,                        2035P   3512
-6.98296672221876E-015,-1.,4.00000000000013;                        2035P   3513
100,2.,45.,18.75,53.,18.75,37.,18.75;                               2037P   3514
126,1,1,1,0,1,0,0.,0.,1.,1.,1.,1.,1.,0.,0.,0.,0.,0.,0.,1.,0.,       2039P   3515
0.,1.;                                                              2039P   3516
110,53.,18.75,2.,53.,18.75,0.;                                      2041P   3517
126,1,1,1,0,1,0,0.,0.,1.,1.,1.,1.,0.,0.,0.,0.,3.141592654,0.,       2043P   3518
0.,1.,0.,0.,1.;                                                     2043P   3519
100,0.,45.,18.75,53.,18.75,37.,18.75;                               2045P   3520
126,1,1,1,0,1,0,0.,0.,1.,1.,1.,1.,0.,3.141592654,0.,1.,             2047P   3521
3.141592654,0.,0.,1.,0.,0.,1.;                                      2047P   3522
110,37.,18.75,0.,37.,18.75,2.;                                      2049P   3523
102,4,2033,2039,2043,2047;                                          2051P   3524
102,4,2037,2041,2045,2049;                                          2053P   3525
142,1,2031,2051,2053,1;                                             2055P   3526
144,2031,1,0,2055;                                                  2057P   3527
110,45.,44.75,2.,45.,44.75,1002.;                                   2059P   3528
110,53.,44.75,0.,53.,44.75,2.;                                      2061P   3529
120,2059,2061,0.,6.28318530717959;                                  2063P   3530
126,1,1,1,0,1,0,0.,0.,1.,1.,1.,1.,1.,3.141592654,0.,1.,0.,0.,       2065P   3531
0.,1.,0.,0.,1.;                                                     2065P   3532
124,-1.,-6.98296672221876E-015,0.,90.0000000000003,                 2067P   3533
-6.98296672221876E-015,1.,-6.98296672221876E-015,                   2067P   3534
3.30270858404928E-013,4.87618242436147E-029,                        2067P   3535
-6.98296672221876E-015,-1.,4.00000000000031;                        2067P   3536
100,2.,45.,44.75,53.,44.75,37.,44.75;                               2069P   3537
126,1,1,1,0,1,0,0.,0.,1.,1.,1.,1.,1.,0.,0.,0.,0.,0.,0.,1.,0.,       2071P   3538
0.,1.;                                                              2071P   3539
110,53.,44.75,2.,53.,44.75,0.;                                      2073P   3540
126,1,1,1,0,1,0,0.,0.,1.,1.,1.,1.,0.,0.,0.,0.,3.141592654,0.,       2075P   3541
0.,1.,0.,0.,1.;                                                     2075P   3542
100,0.,45.,44.75,53.,44.75,37.,44.75;                               2077P   3543
126,1,1,1,0,1,0,0.,0.,1.,1.,1.,1.,0.,3.141592654,0.,1.,             2079P   3544
3.141592654,0.,0.,1.,0.,0.,1.;                                      2079P   3545
110,37.,44.75,0.,37.,44.75,2.;                                      2081P   3546
102,4,2065,2071,2075,2079;                                          2083P   3547
102,4,2069,2073,2077,2081;                                          2085P   3548
142,1,2063,2083,2085,1;                                             2087P   3549
144,2063,1,0,2087;                                                  2089P   3550
110,83.,31.75,2.,83.,31.75,1002.;                                   2091P   3551
110,87.,31.75,0.,87.,31.75,2.;                                      2093P   3552
120,2091,2093,0.,6.28318530717959;                                  2095P   3553
126,1,1,1,0,1,0,0.,0.,1.,1.,1.,1.,1.,3.141592654,0.,1.,0.,0.,       2097P   3554
0.,1.,0.,0.,1.;                                                     2097P   3555
124,-1.,-6.98296672221876E-015,0.,166.,-6.98296672221876E-015,      2099P   3556
1.,-6.98296672221876E-015,5.90359467041172E-013,                    2099P   3557
4.87618242436147E-029,-6.98296672221876E-015,-1.,                   2099P   3558
4.00000000000022;                                                   2099P   3559
100,2.,83.,31.75,87.,31.75,79.,31.75;                               2101P   3560
126,1,1,1,0,1,0,0.,0.,1.,1.,1.,1.,1.,0.,0.,0.,0.,0.,0.,1.,0.,       2103P   3561
0.,1.;                                                              2103P   3562
110,87.,31.75,2.,87.,31.75,0.;                                      2105P   3563
126,1,1,1,0,1,0,0.,0.,1.,1.,1.,1.,0.,0.,0.,0.,3.141592654,0.,       2107P   3564
0.,1.,0.,0.,1.;                                                     2107P   3565
100,0.,83.,31.75,87.,31.75,79.,31.75;                               2109P   3566
126,1,1,1,0,1,0,0.,0.,1.,1.,1.,1.,0.,3.141592654,0.,1.,             2111P   3567
3.141592654,0.,0.,1.,0.,0.,1.;                                      2111P   3568
110,79.,31.75,0.,79.,31.75,2.;                                      2113P   3569
102,4,2097,2103,2107,2111;                                          2115P   3570
102,4,2101,2105,2109,2113;                                          2117P   3571
142,1,2095,2115,2117,1;                                             2119P   3572
144,2095,1,0,2119;                                                  2121P   3573
110,69.,21.25,2.,69.,21.25,1002.;                                   2123P   3574
110,73.,21.25,0.,73.,21.25,2.;                                      2125P   3575
120,2123,2125,0.,6.28318530717959;                                  2127P   3576
126,1,1,1,0,1,0,0.,0.,1.,1.,1.,1.,1.,3.141592654,0.,1.,0.,0.,       2129P   3577
0.,1.,0.,0.,1.;                                                     2129P   3578
124,-1.,-6.98296672221876E-015,0.,138.,-6.98296672221876E-015,      2131P   3579
1.,-6.98296672221876E-015,4.954503604257E-013,                      2131P   3580
4.87618242436147E-029,-6.98296672221876E-015,-1.,                   2131P   3581
4.00000000000015;                                                   2131P   3582
100,2.,69.,21.25,73.,21.25,65.,21.25;                               2133P   3583
126,1,1,1,0,1,0,0.,0.,1.,1.,1.,1.,1.,0.,0.,0.,0.,0.,0.,1.,0.,       2135P   3584
0.,1.;                                                              2135P   3585
110,73.,21.25,2.,73.,21.25,0.;                                      2137P   3586
126,1,1,1,0,1,0,0.,0.,1.,1.,1.,1.,0.,0.,0.,0.,3.141592654,0.,       2139P   3587
0.,1.,0.,0.,1.;                                                     2139P   3588
100,0.,69.,21.25,73.,21.25,65.,21.25;                               2141P   3589
126,1,1,1,0,1,0,0.,0.,1.,1.,1.,1.,0.,3.141592654,0.,1.,             2143P   3590
3.141592654,0.,0.,1.,0.,0.,1.;                                      2143P   3591
110,65.,21.25,0.,65.,21.25,2.;                                      2145P   3592
102,4,2129,2135,2139,2143;                                          2147P   3593
102,4,2133,2137,2141,2145;                                          2149P   3594
142,1,2127,2147,2149,1;                                             2151P   3595
144,2127,1,0,2151;                                                  2153P   3596
110,69.,42.25,2.,69.,42.25,1002.;                                   2155P   3597
110,73.,42.25,0.,73.,42.25,2.;                                      2157P   3598
120,2155,2157,0.,6.28318530717959;                                  2159P   3599
126,1,1,1,0,1,0,0.,0.,1.,1.,1.,1.,1.,3.141592654,0.,1.,0.,0.,       2161P   3600
0.,1.,0.,0.,1.;                                                     2161P   3601
124,-1.,-6.98296672221876E-015,0.,138.,-6.98296672221876E-015,      2163P   3602
1.,-6.98296672221876E-015,4.98919807377655E-013,                    2163P   3603
4.87618242436147E-029,-6.98296672221876E-015,-1.,                   2163P   3604
4.0000000000003;                                                    2163P   3605
100,2.,69.,42.25,73.,42.25,65.,42.25;                               2165P   3606
126,1,1,1,0,1,0,0.,0.,1.,1.,1.,1.,1.,0.,0.,0.,0.,0.,0.,1.,0.,       2167P   3607
0.,1.;                                                              2167P   3608
110,73.,42.25,2.,73.,42.25,0.;                                      2169P   3609
126,1,1,1,0,1,0,0.,0.,1.,1.,1.,1.,0.,0.,0.,0.,3.141592654,0.,       2171P   3610
0.,1.,0.,0.,1.;                                                     2171P   3611
100,0.,69.,42.25,73.,42.25,65.,42.25;                               2173P   3612
126,1,1,1,0,1,0,0.,0.,1.,1.,1.,1.,0.,3.141592654,0.,1.,             2175P   3613
3.141592654,0.,0.,1.,0.,0.,1.;                                      2175P   3614
110,65.,42.25,0.,65.,42.25,2.;                                      2177P   3615
102,4,2161,2167,2171,2175;                                          2179P   3616
102,4,2165,2169,2173,2177;                                          2181P   3617
142,1,2159,2179,2181,1;                                             2183P   3618
144,2159,1,0,2183;                                                  2185P   3619
110,69.,14.25,2.,69.,14.25,1002.;                                   2187P   3620
110,70.5,14.25,0.,70.5,14.25,2.;                                    2189P   3621
120,2187,2189,0.,6.28318530717959;                                  2191P   3622
126,1,1,1,0,1,0,0.,0.,1.,1.,1.,1.,1.,3.141592654,0.,1.,0.,0.,       2193P   3623
0.,1.,0.,0.,1.;                                                     2193P   3624
124,-1.,-6.98296672221876E-015,0.,138.,-6.98296672221876E-015,      2195P   3625
1.,-6.98296672221876E-015,4.95450360425699E-013,                    2195P   3626
4.87618242436147E-029,-6.98296672221876E-015,-1.,                   2195P   3627
4.0000000000001;                                                    2195P   3628
100,2.,69.,14.25,70.5,14.25,67.5,14.25;                             2197P   3629
126,1,1,1,0,1,0,0.,0.,1.,1.,1.,1.,1.,0.,0.,0.,0.,0.,0.,1.,0.,       2199P   3630
0.,1.;                                                              2199P   3631
110,70.5,14.25,2.,70.5,14.25,0.;                                    2201P   3632
126,1,1,1,0,1,0,0.,0.,1.,1.,1.,1.,0.,0.,0.,0.,3.141592654,0.,       2203P   3633
0.,1.,0.,0.,1.;                                                     2203P   3634
100,0.,69.,14.25,70.5,14.25,67.5,14.25;                             2205P   3635
126,1,1,1,0,1,0,0.,0.,1.,1.,1.,1.,0.,3.141592654,0.,1.,             2207P   3636
3.141592654,0.,0.,1.,0.,0.,1.;                                      2207P   3637
110,67.5,14.25,0.,67.5,14.25,2.;                                    2209P   3638
102,4,2193,2199,2203,2207;                                          2211P   3639
102,4,2197,2201,2205,2209;                                          2213P   3640
142,1,2191,2211,2213,1;                                             2215P   3641
144,2191,1,0,2215;                                                  2217P   3642
110,62.,21.25,2.,62.,21.25,1002.;                                   2219P   3643
110,63.5,21.25,0.,63.5,21.25,2.;                                    2221P   3644
120,2219,2221,0.,6.28318530717959;                                  2223P   3645
126,1,1,1,0,1,0,0.,0.,1.,1.,1.,1.,1.,3.141592654,0.,1.,0.,0.,       2225P   3646
0.,1.,0.,0.,1.;                                                     2225P   3647
124,-1.,-6.98296672221876E-015,0.,124.,-6.98296672221876E-015,      2227P   3648
1.,-6.98296672221876E-015,4.46261083641988E-013,                    2227P   3649
4.87618242436147E-029,-6.98296672221876E-015,-1.,                   2227P   3650
4.00000000000015;                                                   2227P   3651
100,2.,62.,21.25,63.5,21.25,60.5,21.25;                             2229P   3652
126,1,1,1,0,1,0,0.,0.,1.,1.,1.,1.,1.,0.,0.,0.,0.,0.,0.,1.,0.,       2231P   3653
0.,1.;                                                              2231P   3654
110,63.5,21.25,2.,63.5,21.25,0.;                                    2233P   3655
126,1,1,1,0,1,0,0.,0.,1.,1.,1.,1.,0.,0.,0.,0.,3.141592654,0.,       2235P   3656
0.,1.,0.,0.,1.;                                                     2235P   3657
100,0.,62.,21.25,63.5,21.25,60.5,21.25;                             2237P   3658
126,1,1,1,0,1,0,0.,0.,1.,1.,1.,1.,0.,3.141592654,0.,1.,             2239P   3659
3.141592654,0.,0.,1.,0.,0.,1.;                                      2239P   3660
110,60.5,21.25,0.,60.5,21.25,2.;                                    2241P   3661
102,4,2225,2231,2235,2239;                                          2243P   3662
102,4,2229,2233,2237,2241;                                          2245P   3663
142,1,2223,2243,2245,1;                                             2247P   3664
144,2223,1,0,2247;                                                  2249P   3665
110,69.,28.25,2.,69.,28.25,1002.;                                   2251P   3666
110,70.5,28.25,0.,70.5,28.25,2.;                                    2253P   3667
120,2251,2253,0.,6.28318530717959;                                  2255P   3668
126,1,1,1,0,1,0,0.,0.,1.,1.,1.,1.,1.,3.141592654,0.,1.,0.,0.,       2257P   3669
0.,1.,0.,0.,1.;                                                     2257P   3670
124,-1.,-6.98296672221876E-015,0.,138.,-6.98296672221876E-015,      2259P   3671
1.,-6.98296672221876E-015,4.954503604257E-013,                      2259P   3672
4.87618242436147E-029,-6.98296672221876E-015,-1.,                   2259P   3673
4.0000000000002;                                                    2259P   3674
100,2.,69.,28.25,70.5,28.25,67.5,28.25;                             2261P   3675
126,1,1,1,0,1,0,0.,0.,1.,1.,1.,1.,1.,0.,0.,0.,0.,0.,0.,1.,0.,       2263P   3676
0.,1.;                                                              2263P   3677
110,70.5,28.25,2.,70.5,28.25,0.;                                    2265P   3678
126,1,1,1,0,1,0,0.,0.,1.,1.,1.,1.,0.,0.,0.,0.,3.141592654,0.,       2267P   3679
0.,1.,0.,0.,1.;                                                     2267P   3680
100,0.,69.,28.25,70.5,28.25,67.5,28.25;                             2269P   3681
126,1,1,1,0,1,0,0.,0.,1.,1.,1.,1.,0.,3.141592654,0.,1.,             2271P   3682
3.141592654,0.,0.,1.,0.,0.,1.;                                      2271P   3683
110,67.5,28.25,0.,67.5,28.25,2.;                                    2273P   3684
102,4,2257,2263,2267,2271;                                          2275P   3685
102,4,2261,2265,2269,2273;                                          2277P   3686
142,1,2255,2275,2277,1;                                             2279P   3687
144,2255,1,0,2279;                                                  2281P   3688
110,76.,21.25,2.,76.,21.25,1002.;                                   2283P   3689
110,77.5,21.25,0.,77.5,21.25,2.;                                    2285P   3690
120,2283,2285,0.,6.28318530717959;                                  2287P   3691
126,1,1,1,0,1,0,0.,0.,1.,1.,1.,1.,1.,3.141592654,0.,1.,0.,0.,       2289P   3692
0.,1.,0.,0.,1.;                                                     2289P   3693
124,-1.,-6.98296672221876E-015,0.,152.,-6.98296672221876E-015,      2291P   3694
1.,-6.98296672221876E-015,5.44639637209412E-013,                    2291P   3695
4.87618242436147E-029,-6.98296672221876E-015,-1.,                   2291P   3696
4.00000000000015;                                                   2291P   3697
100,2.,76.,21.25,77.5,21.25,74.5,21.25;                             2293P   3698
126,1,1,1,0,1,0,0.,0.,1.,1.,1.,1.,1.,0.,0.,0.,0.,0.,0.,1.,0.,       2295P   3699
0.,1.;                                                              2295P   3700
110,77.5,21.25,2.,77.5,21.25,0.;                                    2297P   3701
126,1,1,1,0,1,0,0.,0.,1.,1.,1.,1.,0.,0.,0.,0.,3.141592654,0.,       2299P   3702
0.,1.,0.,0.,1.;                                                     2299P   3703
100,0.,76.,21.25,77.5,21.25,74.5,21.25;                             2301P   3704
126,1,1,1,0,1,0,0.,0.,1.,1.,1.,1.,0.,3.141592654,0.,1.,             2303P   3705
3.141592654,0.,0.,1.,0.,0.,1.;                                      2303P   3706
110,74.5,21.25,0.,74.5,21.25,2.;                                    2305P   3707
102,4,2289,2295,2299,2303;                                          2307P   3708
102,4,2293,2297,2301,2305;                                          2309P   3709
142,1,2287,2307,2309,1;                                             2311P   3710
144,2287,1,0,2311;                                                  2313P   3711
110,83.,24.75,2.,83.,24.75,1002.;                                   2315P   3712
110,84.5,24.75,0.,84.5,24.75,2.;                                    2317P   3713
120,2315,2317,0.,6.28318530717959;                                  2319P   3714
126,1,1,1,0,1,0,0.,0.,1.,1.,1.,1.,1.,3.141592654,0.,1.,0.,0.,       2321P   3715
0.,1.,0.,0.,1.;                                                     2321P   3716
124,-1.,-6.98296672221876E-015,0.,166.,-6.98296672221876E-015,      2323P   3717
1.,-6.98296672221876E-015,5.93828913993124E-013,                    2323P   3718
4.87618242436147E-029,-6.98296672221876E-015,-1.,                   2323P   3719
4.00000000000018;                                                   2323P   3720
100,2.,83.,24.75,84.5,24.75,81.5,24.75;                             2325P   3721
126,1,1,1,0,1,0,0.,0.,1.,1.,1.,1.,1.,0.,0.,0.,0.,0.,0.,1.,0.,       2327P   3722
0.,1.;                                                              2327P   3723
110,84.5,24.75,2.,84.5,24.75,0.;                                    2329P   3724
126,1,1,1,0,1,0,0.,0.,1.,1.,1.,1.,0.,0.,0.,0.,3.141592654,0.,       2331P   3725
0.,1.,0.,0.,1.;                                                     2331P   3726
100,0.,83.,24.75,84.5,24.75,81.5,24.75;                             2333P   3727
126,1,1,1,0,1,0,0.,0.,1.,1.,1.,1.,0.,3.141592654,0.,1.,             2335P   3728
3.141592654,0.,0.,1.,0.,0.,1.;                                      2335P   3729
110,81.5,24.75,0.,81.5,24.75,2.;                                    2337P   3730
102,4,2321,2327,2331,2335;                                          2339P   3731
102,4,2325,2329,2333,2337;                                          2341P   3732
142,1,2319,2339,2341,1;                                             2343P   3733
144,2319,1,0,2343;                                                  2345P   3734
110,90.,31.75,2.,90.,31.75,1002.;                                   2347P   3735
110,91.5,31.75,0.,91.5,31.75,2.;                                    2349P   3736
120,2347,2349,0.,6.28318530717959;                                  2351P   3737
126,1,1,1,0,1,0,0.,0.,1.,1.,1.,1.,1.,3.141592654,0.,1.,0.,0.,       2353P   3738
0.,1.,0.,0.,1.;                                                     2353P   3739
124,-1.,-6.98296672221876E-015,0.,180.,-6.98296672221876E-015,      2355P   3740
1.,-6.98296672221876E-015,6.39548743824884E-013,                    2355P   3741
4.87618242436147E-029,-6.98296672221876E-015,-1.,                   2355P   3742
4.00000000000022;                                                   2355P   3743
100,2.,90.,31.75,91.5,31.75,88.5,31.75;                             2357P   3744
126,1,1,1,0,1,0,0.,0.,1.,1.,1.,1.,1.,0.,0.,0.,0.,0.,0.,1.,0.,       2359P   3745
0.,1.;                                                              2359P   3746
110,91.5,31.75,2.,91.5,31.75,0.;                                    2361P   3747
126,1,1,1,0,1,0,0.,0.,1.,1.,1.,1.,0.,0.,0.,0.,3.141592654,0.,       2363P   3748
0.,1.,0.,0.,1.;                                                     2363P   3749
100,0.,90.,31.75,91.5,31.75,88.5,31.75;                             2365P   3750
126,1,1,1,0,1,0,0.,0.,1.,1.,1.,1.,0.,3.141592654,0.,1.,             2367P   3751
3.141592654,0.,0.,1.,0.,0.,1.;                                      2367P   3752
110,88.5,31.75,0.,88.5,31.75,2.;                                    2369P   3753
102,4,2353,2359,2363,2367;                                          2371P   3754
102,4,2357,2361,2365,2369;                                          2373P   3755
142,1,2351,2371,2373,1;                                             2375P   3756
144,2351,1,0,2375;                                                  2377P   3757
110,83.,38.75,2.,83.,38.75,1002.;                                   2379P   3758
110,84.5,38.75,0.,84.5,38.75,2.;                                    2381P   3759
120,2379,2381,0.,6.28318530717959;                                  2383P   3760
126,1,1,1,0,1,0,0.,0.,1.,1.,1.,1.,1.,3.141592654,0.,1.,0.,0.,       2385P   3761
0.,1.,0.,0.,1.;                                                     2385P   3762
124,-1.,-6.98296672221876E-015,0.,166.,-6.98296672221876E-015,      2387P   3763
1.,-6.98296672221876E-015,5.90359467041172E-013,                    2387P   3764
4.87618242436147E-029,-6.98296672221876E-015,-1.,                   2387P   3765
4.00000000000027;                                                   2387P   3766
100,2.,83.,38.75,84.5,38.75,81.5,38.75;                             2389P   3767
126,1,1,1,0,1,0,0.,0.,1.,1.,1.,1.,1.,0.,0.,0.,0.,0.,0.,1.,0.,       2391P   3768
0.,1.;                                                              2391P   3769
110,84.5,38.75,2.,84.5,38.75,0.;                                    2393P   3770
126,1,1,1,0,1,0,0.,0.,1.,1.,1.,1.,0.,0.,0.,0.,3.141592654,0.,       2395P   3771
0.,1.,0.,0.,1.;                                                     2395P   3772
100,0.,83.,38.75,84.5,38.75,81.5,38.75;                             2397P   3773
126,1,1,1,0,1,0,0.,0.,1.,1.,1.,1.,0.,3.141592654,0.,1.,             2399P   3774
3.141592654,0.,0.,1.,0.,0.,1.;                                      2399P   3775
110,81.5,38.75,0.,81.5,38.75,2.;                                    2401P   3776
102,4,2385,2391,2395,2399;                                          2403P   3777
102,4,2389,2393,2397,2401;                                          2405P   3778
142,1,2383,2403,2405,1;                                             2407P   3779
144,2383,1,0,2407;                                                  2409P   3780
110,76.,31.75,2.,76.,31.75,1002.;                                   2411P   3781
110,77.5,31.75,0.,77.5,31.75,2.;                                    2413P   3782
120,2411,2413,0.,6.28318530717959;                                  2415P   3783
126,1,1,1,0,1,0,0.,0.,1.,1.,1.,1.,1.,3.141592654,0.,1.,0.,0.,       2417P   3784
0.,1.,0.,0.,1.;                                                     2417P   3785
124,-1.,-6.98296672221876E-015,0.,152.,-6.98296672221876E-015,      2419P   3786
1.,-6.98296672221876E-015,5.48109084161366E-013,                    2419P   3787
4.87618242436147E-029,-6.98296672221876E-015,-1.,                   2419P   3788
4.00000000000022;                                                   2419P   3789
100,2.,76.,31.75,77.5,31.75,74.5,31.75;                             2421P   3790
126,1,1,1,0,1,0,0.,0.,1.,1.,1.,1.,1.,0.,0.,0.,0.,0.,0.,1.,0.,       2423P   3791
0.,1.;                                                              2423P   3792
110,77.5,31.75,2.,77.5,31.75,0.;                                    2425P   3793
126,1,1,1,0,1,0,0.,0.,1.,1.,1.,1.,0.,0.,0.,0.,3.141592654,0.,       2427P   3794
0.,1.,0.,0.,1.;                                                     2427P   3795
100,0.,76.,31.75,77.5,31.75,74.5,31.75;                             2429P   3796
126,1,1,1,0,1,0,0.,0.,1.,1.,1.,1.,0.,3.141592654,0.,1.,             2431P   3797
3.141592654,0.,0.,1.,0.,0.,1.;                                      2431P   3798
110,74.5,31.75,0.,74.5,31.75,2.;                                    2433P   3799
102,4,2417,2423,2427,2431;                                          2435P   3800
102,4,2421,2425,2429,2433;                                          2437P   3801
142,1,2415,2435,2437,1;                                             2439P   3802
144,2415,1,0,2439;                                                  2441P   3803
110,69.,35.25,2.,69.,35.25,1002.;                                   2443P   3804
110,70.5,35.25,0.,70.5,35.25,2.;                                    2445P   3805
120,2443,2445,0.,6.28318530717959;                                  2447P   3806
126,1,1,1,0,1,0,0.,0.,1.,1.,1.,1.,1.,3.141592654,0.,1.,0.,0.,       2449P   3807
0.,1.,0.,0.,1.;                                                     2449P   3808
124,-1.,-6.98296672221876E-015,0.,138.,-6.98296672221876E-015,      2451P   3809
1.,-6.98296672221876E-015,4.98919807377655E-013,                    2451P   3810
4.87618242436147E-029,-6.98296672221876E-015,-1.,                   2451P   3811
4.00000000000025;                                                   2451P   3812
100,2.,69.,35.25,70.5,35.25,67.5,35.25;                             2453P   3813
126,1,1,1,0,1,0,0.,0.,1.,1.,1.,1.,1.,0.,0.,0.,0.,0.,0.,1.,0.,       2455P   3814
0.,1.;                                                              2455P   3815
110,70.5,35.25,2.,70.5,35.25,0.;                                    2457P   3816
126,1,1,1,0,1,0,0.,0.,1.,1.,1.,1.,0.,0.,0.,0.,3.141592654,0.,       2459P   3817
0.,1.,0.,0.,1.;                                                     2459P   3818
100,0.,69.,35.25,70.5,35.25,67.5,35.25;                             2461P   3819
126,1,1,1,0,1,0,0.,0.,1.,1.,1.,1.,0.,3.141592654,0.,1.,             2463P   3820
3.141592654,0.,0.,1.,0.,0.,1.;                                      2463P   3821
110,67.5,35.25,0.,67.5,35.25,2.;                                    2465P   3822
102,4,2449,2455,2459,2463;                                          2467P   3823
102,4,2453,2457,2461,2465;                                          2469P   3824
142,1,2447,2467,2469,1;                                             2471P   3825
144,2447,1,0,2471;                                                  2473P   3826
110,76.,42.25,2.,76.,42.25,1002.;                                   2475P   3827
110,77.5,42.25,0.,77.5,42.25,2.;                                    2477P   3828
120,2475,2477,0.,6.28318530717959;                                  2479P   3829
126,1,1,1,0,1,0,0.,0.,1.,1.,1.,1.,1.,3.141592654,0.,1.,0.,0.,       2481P   3830
0.,1.,0.,0.,1.;                                                     2481P   3831
124,-1.,-6.98296672221876E-015,0.,152.,-6.98296672221876E-015,      2483P   3832
1.,-6.98296672221876E-015,5.48109084161368E-013,                    2483P   3833
4.87618242436147E-029,-6.98296672221876E-015,-1.,                   2483P   3834
4.0000000000003;                                                    2483P   3835
100,2.,76.,42.25,77.5,42.25,74.5,42.25;                             2485P   3836
126,1,1,1,0,1,0,0.,0.,1.,1.,1.,1.,1.,0.,0.,0.,0.,0.,0.,1.,0.,       2487P   3837
0.,1.;                                                              2487P   3838
110,77.5,42.25,2.,77.5,42.25,0.;                                    2489P   3839
126,1,1,1,0,1,0,0.,0.,1.,1.,1.,1.,0.,0.,0.,0.,3.141592654,0.,       2491P   3840
0.,1.,0.,0.,1.;                                                     2491P   3841
100,0.,76.,42.25,77.5,42.25,74.5,42.25;                             2493P   3842
126,1,1,1,0,1,0,0.,0.,1.,1.,1.,1.,0.,3.141592654,0.,1.,             2495P   3843
3.141592654,0.,0.,1.,0.,0.,1.;                                      2495P   3844
110,74.5,42.25,0.,74.5,42.25,2.;                                    2497P   3845
102,4,2481,2487,2491,2495;                                          2499P   3846
102,4,2485,2489,2493,2497;                                          2501P   3847
142,1,2479,2499,2501,1;                                             2503P   3848
144,2479,1,0,2503;                                                  2505P   3849
110,69.,49.25,2.,69.,49.25,1002.;                                   2507P   3850
110,70.5,49.25,0.,70.5,49.25,2.;                                    2509P   3851
120,2507,2509,0.,6.28318530717959;                                  2511P   3852
126,1,1,1,0,1,0,0.,0.,1.,1.,1.,1.,1.,3.141592654,0.,1.,0.,0.,       2513P   3853
0.,1.,0.,0.,1.;                                                     2513P   3854
124,-1.,-6.98296672221876E-015,0.,138.,-6.98296672221876E-015,      2515P   3855
1.,-6.98296672221876E-015,4.98919807377656E-013,                    2515P   3856
4.87618242436147E-029,-6.98296672221876E-015,-1.,                   2515P   3857
4.00000000000035;                                                   2515P   3858
100,2.,69.,49.25,70.5,49.25,67.5,49.25;                             2517P   3859
126,1,1,1,0,1,0,0.,0.,1.,1.,1.,1.,1.,0.,0.,0.,0.,0.,0.,1.,0.,       2519P   3860
0.,1.;                                                              2519P   3861
110,70.5,49.25,2.,70.5,49.25,0.;                                    2521P   3862
126,1,1,1,0,1,0,0.,0.,1.,1.,1.,1.,0.,0.,0.,0.,3.141592654,0.,       2523P   3863
0.,1.,0.,0.,1.;                                                     2523P   3864
100,0.,69.,49.25,70.5,49.25,67.5,49.25;                             2525P   3865
126,1,1,1,0,1,0,0.,0.,1.,1.,1.,1.,0.,3.141592654,0.,1.,             2527P   3866
3.141592654,0.,0.,1.,0.,0.,1.;                                      2527P   3867
110,67.5,49.25,0.,67.5,49.25,2.;                                    2529P   3868
102,4,2513,2519,2523,2527;                                          2531P   3869
102,4,2517,2521,2525,2529;                                          2533P   3870
142,1,2511,2531,2533,1;                                             2535P   3871
144,2511,1,0,2535;                                                  2537P   3872
110,62.,42.25,2.,62.,42.25,1002.;                                   2539P   3873
110,63.5,42.25,0.,63.5,42.25,2.;                                    2541P   3874
120,2539,2541,0.,6.28318530717959;                                  2543P   3875
126,1,1,1,0,1,0,0.,0.,1.,1.,1.,1.,1.,3.141592654,0.,1.,0.,0.,       2545P   3876
0.,1.,0.,0.,1.;                                                     2545P   3877
124,-1.,-6.98296672221876E-015,0.,124.,-6.98296672221876E-015,      2547P   3878
1.,-6.98296672221876E-015,4.49730530593943E-013,                    2547P   3879
4.87618242436147E-029,-6.98296672221876E-015,-1.,                   2547P   3880
4.0000000000003;                                                    2547P   3881
100,2.,62.,42.25,63.5,42.25,60.5,42.25;                             2549P   3882
126,1,1,1,0,1,0,0.,0.,1.,1.,1.,1.,1.,0.,0.,0.,0.,0.,0.,1.,0.,       2551P   3883
0.,1.;                                                              2551P   3884
110,63.5,42.25,2.,63.5,42.25,0.;                                    2553P   3885
126,1,1,1,0,1,0,0.,0.,1.,1.,1.,1.,0.,0.,0.,0.,3.141592654,0.,       2555P   3886
0.,1.,0.,0.,1.;                                                     2555P   3887
100,0.,62.,42.25,63.5,42.25,60.5,42.25;                             2557P   3888
126,1,1,1,0,1,0,0.,0.,1.,1.,1.,1.,0.,3.141592654,0.,1.,             2559P   3889
3.141592654,0.,0.,1.,0.,0.,1.;                                      2559P   3890
110,60.5,42.25,0.,60.5,42.25,2.;                                    2561P   3891
102,4,2545,2551,2555,2559;                                          2563P   3892
102,4,2549,2553,2557,2561;                                          2565P   3893
142,1,2543,2563,2565,1;                                             2567P   3894
144,2543,1,0,2567;                                                  2569P   3895
110,69.,7.435,2.,69.,7.435,1002.;                                   2571P   3896
110,71.,7.435,0.,71.,7.435,1.;                                      2573P   3897
120,2571,2573,0.,6.28318530717959;                                  2575P   3898
126,1,1,1,0,1,0,0.,0.,1.,1.,1.,1.,1.,3.141592654,0.,1.,0.,0.,       2577P   3899
0.,1.,0.,0.,1.;                                                     2577P   3900
124,-1.,-6.98296672221876E-015,0.,138.,-6.98296672221876E-015,      2579P   3901
1.,-6.98296672221876E-015,4.88423320885168E-013,                    2579P   3902
4.87618242436147E-029,-6.98296672221876E-015,-1.,                   2579P   3903
2.00000000000008;                                                   2579P   3904
100,1.,69.,7.435,71.,7.435,67.,7.435;                               2581P   3905
126,1,1,1,0,1,0,0.,0.,1.,1.,1.,1.,1.,0.,0.,0.,0.,0.,0.,1.,0.,       2583P   3906
0.,1.;                                                              2583P   3907
110,71.,7.435,1.,71.,7.435,0.;                                      2585P   3908
126,1,1,1,0,1,0,0.,0.,1.,1.,1.,1.,0.,0.,0.,0.,3.141592654,0.,       2587P   3909
0.,1.,0.,0.,1.;                                                     2587P   3910
100,0.,69.,7.435,71.,7.435,67.,7.435;                               2589P   3911
126,1,1,1,0,1,0,0.,0.,1.,1.,1.,1.,0.,3.141592654,0.,1.,             2591P   3912
3.141592654,0.,0.,1.,0.,0.,1.;                                      2591P   3913
110,67.,7.435,0.,67.,7.435,1.;                                      2593P   3914
102,4,2577,2583,2587,2591;                                          2595P   3915
102,4,2581,2585,2589,2593;                                          2597P   3916
142,1,2575,2595,2597,1;                                             2599P   3917
144,2575,1,0,2599;                                                  2601P   3918
110,69.,7.435,-998.,69.,7.435,2.;                                   2603P   3919
110,71.,7.435,1.,72.,7.435,2.;                                      2605P   3920
120,2603,2605,0.,6.28318530717959;                                  2607P   3921
126,1,1,1,0,1,0,0.,0.,1.,1.,1.,1.,1.,3.141592654,0.,1.,0.,0.,       2609P   3922
0.,1.,0.,0.,1.;                                                     2609P   3923
124,-1.,-6.98296672221876E-015,0.,138.,-6.98296672221876E-015,      2611P   3924
1.,-6.98296672221876E-015,4.95450360425699E-013,                    2611P   3925
4.87618242436147E-029,-6.98296672221876E-015,-1.,                   2611P   3926
4.00000000000006;                                                   2611P   3927
100,2.,69.,7.435,72.,7.435,66.,7.435;                               2613P   3928
126,1,1,1,0,1,0,0.,0.,1.,1.,1.,1.,1.,0.,0.,0.,0.,0.,0.,1.,0.,       2615P   3929
0.,1.;                                                              2615P   3930
110,72.,7.435,2.,71.,7.435,1.;                                      2617P   3931
126,1,1,1,0,1,0,0.,0.,1.,1.,1.,1.,0.,0.,0.,0.,3.141592654,0.,       2619P   3932
0.,1.,0.,0.,1.;                                                     2619P   3933
100,1.,69.,7.435,71.,7.435,67.,7.435;                               2621P   3934
126,1,1,1,0,1,0,0.,0.,1.,1.,1.,1.,0.,3.141592654,0.,1.,             2623P   3935
3.141592654,0.,0.,1.,0.,0.,1.;                                      2623P   3936
110,67.,7.435,1.,66.,7.435,2.;                                      2625P   3937
102,4,2609,2615,2619,2623;                                          2627P   3938
102,4,2613,2617,2621,2625;                                          2629P   3939
142,1,2607,2627,2629,1;                                             2631P   3940
144,2607,1,0,2631;                                                  2633P   3941
110,79.,7.435,2.,79.,7.435,1002.;                                   2635P   3942
110,81.,7.435,0.,81.,7.435,1.;                                      2637P   3943
120,2635,2637,0.,6.28318530717959;                                  2639P   3944
126,1,1,1,0,1,0,0.,0.,1.,1.,1.,1.,1.,3.141592654,0.,1.,0.,0.,       2641P   3945
0.,1.,0.,0.,1.;                                                     2641P   3946
124,-1.,-6.98296672221876E-015,0.,158.,-6.98296672221876E-015,      2643P   3947
1.,-6.98296672221876E-015,5.58693716290471E-013,                    2643P   3948
4.87618242436147E-029,-6.98296672221876E-015,-1.,                   2643P   3949
2.00000000000008;                                                   2643P   3950
100,1.,79.,7.435,81.,7.435,77.,7.435;                               2645P   3951
126,1,1,1,0,1,0,0.,0.,1.,1.,1.,1.,1.,0.,0.,0.,0.,0.,0.,1.,0.,       2647P   3952
0.,1.;                                                              2647P   3953
110,81.,7.435,1.,81.,7.435,0.;                                      2649P   3954
126,1,1,1,0,1,0,0.,0.,1.,1.,1.,1.,0.,0.,0.,0.,3.141592654,0.,       2651P   3955
0.,1.,0.,0.,1.;                                                     2651P   3956
100,0.,79.,7.435,81.,7.435,77.,7.435;                               2653P   3957
126,1,1,1,0,1,0,0.,0.,1.,1.,1.,1.,0.,3.141592654,0.,1.,             2655P   3958
3.141592654,0.,0.,1.,0.,0.,1.;                                      2655P   3959
110,77.,7.435,0.,77.,7.435,1.;                                      2657P   3960
102,4,2641,2647,2651,2655;                                          2659P   3961
102,4,2645,2649,2653,2657;                                          2661P   3962
142,1,2639,2659,2661,1;                                             2663P   3963
144,2639,1,0,2663;                                                  2665P   3964
110,79.,7.435,-998.,79.,7.435,2.;                                   2667P   3965
110,81.,7.435,1.,82.,7.435,2.;                                      2669P   3966
120,2667,2669,0.,6.28318530717959;                                  2671P   3967
126,1,1,1,0,1,0,0.,0.,1.,1.,1.,1.,1.,3.141592654,0.,1.,0.,0.,       2673P   3968
0.,1.,0.,0.,1.;                                                     2673P   3969
124,-1.,-6.98296672221876E-015,0.,158.,-6.98296672221876E-015,      2675P   3970
1.,-6.98296672221876E-015,5.65720755831002E-013,                    2675P   3971
4.87618242436147E-029,-6.98296672221876E-015,-1.,                   2675P   3972
4.00000000000006;                                                   2675P   3973
100,2.,79.,7.435,82.,7.435,76.,7.435;                               2677P   3974
126,1,1,1,0,1,0,0.,0.,1.,1.,1.,1.,1.,0.,0.,0.,0.,0.,0.,1.,0.,       2679P   3975
0.,1.;                                                              2679P   3976
110,82.,7.435,2.,81.,7.435,1.;                                      2681P   3977
126,1,1,1,0,1,0,0.,0.,1.,1.,1.,1.,0.,0.,0.,0.,3.141592654,0.,       2683P   3978
0.,1.,0.,0.,1.;                                                     2683P   3979
100,1.,79.,7.435,81.,7.435,77.,7.435;                               2685P   3980
126,1,1,1,0,1,0,0.,0.,1.,1.,1.,1.,0.,3.141592654,0.,1.,             2687P   3981
3.141592654,0.,0.,1.,0.,0.,1.;                                      2687P   3982
110,77.,7.435,1.,76.,7.435,2.;                                      2689P   3983
102,4,2673,2679,2683,2687;                                          2691P   3984
102,4,2677,2681,2685,2689;                                          2693P   3985
142,1,2671,2691,2693,1;                                             2695P   3986
144,2671,1,0,2695;                                                  2697P   3987
110,69.,56.065,2.,69.,56.065,1002.;                                 2699P   3988
110,71.,56.065,0.,71.,56.065,1.;                                    2701P   3989
120,2699,2701,0.,6.28318530717959;                                  2703P   3990
126,1,1,1,0,1,0,0.,0.,1.,1.,1.,1.,1.,3.141592654,0.,1.,0.,0.,       2705P   3991
0.,1.,0.,0.,1.;                                                     2705P   3992
124,-1.,-6.98296672221876E-015,0.,138.,-6.98296672221876E-015,      2707P   3993
1.,-6.98296672221876E-015,4.91892767837127E-013,                    2707P   3994
4.87618242436147E-029,-6.98296672221876E-015,-1.,                   2707P   3995
2.00000000000042;                                                   2707P   3996
100,1.,69.,56.065,71.,56.065,67.,56.065;                            2709P   3997
126,1,1,1,0,1,0,0.,0.,1.,1.,1.,1.,1.,0.,0.,0.,0.,0.,0.,1.,0.,       2711P   3998
0.,1.;                                                              2711P   3999
110,71.,56.065,1.,71.,56.065,0.;                                    2713P   4000
126,1,1,1,0,1,0,0.,0.,1.,1.,1.,1.,0.,0.,0.,0.,3.141592654,0.,       2715P   4001
0.,1.,0.,0.,1.;                                                     2715P   4002
100,0.,69.,56.065,71.,56.065,67.,56.065;                            2717P   4003
126,1,1,1,0,1,0,0.,0.,1.,1.,1.,1.,0.,3.141592654,0.,1.,             2719P   4004
3.141592654,0.,0.,1.,0.,0.,1.;                                      2719P   4005
110,67.,56.065,0.,67.,56.065,1.;                                    2721P   4006
102,4,2705,2711,2715,2719;                                          2723P   4007
102,4,2709,2713,2717,2721;                                          2725P   4008
142,1,2703,2723,2725,1;                                             2727P   4009
144,2703,1,0,2727;                                                  2729P   4010
110,69.,56.065,-998.,69.,56.065,2.;                                 2731P   4011
110,71.,56.065,1.,72.,56.065,2.;                                    2733P   4012
120,2731,2733,0.,6.28318530717959;                                  2735P   4013
126,1,1,1,0,1,0,0.,0.,1.,1.,1.,1.,1.,3.141592654,0.,1.,0.,0.,       2737P   4014
0.,1.,0.,0.,1.;                                                     2737P   4015
124,-1.,-6.98296672221876E-015,0.,138.,-6.98296672221876E-015,      2739P   4016
1.,-6.98296672221876E-015,4.98919807377657E-013,                    2739P   4017
4.87618242436147E-029,-6.98296672221876E-015,-1.,                   2739P   4018
4.0000000000004;                                                    2739P   4019
100,2.,69.,56.065,72.,56.065,66.,56.065;                            2741P   4020
126,1,1,1,0,1,0,0.,0.,1.,1.,1.,1.,1.,0.,0.,0.,0.,0.,0.,1.,0.,       2743P   4021
0.,1.;                                                              2743P   4022
110,72.,56.065,2.,71.,56.065,1.;                                    2745P   4023
126,1,1,1,0,1,0,0.,0.,1.,1.,1.,1.,0.,0.,0.,0.,3.141592654,0.,       2747P   4024
0.,1.,0.,0.,1.;                                                     2747P   4025
100,1.,69.,56.065,71.,56.065,67.,56.065;                            2749P   4026
126,1,1,1,0,1,0,0.,0.,1.,1.,1.,1.,0.,3.141592654,0.,1.,             2751P   4027
3.141592654,0.,0.,1.,0.,0.,1.;                                      2751P   4028
110,67.,56.065,1.,66.,56.065,2.;                                    2753P   4029
102,4,2737,2743,2747,2751;                                          2755P   4030
102,4,2741,2745,2749,2753;                                          2757P   4031
142,1,2735,2755,2757,1;                                             2759P   4032
144,2735,1,0,2759;                                                  2761P   4033
110,111.,51.,2.,111.,51.,-998.;                                     2763P   4034
110,98.5,51.,1.750000002,98.5,51.,0.249999998;                      2765P   4035
120,2763,2765,0.,6.28318530717959;                                  2767P   4036
126,1,1,1,0,1,0,0.,0.,1.,1.,1.,1.,1.,1.570796327,0.,0.,             2769P   4037
1.570796327,0.,0.,1.,0.,0.,1.;                                      2769P   4038
110,111.,63.5,0.249999998,111.,63.5,1.750000002;                    2771P   4039
126,1,1,1,0,1,0,0.,0.,1.,1.,1.,1.,0.,1.570796327,0.,0.,             2773P   4040
3.141592654,0.,0.,1.,0.,0.,1.;                                      2773P   4041
124,6.12303176911189E-017,1.,0.,60.,1.,-6.12303176911189E-017,      2775P   4042
-6.98296672221876E-015,-60.,-6.98296672221876E-015,                 2775P   4043
4.27569270827966E-031,-1.,3.50000000361095;                         2775P   4044
100,1.750000002,111.,51.,123.5,51.,111.,63.5;                       2777P   4045
126,1,1,1,0,1,0,0.,0.,1.,1.,1.,1.,0.,3.141592654,0.,1.,             2779P   4046
3.141592654,0.,0.,1.,0.,0.,1.;                                      2779P   4047
110,123.5,51.,1.750000002,123.5,51.,0.249999998;                    2781P   4048
126,1,1,1,0,1,0,0.,0.,1.,1.,1.,1.,1.,3.141592654,0.,1.,             2783P   4049
1.570796327,0.,0.,1.,0.,0.,1.;                                      2783P   4050
100,0.249999998,111.,51.,123.5,51.,111.,63.5;                       2785P   4051
102,4,2769,2773,2779,2783;                                          2787P   4052
102,4,2771,2777,2781,2785;                                          2789P   4053
142,1,2767,2787,2789,1;                                             2791P   4054
144,2767,1,0,2791;                                                  2793P   4055
110,111.,12.5,2.,111.,12.5,-998.;                                   2795P   4056
110,98.5,12.5,1.750000002,98.5,12.5,0.249999998;                    2797P   4057
120,2795,2797,0.,6.28318530717959;                                  2799P   4058
126,1,1,1,0,1,0,0.,0.,1.,1.,1.,1.,1.,3.141592654,0.,0.,             2801P   4059
3.141592654,0.,0.,1.,0.,0.,1.;                                      2801P   4060
110,123.5,12.5,0.249999998,123.5,12.5,1.750000002;                  2803P   4061
126,1,1,1,0,1,0,0.,0.,1.,1.,1.,1.,0.,3.141592654,0.,0.,             2805P   4062
4.71238898,0.,0.,1.,0.,0.,1.;                                       2805P   4063
124,1.,-1.40883940798198E-014,-6.98296672221876E-015,               2807P   4064
1.82361206239095E-013,-1.40883940798198E-014,-1.,0.,                2807P   4065
25.0000000000016,-6.98296672221876E-015,9.83787870288853E-029,      2807P   4066
-1.,3.50000000361095;                                               2807P   4067
100,1.750000002,111.,12.5,123.5,12.5,111.,25.;                      2809P   4068
126,1,1,1,0,1,0,0.,0.,1.,1.,1.,1.,0.,4.71238898,0.,1.,              2811P   4069
4.71238898,0.,0.,1.,0.,0.,1.;                                       2811P   4070
110,111.,0.,1.750000002,111.,0.,0.249999998;                        2813P   4071
126,1,1,1,0,1,0,0.,0.,1.,1.,1.,1.,1.,4.71238898,0.,1.,              2815P   4072
3.141592654,0.,0.,1.,0.,0.,1.;                                      2815P   4073
100,0.249999998,111.,12.5,111.,0.,123.5,12.5;                       2817P   4074
102,4,2801,2805,2811,2815;                                          2819P   4075
102,4,2803,2809,2813,2817;                                          2821P   4076
142,1,2799,2819,2821,1;                                             2823P   4077
144,2799,1,0,2823;                                                  2825P   4078
110,12.5,51.,2.,12.5,51.,-998.;                                     2827P   4079
110,0.,51.,1.750000002,0.,51.,0.249999998;                          2829P   4080
120,2827,2829,0.,6.28318530717959;                                  2831P   4081
126,1,1,1,0,1,0,0.,0.,1.,1.,1.,1.,1.,0.,0.,0.,0.,0.,0.,1.,0.,       2833P   4082
0.,1.;                                                              2833P   4083
110,0.,51.,0.249999998,0.,51.,1.750000002;                          2835P   4084
126,1,1,1,0,1,0,0.,0.,1.,1.,1.,1.,0.,0.,0.,0.,1.570796327,0.,       2837P   4085
0.,1.,0.,0.,1.;                                                     2837P   4086
124,-1.,0.,6.98296672221876E-015,25.,0.,1.,0.,0.,                   2839P   4087
-6.98296672221876E-015,0.,-1.,3.50000000361026;                     2839P   4088
100,1.750000002,12.5,51.,25.,51.,12.5,63.5;                         2841P   4089
126,1,1,1,0,1,0,0.,0.,1.,1.,1.,1.,0.,1.570796327,0.,1.,             2843P   4090
1.570796327,0.,0.,1.,0.,0.,1.;                                      2843P   4091
110,12.5,63.5,1.750000002,12.5,63.5,0.249999998;                    2845P   4092
126,1,1,1,0,1,0,0.,0.,1.,1.,1.,1.,1.,1.570796327,0.,1.,0.,0.,       2847P   4093
0.,1.,0.,0.,1.;                                                     2847P   4094
100,0.249999998,12.5,51.,12.5,63.5,0.,51.;                          2849P   4095
102,4,2833,2837,2843,2847;                                          2851P   4096
102,4,2835,2841,2845,2849;                                          2853P   4097
142,1,2831,2851,2853,1;                                             2855P   4098
144,2831,1,0,2855;                                                  2857P   4099
110,12.5,12.5,2.,12.5,12.5,-998.;                                   2859P   4100
110,0.,12.5,1.750000002,0.,12.5,0.249999998;                        2861P   4101
120,2859,2861,0.,6.28318530717959;                                  2863P   4102
126,1,1,1,0,1,0,0.,0.,1.,1.,1.,1.,1.,4.71238898,0.,0.,              2865P   4103
4.71238898,0.,0.,1.,0.,0.,1.;                                       2865P   4104
110,12.5,0.,0.249999998,12.5,0.,1.750000002;                        2867P   4105
126,1,1,1,0,1,0,0.,0.,1.,1.,1.,1.,0.,4.71238898,0.,0.,              2869P   4106
6.283185307,0.,0.,1.,0.,0.,1.;                                      2869P   4107
124,-7.04419703990988E-015,-1.,0.,25.0000000000001,-1.,             2871P   4108
7.04419703990988E-015,6.98296672221876E-015,24.9999999999999,       2871P   4109
-6.98296672221876E-015,4.91893935144426E-029,-1.,                   2871P   4110
3.50000000361026;                                                   2871P   4111
100,1.750000002,12.5,12.5,25.,12.5,12.5,25.;                        2873P   4112
126,1,1,1,0,1,0,0.,0.,1.,1.,1.,1.,0.,6.283185307,0.,1.,             2875P   4113
6.283185307,0.,0.,1.,0.,0.,1.;                                      2875P   4114
110,0.,12.5,1.750000002,0.,12.5,0.249999998;                        2877P   4115
126,1,1,1,0,1,0,0.,0.,1.,1.,1.,1.,1.,6.283185307,0.,1.,             2879P   4116
4.71238898,0.,0.,1.,0.,0.,1.;                                       2879P   4117
100,0.249999998,12.5,12.5,0.,12.5,12.5,0.;                          2881P   4118
102,4,2865,2869,2875,2879;                                          2883P   4119
102,4,2867,2873,2877,2881;                                          2885P   4120
142,1,2863,2883,2885,1;                                             2887P   4121
144,2863,1,0,2887;                                                  2889P   4122
128,3,3,3,3,0,0,0,0,0,0.,0.,0.,0.,1.,1.,1.,1.,0.,0.,0.,0.,1.,       2891P   4123
1.,1.,1.,1.,0.75532087111797,0.75532087111797,1.,                   2891P   4124
0.804737854124365,0.607835296998821,0.607835296998821,              2891P   4125
0.804737854124365,0.804737854124365,0.607835296998821,              2891P   4126
0.607835296998821,0.804737854124365,1.,0.75532087111797,            2891P   4127
0.75532087111797,1.,111.,63.225041648,0.001248959,111.,             2891P   4128
63.395013442,-0.015805106,111.,63.515805106,0.104986558,111.,       2891P   4129
63.498751041,0.274958352,118.161263597,63.225041648,                2891P   4130
0.001248959,118.260830769,63.395013442,-0.015805106,                2891P   4131
118.331588887,63.515805106,0.104986558,118.321598847,               2891P   4132
63.498751041,0.274958352,123.225041648,58.161263597,                2891P   4133
0.001248959,123.395013442,58.260830769,-0.015805106,                2891P   4134
123.515805106,58.331588887,0.104986558,123.498751041,               2891P   4135
58.321598847,0.274958352,123.225041648,51.,0.001248959,             2891P   4136
123.395013442,51.,-0.015805106,123.515805106,51.,0.104986558,       2891P   4137
123.498751041,51.,0.274958352,0.,1.,0.,1.;                          2891P   4138
126,1,1,1,0,1,0,0.,0.,1.,1.,1.,1.,0.063141457,0.,0.,                2893P   4139
0.936858543,0.,0.,0.,1.,0.,0.,1.;                                   2893P   4140
124,6.12303176911189E-017,0.,1.,110.750000001805,0.,1.,0.,0.,       2895P   4141
-1.,0.,6.12303176911189E-017,111.249999998195;                      2895P   4142
100,0.249999998,111.,63.250000002,111.249999998,63.250000002,       2897P   4143
111.,63.5;                                                          2897P   4144
126,1,1,1,0,1,0,0.,0.,1.,1.,1.,1.,0.936858543,0.,0.,                2899P   4145
0.936858543,1.,0.,0.,1.,0.,0.,1.;                                   2899P   4146
124,6.12303176911189E-017,1.,0.,60.,1.,-6.12303176911189E-017,      2901P   4147
-6.98296672221876E-015,-60.,-6.98296672221876E-015,                 2901P   4148
4.27569270827966E-031,-1.,0.499999996390621;                        2901P   4149
100,0.249999998,111.,51.,123.5,51.,111.,63.5;                       2903P   4150
126,1,1,1,0,1,0,0.,0.,1.,1.,1.,1.,0.936858543,1.,0.,                2905P   4151
0.063141457,1.,0.,0.,1.,0.,0.,1.;                                   2905P   4152
124,1.,0.,0.,0.,0.,6.12303176911189E-017,1.,50.7500000018051,       2907P   4153
0.,-1.,6.12303176911189E-017,51.2499999981949;                      2907P   4154
100,0.249999998,123.250000002,51.,123.5,51.,123.250000002,          2909P   4155
51.249999998;                                                       2909P   4156
126,1,1,1,0,1,0,0.,0.,1.,1.,1.,1.,0.063141457,1.,0.,                2911P   4157
0.063141457,0.,0.,0.,1.,0.,0.,1.;                                   2911P   4158
100,0.,111.,51.,123.250000002,51.,111.,63.250000002;                2913P   4159
102,4,2893,2899,2905,2911;                                          2915P   4160
102,4,2897,2903,2909,2913;                                          2917P   4161
142,1,2891,2915,2917,1;                                             2919P   4162
144,2891,1,0,2919;                                                  2921P   4163
110,123.250000002,63.5,0.249999998,123.250000002,-936.5,            2923P   4164
0.249999998;                                                        2923P   4165
110,123.250000002,51.,0.,123.250000002,12.5,0.;                     2925P   4166
120,2923,2925,0.,6.28318530717959;                                  2927P   4167
126,1,1,1,0,1,0,0.,0.,1.,1.,1.,1.,0.,0.,0.,0.,1.570796327,0.,       2929P   4168
0.,1.,0.,0.,1.;                                                     2929P   4169
124,1.40271637621286E-014,1.,0.,72.2500000018033,                   2931P   4170
-6.12303176911189E-017,8.58887693460487E-031,-1.,                   2931P   4171
51.2499999981949,-1.,1.40271637621286E-014,                         2931P   4172
6.12303176911189E-017,123.499999999999;                             2931P   4173
100,0.249999998,123.250000002,51.,123.5,51.,123.250000002,          2933P   4174
51.249999998;                                                       2933P   4175
126,1,1,1,0,1,0,0.,0.,1.,1.,1.,1.,0.,1.570796327,0.,1.,             2935P   4176
1.570796327,0.,0.,1.,0.,0.,1.;                                      2935P   4177
110,123.5,51.,0.249999998,123.5,12.5,0.249999998;                   2937P   4178
126,1,1,1,0,1,0,0.,0.,1.,1.,1.,1.,1.,1.570796327,0.,1.,0.,0.,       2939P   4179
0.,1.,0.,0.,1.;                                                     2939P   4180
124,1.,0.,0.,0.,0.,6.12303176911189E-017,1.,12.2500000018051,       2941P   4181
0.,-1.,6.12303176911189E-017,12.7499999981949;                      2941P   4182
100,0.249999998,123.250000002,12.5,123.5,12.5,123.250000002,        2943P   4183
12.749999998;                                                       2943P   4184
126,1,1,1,0,1,0,0.,0.,1.,1.,1.,1.,1.,0.,0.,0.,0.,0.,0.,1.,0.,       2945P   4185
0.,1.;                                                              2945P   4186
110,123.250000002,12.5,0.,123.250000002,51.,0.;                     2947P   4187
102,4,2929,2935,2939,2945;                                          2949P   4188
102,4,2933,2937,2943,2947;                                          2951P   4189
142,1,2927,2949,2951,1;                                             2953P   4190
144,2927,1,0,2953;                                                  2955P   4191
110,0.,63.250000002,0.249999998,1000.,63.250000002,0.249999998;     2957P   4192
110,12.5,63.250000002,0.,111.,63.250000002,0.;                      2959P   4193
120,2957,2959,0.,6.28318530717959;                                  2961P   4194
126,1,1,1,0,1,0,0.,0.,1.,1.,1.,1.,1.,1.570796327,0.,1.,0.,0.,       2963P   4195
0.,1.,0.,0.,1.;                                                     2963P   4196
124,3.74915180455534E-033,-6.12303176911189E-017,-1.,               2965P   4197
111.249999998195,1.,6.12303176911189E-017,0.,-47.7499999981949,     2965P   4198
6.12303176911189E-017,-1.,6.12303176911189E-017,63.5;               2965P   4199
100,0.249999998,111.,63.250000002,111.249999998,63.250000002,       2967P   4200
111.,63.5;                                                          2967P   4201
126,1,1,1,0,1,0,0.,0.,1.,1.,1.,1.,1.,0.,0.,0.,0.,0.,0.,1.,0.,       2969P   4202
0.,1.;                                                              2969P   4203
110,111.,63.250000002,0.,12.5,63.250000002,0.;                      2971P   4204
126,1,1,1,0,1,0,0.,0.,1.,1.,1.,1.,0.,0.,0.,0.,1.570796327,0.,       2973P   4205
0.,1.,0.,0.,1.;                                                     2973P   4206
124,6.12303176911189E-017,0.,1.,12.2500000018051,0.,1.,0.,0.,       2975P   4207
-1.,0.,6.12303176911189E-017,12.7499999981949;                      2975P   4208
100,0.249999998,12.5,63.250000002,12.749999998,63.250000002,        2977P   4209
12.5,63.5;                                                          2977P   4210
126,1,1,1,0,1,0,0.,0.,1.,1.,1.,1.,0.,1.570796327,0.,1.,             2979P   4211
1.570796327,0.,0.,1.,0.,0.,1.;                                      2979P   4212
110,12.5,63.5,0.249999998,111.,63.5,0.249999998;                    2981P   4213
102,4,2963,2969,2973,2979;                                          2983P   4214
102,4,2967,2971,2977,2981;                                          2985P   4215
142,1,2961,2983,2985,1;                                             2987P   4216
144,2961,1,0,2987;                                                  2989P   4217
128,3,3,3,3,0,0,0,0,0,0.,0.,0.,0.,1.,1.,1.,1.,0.,0.,0.,0.,1.,       2991P   4218
1.,1.,1.,1.,0.75532087111797,0.75532087111797,1.,                   2991P   4219
0.804737854124365,0.607835296998821,0.607835296998821,              2991P   4220
0.804737854124365,0.804737854124365,0.607835296998821,              2991P   4221
0.607835296998821,0.804737854124365,1.,0.75532087111797,            2991P   4222
0.75532087111797,1.,123.225041648,12.5,0.001248959,                 2991P   4223
123.395013442,12.5,-0.015805106,123.515805106,12.5,0.104986558,     2991P   4224
123.498751041,12.5,0.274958352,123.225041648,5.338736403,           2991P   4225
0.001248959,123.395013442,5.239169231,-0.015805106,                 2991P   4226
123.515805106,5.168411113,0.104986558,123.498751041,                2991P   4227
5.178401153,0.274958352,118.161263597,0.274958352,0.001248959,      2991P   4228
118.260830769,0.104986558,-0.015805106,118.331588887,               2991P   4229
-0.015805106,0.104986558,118.321598847,0.001248959,0.274958352,     2991P   4230
111.,0.274958352,0.001248959,111.,0.104986558,-0.015805106,         2991P   4231
111.,-0.015805106,0.104986558,111.,0.001248959,0.274958352,0.,      2991P   4232
1.,0.,1.;                                                           2991P   4233
126,1,1,1,0,1,0,0.,0.,1.,1.,1.,1.,0.063141457,0.,0.,                2993P   4234
0.936858543,0.,0.,0.,1.,0.,0.,1.;                                   2993P   4235
124,1.40271637621286E-014,1.,0.,110.750000001803,                   2995P   4236
-6.12303176911189E-017,8.58887693460487E-031,-1.,                   2995P   4237
12.7499999981949,-1.,1.40271637621286E-014,                         2995P   4238
6.12303176911189E-017,123.5;                                        2995P   4239
100,0.249999998,123.250000002,12.5,123.5,12.5,123.250000002,        2997P   4240
12.749999998;                                                       2997P   4241
126,1,1,1,0,1,0,0.,0.,1.,1.,1.,1.,0.936858543,0.,0.,                2999P   4242
0.936858543,1.,0.,0.,1.,0.,0.,1.;                                   2999P   4243
124,1.,-1.40883940798198E-014,-6.98296672221876E-015,               3001P   4244
1.75290093829833E-013,-1.40883940798198E-014,-1.,0.,                3001P   4245
25.0000000000016,-6.98296672221876E-015,9.83787870288853E-029,      3001P   4246
-1.,0.499999996390621;                                              3001P   4247
100,0.249999998,111.,12.5,123.5,12.5,111.,25.;                      3003P   4248
126,1,1,1,0,1,0,0.,0.,1.,1.,1.,1.,0.936858543,1.,0.,                3005P   4249
0.063141457,1.,0.,0.,1.,0.,0.,1.;                                   3005P   4250
124,8.58887693460487E-031,6.12303176911189E-017,1.,                 3007P   4251
110.750000001805,-1.,1.40271637621286E-014,0.,111.249999998195,     3007P   4252
-1.40271637621286E-014,-1.,6.12303176911189E-017,                   3007P   4253
0.499999996391403;                                                  3007P   4254
100,0.249999998,111.,0.249999998,111.249999998,0.249999998,         3009P   4255
111.,0.499999996;                                                   3009P   4256
126,1,1,1,0,1,0,0.,0.,1.,1.,1.,1.,0.063141457,1.,0.,                3011P   4257
0.063141457,0.,0.,0.,1.,0.,0.,1.;                                   3011P   4258
100,0.,111.,12.5,111.,0.249999998,123.250000002,12.5;               3013P   4259
102,4,2993,2999,3005,3011;                                          3015P   4260
102,4,2997,3003,3009,3013;                                          3017P   4261
142,1,2991,3015,3017,1;                                             3019P   4262
144,2991,1,0,3019;                                                  3021P   4263
128,3,3,3,3,0,0,0,0,0,0.,0.,0.,0.,1.,1.,1.,1.,0.,0.,0.,0.,1.,       3023P   4264
1.,1.,1.,1.,0.755320871117975,0.755320871117975,1.,                 3023P   4265
0.804737854124365,0.607835296998825,0.607835296998825,              3023P   4266
0.804737854124365,0.804737854124365,0.607835296998825,              3023P   4267
0.607835296998825,0.804737854124365,1.,0.755320871117975,           3023P   4268
0.755320871117975,1.,0.274958352,51.,0.001248959,0.104986558,       3023P   4269
51.,-0.015805106,-0.015805106,51.,0.104986558,0.001248959,51.,      3023P   4270
0.274958352,0.274958352,58.161263597,0.001248959,0.104986558,       3023P   4271
58.260830769,-0.015805106,-0.015805106,58.331588887,                3023P   4272
0.104986558,0.001248959,58.321598847,0.274958352,5.338736403,       3023P   4273
63.225041648,0.001248959,5.239169231,63.395013442,-0.015805106,     3023P   4274
5.168411113,63.515805106,0.104986558,5.178401153,63.498751041,      3023P   4275
0.274958352,12.5,63.225041648,0.001248959,12.5,63.395013442,        3023P   4276
-0.015805106,12.5,63.515805106,0.104986558,12.5,63.498751041,       3023P   4277
0.274958352,0.,1.,0.,1.;                                            3023P   4278
126,1,1,1,0,1,0,0.,0.,1.,1.,1.,1.,0.936858543,1.,0.,                3025P   4279
0.063141457,1.,0.,0.,1.,0.,0.,1.;                                   3025P   4280
124,3.74915180455534E-033,-6.12303176911189E-017,-1.,               3027P   4281
12.7499999981949,1.,6.12303176911189E-017,0.,50.7500000018051,      3027P   4282
6.12303176911189E-017,-1.,6.12303176911189E-017,63.5;               3027P   4283
100,0.249999998,12.5,63.250000002,12.749999998,63.250000002,        3029P   4284
12.5,63.5;                                                          3029P   4285
126,1,1,1,0,1,0,0.,0.,1.,1.,1.,1.,0.063141457,1.,0.,                3031P   4286
0.063141457,0.,0.,0.,1.,0.,0.,1.;                                   3031P   4287
100,0.,12.5,51.,12.5,63.250000002,0.249999998,51.;                  3033P   4288
126,1,1,1,0,1,0,0.,0.,1.,1.,1.,1.,0.063141457,0.,0.,                3035P   4289
0.936858543,0.,0.,0.,1.,0.,0.,1.;                                   3035P   4290
124,6.12303176911189E-017,-1.,0.,51.2499999981949,                  3037P   4291
6.12303176911189E-017,3.74915180455534E-033,1.,                     3037P   4292
50.7500000018051,-1.,-6.12303176911189E-017,                        3037P   4293
6.12303176911189E-017,0.499999996389849;                            3037P   4294
100,0.249999998,0.249999998,51.,0.499999996,51.,0.249999998,        3039P   4295
51.249999998;                                                       3039P   4296
126,1,1,1,0,1,0,0.,0.,1.,1.,1.,1.,0.936858543,0.,0.,                3041P   4297
0.936858543,1.,0.,0.,1.,0.,0.,1.;                                   3041P   4298
124,-1.,0.,6.98296672221876E-015,25.,0.,1.,0.,0.,                   3043P   4299
-6.98296672221876E-015,0.,-1.,0.499999996389933;                    3043P   4300
100,0.249999998,12.5,51.,25.,51.,12.5,63.5;                         3045P   4301
102,4,3025,3031,3035,3041;                                          3047P   4302
102,4,3029,3033,3039,3045;                                          3049P   4303
142,1,3023,3047,3049,1;                                             3051P   4304
144,3023,1,0,3051;                                                  3053P   4305
110,0.,0.249999998,0.249999998,-1000.,0.249999998,0.249999998;      3055P   4306
110,111.,0.249999998,0.499999996,12.5,0.249999998,0.499999996;      3057P   4307
120,3055,3057,0.,6.28318530717959;                                  3059P   4308
126,1,1,1,0,1,0,0.,0.,1.,1.,1.,1.,0.,3.141592654,0.,0.,             3061P   4309
4.71238898,0.,0.,1.,0.,0.,1.;                                       3061P   4310
124,-6.12303176911189E-017,4.27569270827966E-031,-1.,               3063P   4311
111.249999998195,-6.98296672221876E-015,-1.,0.,                     3063P   4312
0.499999996390622,-1.,6.98296672221876E-015,                        3063P   4313
6.12303176911189E-017,111.249999998195;                             3063P   4314
100,0.249999998,111.,0.249999998,111.249999998,0.249999998,         3065P   4315
111.,0.499999996;                                                   3065P   4316
126,1,1,1,0,1,0,0.,0.,1.,1.,1.,1.,0.,4.71238898,0.,1.,              3067P   4317
4.71238898,0.,0.,1.,0.,0.,1.;                                       3067P   4318
110,111.,0.,0.249999998,12.5,0.,0.249999998;                        3069P   4319
126,1,1,1,0,1,0,0.,0.,1.,1.,1.,1.,1.,4.71238898,0.,1.,              3071P   4320
3.141592654,0.,0.,1.,0.,0.,1.;                                      3071P   4321
124,8.58887693460487E-031,6.12303176911189E-017,1.,                 3073P   4322
12.2500000018051,-1.,1.40271637621286E-014,0.,12.7499999981949,     3073P   4323
-1.40271637621286E-014,-1.,6.12303176911189E-017,                   3073P   4324
0.499999996390015;                                                  3073P   4325
100,0.249999998,12.5,0.249999998,12.749999998,0.249999998,12.5,     3075P   4326
0.499999996;                                                        3075P   4327
126,1,1,1,0,1,0,0.,0.,1.,1.,1.,1.,1.,3.141592654,0.,0.,             3077P   4328
3.141592654,0.,0.,1.,0.,0.,1.;                                      3077P   4329
110,12.5,0.249999998,0.,111.,0.249999998,0.;                        3079P   4330
102,4,3061,3067,3071,3077;                                          3081P   4331
102,4,3065,3069,3075,3079;                                          3083P   4332
142,1,3059,3081,3083,1;                                             3085P   4333
144,3059,1,0,3085;                                                  3087P   4334
110,0.249999998,63.5,0.249999998,0.249999998,1063.5,                3089P   4335
0.249999998;                                                        3089P   4336
110,0.249999998,12.5,0.499999996,0.249999998,51.,0.499999996;       3091P   4337
120,3089,3091,0.,6.28318530717959;                                  3093P   4338
126,1,1,1,0,1,0,0.,0.,1.,1.,1.,1.,1.,4.71238898,0.,1.,              3095P   4339
3.141592654,0.,0.,1.,0.,0.,1.;                                      3095P   4340
124,-1.,6.98296672221876E-015,0.,0.499999996389489,                 3097P   4341
-4.27569270827966E-031,-6.12303176911189E-017,-1.,                  3097P   4342
51.2499999981949,-6.98296672221876E-015,-1.,                        3097P   4343
6.12303176911189E-017,51.2499999981949;                             3097P   4344
100,0.249999998,0.249999998,51.,0.499999996,51.,0.249999998,        3099P   4345
51.249999998;                                                       3099P   4346
126,1,1,1,0,1,0,0.,0.,1.,1.,1.,1.,1.,3.141592654,0.,0.,             3101P   4347
3.141592654,0.,0.,1.,0.,0.,1.;                                      3101P   4348
110,0.249999998,51.,0.,0.249999998,12.5,0.;                         3103P   4349
126,1,1,1,0,1,0,0.,0.,1.,1.,1.,1.,0.,3.141592654,0.,0.,             3105P   4350
4.71238898,0.,0.,1.,0.,0.,1.;                                       3105P   4351
124,6.12303176911189E-017,-1.,0.,12.7499999981949,                  3107P   4352
6.12303176911189E-017,3.74915180455534E-033,1.,                     3107P   4353
12.2500000018051,-1.,-6.12303176911189E-017,                        3107P   4354
6.12303176911189E-017,0.499999996389846;                            3107P   4355
100,0.249999998,0.249999998,12.5,0.499999996,12.5,0.249999998,      3109P   4356
12.749999998;                                                       3109P   4357
126,1,1,1,0,1,0,0.,0.,1.,1.,1.,1.,0.,4.71238898,0.,1.,              3111P   4358
4.71238898,0.,0.,1.,0.,0.,1.;                                       3111P   4359
110,0.,12.5,0.249999998,0.,51.,0.249999998;                         3113P   4360
102,4,3095,3101,3105,3111;                                          3115P   4361
102,4,3099,3103,3109,3113;                                          3117P   4362
142,1,3093,3115,3117,1;                                             3119P   4363
144,3093,1,0,3119;                                                  3121P   4364
128,3,3,3,3,0,0,0,0,0,0.,0.,0.,0.,1.,1.,1.,1.,0.,0.,0.,0.,1.,       3123P   4365
1.,1.,1.,1.,0.755320871117972,0.755320871117972,1.,                 3123P   4366
0.804737854124365,0.607835296998822,0.607835296998822,              3123P   4367
0.804737854124365,0.804737854124365,0.607835296998822,              3123P   4368
0.607835296998822,0.804737854124365,1.,0.755320871117972,           3123P   4369
0.755320871117972,1.,12.5,0.274958352,0.001248959,12.5,             3123P   4370
0.104986558,-0.015805106,12.5,-0.015805106,0.104986558,12.5,        3123P   4371
0.001248959,0.274958352,5.338736403,0.274958352,0.001248959,        3123P   4372
5.239169231,0.104986558,-0.015805106,5.168411113,-0.015805106,      3123P   4373
0.104986558,5.178401153,0.001248959,0.274958352,0.274958352,        3123P   4374
5.338736403,0.001248959,0.104986558,5.239169231,-0.015805106,       3123P   4375
-0.015805106,5.168411113,0.104986558,0.001248959,5.178401153,       3123P   4376
0.274958352,0.274958352,12.5,0.001248959,0.104986558,12.5,          3123P   4377
-0.015805106,-0.015805106,12.5,0.104986558,0.001248959,12.5,        3123P   4378
0.274958352,0.,1.,0.,1.;                                            3123P   4379
126,1,1,1,0,1,0,0.,0.,1.,1.,1.,1.,0.063141457,0.,0.,                3125P   4380
0.936858543,0.,0.,0.,1.,0.,0.,1.;                                   3125P   4381
124,-6.12303176911189E-017,4.27569270827966E-031,-1.,               3127P   4382
12.7499999981949,-6.98296672221876E-015,-1.,0.,                     3127P   4383
0.49999999638992,-1.,6.98296672221876E-015,                         3127P   4384
6.12303176911189E-017,12.7499999981949;                             3127P   4385
100,0.249999998,12.5,0.249999998,12.749999998,0.249999998,12.5,     3129P   4386
0.499999996;                                                        3129P   4387
126,1,1,1,0,1,0,0.,0.,1.,1.,1.,1.,0.936858543,0.,0.,                3131P   4388
0.936858543,1.,0.,0.,1.,0.,0.,1.;                                   3131P   4389
124,-7.04419703990988E-015,-1.,0.,25.0000000000001,-1.,             3133P   4390
7.04419703990988E-015,6.98296672221876E-015,24.9999999999999,       3133P   4391
-6.98296672221876E-015,4.91893935144426E-029,-1.,                   3133P   4392
0.499999996389933;                                                  3133P   4393
100,0.249999998,12.5,12.5,25.,12.5,12.5,25.;                        3135P   4394
126,1,1,1,0,1,0,0.,0.,1.,1.,1.,1.,0.936858543,1.,0.,                3137P   4395
0.063141457,1.,0.,0.,1.,0.,0.,1.;                                   3137P   4396
124,-1.,6.98296672221876E-015,0.,0.499999996389758,                 3139P   4397
-4.27569270827966E-031,-6.12303176911189E-017,-1.,                  3139P   4398
12.7499999981949,-6.98296672221876E-015,-1.,                        3139P   4399
6.12303176911189E-017,12.7499999981949;                             3139P   4400
100,0.249999998,0.249999998,12.5,0.499999996,12.5,0.249999998,      3141P   4401
12.749999998;                                                       3141P   4402
126,1,1,1,0,1,0,0.,0.,1.,1.,1.,1.,0.063141457,1.,0.,                3143P   4403
0.063141457,0.,0.,0.,1.,0.,0.,1.;                                   3143P   4404
100,0.,12.5,12.5,0.249999998,12.5,12.5,0.249999998;                 3145P   4405
102,4,3125,3131,3137,3143;                                          3147P   4406
102,4,3129,3135,3141,3145;                                          3149P   4407
142,1,3123,3147,3149,1;                                             3151P   4408
144,3123,1,0,3151;                                                  3153P   4409
128,3,3,3,3,0,0,0,0,0,0.,0.,0.,0.,1.,1.,1.,1.,0.,0.,0.,0.,1.,       3155P   4410
1.,1.,1.,1.,0.755320871117971,0.755320871117971,1.,                 3155P   4411
0.804737854124365,0.607835296998822,0.607835296998822,              3155P   4412
0.804737854124365,0.804737854124365,0.607835296998822,              3155P   4413
0.607835296998822,0.804737854124365,1.,0.755320871117971,           3155P   4414
0.755320871117971,1.,12.5,0.001248959,1.725041648,12.5,             3155P   4415
-0.015805106,1.895013442,12.5,0.104986558,2.015805106,12.5,         3155P   4416
0.274958352,1.998751041,5.178401153,0.001248959,1.725041648,        3155P   4417
5.168411113,-0.015805106,1.895013442,5.239169231,0.104986558,       3155P   4418
2.015805106,5.338736403,0.274958352,1.998751041,0.001248959,        3155P   4419
5.178401153,1.725041648,-0.015805106,5.168411113,1.895013442,       3155P   4420
0.104986558,5.239169231,2.015805106,0.274958352,5.338736403,        3155P   4421
1.998751041,0.001248959,12.5,1.725041648,-0.015805106,12.5,         3155P   4422
1.895013442,0.104986558,12.5,2.015805106,0.274958352,12.5,          3155P   4423
1.998751041,0.,1.,0.,1.;                                            3155P   4424
126,1,1,1,0,1,0,0.,0.,1.,1.,1.,1.,0.936858543,1.,0.,                3157P   4425
0.063141457,1.,0.,0.,1.,0.,0.,1.;                                   3157P   4426
124,6.12303176911189E-017,-1.,0.,12.7499999981949,                  3159P   4427
6.12303176911189E-017,3.74915180455534E-033,-1.,                    3159P   4428
14.2500000018051,1.,6.12303176911189E-017,                          3159P   4429
6.12303176911189E-017,1.50000000361018;                             3159P   4430
100,1.750000002,0.249999998,12.5,0.499999996,12.5,0.249999998,      3161P   4431
12.749999998;                                                       3161P   4432
126,1,1,1,0,1,0,0.,0.,1.,1.,1.,1.,0.063141457,1.,0.,                3163P   4433
0.063141457,0.,0.,0.,1.,0.,0.,1.;                                   3163P   4434
100,1.750000002,12.5,12.5,0.,12.5,12.5,0.;                          3165P   4435
126,1,1,1,0,1,0,0.,0.,1.,1.,1.,1.,0.063141457,0.,0.,                3167P   4436
0.936858543,0.,0.,0.,1.,0.,0.,1.;                                   3167P   4437
124,8.58887693460487E-031,6.12303176911189E-017,-1.,                3169P   4438
14.2500000018051,-1.,1.40271637621286E-014,0.,12.7499999981949,     3169P   4439
1.40271637621286E-014,1.,6.12303176911189E-017,1.50000000361;       3169P   4440
100,1.750000002,12.5,0.249999998,12.749999998,0.249999998,12.5,     3171P   4441
0.499999996;                                                        3171P   4442
126,1,1,1,0,1,0,0.,0.,1.,1.,1.,1.,0.936858543,0.,0.,                3173P   4443
0.936858543,1.,0.,0.,1.,0.,0.,1.;                                   3173P   4444
124,-7.04419703990988E-015,-1.,0.,25.0000000000001,-1.,             3175P   4445
7.04419703990988E-015,6.98296672221876E-015,24.9999999999999,       3175P   4446
-6.98296672221876E-015,4.91893935144426E-029,-1.,                   3175P   4447
4.00000000000009;                                                   3175P   4448
100,2.,12.5,12.5,24.750000002,12.5,12.5,24.750000002;               3177P   4449
102,4,3157,3163,3167,3173;                                          3179P   4450
102,4,3161,3165,3171,3177;                                          3181P   4451
142,1,3155,3179,3181,1;                                             3183P   4452
144,3155,1,0,3183;                                                  3185P   4453
110,123.5,0.249999998,1.750000002,1123.5,0.249999998,               3187P   4454
1.750000002;                                                        3187P   4455
110,12.5,0.249999998,1.500000004,111.,0.249999998,1.500000004;      3189P   4456
120,3187,3189,0.,6.28318530717959;                                  3191P   4457
126,1,1,1,0,1,0,0.,0.,1.,1.,1.,1.,0.,3.141592654,0.,0.,             3193P   4458
4.71238898,0.,0.,1.,0.,0.,1.;                                       3193P   4459
124,-6.12303176911189E-017,4.27569270827966E-031,1.,                3195P   4460
10.7499999981949,-6.98296672221876E-015,-1.,0.,                     3195P   4461
0.499999996389912,1.,-6.98296672221876E-015,                        3195P   4462
6.12303176911189E-017,-10.7499999981949;                            3195P   4463
100,1.750000002,12.5,0.249999998,12.749999998,0.249999998,12.5,     3197P   4464
0.499999996;                                                        3197P   4465
126,1,1,1,0,1,0,0.,0.,1.,1.,1.,1.,0.,4.71238898,0.,1.,              3199P   4466
4.71238898,0.,0.,1.,0.,0.,1.;                                       3199P   4467
110,12.5,0.,1.750000002,111.,0.,1.750000002;                        3201P   4468
126,1,1,1,0,1,0,0.,0.,1.,1.,1.,1.,1.,4.71238898,0.,1.,              3203P   4469
3.141592654,0.,0.,1.,0.,0.,1.;                                      3203P   4470
124,8.58887693460487E-031,6.12303176911189E-017,-1.,                3205P   4471
112.750000001805,-1.,1.40271637621286E-014,0.,111.249999998195,     3205P   4472
1.40271637621286E-014,1.,6.12303176911189E-017,                     3205P   4473
1.50000000360862;                                                   3205P   4474
100,1.750000002,111.,0.249999998,111.249999998,0.249999998,         3207P   4475
111.,0.499999996;                                                   3207P   4476
126,1,1,1,0,1,0,0.,0.,1.,1.,1.,1.,1.,3.141592654,0.,0.,             3209P   4477
3.141592654,0.,0.,1.,0.,0.,1.;                                      3209P   4478
110,111.,0.249999998,2.,12.5,0.249999998,2.;                        3211P   4479
102,4,3193,3199,3203,3209;                                          3213P   4480
102,4,3197,3201,3207,3211;                                          3215P   4481
142,1,3191,3213,3215,1;                                             3217P   4482
144,3191,1,0,3217;                                                  3219P   4483
110,0.249999998,0.,1.750000002,0.249999998,-1000.,1.750000002;      3221P   4484
110,0.249999998,51.,1.500000004,0.249999998,12.5,1.500000004;       3223P   4485
120,3221,3223,0.,6.28318530717959;                                  3225P   4486
126,1,1,1,0,1,0,0.,0.,1.,1.,1.,1.,1.,4.71238898,0.,1.,              3227P   4487
3.141592654,0.,0.,1.,0.,0.,1.;                                      3227P   4488
124,-1.,6.98296672221876E-015,0.,0.49999999638973,                  3229P   4489
-4.27569270827966E-031,-6.12303176911189E-017,1.,                   3229P   4490
10.7499999981949,6.98296672221876E-015,1.,                          3229P   4491
6.12303176911189E-017,-10.7499999981949;                            3229P   4492
100,1.750000002,0.249999998,12.5,0.499999996,12.5,0.249999998,      3231P   4493
12.749999998;                                                       3231P   4494
126,1,1,1,0,1,0,0.,0.,1.,1.,1.,1.,1.,3.141592654,0.,0.,             3233P   4495
3.141592654,0.,0.,1.,0.,0.,1.;                                      3233P   4496
110,0.249999998,12.5,2.,0.249999998,51.,2.;                         3235P   4497
126,1,1,1,0,1,0,0.,0.,1.,1.,1.,1.,0.,3.141592654,0.,0.,             3237P   4498
4.71238898,0.,0.,1.,0.,0.,1.;                                       3237P   4499
124,6.12303176911189E-017,-1.,0.,51.2499999981949,                  3239P   4500
6.12303176911189E-017,3.74915180455534E-033,-1.,                    3239P   4501
52.7500000018051,1.,6.12303176911189E-017,                          3239P   4502
6.12303176911189E-017,1.50000000361017;                             3239P   4503
100,1.750000002,0.249999998,51.,0.499999996,51.,0.249999998,        3241P   4504
51.249999998;                                                       3241P   4505
126,1,1,1,0,1,0,0.,0.,1.,1.,1.,1.,0.,4.71238898,0.,1.,              3243P   4506
4.71238898,0.,0.,1.,0.,0.,1.;                                       3243P   4507
110,0.,51.,1.750000002,0.,12.5,1.750000002;                         3245P   4508
102,4,3227,3233,3237,3243;                                          3247P   4509
102,4,3231,3235,3241,3245;                                          3249P   4510
142,1,3225,3247,3249,1;                                             3251P   4511
144,3225,1,0,3251;                                                  3253P   4512
128,3,3,3,3,0,0,0,0,0,0.,0.,0.,0.,1.,1.,1.,1.,0.,0.,0.,0.,1.,       3255P   4513
1.,1.,1.,1.,0.75532087111797,0.75532087111797,1.,                   3255P   4514
0.804737854124365,0.607835296998821,0.607835296998821,              3255P   4515
0.804737854124365,0.804737854124365,0.607835296998821,              3255P   4516
0.607835296998821,0.804737854124365,1.,0.75532087111797,            3255P   4517
0.75532087111797,1.,123.498751041,12.5,1.725041648,                 3255P   4518
123.515805106,12.5,1.895013442,123.395013442,12.5,2.015805106,      3255P   4519
123.225041648,12.5,1.998751041,123.498751041,5.178401153,           3255P   4520
1.725041648,123.515805106,5.168411113,1.895013442,                  3255P   4521
123.395013442,5.239169231,2.015805106,123.225041648,                3255P   4522
5.338736403,1.998751041,118.321598847,0.001248959,1.725041648,      3255P   4523
118.331588887,-0.015805106,1.895013442,118.260830769,               3255P   4524
0.104986558,2.015805106,118.161263597,0.274958352,1.998751041,      3255P   4525
111.,0.001248959,1.725041648,111.,-0.015805106,1.895013442,         3255P   4526
111.,0.104986558,2.015805106,111.,0.274958352,1.998751041,0.,       3255P   4527
1.,0.,1.;                                                           3255P   4528
126,1,1,1,0,1,0,0.,0.,1.,1.,1.,1.,0.936858543,1.,0.,                3257P   4529
0.063141457,1.,0.,0.,1.,0.,0.,1.;                                   3257P   4530
124,-6.12303176911189E-017,4.27569270827966E-031,1.,                3259P   4531
109.249999998195,-6.98296672221876E-015,-1.,0.,                     3259P   4532
0.499999996390599,1.,-6.98296672221876E-015,                        3259P   4533
6.12303176911189E-017,-109.249999998195;                            3259P   4534
100,1.750000002,111.,0.249999998,111.249999998,0.249999998,         3261P   4535
111.,0.499999996;                                                   3261P   4536
126,1,1,1,0,1,0,0.,0.,1.,1.,1.,1.,0.063141457,1.,0.,                3263P   4537
0.063141457,0.,0.,0.,1.,0.,0.,1.;                                   3263P   4538
100,1.750000002,111.,12.5,111.,0.,123.5,12.5;                       3265P   4539
126,1,1,1,0,1,0,0.,0.,1.,1.,1.,1.,0.063141457,0.,0.,                3267P   4540
0.936858543,0.,0.,0.,1.,0.,0.,1.;                                   3267P   4541
124,1.,0.,0.,0.,0.,6.12303176911189E-017,-1.,14.2500000018051,      3269P   4542
0.,1.,6.12303176911189E-017,-10.7499999981949;                      3269P   4543
100,1.750000002,123.250000002,12.5,123.5,12.5,123.250000002,        3271P   4544
12.749999998;                                                       3271P   4545
126,1,1,1,0,1,0,0.,0.,1.,1.,1.,1.,0.936858543,0.,0.,                3273P   4546
0.936858543,1.,0.,0.,1.,0.,0.,1.;                                   3273P   4547
124,1.,-1.40883940781654E-014,-6.98296672221876E-015,               3275P   4548
1.85852689533635E-013,-1.40883940781654E-014,-1.,0.,                3275P   4549
25.0000000000016,-6.98296672221876E-015,9.83787870259465E-029,      3275P   4550
-1.,4.00000000000078;                                               3275P   4551
100,2.,111.,12.5,123.250000002,12.5,111.,24.750000002;              3277P   4552
102,4,3257,3263,3267,3273;                                          3279P   4553
102,4,3261,3265,3271,3277;                                          3281P   4554
142,1,3255,3279,3281,1;                                             3283P   4555
144,3255,1,0,3283;                                                  3285P   4556
128,3,3,3,3,0,0,0,0,0,0.,0.,0.,0.,1.,1.,1.,1.,0.,0.,0.,0.,1.,       3287P   4557
1.,1.,1.,1.,0.755320871117971,0.755320871117971,1.,                 3287P   4558
0.804737854124365,0.607835296998822,0.607835296998822,              3287P   4559
0.804737854124365,0.804737854124365,0.607835296998822,              3287P   4560
0.607835296998822,0.804737854124365,1.,0.755320871117971,           3287P   4561
0.755320871117971,1.,0.001248959,51.,1.725041648,-0.015805106,      3287P   4562
51.,1.895013442,0.104986558,51.,2.015805106,0.274958352,51.,        3287P   4563
1.998751041,0.001248959,58.321598847,1.725041648,-0.015805106,      3287P   4564
58.331588887,1.895013442,0.104986558,58.260830769,2.015805106,      3287P   4565
0.274958352,58.161263597,1.998751041,5.178401153,63.498751041,      3287P   4566
1.725041648,5.168411113,63.515805106,1.895013442,5.239169231,       3287P   4567
63.395013442,2.015805106,5.338736403,63.225041648,1.998751041,      3287P   4568
12.5,63.498751041,1.725041648,12.5,63.515805106,1.895013442,        3287P   4569
12.5,63.395013442,2.015805106,12.5,63.225041648,1.998751041,0.,     3287P   4570
1.,0.,1.;                                                           3287P   4571
126,1,1,1,0,1,0,0.,0.,1.,1.,1.,1.,0.063141457,0.,0.,                3289P   4572
0.936858543,0.,0.,0.,1.,0.,0.,1.;                                   3289P   4573
124,-1.,6.98296672221876E-015,0.,0.499999996389468,                 3291P   4574
-4.27569270827966E-031,-6.12303176911189E-017,1.,                   3291P   4575
49.2499999981949,6.98296672221876E-015,1.,                          3291P   4576
6.12303176911189E-017,-49.2499999981949;                            3291P   4577
100,1.750000002,0.249999998,51.,0.499999996,51.,0.249999998,        3293P   4578
51.249999998;                                                       3293P   4579
126,1,1,1,0,1,0,0.,0.,1.,1.,1.,1.,0.936858543,0.,0.,                3295P   4580
0.936858543,1.,0.,0.,1.,0.,0.,1.;                                   3295P   4581
124,-1.,-2.22044604925031E-016,6.98296672221876E-015,25.,           3297P   4582
-2.22044604925031E-016,1.,0.,5.55111512312579E-015,                 3297P   4583
-6.98296672221876E-015,-1.55053008703971E-030,-1.,                  3297P   4584
4.00000000000009;                                                   3297P   4585
100,2.,12.5,51.,24.750000002,51.,12.5,63.250000002;                 3299P   4586
126,1,1,1,0,1,0,0.,0.,1.,1.,1.,1.,0.936858543,1.,0.,                3301P   4587
0.063141457,1.,0.,0.,1.,0.,0.,1.;                                   3301P   4588
124,6.12303176911189E-017,0.,-1.,14.2500000018051,0.,1.,0.,0.,      3303P   4589
1.,0.,6.12303176911189E-017,-10.7499999981949;                      3303P   4590
100,1.750000002,12.5,63.250000002,12.749999998,63.250000002,        3305P   4591
12.5,63.5;                                                          3305P   4592
126,1,1,1,0,1,0,0.,0.,1.,1.,1.,1.,0.063141457,1.,0.,                3307P   4593
0.063141457,0.,0.,0.,1.,0.,0.,1.;                                   3307P   4594
100,1.750000002,12.5,51.,12.5,63.5,0.,51.;                          3309P   4595
102,4,3289,3295,3301,3307;                                          3311P   4596
102,4,3293,3299,3305,3309;                                          3313P   4597
142,1,3287,3311,3313,1;                                             3315P   4598
144,3287,1,0,3315;                                                  3317P   4599
110,123.250000002,63.5,1.750000002,123.250000002,1063.5,            3319P   4600
1.750000002;                                                        3319P   4601
110,123.250000002,12.5,2.,123.250000002,51.,2.;                     3321P   4602
120,3319,3321,0.,6.28318530717959;                                  3323P   4603
126,1,1,1,0,1,0,0.,0.,1.,1.,1.,1.,0.,0.,0.,0.,1.570796327,0.,       3325P   4604
0.,1.,0.,0.,1.;                                                     3325P   4605
124,1.40271637621286E-014,1.,0.,110.750000001803,                   3327P   4606
-6.12303176911189E-017,8.58887693460487E-031,1.,                    3327P   4607
10.7499999981949,1.,-1.40271637621286E-014,                         3327P   4608
6.12303176911189E-017,-121.5;                                       3327P   4609
100,1.750000002,123.250000002,12.5,123.5,12.5,123.250000002,        3329P   4610
12.749999998;                                                       3329P   4611
126,1,1,1,0,1,0,0.,0.,1.,1.,1.,1.,0.,1.570796327,0.,1.,             3331P   4612
1.570796327,0.,0.,1.,0.,0.,1.;                                      3331P   4613
110,123.5,12.5,1.750000002,123.5,51.,1.750000002;                   3333P   4614
126,1,1,1,0,1,0,0.,0.,1.,1.,1.,1.,1.,1.570796327,0.,1.,0.,0.,       3335P   4615
0.,1.,0.,0.,1.;                                                     3335P   4616
124,1.,0.,0.,0.,0.,6.12303176911189E-017,-1.,52.7500000018051,      3337P   4617
0.,1.,6.12303176911189E-017,-49.2499999981949;                      3337P   4618
100,1.750000002,123.250000002,51.,123.5,51.,123.250000002,          3339P   4619
51.249999998;                                                       3339P   4620
126,1,1,1,0,1,0,0.,0.,1.,1.,1.,1.,1.,0.,0.,0.,0.,0.,0.,1.,0.,       3341P   4621
0.,1.;                                                              3341P   4622
110,123.250000002,51.,2.,123.250000002,12.5,2.;                     3343P   4623
102,4,3325,3331,3335,3341;                                          3345P   4624
102,4,3329,3333,3339,3343;                                          3347P   4625
142,1,3323,3345,3347,1;                                             3349P   4626
144,3323,1,0,3349;                                                  3351P   4627
110,0.,63.250000002,1.750000002,-1000.,63.250000002,                3353P   4628
1.750000002;                                                        3353P   4629
110,111.,63.250000002,2.,12.5,63.250000002,2.;                      3355P   4630
120,3353,3355,0.,6.28318530717959;                                  3357P   4631
126,1,1,1,0,1,0,0.,0.,1.,1.,1.,1.,1.,1.570796327,0.,1.,0.,0.,       3359P   4632
0.,1.,0.,0.,1.;                                                     3359P   4633
124,3.74915180455534E-033,-6.12303176911189E-017,1.,                3361P   4634
10.7499999981949,1.,6.12303176911189E-017,0.,50.7500000018051,      3361P   4635
-6.12303176911189E-017,1.,6.12303176911189E-017,-61.5;              3361P   4636
100,1.750000002,12.5,63.250000002,12.749999998,63.250000002,        3363P   4637
12.5,63.5;                                                          3363P   4638
126,1,1,1,0,1,0,0.,0.,1.,1.,1.,1.,1.,0.,0.,0.,0.,0.,0.,1.,0.,       3365P   4639
0.,1.;                                                              3365P   4640
110,12.5,63.250000002,2.,111.,63.250000002,2.;                      3367P   4641
126,1,1,1,0,1,0,0.,0.,1.,1.,1.,1.,0.,0.,0.,0.,1.570796327,0.,       3369P   4642
0.,1.,0.,0.,1.;                                                     3369P   4643
124,6.12303176911189E-017,0.,-1.,112.750000001805,0.,1.,0.,0.,      3371P   4644
1.,0.,6.12303176911189E-017,-109.249999998195;                      3371P   4645
100,1.750000002,111.,63.250000002,111.249999998,63.250000002,       3373P   4646
111.,63.5;                                                          3373P   4647
126,1,1,1,0,1,0,0.,0.,1.,1.,1.,1.,0.,1.570796327,0.,1.,             3375P   4648
1.570796327,0.,0.,1.,0.,0.,1.;                                      3375P   4649
110,111.,63.5,1.750000002,12.5,63.5,1.750000002;                    3377P   4650
102,4,3359,3365,3369,3375;                                          3379P   4651
102,4,3363,3367,3373,3377;                                          3381P   4652
142,1,3357,3379,3381,1;                                             3383P   4653
144,3357,1,0,3383;                                                  3385P   4654
128,3,3,3,3,0,0,0,0,0,0.,0.,0.,0.,1.,1.,1.,1.,0.,0.,0.,0.,1.,       3387P   4655
1.,1.,1.,1.,0.75532087111797,0.75532087111797,1.,                   3387P   4656
0.804737854124365,0.607835296998821,0.607835296998821,              3387P   4657
0.804737854124365,0.804737854124365,0.607835296998821,              3387P   4658
0.607835296998821,0.804737854124365,1.,0.75532087111797,            3387P   4659
0.75532087111797,1.,111.,63.498751041,1.725041648,111.,             3387P   4660
63.515805106,1.895013442,111.,63.395013442,2.015805106,111.,        3387P   4661
63.225041648,1.998751041,118.321598847,63.498751041,                3387P   4662
1.725041648,118.331588887,63.515805106,1.895013442,                 3387P   4663
118.260830769,63.395013442,2.015805106,118.161263597,               3387P   4664
63.225041648,1.998751041,123.498751041,58.321598847,                3387P   4665
1.725041648,123.515805106,58.331588887,1.895013442,                 3387P   4666
123.395013442,58.260830769,2.015805106,123.225041648,               3387P   4667
58.161263597,1.998751041,123.498751041,51.,1.725041648,             3387P   4668
123.515805106,51.,1.895013442,123.395013442,51.,2.015805106,        3387P   4669
123.225041648,51.,1.998751041,0.,1.,0.,1.;                          3387P   4670
126,1,1,1,0,1,0,0.,0.,1.,1.,1.,1.,0.936858543,1.,0.,                3389P   4671
0.063141457,1.,0.,0.,1.,0.,0.,1.;                                   3389P   4672
124,1.40271637621286E-014,1.,0.,72.2500000018033,                   3391P   4673
-6.12303176911189E-017,8.58887693460487E-031,1.,                    3391P   4674
49.2499999981949,1.,-1.40271637621286E-014,                         3391P   4675
6.12303176911189E-017,-121.499999999999;                            3391P   4676
100,1.750000002,123.250000002,51.,123.5,51.,123.250000002,          3393P   4677
51.249999998;                                                       3393P   4678
126,1,1,1,0,1,0,0.,0.,1.,1.,1.,1.,0.063141457,1.,0.,                3395P   4679
0.063141457,0.,0.,0.,1.,0.,0.,1.;                                   3395P   4680
100,1.750000002,111.,51.,123.5,51.,111.,63.5;                       3397P   4681
126,1,1,1,0,1,0,0.,0.,1.,1.,1.,1.,0.063141457,0.,0.,                3399P   4682
0.936858543,0.,0.,0.,1.,0.,0.,1.;                                   3399P   4683
124,3.74915180455534E-033,-6.12303176911189E-017,1.,                3401P   4684
109.249999998195,1.,6.12303176911189E-017,0.,-47.7499999981949,     3401P   4685
-6.12303176911189E-017,1.,6.12303176911189E-017,-61.5;              3401P   4686
100,1.750000002,111.,63.250000002,111.249999998,63.250000002,       3403P   4687
111.,63.5;                                                          3403P   4688
126,1,1,1,0,1,0,0.,0.,1.,1.,1.,1.,0.936858543,0.,0.,                3405P   4689
0.936858543,1.,0.,0.,1.,0.,0.,1.;                                   3405P   4690
124,1.42492083670537E-014,1.,0.,59.9999999999984,1.,                3407P   4691
-1.42492083670537E-014,-6.98296672221876E-015,                      3407P   4692
-59.9999999999993,-6.98296672221876E-015,9.95017478524439E-029,     3407P   4693
-1.,4.00000000000077;                                               3407P   4694
100,2.,111.,51.,123.250000002,51.,111.,63.250000002;                3409P   4695
102,4,3389,3395,3399,3405;                                          3411P   4696
102,4,3393,3397,3403,3409;                                          3413P   4697
142,1,3387,3411,3413,1;                                             3415P   4698
144,3387,1,0,3415;                                                  3417P   4699
S      1G      4D   3418P   4699                                        T      1
