SolidWorks IGES file using analytic representation for surfaces         S      1
1H,,1H;,14H短U支架.SLDPRT,62HE:\Solidworks_Project\支架配套资料\单轴支架G      1
\短U2.0\短U支架.IGS,15HSolidWorks 2010,15HSolidWorks 2010,32,308,15,    G      2
308,15,14H短U支架.SLDPRT,1.,2,2HMM,50,0.125,13H170620.164408,1E-008,    G      3
499990.,13HAdministrator,,11,0,13H170620.164408;                        G      4
     314       1       0       0       0                        00000200D      1
     314       0       6       1       0                               0D      2
     110       2       0       0       0                        01010000D      3
     110       0       0       1       0                               0D      4
     110       3       0       0       0                        01010000D      5
     110       0       0       1       0                               0D      6
     120       4       0       0       0                        01010000D      7
     120       0       0       1       0                               0D      8
     126       5       0       0       0                        01010500D      9
     126       0       0       2       0                               0D     10
     110       7       0       0       0                        01010000D     11
     110       0       0       1       0                               0D     12
     126       8       0       0       0                        01010500D     13
     126       0       0       2       0                               0D     14
     124      10       0       0       0                        00000000D     15
     124       0       0       3       0                               0D     16
     100      13       0       0       0              15        01010000D     17
     100       0       0       1       0                               0D     18
     126      14       0       0       0                        01010500D     19
     126       0       0       2       0                               0D     20
     110      16       0       0       0                        01010000D     21
     110       0       0       1       0                               0D     22
     126      17       0       0       0                        01010500D     23
     126       0       0       2       0                               0D     24
     124      19       0       0       0                        00000000D     25
     124       0       0       3       0                               0D     26
     100      22       0       0       0              25        01010000D     27
     100       0       0       1       0                               0D     28
     102      23       0       0       0                        01010500D     29
     102       0       0       1       0                               0D     30
     102      24       0       0       0                        01010000D     31
     102       0       0       1       0                               0D     32
     142      25       0       0       0                        00010500D     33
     142       0       0       1       0                               0D     34
     144      26       0       0       0                        00000000D     35
     144       0      -1       1       0                               0D     36
     110      27       0       0       0                        01010000D     37
     110       0       0       1       0                               0D     38
     110      28       0       0       0                        01010000D     39
     110       0       0       1       0                               0D     40
     120      29       0       0       0                        01010000D     41
     120       0       0       1       0                               0D     42
     126      30       0       0       0                        01010500D     43
     126       0       0       2       0                               0D     44
     110      32       0       0       0                        01010000D     45
     110       0       0       1       0                               0D     46
     126      33       0       0       0                        01010500D     47
     126       0       0       2       0                               0D     48
     124      35       0       0       0                        00000000D     49
     124       0       0       3       0                               0D     50
     100      38       0       0       0              49        01010000D     51
     100       0       0       1       0                               0D     52
     126      39       0       0       0                        01010500D     53
     126       0       0       2       0                               0D     54
     110      41       0       0       0                        01010000D     55
     110       0       0       1       0                               0D     56
     126      42       0       0       0                        01010500D     57
     126       0       0       2       0                               0D     58
     124      44       0       0       0                        00000000D     59
     124       0       0       3       0                               0D     60
     100      47       0       0       0              59        01010000D     61
     100       0       0       1       0                               0D     62
     102      48       0       0       0                        01010500D     63
     102       0       0       1       0                               0D     64
     102      49       0       0       0                        01010000D     65
     102       0       0       1       0                               0D     66
     142      50       0       0       0                        00010500D     67
     142       0       0       1       0                               0D     68
     144      51       0       0       0                        00000000D     69
     144       0      -1       1       0                               0D     70
     110      52       0       0       0                        01010000D     71
     110       0       0       1       0                               0D     72
     110      53       0       0       0                        01010000D     73
     110       0       0       1       0                               0D     74
     120      54       0       0       0                        01010000D     75
     120       0       0       1       0                               0D     76
     126      55       0       0       0                        01010500D     77
     126       0       0       2       0                               0D     78
     110      57       0       0       0                        01010000D     79
     110       0       0       1       0                               0D     80
     126      58       0       0       0                        01010500D     81
     126       0       0       2       0                               0D     82
     124      60       0       0       0                        00000000D     83
     124       0       0       3       0                               0D     84
     100      63       0       0       0              83        01010000D     85
     100       0       0       1       0                               0D     86
     126      64       0       0       0                        01010500D     87
     126       0       0       2       0                               0D     88
     110      66       0       0       0                        01010000D     89
     110       0       0       1       0                               0D     90
     126      67       0       0       0                        01010500D     91
     126       0       0       2       0                               0D     92
     124      69       0       0       0                        00000000D     93
     124       0       0       3       0                               0D     94
     100      72       0       0       0              93        01010000D     95
     100       0       0       1       0                               0D     96
     102      73       0       0       0                        01010500D     97
     102       0       0       1       0                               0D     98
     102      74       0       0       0                        01010000D     99
     102       0       0       1       0                               0D    100
     142      75       0       0       0                        00010500D    101
     142       0       0       1       0                               0D    102
     144      76       0       0       0                        00000000D    103
     144       0      -1       1       0                               0D    104
     110      77       0       0       0                        01010000D    105
     110       0       0       1       0                               0D    106
     110      78       0       0       0                        01010000D    107
     110       0       0       1       0                               0D    108
     120      79       0       0       0                        01010000D    109
     120       0       0       1       0                               0D    110
     126      80       0       0       0                        01010500D    111
     126       0       0       2       0                               0D    112
     110      82       0       0       0                        01010000D    113
     110       0       0       1       0                               0D    114
     126      83       0       0       0                        01010500D    115
     126       0       0       2       0                               0D    116
     124      85       0       0       0                        00000000D    117
     124       0       0       3       0                               0D    118
     100      88       0       0       0             117        01010000D    119
     100       0       0       1       0                               0D    120
     126      89       0       0       0                        01010500D    121
     126       0       0       2       0                               0D    122
     110      91       0       0       0                        01010000D    123
     110       0       0       1       0                               0D    124
     126      92       0       0       0                        01010500D    125
     126       0       0       2       0                               0D    126
     124      94       0       0       0                        00000000D    127
     124       0       0       3       0                               0D    128
     100      97       0       0       0             127        01010000D    129
     100       0       0       1       0                               0D    130
     102      98       0       0       0                        01010500D    131
     102       0       0       1       0                               0D    132
     102      99       0       0       0                        01010000D    133
     102       0       0       1       0                               0D    134
     142     100       0       0       0                        00010500D    135
     142       0       0       1       0                               0D    136
     144     101       0       0       0                        00000000D    137
     144       0      -1       1       0                               0D    138
     110     102       0       0       0                        01010000D    139
     110       0       0       1       0                               0D    140
     110     103       0       0       0                        01010000D    141
     110       0       0       1       0                               0D    142
     120     104       0       0       0                        01010000D    143
     120       0       0       1       0                               0D    144
     126     105       0       0       0                        01010500D    145
     126       0       0       2       0                               0D    146
     110     107       0       0       0                        01010000D    147
     110       0       0       1       0                               0D    148
     126     108       0       0       0                        01010500D    149
     126       0       0       2       0                               0D    150
     124     110       0       0       0                        00000000D    151
     124       0       0       3       0                               0D    152
     100     113       0       0       0             151        01010000D    153
     100       0       0       1       0                               0D    154
     126     114       0       0       0                        01010500D    155
     126       0       0       2       0                               0D    156
     110     116       0       0       0                        01010000D    157
     110       0       0       1       0                               0D    158
     126     117       0       0       0                        01010500D    159
     126       0       0       2       0                               0D    160
     124     119       0       0       0                        00000000D    161
     124       0       0       3       0                               0D    162
     100     122       0       0       0             161        01010000D    163
     100       0       0       1       0                               0D    164
     102     123       0       0       0                        01010500D    165
     102       0       0       1       0                               0D    166
     102     124       0       0       0                        01010000D    167
     102       0       0       1       0                               0D    168
     142     125       0       0       0                        00010500D    169
     142       0       0       1       0                               0D    170
     144     126       0       0       0                        00000000D    171
     144       0      -1       1       0                               0D    172
     110     127       0       0       0                        01010000D    173
     110       0       0       1       0                               0D    174
     110     128       0       0       0                        01010000D    175
     110       0       0       1       0                               0D    176
     120     129       0       0       0                        01010000D    177
     120       0       0       1       0                               0D    178
     126     130       0       0       0                        01010500D    179
     126       0       0       2       0                               0D    180
     110     132       0       0       0                        01010000D    181
     110       0       0       1       0                               0D    182
     126     133       0       0       0                        01010500D    183
     126       0       0       2       0                               0D    184
     124     135       0       0       0                        00000000D    185
     124       0       0       3       0                               0D    186
     100     138       0       0       0             185        01010000D    187
     100       0       0       1       0                               0D    188
     126     139       0       0       0                        01010500D    189
     126       0       0       2       0                               0D    190
     110     141       0       0       0                        01010000D    191
     110       0       0       1       0                               0D    192
     126     142       0       0       0                        01010500D    193
     126       0       0       2       0                               0D    194
     124     144       0       0       0                        00000000D    195
     124       0       0       3       0                               0D    196
     100     147       0       0       0             195        01010000D    197
     100       0       0       1       0                               0D    198
     102     148       0       0       0                        01010500D    199
     102       0       0       1       0                               0D    200
     102     149       0       0       0                        01010000D    201
     102       0       0       1       0                               0D    202
     142     150       0       0       0                        00010500D    203
     142       0       0       1       0                               0D    204
     144     151       0       0       0                        00000000D    205
     144       0      -1       1       0                               0D    206
     110     152       0       0       0                        01010000D    207
     110       0       0       1       0                               0D    208
     110     153       0       0       0                        01010000D    209
     110       0       0       1       0                               0D    210
     120     154       0       0       0                        01010000D    211
     120       0       0       1       0                               0D    212
     126     155       0       0       0                        01010500D    213
     126       0       0       2       0                               0D    214
     110     157       0       0       0                        01010000D    215
     110       0       0       1       0                               0D    216
     126     158       0       0       0                        01010500D    217
     126       0       0       2       0                               0D    218
     124     160       0       0       0                        00000000D    219
     124       0       0       3       0                               0D    220
     100     163       0       0       0             219        01010000D    221
     100       0       0       1       0                               0D    222
     126     164       0       0       0                        01010500D    223
     126       0       0       2       0                               0D    224
     110     166       0       0       0                        01010000D    225
     110       0       0       1       0                               0D    226
     126     167       0       0       0                        01010500D    227
     126       0       0       2       0                               0D    228
     124     169       0       0       0                        00000000D    229
     124       0       0       3       0                               0D    230
     100     172       0       0       0             229        01010000D    231
     100       0       0       1       0                               0D    232
     102     173       0       0       0                        01010500D    233
     102       0       0       1       0                               0D    234
     102     174       0       0       0                        01010000D    235
     102       0       0       1       0                               0D    236
     142     175       0       0       0                        00010500D    237
     142       0       0       1       0                               0D    238
     144     176       0       0       0                        00000000D    239
     144       0      -1       1       0                               0D    240
     110     177       0       0       0                        01010000D    241
     110       0       0       1       0                               0D    242
     110     178       0       0       0                        01010000D    243
     110       0       0       1       0                               0D    244
     120     179       0       0       0                        01010000D    245
     120       0       0       1       0                               0D    246
     126     180       0       0       0                        01010500D    247
     126       0       0       2       0                               0D    248
     110     182       0       0       0                        01010000D    249
     110       0       0       1       0                               0D    250
     126     183       0       0       0                        01010500D    251
     126       0       0       2       0                               0D    252
     124     185       0       0       0                        00000000D    253
     124       0       0       3       0                               0D    254
     100     188       0       0       0             253        01010000D    255
     100       0       0       1       0                               0D    256
     126     189       0       0       0                        01010500D    257
     126       0       0       2       0                               0D    258
     110     191       0       0       0                        01010000D    259
     110       0       0       1       0                               0D    260
     126     192       0       0       0                        01010500D    261
     126       0       0       2       0                               0D    262
     124     194       0       0       0                        00000000D    263
     124       0       0       3       0                               0D    264
     100     197       0       0       0             263        01010000D    265
     100       0       0       1       0                               0D    266
     102     198       0       0       0                        01010500D    267
     102       0       0       1       0                               0D    268
     102     199       0       0       0                        01010000D    269
     102       0       0       1       0                               0D    270
     142     200       0       0       0                        00010500D    271
     142       0       0       1       0                               0D    272
     144     201       0       0       0                        00000000D    273
     144       0      -1       1       0                               0D    274
     110     202       0       0       0                        01010000D    275
     110       0       0       1       0                               0D    276
     110     203       0       0       0                        01010000D    277
     110       0       0       1       0                               0D    278
     120     204       0       0       0                        01010000D    279
     120       0       0       1       0                               0D    280
     126     205       0       0       0                        01010500D    281
     126       0       0       2       0                               0D    282
     110     207       0       0       0                        01010000D    283
     110       0       0       1       0                               0D    284
     126     208       0       0       0                        01010500D    285
     126       0       0       2       0                               0D    286
     124     210       0       0       0                        00000000D    287
     124       0       0       3       0                               0D    288
     100     213       0       0       0             287        01010000D    289
     100       0       0       1       0                               0D    290
     126     214       0       0       0                        01010500D    291
     126       0       0       2       0                               0D    292
     110     216       0       0       0                        01010000D    293
     110       0       0       1       0                               0D    294
     126     217       0       0       0                        01010500D    295
     126       0       0       2       0                               0D    296
     124     219       0       0       0                        00000000D    297
     124       0       0       3       0                               0D    298
     100     222       0       0       0             297        01010000D    299
     100       0       0       1       0                               0D    300
     102     223       0       0       0                        01010500D    301
     102       0       0       1       0                               0D    302
     102     224       0       0       0                        01010000D    303
     102       0       0       1       0                               0D    304
     142     225       0       0       0                        00010500D    305
     142       0       0       1       0                               0D    306
     144     226       0       0       0                        00000000D    307
     144       0      -1       1       0                               0D    308
     110     227       0       0       0                        01010000D    309
     110       0       0       1       0                               0D    310
     110     228       0       0       0                        01010000D    311
     110       0       0       1       0                               0D    312
     120     229       0       0       0                        01010000D    313
     120       0       0       1       0                               0D    314
     126     230       0       0       0                        01010500D    315
     126       0       0       2       0                               0D    316
     110     232       0       0       0                        01010000D    317
     110       0       0       1       0                               0D    318
     126     233       0       0       0                        01010500D    319
     126       0       0       2       0                               0D    320
     124     235       0       0       0                        00000000D    321
     124       0       0       3       0                               0D    322
     100     238       0       0       0             321        01010000D    323
     100       0       0       1       0                               0D    324
     126     239       0       0       0                        01010500D    325
     126       0       0       2       0                               0D    326
     110     241       0       0       0                        01010000D    327
     110       0       0       1       0                               0D    328
     126     242       0       0       0                        01010500D    329
     126       0       0       2       0                               0D    330
     124     244       0       0       0                        00000000D    331
     124       0       0       3       0                               0D    332
     100     247       0       0       0             331        01010000D    333
     100       0       0       1       0                               0D    334
     102     248       0       0       0                        01010500D    335
     102       0       0       1       0                               0D    336
     102     249       0       0       0                        01010000D    337
     102       0       0       1       0                               0D    338
     142     250       0       0       0                        00010500D    339
     142       0       0       1       0                               0D    340
     144     251       0       0       0                        00000000D    341
     144       0      -1       1       0                               0D    342
     110     252       0       0       0                        01010000D    343
     110       0       0       1       0                               0D    344
     110     253       0       0       0                        01010000D    345
     110       0       0       1       0                               0D    346
     120     254       0       0       0                        01010000D    347
     120       0       0       1       0                               0D    348
     126     255       0       0       0                        01010500D    349
     126       0       0       2       0                               0D    350
     110     257       0       0       0                        01010000D    351
     110       0       0       1       0                               0D    352
     126     258       0       0       0                        01010500D    353
     126       0       0       2       0                               0D    354
     124     260       0       0       0                        00000000D    355
     124       0       0       3       0                               0D    356
     100     263       0       0       0             355        01010000D    357
     100       0       0       1       0                               0D    358
     126     264       0       0       0                        01010500D    359
     126       0       0       2       0                               0D    360
     110     266       0       0       0                        01010000D    361
     110       0       0       1       0                               0D    362
     126     267       0       0       0                        01010500D    363
     126       0       0       2       0                               0D    364
     124     269       0       0       0                        00000000D    365
     124       0       0       3       0                               0D    366
     100     272       0       0       0             365        01010000D    367
     100       0       0       1       0                               0D    368
     102     273       0       0       0                        01010500D    369
     102       0       0       1       0                               0D    370
     102     274       0       0       0                        01010000D    371
     102       0       0       1       0                               0D    372
     142     275       0       0       0                        00010500D    373
     142       0       0       1       0                               0D    374
     144     276       0       0       0                        00000000D    375
     144       0      -1       1       0                               0D    376
     110     277       0       0       0                        01010000D    377
     110       0       0       1       0                               0D    378
     110     278       0       0       0                        01010000D    379
     110       0       0       1       0                               0D    380
     120     279       0       0       0                        01010000D    381
     120       0       0       1       0                               0D    382
     126     280       0       0       0                        01010500D    383
     126       0       0       2       0                               0D    384
     110     282       0       0       0                        01010000D    385
     110       0       0       1       0                               0D    386
     126     283       0       0       0                        01010500D    387
     126       0       0       2       0                               0D    388
     124     285       0       0       0                        00000000D    389
     124       0       0       3       0                               0D    390
     100     288       0       0       0             389        01010000D    391
     100       0       0       1       0                               0D    392
     126     289       0       0       0                        01010500D    393
     126       0       0       2       0                               0D    394
     110     291       0       0       0                        01010000D    395
     110       0       0       1       0                               0D    396
     126     292       0       0       0                        01010500D    397
     126       0       0       2       0                               0D    398
     124     294       0       0       0                        00000000D    399
     124       0       0       3       0                               0D    400
     100     297       0       0       0             399        01010000D    401
     100       0       0       1       0                               0D    402
     102     298       0       0       0                        01010500D    403
     102       0       0       1       0                               0D    404
     102     299       0       0       0                        01010000D    405
     102       0       0       1       0                               0D    406
     142     300       0       0       0                        00010500D    407
     142       0       0       1       0                               0D    408
     144     301       0       0       0                        00000000D    409
     144       0      -1       1       0                               0D    410
     110     302       0       0       0                        01010000D    411
     110       0       0       1       0                               0D    412
     110     303       0       0       0                        01010000D    413
     110       0       0       1       0                               0D    414
     120     304       0       0       0                        01010000D    415
     120       0       0       1       0                               0D    416
     126     305       0       0       0                        01010500D    417
     126       0       0       2       0                               0D    418
     110     307       0       0       0                        01010000D    419
     110       0       0       1       0                               0D    420
     126     308       0       0       0                        01010500D    421
     126       0       0       2       0                               0D    422
     124     310       0       0       0                        00000000D    423
     124       0       0       3       0                               0D    424
     100     313       0       0       0             423        01010000D    425
     100       0       0       1       0                               0D    426
     126     314       0       0       0                        01010500D    427
     126       0       0       2       0                               0D    428
     110     316       0       0       0                        01010000D    429
     110       0       0       1       0                               0D    430
     126     317       0       0       0                        01010500D    431
     126       0       0       2       0                               0D    432
     124     319       0       0       0                        00000000D    433
     124       0       0       3       0                               0D    434
     100     322       0       0       0             433        01010000D    435
     100       0       0       1       0                               0D    436
     102     323       0       0       0                        01010500D    437
     102       0       0       1       0                               0D    438
     102     324       0       0       0                        01010000D    439
     102       0       0       1       0                               0D    440
     142     325       0       0       0                        00010500D    441
     142       0       0       1       0                               0D    442
     144     326       0       0       0                        00000000D    443
     144       0      -1       1       0                               0D    444
     110     327       0       0       0                        01010000D    445
     110       0       0       1       0                               0D    446
     110     328       0       0       0                        01010000D    447
     110       0       0       1       0                               0D    448
     120     329       0       0       0                        01010000D    449
     120       0       0       1       0                               0D    450
     126     330       0       0       0                        01010500D    451
     126       0       0       2       0                               0D    452
     110     332       0       0       0                        01010000D    453
     110       0       0       1       0                               0D    454
     126     333       0       0       0                        01010500D    455
     126       0       0       2       0                               0D    456
     124     335       0       0       0                        00000000D    457
     124       0       0       3       0                               0D    458
     100     338       0       0       0             457        01010000D    459
     100       0       0       1       0                               0D    460
     126     339       0       0       0                        01010500D    461
     126       0       0       2       0                               0D    462
     110     341       0       0       0                        01010000D    463
     110       0       0       1       0                               0D    464
     126     342       0       0       0                        01010500D    465
     126       0       0       2       0                               0D    466
     124     344       0       0       0                        00000000D    467
     124       0       0       3       0                               0D    468
     100     347       0       0       0             467        01010000D    469
     100       0       0       1       0                               0D    470
     102     348       0       0       0                        01010500D    471
     102       0       0       1       0                               0D    472
     102     349       0       0       0                        01010000D    473
     102       0       0       1       0                               0D    474
     142     350       0       0       0                        00010500D    475
     142       0       0       1       0                               0D    476
     144     351       0       0       0                        00000000D    477
     144       0      -1       1       0                               0D    478
     110     352       0       0       0                        01010000D    479
     110       0       0       1       0                               0D    480
     110     353       0       0       0                        01010000D    481
     110       0       0       1       0                               0D    482
     120     354       0       0       0                        01010000D    483
     120       0       0       1       0                               0D    484
     126     355       0       0       0                        01010500D    485
     126       0       0       2       0                               0D    486
     110     357       0       0       0                        01010000D    487
     110       0       0       1       0                               0D    488
     126     358       0       0       0                        01010500D    489
     126       0       0       2       0                               0D    490
     124     360       0       0       0                        00000000D    491
     124       0       0       3       0                               0D    492
     100     363       0       0       0             491        01010000D    493
     100       0       0       1       0                               0D    494
     126     364       0       0       0                        01010500D    495
     126       0       0       2       0                               0D    496
     110     366       0       0       0                        01010000D    497
     110       0       0       1       0                               0D    498
     126     367       0       0       0                        01010500D    499
     126       0       0       2       0                               0D    500
     124     369       0       0       0                        00000000D    501
     124       0       0       3       0                               0D    502
     100     372       0       0       0             501        01010000D    503
     100       0       0       1       0                               0D    504
     102     373       0       0       0                        01010500D    505
     102       0       0       1       0                               0D    506
     102     374       0       0       0                        01010000D    507
     102       0       0       1       0                               0D    508
     142     375       0       0       0                        00010500D    509
     142       0       0       1       0                               0D    510
     144     376       0       0       0                        00000000D    511
     144       0      -1       1       0                               0D    512
     110     377       0       0       0                        01010000D    513
     110       0       0       1       0                               0D    514
     110     378       0       0       0                        01010000D    515
     110       0       0       1       0                               0D    516
     120     379       0       0       0                        01010000D    517
     120       0       0       1       0                               0D    518
     126     380       0       0       0                        01010500D    519
     126       0       0       2       0                               0D    520
     110     382       0       0       0                        01010000D    521
     110       0       0       1       0                               0D    522
     126     383       0       0       0                        01010500D    523
     126       0       0       2       0                               0D    524
     124     385       0       0       0                        00000000D    525
     124       0       0       4       0                               0D    526
     100     389       0       0       0             525        01010000D    527
     100       0       0       1       0                               0D    528
     126     390       0       0       0                        01010500D    529
     126       0       0       2       0                               0D    530
     110     392       0       0       0                        01010000D    531
     110       0       0       1       0                               0D    532
     126     393       0       0       0                        01010500D    533
     126       0       0       2       0                               0D    534
     124     395       0       0       0                        00000000D    535
     124       0       0       3       0                               0D    536
     100     398       0       0       0             535        01010000D    537
     100       0       0       1       0                               0D    538
     102     399       0       0       0                        01010500D    539
     102       0       0       1       0                               0D    540
     102     400       0       0       0                        01010000D    541
     102       0       0       1       0                               0D    542
     142     401       0       0       0                        00010500D    543
     142       0       0       1       0                               0D    544
     144     402       0       0       0                        00000000D    545
     144       0      -1       1       0                               0D    546
     110     403       0       0       0                        01010000D    547
     110       0       0       1       0                               0D    548
     110     404       0       0       0                        01010000D    549
     110       0       0       1       0                               0D    550
     120     405       0       0       0                        01010000D    551
     120       0       0       1       0                               0D    552
     126     406       0       0       0                        01010500D    553
     126       0       0       2       0                               0D    554
     110     408       0       0       0                        01010000D    555
     110       0       0       1       0                               0D    556
     126     409       0       0       0                        01010500D    557
     126       0       0       2       0                               0D    558
     124     411       0       0       0                        00000000D    559
     124       0       0       3       0                               0D    560
     100     414       0       0       0             559        01010000D    561
     100       0       0       1       0                               0D    562
     126     415       0       0       0                        01010500D    563
     126       0       0       2       0                               0D    564
     110     417       0       0       0                        01010000D    565
     110       0       0       1       0                               0D    566
     126     418       0       0       0                        01010500D    567
     126       0       0       2       0                               0D    568
     124     420       0       0       0                        00000000D    569
     124       0       0       3       0                               0D    570
     100     423       0       0       0             569        01010000D    571
     100       0       0       1       0                               0D    572
     102     424       0       0       0                        01010500D    573
     102       0       0       1       0                               0D    574
     102     425       0       0       0                        01010000D    575
     102       0       0       1       0                               0D    576
     142     426       0       0       0                        00010500D    577
     142       0       0       1       0                               0D    578
     144     427       0       0       0                        00000000D    579
     144       0      -1       1       0                               0D    580
     110     428       0       0       0                        01010000D    581
     110       0       0       1       0                               0D    582
     110     429       0       0       0                        01010000D    583
     110       0       0       1       0                               0D    584
     120     430       0       0       0                        01010000D    585
     120       0       0       1       0                               0D    586
     126     431       0       0       0                        01010500D    587
     126       0       0       2       0                               0D    588
     110     433       0       0       0                        01010000D    589
     110       0       0       1       0                               0D    590
     126     434       0       0       0                        01010500D    591
     126       0       0       2       0                               0D    592
     124     436       0       0       0                        00000000D    593
     124       0       0       3       0                               0D    594
     100     439       0       0       0             593        01010000D    595
     100       0       0       1       0                               0D    596
     126     440       0       0       0                        01010500D    597
     126       0       0       2       0                               0D    598
     110     442       0       0       0                        01010000D    599
     110       0       0       1       0                               0D    600
     126     443       0       0       0                        01010500D    601
     126       0       0       2       0                               0D    602
     124     445       0       0       0                        00000000D    603
     124       0       0       3       0                               0D    604
     100     448       0       0       0             603        01010000D    605
     100       0       0       1       0                               0D    606
     102     449       0       0       0                        01010500D    607
     102       0       0       1       0                               0D    608
     102     450       0       0       0                        01010000D    609
     102       0       0       1       0                               0D    610
     142     451       0       0       0                        00010500D    611
     142       0       0       1       0                               0D    612
     144     452       0       0       0                        00000000D    613
     144       0      -1       1       0                               0D    614
     110     453       0       0       0                        01010000D    615
     110       0       0       1       0                               0D    616
     110     454       0       0       0                        01010000D    617
     110       0       0       1       0                               0D    618
     120     455       0       0       0                        01010000D    619
     120       0       0       1       0                               0D    620
     126     456       0       0       0                        01010500D    621
     126       0       0       2       0                               0D    622
     110     458       0       0       0                        01010000D    623
     110       0       0       1       0                               0D    624
     126     459       0       0       0                        01010500D    625
     126       0       0       2       0                               0D    626
     124     461       0       0       0                        00000000D    627
     124       0       0       3       0                               0D    628
     100     464       0       0       0             627        01010000D    629
     100       0       0       1       0                               0D    630
     126     465       0       0       0                        01010500D    631
     126       0       0       2       0                               0D    632
     110     467       0       0       0                        01010000D    633
     110       0       0       1       0                               0D    634
     126     468       0       0       0                        01010500D    635
     126       0       0       2       0                               0D    636
     124     470       0       0       0                        00000000D    637
     124       0       0       3       0                               0D    638
     100     473       0       0       0             637        01010000D    639
     100       0       0       1       0                               0D    640
     102     474       0       0       0                        01010500D    641
     102       0       0       1       0                               0D    642
     102     475       0       0       0                        01010000D    643
     102       0       0       1       0                               0D    644
     142     476       0       0       0                        00010500D    645
     142       0       0       1       0                               0D    646
     144     477       0       0       0                        00000000D    647
     144       0      -1       1       0                               0D    648
     110     478       0       0       0                        01010000D    649
     110       0       0       1       0                               0D    650
     110     479       0       0       0                        01010000D    651
     110       0       0       1       0                               0D    652
     120     480       0       0       0                        01010000D    653
     120       0       0       1       0                               0D    654
     126     481       0       0       0                        01010500D    655
     126       0       0       2       0                               0D    656
     124     483       0       0       0                        00000000D    657
     124       0       0       4       0                               0D    658
     100     487       0       0       0             657        01010000D    659
     100       0       0       1       0                               0D    660
     126     488       0       0       0                        01010500D    661
     126       0       0       2       0                               0D    662
     110     490       0       0       0                        01010000D    663
     110       0       0       1       0                               0D    664
     126     491       0       0       0                        01010500D    665
     126       0       0       2       0                               0D    666
     124     493       0       0       0                        00000000D    667
     124       0       0       2       0                               0D    668
     100     495       0       0       0             667        01010000D    669
     100       0       0       1       0                               0D    670
     126     496       0       0       0                        01010500D    671
     126       0       0       2       0                               0D    672
     110     498       0       0       0                        01010000D    673
     110       0       0       1       0                               0D    674
     102     499       0       0       0                        01010500D    675
     102       0       0       1       0                               0D    676
     102     500       0       0       0                        01010000D    677
     102       0       0       1       0                               0D    678
     142     501       0       0       0                        00010500D    679
     142       0       0       1       0                               0D    680
     144     502       0       0       0                        00000000D    681
     144       0      -1       1       0                               0D    682
     128     503       0       0       0                        01010000D    683
     128       0       0      17       0                               0D    684
     126     520       0       0       0                        01010500D    685
     126       0       0       2       0                               0D    686
     124     522       0       0       0                        00000000D    687
     124       0       0       4       0                               0D    688
     100     526       0       0       0             687        01010000D    689
     100       0       0       1       0                               0D    690
     126     527       0       0       0                        01010500D    691
     126       0       0       2       0                               0D    692
     124     529       0       0       0                        00000000D    693
     124       0       0       4       0                               0D    694
     100     533       0       0       0             693        01010000D    695
     100       0       0       1       0                               0D    696
     126     534       0       0       0                        01010500D    697
     126       0       0       2       0                               0D    698
     124     536       0       0       0                        00000000D    699
     124       0       0       3       0                               0D    700
     100     539       0       0       0             699        01010000D    701
     100       0       0       1       0                               0D    702
     126     540       0       0       0                        01010500D    703
     126       0       0       2       0                               0D    704
     126     542       0       0       0                        01010000D    705
     126       0       0      57       0                               0D    706
     102     599       0       0       0                        01010500D    707
     102       0       0       1       0                               0D    708
     102     600       0       0       0                        01010000D    709
     102       0       0       1       0                               0D    710
     142     601       0       0       0                        00010500D    711
     142       0       0       1       0                               0D    712
     144     602       0       0       0                        00000000D    713
     144       0      -1       1       0                               0D    714
     128     603       0       0       0                        01010000D    715
     128       0       0      15       0                               0D    716
     126     618       0       0       0                        01010500D    717
     126       0       0       2       0                               0D    718
     124     620       0       0       0                        00000000D    719
     124       0       0       3       0                               0D    720
     100     623       0       0       0             719        01010000D    721
     100       0       0       1       0                               0D    722
     126     624       0       0       0                        01010500D    723
     126       0       0       2       0                               0D    724
     126     626       0       0       0                        01010000D    725
     126       0       0       3       0                               0D    726
     126     629       0       0       0                        01010500D    727
     126       0       0       2       0                               0D    728
     124     631       0       0       0                        00000000D    729
     124       0       0       2       0                               0D    730
     100     633       0       0       0             729        01010000D    731
     100       0       0       1       0                               0D    732
     126     634       0       0       0                        01010500D    733
     126       0       0       2       0                               0D    734
     124     636       0       0       0                        00000000D    735
     124       0       0       2       0                               0D    736
     100     638       0       0       0             735        01010000D    737
     100       0       0       1       0                               0D    738
     102     639       0       0       0                        01010500D    739
     102       0       0       1       0                               0D    740
     102     640       0       0       0                        01010000D    741
     102       0       0       1       0                               0D    742
     142     641       0       0       0                        00010500D    743
     142       0       0       1       0                               0D    744
     144     642       0       0       0                        00000000D    745
     144       0      -1       1       0                               0D    746
     110     643       0       0       0                        01010000D    747
     110       0       0       1       0                               0D    748
     110     644       0       0       0                        01010000D    749
     110       0       0       1       0                               0D    750
     120     645       0       0       0                        01010000D    751
     120       0       0       1       0                               0D    752
     126     646       0       0       0                        01010500D    753
     126       0       0       2       0                               0D    754
     124     648       0       0       0                        00000000D    755
     124       0       0       4       0                               0D    756
     100     652       0       0       0             755        01010000D    757
     100       0       0       1       0                               0D    758
     126     653       0       0       0                        01010500D    759
     126       0       0       2       0                               0D    760
     110     655       0       0       0                        01010000D    761
     110       0       0       1       0                               0D    762
     126     656       0       0       0                        01010500D    763
     126       0       0       2       0                               0D    764
     100     658       0       0       0                        01010000D    765
     100       0       0       1       0                               0D    766
     126     659       0       0       0                        01010500D    767
     126       0       0       2       0                               0D    768
     110     661       0       0       0                        01010000D    769
     110       0       0       1       0                               0D    770
     102     662       0       0       0                        01010500D    771
     102       0       0       1       0                               0D    772
     102     663       0       0       0                        01010000D    773
     102       0       0       1       0                               0D    774
     142     664       0       0       0                        00010500D    775
     142       0       0       1       0                               0D    776
     144     665       0       0       0                        00000000D    777
     144       0      -1       1       0                               0D    778
     128     666       0       0       0                        01010000D    779
     128       0       0       3       0                               0D    780
     126     669       0       0       0                        01010500D    781
     126       0       0      29       0                               0D    782
     126     698       0       0       0                        01010000D    783
     126       0       0      55       0                               0D    784
     126     753       0       0       0                        01010500D    785
     126       0       0       2       0                               0D    786
     110     755       0       0       0                        01010000D    787
     110       0       0       1       0                               0D    788
     126     756       0       0       0                        01010500D    789
     126       0       0       2       0                               0D    790
     110     758       0       0       0                        01010000D    791
     110       0       0       1       0                               0D    792
     126     759       0       0       0                        01010500D    793
     126       0       0       2       0                               0D    794
     110     761       0       0       0                        01010000D    795
     110       0       0       1       0                               0D    796
     102     762       0       0       0                        01010500D    797
     102       0       0       1       0                               0D    798
     102     763       0       0       0                        01010000D    799
     102       0       0       1       0                               0D    800
     142     764       0       0       0                        00010500D    801
     142       0       0       1       0                               0D    802
     126     765       0       0       0                        01010500D    803
     126       0       0      22       0                               0D    804
     124     787       0       0       0                        00000000D    805
     124       0       0       2       0                               0D    806
     100     789       0       0       0             805        01010000D    807
     100       0       0       1       0                               0D    808
     126     790       0       0       0                        01010500D    809
     126       0       0      21       0                               0D    810
     124     811       0       0       0                        00000000D    811
     124       0       0       3       0                               0D    812
     100     814       0       0       0             811        01010000D    813
     100       0       0       1       0                               0D    814
     102     815       0       0       0                        01010500D    815
     102       0       0       1       0                               0D    816
     102     816       0       0       0                        01010000D    817
     102       0       0       1       0                               0D    818
     142     817       0       0       0                        00010500D    819
     142       0       0       1       0                               0D    820
     126     818       0       0       0                        01010500D    821
     126       0       0      22       0                               0D    822
     124     840       0       0       0                        00000000D    823
     124       0       0       2       0                               0D    824
     100     842       0       0       0             823        01010000D    825
     100       0       0       1       0                               0D    826
     126     843       0       0       0                        01010500D    827
     126       0       0      22       0                               0D    828
     124     865       0       0       0                        00000000D    829
     124       0       0       3       0                               0D    830
     100     868       0       0       0             829        01010000D    831
     100       0       0       1       0                               0D    832
     102     869       0       0       0                        01010500D    833
     102       0       0       1       0                               0D    834
     102     870       0       0       0                        01010000D    835
     102       0       0       1       0                               0D    836
     142     871       0       0       0                        00010500D    837
     142       0       0       1       0                               0D    838
     126     872       0       0       0                        01010500D    839
     126       0       0      22       0                               0D    840
     124     894       0       0       0                        00000000D    841
     124       0       0       2       0                               0D    842
     100     896       0       0       0             841        01010000D    843
     100       0       0       1       0                               0D    844
     126     897       0       0       0                        01010500D    845
     126       0       0      22       0                               0D    846
     124     919       0       0       0                        00000000D    847
     124       0       0       3       0                               0D    848
     100     922       0       0       0             847        01010000D    849
     100       0       0       1       0                               0D    850
     102     923       0       0       0                        01010500D    851
     102       0       0       1       0                               0D    852
     102     924       0       0       0                        01010000D    853
     102       0       0       1       0                               0D    854
     142     925       0       0       0                        00010500D    855
     142       0       0       1       0                               0D    856
     126     926       0       0       0                        01010500D    857
     126       0       0      22       0                               0D    858
     124     948       0       0       0                        00000000D    859
     124       0       0       2       0                               0D    860
     100     950       0       0       0             859        01010000D    861
     100       0       0       1       0                               0D    862
     126     951       0       0       0                        01010500D    863
     126       0       0      22       0                               0D    864
     124     973       0       0       0                        00000000D    865
     124       0       0       3       0                               0D    866
     100     976       0       0       0             865        01010000D    867
     100       0       0       1       0                               0D    868
     102     977       0       0       0                        01010500D    869
     102       0       0       1       0                               0D    870
     102     978       0       0       0                        01010000D    871
     102       0       0       1       0                               0D    872
     142     979       0       0       0                        00010500D    873
     142       0       0       1       0                               0D    874
     126     980       0       0       0                        01010500D    875
     126       0       0      22       0                               0D    876
     124    1002       0       0       0                        00000000D    877
     124       0       0       2       0                               0D    878
     100    1004       0       0       0             877        01010000D    879
     100       0       0       1       0                               0D    880
     126    1005       0       0       0                        01010500D    881
     126       0       0      22       0                               0D    882
     124    1027       0       0       0                        00000000D    883
     124       0       0       3       0                               0D    884
     100    1030       0       0       0             883        01010000D    885
     100       0       0       1       0                               0D    886
     102    1031       0       0       0                        01010500D    887
     102       0       0       1       0                               0D    888
     102    1032       0       0       0                        01010000D    889
     102       0       0       1       0                               0D    890
     142    1033       0       0       0                        00010500D    891
     142       0       0       1       0                               0D    892
     126    1034       0       0       0                        01010500D    893
     126       0       0      22       0                               0D    894
     124    1056       0       0       0                        00000000D    895
     124       0       0       2       0                               0D    896
     100    1058       0       0       0             895        01010000D    897
     100       0       0       1       0                               0D    898
     126    1059       0       0       0                        01010500D    899
     126       0       0      22       0                               0D    900
     124    1081       0       0       0                        00000000D    901
     124       0       0       3       0                               0D    902
     100    1084       0       0       0             901        01010000D    903
     100       0       0       1       0                               0D    904
     102    1085       0       0       0                        01010500D    905
     102       0       0       1       0                               0D    906
     102    1086       0       0       0                        01010000D    907
     102       0       0       1       0                               0D    908
     142    1087       0       0       0                        00010500D    909
     142       0       0       1       0                               0D    910
     144    1088       0       0       0                        00000000D    911
     144       0      -1       1       0                               0D    912
     128    1089       0       0       0                        01010000D    913
     128       0       0       3       0                               0D    914
     126    1092       0       0       0                        01010500D    915
     126       0       0      29       0                               0D    916
     126    1121       0       0       0                        01010000D    917
     126       0       0       3       0                               0D    918
     126    1124       0       0       0                        01010500D    919
     126       0       0       2       0                               0D    920
     110    1126       0       0       0                        01010000D    921
     110       0       0       1       0                               0D    922
     126    1127       0       0       0                        01010500D    923
     126       0       0       2       0                               0D    924
     110    1129       0       0       0                        01010000D    925
     110       0       0       1       0                               0D    926
     126    1130       0       0       0                        01010500D    927
     126       0       0       2       0                               0D    928
     110    1132       0       0       0                        01010000D    929
     110       0       0       1       0                               0D    930
     102    1133       0       0       0                        01010500D    931
     102       0       0       1       0                               0D    932
     102    1134       0       0       0                        01010000D    933
     102       0       0       1       0                               0D    934
     142    1135       0       0       0                        00010500D    935
     142       0       0       1       0                               0D    936
     126    1136       0       0       0                        01010500D    937
     126       0       0      22       0                               0D    938
     124    1158       0       0       0                        00000000D    939
     124       0       0       3       0                               0D    940
     100    1161       0       0       0             939        01010000D    941
     100       0       0       1       0                               0D    942
     126    1162       0       0       0                        01010500D    943
     126       0       0      22       0                               0D    944
     124    1184       0       0       0                        00000000D    945
     124       0       0       2       0                               0D    946
     100    1186       0       0       0             945        01010000D    947
     100       0       0       1       0                               0D    948
     102    1187       0       0       0                        01010500D    949
     102       0       0       1       0                               0D    950
     102    1188       0       0       0                        01010000D    951
     102       0       0       1       0                               0D    952
     142    1189       0       0       0                        00010500D    953
     142       0       0       1       0                               0D    954
     126    1190       0       0       0                        01010500D    955
     126       0       0      22       0                               0D    956
     124    1212       0       0       0                        00000000D    957
     124       0       0       3       0                               0D    958
     100    1215       0       0       0             957        01010000D    959
     100       0       0       1       0                               0D    960
     126    1216       0       0       0                        01010500D    961
     126       0       0      22       0                               0D    962
     124    1238       0       0       0                        00000000D    963
     124       0       0       2       0                               0D    964
     100    1240       0       0       0             963        01010000D    965
     100       0       0       1       0                               0D    966
     102    1241       0       0       0                        01010500D    967
     102       0       0       1       0                               0D    968
     102    1242       0       0       0                        01010000D    969
     102       0       0       1       0                               0D    970
     142    1243       0       0       0                        00010500D    971
     142       0       0       1       0                               0D    972
     126    1244       0       0       0                        01010500D    973
     126       0       0      22       0                               0D    974
     124    1266       0       0       0                        00000000D    975
     124       0       0       3       0                               0D    976
     100    1269       0       0       0             975        01010000D    977
     100       0       0       1       0                               0D    978
     126    1270       0       0       0                        01010500D    979
     126       0       0      22       0                               0D    980
     124    1292       0       0       0                        00000000D    981
     124       0       0       2       0                               0D    982
     100    1294       0       0       0             981        01010000D    983
     100       0       0       1       0                               0D    984
     102    1295       0       0       0                        01010500D    985
     102       0       0       1       0                               0D    986
     102    1296       0       0       0                        01010000D    987
     102       0       0       1       0                               0D    988
     142    1297       0       0       0                        00010500D    989
     142       0       0       1       0                               0D    990
     126    1298       0       0       0                        01010500D    991
     126       0       0      22       0                               0D    992
     124    1320       0       0       0                        00000000D    993
     124       0       0       3       0                               0D    994
     100    1323       0       0       0             993        01010000D    995
     100       0       0       1       0                               0D    996
     126    1324       0       0       0                        01010500D    997
     126       0       0      22       0                               0D    998
     124    1346       0       0       0                        00000000D    999
     124       0       0       2       0                               0D   1000
     100    1348       0       0       0             999        01010000D   1001
     100       0       0       1       0                               0D   1002
     102    1349       0       0       0                        01010500D   1003
     102       0       0       1       0                               0D   1004
     102    1350       0       0       0                        01010000D   1005
     102       0       0       1       0                               0D   1006
     142    1351       0       0       0                        00010500D   1007
     142       0       0       1       0                               0D   1008
     126    1352       0       0       0                        01010500D   1009
     126       0       0      22       0                               0D   1010
     124    1374       0       0       0                        00000000D   1011
     124       0       0       3       0                               0D   1012
     100    1377       0       0       0            1011        01010000D   1013
     100       0       0       1       0                               0D   1014
     126    1378       0       0       0                        01010500D   1015
     126       0       0      22       0                               0D   1016
     124    1400       0       0       0                        00000000D   1017
     124       0       0       2       0                               0D   1018
     100    1402       0       0       0            1017        01010000D   1019
     100       0       0       1       0                               0D   1020
     102    1403       0       0       0                        01010500D   1021
     102       0       0       1       0                               0D   1022
     102    1404       0       0       0                        01010000D   1023
     102       0       0       1       0                               0D   1024
     142    1405       0       0       0                        00010500D   1025
     142       0       0       1       0                               0D   1026
     126    1406       0       0       0                        01010500D   1027
     126       0       0      22       0                               0D   1028
     124    1428       0       0       0                        00000000D   1029
     124       0       0       3       0                               0D   1030
     100    1431       0       0       0            1029        01010000D   1031
     100       0       0       1       0                               0D   1032
     126    1432       0       0       0                        01010500D   1033
     126       0       0      22       0                               0D   1034
     124    1454       0       0       0                        00000000D   1035
     124       0       0       2       0                               0D   1036
     100    1456       0       0       0            1035        01010000D   1037
     100       0       0       1       0                               0D   1038
     102    1457       0       0       0                        01010500D   1039
     102       0       0       1       0                               0D   1040
     102    1458       0       0       0                        01010000D   1041
     102       0       0       1       0                               0D   1042
     142    1459       0       0       0                        00010500D   1043
     142       0       0       1       0                               0D   1044
     144    1460       0       0       0                        00000000D   1045
     144       0      -1       1       0                               0D   1046
     128    1461       0       0       0                        01010000D   1047
     128       0       0       2       0                               0D   1048
     126    1463       0       0       0                        01010500D   1049
     126       0       0       2       0                               0D   1050
     110    1465       0       0       0                        01010000D   1051
     110       0       0       1       0                               0D   1052
     126    1466       0       0       0                        01010500D   1053
     126       0       0       2       0                               0D   1054
     110    1468       0       0       0                        01010000D   1055
     110       0       0       1       0                               0D   1056
     126    1469       0       0       0                        01010500D   1057
     126       0       0       2       0                               0D   1058
     110    1471       0       0       0                        01010000D   1059
     110       0       0       1       0                               0D   1060
     126    1472       0       0       0                        01010500D   1061
     126       0       0       2       0                               0D   1062
     110    1474       0       0       0                        01010000D   1063
     110       0       0       1       0                               0D   1064
     102    1475       0       0       0                        01010500D   1065
     102       0       0       1       0                               0D   1066
     102    1476       0       0       0                        01010000D   1067
     102       0       0       1       0                               0D   1068
     142    1477       0       0       0                        00010500D   1069
     142       0       0       1       0                               0D   1070
     126    1478       0       0       0                        01010500D   1071
     126       0       0      22       0                               0D   1072
     124    1500       0       0       0                        00000000D   1073
     124       0       0       3       0                               0D   1074
     100    1503       0       0       0            1073        01010000D   1075
     100       0       0       1       0                               0D   1076
     126    1504       0       0       0                        01010500D   1077
     126       0       0      22       0                               0D   1078
     124    1526       0       0       0                        00000000D   1079
     124       0       0       3       0                               0D   1080
     100    1529       0       0       0            1079        01010000D   1081
     100       0       0       1       0                               0D   1082
     102    1530       0       0       0                        01010500D   1083
     102       0       0       1       0                               0D   1084
     102    1531       0       0       0                        01010000D   1085
     102       0       0       1       0                               0D   1086
     142    1532       0       0       0                        00010500D   1087
     142       0       0       1       0                               0D   1088
     126    1533       0       0       0                        01010500D   1089
     126       0       0      22       0                               0D   1090
     124    1555       0       0       0                        00000000D   1091
     124       0       0       3       0                               0D   1092
     100    1558       0       0       0            1091        01010000D   1093
     100       0       0       1       0                               0D   1094
     126    1559       0       0       0                        01010500D   1095
     126       0       0      22       0                               0D   1096
     124    1581       0       0       0                        00000000D   1097
     124       0       0       3       0                               0D   1098
     100    1584       0       0       0            1097        01010000D   1099
     100       0       0       1       0                               0D   1100
     102    1585       0       0       0                        01010500D   1101
     102       0       0       1       0                               0D   1102
     102    1586       0       0       0                        01010000D   1103
     102       0       0       1       0                               0D   1104
     142    1587       0       0       0                        00010500D   1105
     142       0       0       1       0                               0D   1106
     126    1588       0       0       0                        01010500D   1107
     126       0       0      22       0                               0D   1108
     124    1610       0       0       0                        00000000D   1109
     124       0       0       3       0                               0D   1110
     100    1613       0       0       0            1109        01010000D   1111
     100       0       0       1       0                               0D   1112
     126    1614       0       0       0                        01010500D   1113
     126       0       0      22       0                               0D   1114
     124    1636       0       0       0                        00000000D   1115
     124       0       0       3       0                               0D   1116
     100    1639       0       0       0            1115        01010000D   1117
     100       0       0       1       0                               0D   1118
     102    1640       0       0       0                        01010500D   1119
     102       0       0       1       0                               0D   1120
     102    1641       0       0       0                        01010000D   1121
     102       0       0       1       0                               0D   1122
     142    1642       0       0       0                        00010500D   1123
     142       0       0       1       0                               0D   1124
     126    1643       0       0       0                        01010500D   1125
     126       0       0      21       0                               0D   1126
     124    1664       0       0       0                        00000000D   1127
     124       0       0       3       0                               0D   1128
     100    1667       0       0       0            1127        01010000D   1129
     100       0       0       1       0                               0D   1130
     126    1668       0       0       0                        01010500D   1131
     126       0       0      21       0                               0D   1132
     124    1689       0       0       0                        00000000D   1133
     124       0       0       3       0                               0D   1134
     100    1692       0       0       0            1133        01010000D   1135
     100       0       0       1       0                               0D   1136
     102    1693       0       0       0                        01010500D   1137
     102       0       0       1       0                               0D   1138
     102    1694       0       0       0                        01010000D   1139
     102       0       0       1       0                               0D   1140
     142    1695       0       0       0                        00010500D   1141
     142       0       0       1       0                               0D   1142
     126    1696       0       0       0                        01010500D   1143
     126       0       0      21       0                               0D   1144
     124    1717       0       0       0                        00000000D   1145
     124       0       0       3       0                               0D   1146
     100    1720       0       0       0            1145        01010000D   1147
     100       0       0       1       0                               0D   1148
     126    1721       0       0       0                        01010500D   1149
     126       0       0      21       0                               0D   1150
     124    1742       0       0       0                        00000000D   1151
     124       0       0       3       0                               0D   1152
     100    1745       0       0       0            1151        01010000D   1153
     100       0       0       1       0                               0D   1154
     102    1746       0       0       0                        01010500D   1155
     102       0       0       1       0                               0D   1156
     102    1747       0       0       0                        01010000D   1157
     102       0       0       1       0                               0D   1158
     142    1748       0       0       0                        00010500D   1159
     142       0       0       1       0                               0D   1160
     126    1749       0       0       0                        01010500D   1161
     126       0       0      22       0                               0D   1162
     124    1771       0       0       0                        00000000D   1163
     124       0       0       3       0                               0D   1164
     100    1774       0       0       0            1163        01010000D   1165
     100       0       0       1       0                               0D   1166
     126    1775       0       0       0                        01010500D   1167
     126       0       0      22       0                               0D   1168
     124    1797       0       0       0                        00000000D   1169
     124       0       0       3       0                               0D   1170
     100    1800       0       0       0            1169        01010000D   1171
     100       0       0       1       0                               0D   1172
     102    1801       0       0       0                        01010500D   1173
     102       0       0       1       0                               0D   1174
     102    1802       0       0       0                        01010000D   1175
     102       0       0       1       0                               0D   1176
     142    1803       0       0       0                        00010500D   1177
     142       0       0       1       0                               0D   1178
     126    1804       0       0       0                        01010500D   1179
     126       0       0      22       0                               0D   1180
     124    1826       0       0       0                        00000000D   1181
     124       0       0       3       0                               0D   1182
     100    1829       0       0       0            1181        01010000D   1183
     100       0       0       1       0                               0D   1184
     126    1830       0       0       0                        01010500D   1185
     126       0       0      22       0                               0D   1186
     124    1852       0       0       0                        00000000D   1187
     124       0       0       3       0                               0D   1188
     100    1855       0       0       0            1187        01010000D   1189
     100       0       0       1       0                               0D   1190
     102    1856       0       0       0                        01010500D   1191
     102       0       0       1       0                               0D   1192
     102    1857       0       0       0                        01010000D   1193
     102       0       0       1       0                               0D   1194
     142    1858       0       0       0                        00010500D   1195
     142       0       0       1       0                               0D   1196
     144    1859       0       0       0                        00000000D   1197
     144       0      -1       1       0                               0D   1198
     110    1860       0       0       0                        01010000D   1199
     110       0       0       1       0                               0D   1200
     110    1861       0       0       0                        01010000D   1201
     110       0       0       1       0                               0D   1202
     120    1862       0       0       0                        01010000D   1203
     120       0       0       1       0                               0D   1204
     126    1863       0       0       0                        01010500D   1205
     126       0       0       2       0                               0D   1206
     110    1865       0       0       0                        01010000D   1207
     110       0       0       1       0                               0D   1208
     126    1866       0       0       0                        01010500D   1209
     126       0       0       2       0                               0D   1210
     124    1868       0       0       0                        00000000D   1211
     124       0       0       3       0                               0D   1212
     100    1871       0       0       0            1211        01010000D   1213
     100       0       0       1       0                               0D   1214
     126    1872       0       0       0                        01010500D   1215
     126       0       0       2       0                               0D   1216
     110    1874       0       0       0                        01010000D   1217
     110       0       0       1       0                               0D   1218
     126    1875       0       0       0                        01010500D   1219
     126       0       0       2       0                               0D   1220
     124    1877       0       0       0                        00000000D   1221
     124       0       0       2       0                               0D   1222
     100    1879       0       0       0            1221        01010000D   1223
     100       0       0       1       0                               0D   1224
     102    1880       0       0       0                        01010500D   1225
     102       0       0       1       0                               0D   1226
     102    1881       0       0       0                        01010000D   1227
     102       0       0       1       0                               0D   1228
     142    1882       0       0       0                        00010500D   1229
     142       0       0       1       0                               0D   1230
     144    1883       0       0       0                        00000000D   1231
     144       0      -1       1       0                               0D   1232
     128    1884       0       0       0                        01010000D   1233
     128       0       0      15       0                               0D   1234
     126    1899       0       0       0                        01010500D   1235
     126       0       0       2       0                               0D   1236
     124    1901       0       0       0                        00000000D   1237
     124       0       0       2       0                               0D   1238
     100    1903       0       0       0            1237        01010000D   1239
     100       0       0       1       0                               0D   1240
     126    1904       0       0       0                        01010500D   1241
     126       0       0       2       0                               0D   1242
     126    1906       0       0       0                        01010000D   1243
     126       0       0       4       0                               0D   1244
     126    1910       0       0       0                        01010500D   1245
     126       0       0       2       0                               0D   1246
     124    1912       0       0       0                        00000000D   1247
     124       0       0       3       0                               0D   1248
     100    1915       0       0       0            1247        01010000D   1249
     100       0       0       1       0                               0D   1250
     126    1916       0       0       0                        01010500D   1251
     126       0       0       2       0                               0D   1252
     100    1918       0       0       0                        01010000D   1253
     100       0       0       1       0                               0D   1254
     102    1919       0       0       0                        01010500D   1255
     102       0       0       1       0                               0D   1256
     102    1920       0       0       0                        01010000D   1257
     102       0       0       1       0                               0D   1258
     142    1921       0       0       0                        00010500D   1259
     142       0       0       1       0                               0D   1260
     144    1922       0       0       0                        00000000D   1261
     144       0      -1       1       0                               0D   1262
     128    1923       0       0       0                        01010000D   1263
     128       0       0      16       0                               0D   1264
     126    1939       0       0       0                        01010500D   1265
     126       0       0       2       0                               0D   1266
     124    1941       0       0       0                        00000000D   1267
     124       0       0       3       0                               0D   1268
     100    1944       0       0       0            1267        01010000D   1269
     100       0       0       1       0                               0D   1270
     126    1945       0       0       0                        01010500D   1271
     126       0       0       2       0                               0D   1272
     124    1947       0       0       0                        00000000D   1273
     124       0       0       4       0                               0D   1274
     100    1951       0       0       0            1273        01010000D   1275
     100       0       0       1       0                               0D   1276
     126    1952       0       0       0                        01010500D   1277
     126       0       0       2       0                               0D   1278
     124    1954       0       0       0                        00000000D   1279
     124       0       0       2       0                               0D   1280
     100    1956       0       0       0            1279        01010000D   1281
     100       0       0       1       0                               0D   1282
     126    1957       0       0       0                        01010500D   1283
     126       0       0       2       0                               0D   1284
     126    1959       0       0       0                        01010000D   1285
     126       0       0       4       0                               0D   1286
     102    1963       0       0       0                        01010500D   1287
     102       0       0       1       0                               0D   1288
     102    1964       0       0       0                        01010000D   1289
     102       0       0       1       0                               0D   1290
     142    1965       0       0       0                        00010500D   1291
     142       0       0       1       0                               0D   1292
     144    1966       0       0       0                        00000000D   1293
     144       0      -1       1       0                               0D   1294
     110    1967       0       0       0                        01010000D   1295
     110       0       0       1       0                               0D   1296
     110    1968       0       0       0                        01010000D   1297
     110       0       0       1       0                               0D   1298
     120    1969       0       0       0                        01010000D   1299
     120       0       0       1       0                               0D   1300
     126    1970       0       0       0                        01010500D   1301
     126       0       0       2       0                               0D   1302
     110    1972       0       0       0                        01010000D   1303
     110       0       0       1       0                               0D   1304
     126    1973       0       0       0                        01010500D   1305
     126       0       0       2       0                               0D   1306
     124    1975       0       0       0                        00000000D   1307
     124       0       0       3       0                               0D   1308
     100    1978       0       0       0            1307        01010000D   1309
     100       0       0       1       0                               0D   1310
     126    1979       0       0       0                        01010500D   1311
     126       0       0       2       0                               0D   1312
     110    1981       0       0       0                        01010000D   1313
     110       0       0       1       0                               0D   1314
     126    1982       0       0       0                        01010500D   1315
     126       0       0       2       0                               0D   1316
     124    1984       0       0       0                        00000000D   1317
     124       0       0       3       0                               0D   1318
     100    1987       0       0       0            1317        01010000D   1319
     100       0       0       1       0                               0D   1320
     102    1988       0       0       0                        01010500D   1321
     102       0       0       1       0                               0D   1322
     102    1989       0       0       0                        01010000D   1323
     102       0       0       1       0                               0D   1324
     142    1990       0       0       0                        00010500D   1325
     142       0       0       1       0                               0D   1326
     144    1991       0       0       0                        00000000D   1327
     144       0      -1       1       0                               0D   1328
     128    1992       0       0       0                        01010000D   1329
     128       0       0      15       0                               0D   1330
     126    2007       0       0       0                        01010500D   1331
     126       0       0       2       0                               0D   1332
     124    2009       0       0       0                        00000000D   1333
     124       0       0       3       0                               0D   1334
     100    2012       0       0       0            1333        01010000D   1335
     100       0       0       1       0                               0D   1336
     126    2013       0       0       0                        01010500D   1337
     126       0       0       2       0                               0D   1338
     126    2015       0       0       0                        01010000D   1339
     126       0       0       4       0                               0D   1340
     126    2019       0       0       0                        01010500D   1341
     126       0       0       2       0                               0D   1342
     124    2021       0       0       0                        00000000D   1343
     124       0       0       3       0                               0D   1344
     100    2024       0       0       0            1343        01010000D   1345
     100       0       0       1       0                               0D   1346
     126    2025       0       0       0                        01010500D   1347
     126       0       0       2       0                               0D   1348
     124    2027       0       0       0                        00000000D   1349
     124       0       0       4       0                               0D   1350
     100    2031       0       0       0            1349        01010000D   1351
     100       0       0       1       0                               0D   1352
     102    2032       0       0       0                        01010500D   1353
     102       0       0       1       0                               0D   1354
     102    2033       0       0       0                        01010000D   1355
     102       0       0       1       0                               0D   1356
     142    2034       0       0       0                        00010500D   1357
     142       0       0       1       0                               0D   1358
     144    2035       0       0       0                        00000000D   1359
     144       0      -1       1       0                               0D   1360
     110    2036       0       0       0                        01010000D   1361
     110       0       0       1       0                               0D   1362
     110    2037       0       0       0                        01010000D   1363
     110       0       0       1       0                               0D   1364
     120    2038       0       0       0                        01010000D   1365
     120       0       0       1       0                               0D   1366
     126    2039       0       0       0                        01010500D   1367
     126       0       0       2       0                               0D   1368
     110    2041       0       0       0                        01010000D   1369
     110       0       0       1       0                               0D   1370
     126    2042       0       0       0                        01010500D   1371
     126       0       0       2       0                               0D   1372
     124    2044       0       0       0                        00000000D   1373
     124       0       0       3       0                               0D   1374
     100    2047       0       0       0            1373        01010000D   1375
     100       0       0       1       0                               0D   1376
     126    2048       0       0       0                        01010500D   1377
     126       0       0       2       0                               0D   1378
     110    2050       0       0       0                        01010000D   1379
     110       0       0       1       0                               0D   1380
     126    2051       0       0       0                        01010500D   1381
     126       0       0       2       0                               0D   1382
     124    2053       0       0       0                        00000000D   1383
     124       0       0       3       0                               0D   1384
     100    2056       0       0       0            1383        01010000D   1385
     100       0       0       1       0                               0D   1386
     102    2057       0       0       0                        01010500D   1387
     102       0       0       1       0                               0D   1388
     102    2058       0       0       0                        01010000D   1389
     102       0       0       1       0                               0D   1390
     142    2059       0       0       0                        00010500D   1391
     142       0       0       1       0                               0D   1392
     144    2060       0       0       0                        00000000D   1393
     144       0      -1       1       0                               0D   1394
     110    2061       0       0       0                        01010000D   1395
     110       0       0       1       0                               0D   1396
     110    2062       0       0       0                        01010000D   1397
     110       0       0       1       0                               0D   1398
     120    2063       0       0       0                        01010000D   1399
     120       0       0       1       0                               0D   1400
     126    2064       0       0       0                        01010500D   1401
     126       0       0       2       0                               0D   1402
     110    2066       0       0       0                        01010000D   1403
     110       0       0       1       0                               0D   1404
     126    2067       0       0       0                        01010500D   1405
     126       0       0       2       0                               0D   1406
     124    2069       0       0       0                        00000000D   1407
     124       0       0       3       0                               0D   1408
     100    2072       0       0       0            1407        01010000D   1409
     100       0       0       1       0                               0D   1410
     126    2073       0       0       0                        01010500D   1411
     126       0       0       2       0                               0D   1412
     110    2075       0       0       0                        01010000D   1413
     110       0       0       1       0                               0D   1414
     126    2076       0       0       0                        01010500D   1415
     126       0       0       2       0                               0D   1416
     124    2078       0       0       0                        00000000D   1417
     124       0       0       3       0                               0D   1418
     100    2081       0       0       0            1417        01010000D   1419
     100       0       0       1       0                               0D   1420
     102    2082       0       0       0                        01010500D   1421
     102       0       0       1       0                               0D   1422
     102    2083       0       0       0                        01010000D   1423
     102       0       0       1       0                               0D   1424
     142    2084       0       0       0                        00010500D   1425
     142       0       0       1       0                               0D   1426
     144    2085       0       0       0                        00000000D   1427
     144       0      -1       1       0                               0D   1428
     110    2086       0       0       0                        01010000D   1429
     110       0       0       1       0                               0D   1430
     110    2087       0       0       0                        01010000D   1431
     110       0       0       1       0                               0D   1432
     120    2088       0       0       0                        01010000D   1433
     120       0       0       1       0                               0D   1434
     126    2089       0       0       0                        01010500D   1435
     126       0       0       2       0                               0D   1436
     124    2091       0       0       0                        00000000D   1437
     124       0       0       4       0                               0D   1438
     100    2095       0       0       0            1437        01010000D   1439
     100       0       0       1       0                               0D   1440
     126    2096       0       0       0                        01010500D   1441
     126       0       0       2       0                               0D   1442
     110    2098       0       0       0                        01010000D   1443
     110       0       0       1       0                               0D   1444
     126    2099       0       0       0                        01010500D   1445
     126       0       0       2       0                               0D   1446
     100    2101       0       0       0                        01010000D   1447
     100       0       0       1       0                               0D   1448
     126    2102       0       0       0                        01010500D   1449
     126       0       0       2       0                               0D   1450
     110    2104       0       0       0                        01010000D   1451
     110       0       0       1       0                               0D   1452
     102    2105       0       0       0                        01010500D   1453
     102       0       0       1       0                               0D   1454
     102    2106       0       0       0                        01010000D   1455
     102       0       0       1       0                               0D   1456
     142    2107       0       0       0                        00010500D   1457
     142       0       0       1       0                               0D   1458
     144    2108       0       0       0                        00000000D   1459
     144       0      -1       1       0                               0D   1460
     128    2109       0       0       0                        01010000D   1461
     128       0       0      15       0                               0D   1462
     126    2124       0       0       0                        01010500D   1463
     126       0       0       2       0                               0D   1464
     124    2126       0       0       0                        00000000D   1465
     124       0       0       3       0                               0D   1466
     100    2129       0       0       0            1465        01010000D   1467
     100       0       0       1       0                               0D   1468
     126    2130       0       0       0                        01010500D   1469
     126       0       0       2       0                               0D   1470
     126    2132       0       0       0                        01010000D   1471
     126       0       0       5       0                               0D   1472
     126    2137       0       0       0                        01010500D   1473
     126       0       0       2       0                               0D   1474
     124    2139       0       0       0                        00000000D   1475
     124       0       0       2       0                               0D   1476
     100    2141       0       0       0            1475        01010000D   1477
     100       0       0       1       0                               0D   1478
     126    2142       0       0       0                        01010500D   1479
     126       0       0       2       0                               0D   1480
     100    2144       0       0       0                        01010000D   1481
     100       0       0       1       0                               0D   1482
     102    2145       0       0       0                        01010500D   1483
     102       0       0       1       0                               0D   1484
     102    2146       0       0       0                        01010000D   1485
     102       0       0       1       0                               0D   1486
     142    2147       0       0       0                        00010500D   1487
     142       0       0       1       0                               0D   1488
     144    2148       0       0       0                        00000000D   1489
     144       0      -1       1       0                               0D   1490
     110    2149       0       0       0                        01010000D   1491
     110       0       0       1       0                               0D   1492
     110    2150       0       0       0                        01010000D   1493
     110       0       0       1       0                               0D   1494
     120    2151       0       0       0                        01010000D   1495
     120       0       0       1       0                               0D   1496
     126    2152       0       0       0                        01010500D   1497
     126       0       0       2       0                               0D   1498
     110    2154       0       0       0                        01010000D   1499
     110       0       0       1       0                               0D   1500
     126    2155       0       0       0                        01010500D   1501
     126       0       0       2       0                               0D   1502
     124    2157       0       0       0                        00000000D   1503
     124       0       0       4       0                               0D   1504
     100    2161       0       0       0            1503        01010000D   1505
     100       0       0       1       0                               0D   1506
     126    2162       0       0       0                        01010500D   1507
     126       0       0       2       0                               0D   1508
     110    2164       0       0       0                        01010000D   1509
     110       0       0       1       0                               0D   1510
     126    2165       0       0       0                        01010500D   1511
     126       0       0       2       0                               0D   1512
     124    2167       0       0       0                        00000000D   1513
     124       0       0       3       0                               0D   1514
     100    2170       0       0       0            1513        01010000D   1515
     100       0       0       1       0                               0D   1516
     102    2171       0       0       0                        01010500D   1517
     102       0       0       1       0                               0D   1518
     102    2172       0       0       0                        01010000D   1519
     102       0       0       1       0                               0D   1520
     142    2173       0       0       0                        00010500D   1521
     142       0       0       1       0                               0D   1522
     144    2174       0       0       0                        00000000D   1523
     144       0      -1       1       0                               0D   1524
     110    2175       0       0       0                        01010000D   1525
     110       0       0       1       0                               0D   1526
     110    2176       0       0       0                        01010000D   1527
     110       0       0       1       0                               0D   1528
     120    2177       0       0       0                        01010000D   1529
     120       0       0       1       0                               0D   1530
     126    2178       0       0       0                        01010500D   1531
     126       0       0       2       0                               0D   1532
     110    2180       0       0       0                        01010000D   1533
     110       0       0       1       0                               0D   1534
     126    2181       0       0       0                        01010500D   1535
     126       0       0       2       0                               0D   1536
     124    2183       0       0       0                        00000000D   1537
     124       0       0       3       0                               0D   1538
     100    2186       0       0       0            1537        01010000D   1539
     100       0       0       1       0                               0D   1540
     126    2187       0       0       0                        01010500D   1541
     126       0       0       2       0                               0D   1542
     110    2189       0       0       0                        01010000D   1543
     110       0       0       1       0                               0D   1544
     126    2190       0       0       0                        01010500D   1545
     126       0       0       2       0                               0D   1546
     124    2192       0       0       0                        00000000D   1547
     124       0       0       2       0                               0D   1548
     100    2194       0       0       0            1547        01010000D   1549
     100       0       0       1       0                               0D   1550
     102    2195       0       0       0                        01010500D   1551
     102       0       0       1       0                               0D   1552
     102    2196       0       0       0                        01010000D   1553
     102       0       0       1       0                               0D   1554
     142    2197       0       0       0                        00010500D   1555
     142       0       0       1       0                               0D   1556
     144    2198       0       0       0                        00000000D   1557
     144       0      -1       1       0                               0D   1558
     128    2199       0       0       0                        01010000D   1559
     128       0       0      15       0                               0D   1560
     126    2214       0       0       0                        01010500D   1561
     126       0       0       2       0                               0D   1562
     124    2216       0       0       0                        00000000D   1563
     124       0       0       3       0                               0D   1564
     100    2219       0       0       0            1563        01010000D   1565
     100       0       0       1       0                               0D   1566
     126    2220       0       0       0                        01010500D   1567
     126       0       0       2       0                               0D   1568
     124    2222       0       0       0                        00000000D   1569
     124       0       0       4       0                               0D   1570
     100    2226       0       0       0            1569        01010000D   1571
     100       0       0       1       0                               0D   1572
     126    2227       0       0       0                        01010500D   1573
     126       0       0       2       0                               0D   1574
     124    2229       0       0       0                        00000000D   1575
     124       0       0       4       0                               0D   1576
     100    2233       0       0       0            1575        01010000D   1577
     100       0       0       1       0                               0D   1578
     126    2234       0       0       0                        01010500D   1579
     126       0       0       2       0                               0D   1580
     126    2236       0       0       0                        01010000D   1581
     126       0       0       4       0                               0D   1582
     102    2240       0       0       0                        01010500D   1583
     102       0       0       1       0                               0D   1584
     102    2241       0       0       0                        01010000D   1585
     102       0       0       1       0                               0D   1586
     142    2242       0       0       0                        00010500D   1587
     142       0       0       1       0                               0D   1588
     144    2243       0       0       0                        00000000D   1589
     144       0      -1       1       0                               0D   1590
     110    2244       0       0       0                        01010000D   1591
     110       0       0       1       0                               0D   1592
     110    2245       0       0       0                        01010000D   1593
     110       0       0       1       0                               0D   1594
     120    2246       0       0       0                        01010000D   1595
     120       0       0       1       0                               0D   1596
     126    2247       0       0       0                        01010500D   1597
     126       0       0       2       0                               0D   1598
     110    2249       0       0       0                        01010000D   1599
     110       0       0       1       0                               0D   1600
     126    2250       0       0       0                        01010500D   1601
     126       0       0       2       0                               0D   1602
     124    2252       0       0       0                        00000000D   1603
     124       0       0       3       0                               0D   1604
     100    2255       0       0       0            1603        01010000D   1605
     100       0       0       1       0                               0D   1606
     126    2256       0       0       0                        01010500D   1607
     126       0       0       2       0                               0D   1608
     110    2258       0       0       0                        01010000D   1609
     110       0       0       1       0                               0D   1610
     126    2259       0       0       0                        01010500D   1611
     126       0       0       2       0                               0D   1612
     124    2261       0       0       0                        00000000D   1613
     124       0       0       3       0                               0D   1614
     100    2264       0       0       0            1613        01010000D   1615
     100       0       0       1       0                               0D   1616
     102    2265       0       0       0                        01010500D   1617
     102       0       0       1       0                               0D   1618
     102    2266       0       0       0                        01010000D   1619
     102       0       0       1       0                               0D   1620
     142    2267       0       0       0                        00010500D   1621
     142       0       0       1       0                               0D   1622
     144    2268       0       0       0                        00000000D   1623
     144       0      -1       1       0                               0D   1624
     128    2269       0       0       0                        01010000D   1625
     128       0       0      15       0                               0D   1626
     126    2284       0       0       0                        01010500D   1627
     126       0       0       2       0                               0D   1628
     124    2286       0       0       0                        00000000D   1629
     124       0       0       4       0                               0D   1630
     100    2290       0       0       0            1629        01010000D   1631
     100       0       0       1       0                               0D   1632
     126    2291       0       0       0                        01010500D   1633
     126       0       0       2       0                               0D   1634
     126    2293       0       0       0                        01010000D   1635
     126       0       0       7       0                               0D   1636
     126    2300       0       0       0                        01010500D   1637
     126       0       0       2       0                               0D   1638
     124    2302       0       0       0                        00000000D   1639
     124       0       0       3       0                               0D   1640
     100    2305       0       0       0            1639        01010000D   1641
     100       0       0       1       0                               0D   1642
     126    2306       0       0       0                        01010500D   1643
     126       0       0       2       0                               0D   1644
     100    2308       0       0       0                        01010000D   1645
     100       0       0       1       0                               0D   1646
     102    2309       0       0       0                        01010500D   1647
     102       0       0       1       0                               0D   1648
     102    2310       0       0       0                        01010000D   1649
     102       0       0       1       0                               0D   1650
     142    2311       0       0       0                        00010500D   1651
     142       0       0       1       0                               0D   1652
     144    2312       0       0       0                        00000000D   1653
     144       0      -1       1       0                               0D   1654
     110    2313       0       0       0                        01010000D   1655
     110       0       0       1       0                               0D   1656
     110    2314       0       0       0                        01010000D   1657
     110       0       0       1       0                               0D   1658
     120    2315       0       0       0                        01010000D   1659
     120       0       0       1       0                               0D   1660
     126    2316       0       0       0                        01010500D   1661
     126       0       0       2       0                               0D   1662
     110    2318       0       0       0                        01010000D   1663
     110       0       0       1       0                               0D   1664
     126    2319       0       0       0                        01010500D   1665
     126       0       0       2       0                               0D   1666
     124    2321       0       0       0                        00000000D   1667
     124       0       0       4       0                               0D   1668
     100    2325       0       0       0            1667        01010000D   1669
     100       0       0       1       0                               0D   1670
     126    2326       0       0       0                        01010500D   1671
     126       0       0       2       0                               0D   1672
     110    2328       0       0       0                        01010000D   1673
     110       0       0       1       0                               0D   1674
     126    2329       0       0       0                        01010500D   1675
     126       0       0       2       0                               0D   1676
     124    2331       0       0       0                        00000000D   1677
     124       0       0       2       0                               0D   1678
     100    2333       0       0       0            1677        01010000D   1679
     100       0       0       1       0                               0D   1680
     102    2334       0       0       0                        01010500D   1681
     102       0       0       1       0                               0D   1682
     102    2335       0       0       0                        01010000D   1683
     102       0       0       1       0                               0D   1684
     142    2336       0       0       0                        00010500D   1685
     142       0       0       1       0                               0D   1686
     144    2337       0       0       0                        00000000D   1687
     144       0      -1       1       0                               0D   1688
     110    2338       0       0       0                        01010000D   1689
     110       0       0       1       0                               0D   1690
     110    2339       0       0       0                        01010000D   1691
     110       0       0       1       0                               0D   1692
     120    2340       0       0       0                        01010000D   1693
     120       0       0       1       0                               0D   1694
     126    2341       0       0       0                        01010500D   1695
     126       0       0       2       0                               0D   1696
     100    2343       0       0       0                        01010000D   1697
     100       0       0       1       0                               0D   1698
     126    2344       0       0       0                        01010500D   1699
     126       0       0       2       0                               0D   1700
     110    2346       0       0       0                        01010000D   1701
     110       0       0       1       0                               0D   1702
     126    2347       0       0       0                        01010500D   1703
     126       0       0       2       0                               0D   1704
     124    2349       0       0       0                        00000000D   1705
     124       0       0       4       0                               0D   1706
     100    2353       0       0       0            1705        01010000D   1707
     100       0       0       1       0                               0D   1708
     126    2354       0       0       0                        01010500D   1709
     126       0       0       2       0                               0D   1710
     110    2356       0       0       0                        01010000D   1711
     110       0       0       1       0                               0D   1712
     102    2357       0       0       0                        01010500D   1713
     102       0       0       1       0                               0D   1714
     102    2358       0       0       0                        01010000D   1715
     102       0       0       1       0                               0D   1716
     142    2359       0       0       0                        00010500D   1717
     142       0       0       1       0                               0D   1718
     144    2360       0       0       0                        00000000D   1719
     144       0      -1       1       0                               0D   1720
     110    2361       0       0       0                        01010000D   1721
     110       0       0       1       0                               0D   1722
     110    2362       0       0       0                        01010000D   1723
     110       0       0       1       0                               0D   1724
     120    2363       0       0       0                        01010000D   1725
     120       0       0       1       0                               0D   1726
     126    2364       0       0       0                        01010500D   1727
     126       0       0       2       0                               0D   1728
     110    2366       0       0       0                        01010000D   1729
     110       0       0       1       0                               0D   1730
     126    2367       0       0       0                        01010500D   1731
     126       0       0       2       0                               0D   1732
     124    2369       0       0       0                        00000000D   1733
     124       0       0       3       0                               0D   1734
     100    2372       0       0       0            1733        01010000D   1735
     100       0       0       1       0                               0D   1736
     126    2373       0       0       0                        01010500D   1737
     126       0       0       2       0                               0D   1738
     110    2375       0       0       0                        01010000D   1739
     110       0       0       1       0                               0D   1740
     126    2376       0       0       0                        01010500D   1741
     126       0       0       2       0                               0D   1742
     124    2378       0       0       0                        00000000D   1743
     124       0       0       2       0                               0D   1744
     100    2380       0       0       0            1743        01010000D   1745
     100       0       0       1       0                               0D   1746
     102    2381       0       0       0                        01010500D   1747
     102       0       0       1       0                               0D   1748
     102    2382       0       0       0                        01010000D   1749
     102       0       0       1       0                               0D   1750
     142    2383       0       0       0                        00010500D   1751
     142       0       0       1       0                               0D   1752
     144    2384       0       0       0                        00000000D   1753
     144       0      -1       1       0                               0D   1754
     110    2385       0       0       0                        01010000D   1755
     110       0       0       1       0                               0D   1756
     110    2386       0       0       0                        01010000D   1757
     110       0       0       1       0                               0D   1758
     120    2387       0       0       0                        01010000D   1759
     120       0       0       1       0                               0D   1760
     126    2388       0       0       0                        01010500D   1761
     126       0       0       2       0                               0D   1762
     110    2390       0       0       0                        01010000D   1763
     110       0       0       1       0                               0D   1764
     126    2391       0       0       0                        01010500D   1765
     126       0       0       2       0                               0D   1766
     124    2393       0       0       0                        00000000D   1767
     124       0       0       3       0                               0D   1768
     100    2396       0       0       0            1767        01010000D   1769
     100       0       0       1       0                               0D   1770
     126    2397       0       0       0                        01010500D   1771
     126       0       0       2       0                               0D   1772
     110    2399       0       0       0                        01010000D   1773
     110       0       0       1       0                               0D   1774
     126    2400       0       0       0                        01010500D   1775
     126       0       0       2       0                               0D   1776
     124    2402       0       0       0                        00000000D   1777
     124       0       0       2       0                               0D   1778
     100    2404       0       0       0            1777        01010000D   1779
     100       0       0       1       0                               0D   1780
     102    2405       0       0       0                        01010500D   1781
     102       0       0       1       0                               0D   1782
     102    2406       0       0       0                        01010000D   1783
     102       0       0       1       0                               0D   1784
     142    2407       0       0       0                        00010500D   1785
     142       0       0       1       0                               0D   1786
     144    2408       0       0       0                        00000000D   1787
     144       0      -1       1       0                               0D   1788
     128    2409       0       0       0                        01010000D   1789
     128       0       0       3       0                               0D   1790
     126    2412       0       0       0                        01010500D   1791
     126       0       0       2       0                               0D   1792
     110    2414       0       0       0                        01010000D   1793
     110       0       0       1       0                               0D   1794
     126    2415       0       0       0                        01010500D   1795
     126       0       0       2       0                               0D   1796
     110    2417       0       0       0                        01010000D   1797
     110       0       0       1       0                               0D   1798
     126    2418       0       0       0                        01010500D   1799
     126       0       0      11       0                               0D   1800
     126    2429       0       0       0                        01010000D   1801
     126       0       0       4       0                               0D   1802
     126    2433       0       0       0                        01010500D   1803
     126       0       0       2       0                               0D   1804
     110    2435       0       0       0                        01010000D   1805
     110       0       0       1       0                               0D   1806
     126    2436       0       0       0                        01010500D   1807
     126       0       0      11       0                               0D   1808
     126    2447       0       0       0                        01010000D   1809
     126       0       0       4       0                               0D   1810
     126    2451       0       0       0                        01010500D   1811
     126       0       0       2       0                               0D   1812
     110    2453       0       0       0                        01010000D   1813
     110       0       0       1       0                               0D   1814
     126    2454       0       0       0                        01010500D   1815
     126       0       0       2       0                               0D   1816
     110    2456       0       0       0                        01010000D   1817
     110       0       0       1       0                               0D   1818
     126    2457       0       0       0                        01010500D   1819
     126       0       0       2       0                               0D   1820
     110    2459       0       0       0                        01010000D   1821
     110       0       0       1       0                               0D   1822
     126    2460       0       0       0                        01010500D   1823
     126       0       0       9       0                               0D   1824
     126    2469       0       0       0                        01010000D   1825
     126       0       0       4       0                               0D   1826
     126    2473       0       0       0                        01010500D   1827
     126       0       0       2       0                               0D   1828
     110    2475       0       0       0                        01010000D   1829
     110       0       0       1       0                               0D   1830
     126    2476       0       0       0                        01010500D   1831
     126       0       0       9       0                               0D   1832
     126    2485       0       0       0                        01010000D   1833
     126       0       0       4       0                               0D   1834
     126    2489       0       0       0                        01010500D   1835
     126       0       0       2       0                               0D   1836
     110    2491       0       0       0                        01010000D   1837
     110       0       0       1       0                               0D   1838
     102    2492       0       0       0                        01010500D   1839
     102       0       0       2       0                               0D   1840
     102    2494       0       0       0                        01010000D   1841
     102       0       0       2       0                               0D   1842
     142    2496       0       0       0                        00010500D   1843
     142       0       0       1       0                               0D   1844
     144    2497       0       0       0                        00000000D   1845
     144       0      -1       1       0                               0D   1846
     128    2498       0       0       0                        01010000D   1847
     128       0       0      16       0                               0D   1848
     126    2514       0       0       0                        01010500D   1849
     126       0       0       2       0                               0D   1850
     124    2516       0       0       0                        00000000D   1851
     124       0       0       4       0                               0D   1852
     100    2520       0       0       0            1851        01010000D   1853
     100       0       0       1       0                               0D   1854
     126    2521       0       0       0                        01010500D   1855
     126       0       0       2       0                               0D   1856
     126    2523       0       0       0                        01010000D   1857
     126       0       0       4       0                               0D   1858
     126    2527       0       0       0                        01010500D   1859
     126       0       0       2       0                               0D   1860
     124    2529       0       0       0                        00000000D   1861
     124       0       0       3       0                               0D   1862
     100    2532       0       0       0            1861        01010000D   1863
     100       0       0       1       0                               0D   1864
     126    2533       0       0       0                        01010500D   1865
     126       0       0       2       0                               0D   1866
     100    2535       0       0       0                        01010000D   1867
     100       0       0       1       0                               0D   1868
     102    2536       0       0       0                        01010500D   1869
     102       0       0       1       0                               0D   1870
     102    2537       0       0       0                        01010000D   1871
     102       0       0       1       0                               0D   1872
     142    2538       0       0       0                        00010500D   1873
     142       0       0       1       0                               0D   1874
     144    2539       0       0       0                        00000000D   1875
     144       0      -1       1       0                               0D   1876
     128    2540       0       0       0                        01010000D   1877
     128       0       0       2       0                               0D   1878
     126    2542       0       0       0                        01010500D   1879
     126       0       0       2       0                               0D   1880
     110    2544       0       0       0                        01010000D   1881
     110       0       0       1       0                               0D   1882
     126    2545       0       0       0                        01010500D   1883
     126       0       0       2       0                               0D   1884
     110    2547       0       0       0                        01010000D   1885
     110       0       0       1       0                               0D   1886
     126    2548       0       0       0                        01010500D   1887
     126       0       0       2       0                               0D   1888
     110    2550       0       0       0                        01010000D   1889
     110       0       0       1       0                               0D   1890
     126    2551       0       0       0                        01010500D   1891
     126       0       0       2       0                               0D   1892
     110    2553       0       0       0                        01010000D   1893
     110       0       0       1       0                               0D   1894
     102    2554       0       0       0                        01010500D   1895
     102       0       0       1       0                               0D   1896
     102    2555       0       0       0                        01010000D   1897
     102       0       0       1       0                               0D   1898
     142    2556       0       0       0                        00010500D   1899
     142       0       0       1       0                               0D   1900
     126    2557       0       0       0                        01010500D   1901
     126       0       0      21       0                               0D   1902
     124    2578       0       0       0                        00000000D   1903
     124       0       0       3       0                               0D   1904
     100    2581       0       0       0            1903        01010000D   1905
     100       0       0       1       0                               0D   1906
     126    2582       0       0       0                        01010500D   1907
     126       0       0      21       0                               0D   1908
     124    2603       0       0       0                        00000000D   1909
     124       0       0       3       0                               0D   1910
     100    2606       0       0       0            1909        01010000D   1911
     100       0       0       1       0                               0D   1912
     102    2607       0       0       0                        01010500D   1913
     102       0       0       1       0                               0D   1914
     102    2608       0       0       0                        01010000D   1915
     102       0       0       1       0                               0D   1916
     142    2609       0       0       0                        00010500D   1917
     142       0       0       1       0                               0D   1918
     126    2610       0       0       0                        01010500D   1919
     126       0       0      21       0                               0D   1920
     124    2631       0       0       0                        00000000D   1921
     124       0       0       3       0                               0D   1922
     100    2634       0       0       0            1921        01010000D   1923
     100       0       0       1       0                               0D   1924
     126    2635       0       0       0                        01010500D   1925
     126       0       0      21       0                               0D   1926
     124    2656       0       0       0                        00000000D   1927
     124       0       0       3       0                               0D   1928
     100    2659       0       0       0            1927        01010000D   1929
     100       0       0       1       0                               0D   1930
     102    2660       0       0       0                        01010500D   1931
     102       0       0       1       0                               0D   1932
     102    2661       0       0       0                        01010000D   1933
     102       0       0       1       0                               0D   1934
     142    2662       0       0       0                        00010500D   1935
     142       0       0       1       0                               0D   1936
     126    2663       0       0       0                        01010500D   1937
     126       0       0      21       0                               0D   1938
     124    2684       0       0       0                        00000000D   1939
     124       0       0       3       0                               0D   1940
     100    2687       0       0       0            1939        01010000D   1941
     100       0       0       1       0                               0D   1942
     126    2688       0       0       0                        01010500D   1943
     126       0       0      21       0                               0D   1944
     124    2709       0       0       0                        00000000D   1945
     124       0       0       3       0                               0D   1946
     100    2712       0       0       0            1945        01010000D   1947
     100       0       0       1       0                               0D   1948
     102    2713       0       0       0                        01010500D   1949
     102       0       0       1       0                               0D   1950
     102    2714       0       0       0                        01010000D   1951
     102       0       0       1       0                               0D   1952
     142    2715       0       0       0                        00010500D   1953
     142       0       0       1       0                               0D   1954
     126    2716       0       0       0                        01010500D   1955
     126       0       0      21       0                               0D   1956
     124    2737       0       0       0                        00000000D   1957
     124       0       0       3       0                               0D   1958
     100    2740       0       0       0            1957        01010000D   1959
     100       0       0       1       0                               0D   1960
     126    2741       0       0       0                        01010500D   1961
     126       0       0      21       0                               0D   1962
     124    2762       0       0       0                        00000000D   1963
     124       0       0       3       0                               0D   1964
     100    2765       0       0       0            1963        01010000D   1965
     100       0       0       1       0                               0D   1966
     102    2766       0       0       0                        01010500D   1967
     102       0       0       1       0                               0D   1968
     102    2767       0       0       0                        01010000D   1969
     102       0       0       1       0                               0D   1970
     142    2768       0       0       0                        00010500D   1971
     142       0       0       1       0                               0D   1972
     126    2769       0       0       0                        01010500D   1973
     126       0       0      21       0                               0D   1974
     124    2790       0       0       0                        00000000D   1975
     124       0       0       3       0                               0D   1976
     100    2793       0       0       0            1975        01010000D   1977
     100       0       0       1       0                               0D   1978
     126    2794       0       0       0                        01010500D   1979
     126       0       0      21       0                               0D   1980
     124    2815       0       0       0                        00000000D   1981
     124       0       0       3       0                               0D   1982
     100    2818       0       0       0            1981        01010000D   1983
     100       0       0       1       0                               0D   1984
     102    2819       0       0       0                        01010500D   1985
     102       0       0       1       0                               0D   1986
     102    2820       0       0       0                        01010000D   1987
     102       0       0       1       0                               0D   1988
     142    2821       0       0       0                        00010500D   1989
     142       0       0       1       0                               0D   1990
     126    2822       0       0       0                        01010500D   1991
     126       0       0      21       0                               0D   1992
     124    2843       0       0       0                        00000000D   1993
     124       0       0       3       0                               0D   1994
     100    2846       0       0       0            1993        01010000D   1995
     100       0       0       1       0                               0D   1996
     126    2847       0       0       0                        01010500D   1997
     126       0       0      21       0                               0D   1998
     124    2868       0       0       0                        00000000D   1999
     124       0       0       3       0                               0D   2000
     100    2871       0       0       0            1999        01010000D   2001
     100       0       0       1       0                               0D   2002
     102    2872       0       0       0                        01010500D   2003
     102       0       0       1       0                               0D   2004
     102    2873       0       0       0                        01010000D   2005
     102       0       0       1       0                               0D   2006
     142    2874       0       0       0                        00010500D   2007
     142       0       0       1       0                               0D   2008
     126    2875       0       0       0                        01010500D   2009
     126       0       0      21       0                               0D   2010
     124    2896       0       0       0                        00000000D   2011
     124       0       0       3       0                               0D   2012
     100    2899       0       0       0            2011        01010000D   2013
     100       0       0       1       0                               0D   2014
     126    2900       0       0       0                        01010500D   2015
     126       0       0      21       0                               0D   2016
     124    2921       0       0       0                        00000000D   2017
     124       0       0       3       0                               0D   2018
     100    2924       0       0       0            2017        01010000D   2019
     100       0       0       1       0                               0D   2020
     102    2925       0       0       0                        01010500D   2021
     102       0       0       1       0                               0D   2022
     102    2926       0       0       0                        01010000D   2023
     102       0       0       1       0                               0D   2024
     142    2927       0       0       0                        00010500D   2025
     142       0       0       1       0                               0D   2026
     144    2928       0       0       0                        00000000D   2027
     144       0      -1       1       0                               0D   2028
     128    2929       0       0       0                        01010000D   2029
     128       0       0      16       0                               0D   2030
     126    2945       0       0       0                        01010500D   2031
     126       0       0       2       0                               0D   2032
     124    2947       0       0       0                        00000000D   2033
     124       0       0       3       0                               0D   2034
     100    2950       0       0       0            2033        01010000D   2035
     100       0       0       1       0                               0D   2036
     126    2951       0       0       0                        01010500D   2037
     126       0       0       2       0                               0D   2038
     126    2953       0       0       0                        01010000D   2039
     126       0       0       4       0                               0D   2040
     126    2957       0       0       0                        01010500D   2041
     126       0       0       2       0                               0D   2042
     124    2959       0       0       0                        00000000D   2043
     124       0       0       3       0                               0D   2044
     100    2962       0       0       0            2043        01010000D   2045
     100       0       0       1       0                               0D   2046
     126    2963       0       0       0                        01010500D   2047
     126       0       0       2       0                               0D   2048
     124    2965       0       0       0                        00000000D   2049
     124       0       0       4       0                               0D   2050
     100    2969       0       0       0            2049        01010000D   2051
     100       0       0       1       0                               0D   2052
     102    2970       0       0       0                        01010500D   2053
     102       0       0       1       0                               0D   2054
     102    2971       0       0       0                        01010000D   2055
     102       0       0       1       0                               0D   2056
     142    2972       0       0       0                        00010500D   2057
     142       0       0       1       0                               0D   2058
     144    2973       0       0       0                        00000000D   2059
     144       0      -1       1       0                               0D   2060
     128    2974       0       0       0                        01010000D   2061
     128       0       0       3       0                               0D   2062
     126    2977       0       0       0                        01010500D   2063
     126       0       0       9       0                               0D   2064
     126    2986       0       0       0                        01010000D   2065
     126       0       0       7       0                               0D   2066
     126    2993       0       0       0                        01010500D   2067
     126       0       0       2       0                               0D   2068
     110    2995       0       0       0                        01010000D   2069
     110       0       0       1       0                               0D   2070
     126    2996       0       0       0                        01010500D   2071
     126       0       0       9       0                               0D   2072
     126    3005       0       0       0                        01010000D   2073
     126       0       0       7       0                               0D   2074
     126    3012       0       0       0                        01010500D   2075
     126       0       0       2       0                               0D   2076
     110    3014       0       0       0                        01010000D   2077
     110       0       0       1       0                               0D   2078
     126    3015       0       0       0                        01010500D   2079
     126       0       0       2       0                               0D   2080
     110    3017       0       0       0                        01010000D   2081
     110       0       0       1       0                               0D   2082
     126    3018       0       0       0                        01010500D   2083
     126       0       0       2       0                               0D   2084
     110    3020       0       0       0                        01010000D   2085
     110       0       0       1       0                               0D   2086
     126    3021       0       0       0                        01010500D   2087
     126       0       0      11       0                               0D   2088
     126    3032       0       0       0                        01010000D   2089
     126       0       0       4       0                               0D   2090
     126    3036       0       0       0                        01010500D   2091
     126       0       0       2       0                               0D   2092
     110    3038       0       0       0                        01010000D   2093
     110       0       0       1       0                               0D   2094
     126    3039       0       0       0                        01010500D   2095
     126       0       0      11       0                               0D   2096
     126    3050       0       0       0                        01010000D   2097
     126       0       0       4       0                               0D   2098
     126    3054       0       0       0                        01010500D   2099
     126       0       0       2       0                               0D   2100
     110    3056       0       0       0                        01010000D   2101
     110       0       0       1       0                               0D   2102
     126    3057       0       0       0                        01010500D   2103
     126       0       0       2       0                               0D   2104
     110    3059       0       0       0                        01010000D   2105
     110       0       0       1       0                               0D   2106
     126    3060       0       0       0                        01010500D   2107
     126       0       0       2       0                               0D   2108
     110    3062       0       0       0                        01010000D   2109
     110       0       0       1       0                               0D   2110
     102    3063       0       0       0                        01010500D   2111
     102       0       0       2       0                               0D   2112
     102    3065       0       0       0                        01010000D   2113
     102       0       0       2       0                               0D   2114
     142    3067       0       0       0                        00010500D   2115
     142       0       0       1       0                               0D   2116
     144    3068       0       0       0                        00000000D   2117
     144       0      -1       1       0                               0D   2118
     128    3069       0       0       0                        01010000D   2119
     128       0       0       3       0                               0D   2120
     126    3072       0       0       0                        01010500D   2121
     126       0       0      11       0                               0D   2122
     126    3083       0       0       0                        01010000D   2123
     126       0       0       4       0                               0D   2124
     126    3087       0       0       0                        01010500D   2125
     126       0       0       2       0                               0D   2126
     110    3089       0       0       0                        01010000D   2127
     110       0       0       1       0                               0D   2128
     126    3090       0       0       0                        01010500D   2129
     126       0       0       2       0                               0D   2130
     110    3092       0       0       0                        01010000D   2131
     110       0       0       1       0                               0D   2132
     126    3093       0       0       0                        01010500D   2133
     126       0       0       2       0                               0D   2134
     110    3095       0       0       0                        01010000D   2135
     110       0       0       1       0                               0D   2136
     126    3096       0       0       0                        01010500D   2137
     126       0       0      11       0                               0D   2138
     126    3107       0       0       0                        01010000D   2139
     126       0       0       4       0                               0D   2140
     102    3111       0       0       0                        01010500D   2141
     102       0       0       1       0                               0D   2142
     102    3112       0       0       0                        01010000D   2143
     102       0       0       1       0                               0D   2144
     142    3113       0       0       0                        00010500D   2145
     142       0       0       1       0                               0D   2146
     126    3114       0       0       0                        01010500D   2147
     126       0       0      22       0                               0D   2148
     124    3136       0       0       0                        00000000D   2149
     124       0       0       2       0                               0D   2150
     100    3138       0       0       0            2149        01010000D   2151
     100       0       0       1       0                               0D   2152
     126    3139       0       0       0                        01010500D   2153
     126       0       0      22       0                               0D   2154
     124    3161       0       0       0                        00000000D   2155
     124       0       0       3       0                               0D   2156
     100    3164       0       0       0            2155        01010000D   2157
     100       0       0       1       0                               0D   2158
     102    3165       0       0       0                        01010500D   2159
     102       0       0       1       0                               0D   2160
     102    3166       0       0       0                        01010000D   2161
     102       0       0       1       0                               0D   2162
     142    3167       0       0       0                        00010500D   2163
     142       0       0       1       0                               0D   2164
     126    3168       0       0       0                        01010500D   2165
     126       0       0      22       0                               0D   2166
     124    3190       0       0       0                        00000000D   2167
     124       0       0       2       0                               0D   2168
     100    3192       0       0       0            2167        01010000D   2169
     100       0       0       1       0                               0D   2170
     126    3193       0       0       0                        01010500D   2171
     126       0       0      22       0                               0D   2172
     124    3215       0       0       0                        00000000D   2173
     124       0       0       3       0                               0D   2174
     100    3218       0       0       0            2173        01010000D   2175
     100       0       0       1       0                               0D   2176
     102    3219       0       0       0                        01010500D   2177
     102       0       0       1       0                               0D   2178
     102    3220       0       0       0                        01010000D   2179
     102       0       0       1       0                               0D   2180
     142    3221       0       0       0                        00010500D   2181
     142       0       0       1       0                               0D   2182
     126    3222       0       0       0                        01010500D   2183
     126       0       0      22       0                               0D   2184
     124    3244       0       0       0                        00000000D   2185
     124       0       0       2       0                               0D   2186
     100    3246       0       0       0            2185        01010000D   2187
     100       0       0       1       0                               0D   2188
     126    3247       0       0       0                        01010500D   2189
     126       0       0      22       0                               0D   2190
     124    3269       0       0       0                        00000000D   2191
     124       0       0       4       0                               0D   2192
     100    3273       0       0       0            2191        01010000D   2193
     100       0       0       1       0                               0D   2194
     102    3274       0       0       0                        01010500D   2195
     102       0       0       1       0                               0D   2196
     102    3275       0       0       0                        01010000D   2197
     102       0       0       1       0                               0D   2198
     142    3276       0       0       0                        00010500D   2199
     142       0       0       1       0                               0D   2200
     126    3277       0       0       0                        01010500D   2201
     126       0       0      22       0                               0D   2202
     124    3299       0       0       0                        00000000D   2203
     124       0       0       2       0                               0D   2204
     100    3301       0       0       0            2203        01010000D   2205
     100       0       0       1       0                               0D   2206
     126    3302       0       0       0                        01010500D   2207
     126       0       0      22       0                               0D   2208
     124    3324       0       0       0                        00000000D   2209
     124       0       0       3       0                               0D   2210
     100    3327       0       0       0            2209        01010000D   2211
     100       0       0       1       0                               0D   2212
     102    3328       0       0       0                        01010500D   2213
     102       0       0       1       0                               0D   2214
     102    3329       0       0       0                        01010000D   2215
     102       0       0       1       0                               0D   2216
     142    3330       0       0       0                        00010500D   2217
     142       0       0       1       0                               0D   2218
     126    3331       0       0       0                        01010500D   2219
     126       0       0      22       0                               0D   2220
     124    3353       0       0       0                        00000000D   2221
     124       0       0       2       0                               0D   2222
     100    3355       0       0       0            2221        01010000D   2223
     100       0       0       1       0                               0D   2224
     126    3356       0       0       0                        01010500D   2225
     126       0       0      22       0                               0D   2226
     124    3378       0       0       0                        00000000D   2227
     124       0       0       3       0                               0D   2228
     100    3381       0       0       0            2227        01010000D   2229
     100       0       0       1       0                               0D   2230
     102    3382       0       0       0                        01010500D   2231
     102       0       0       1       0                               0D   2232
     102    3383       0       0       0                        01010000D   2233
     102       0       0       1       0                               0D   2234
     142    3384       0       0       0                        00010500D   2235
     142       0       0       1       0                               0D   2236
     126    3385       0       0       0                        01010500D   2237
     126       0       0      22       0                               0D   2238
     124    3407       0       0       0                        00000000D   2239
     124       0       0       2       0                               0D   2240
     100    3409       0       0       0            2239        01010000D   2241
     100       0       0       1       0                               0D   2242
     126    3410       0       0       0                        01010500D   2243
     126       0       0      22       0                               0D   2244
     124    3432       0       0       0                        00000000D   2245
     124       0       0       3       0                               0D   2246
     100    3435       0       0       0            2245        01010000D   2247
     100       0       0       1       0                               0D   2248
     102    3436       0       0       0                        01010500D   2249
     102       0       0       1       0                               0D   2250
     102    3437       0       0       0                        01010000D   2251
     102       0       0       1       0                               0D   2252
     142    3438       0       0       0                        00010500D   2253
     142       0       0       1       0                               0D   2254
     144    3439       0       0       0                        00000000D   2255
     144       0      -1       1       0                               0D   2256
     110    3440       0       0       0                        01010000D   2257
     110       0       0       1       0                               0D   2258
     110    3441       0       0       0                        01010000D   2259
     110       0       0       1       0                               0D   2260
     120    3442       0       0       0                        01010000D   2261
     120       0       0       1       0                               0D   2262
     126    3443       0       0       0                        01010500D   2263
     126       0       0       2       0                               0D   2264
     110    3445       0       0       0                        01010000D   2265
     110       0       0       1       0                               0D   2266
     126    3446       0       0       0                        01010500D   2267
     126       0       0       2       0                               0D   2268
     124    3448       0       0       0                        00000000D   2269
     124       0       0       3       0                               0D   2270
     100    3451       0       0       0            2269        01010000D   2271
     100       0       0       1       0                               0D   2272
     126    3452       0       0       0                        01010500D   2273
     126       0       0       2       0                               0D   2274
     110    3454       0       0       0                        01010000D   2275
     110       0       0       1       0                               0D   2276
     126    3455       0       0       0                        01010500D   2277
     126       0       0       2       0                               0D   2278
     124    3457       0       0       0                        00000000D   2279
     124       0       0       3       0                               0D   2280
     100    3460       0       0       0            2279        01010000D   2281
     100       0       0       1       0                               0D   2282
     102    3461       0       0       0                        01010500D   2283
     102       0       0       1       0                               0D   2284
     102    3462       0       0       0                        01010000D   2285
     102       0       0       1       0                               0D   2286
     142    3463       0       0       0                        00010500D   2287
     142       0       0       1       0                               0D   2288
     144    3464       0       0       0                        00000000D   2289
     144       0      -1       1       0                               0D   2290
     110    3465       0       0       0                        01010000D   2291
     110       0       0       1       0                               0D   2292
     110    3466       0       0       0                        01010000D   2293
     110       0       0       1       0                               0D   2294
     120    3467       0       0       0                        01010000D   2295
     120       0       0       1       0                               0D   2296
     126    3468       0       0       0                        01010500D   2297
     126       0       0       2       0                               0D   2298
     100    3470       0       0       0                        01010000D   2299
     100       0       0       1       0                               0D   2300
     126    3471       0       0       0                        01010500D   2301
     126       0       0       2       0                               0D   2302
     110    3473       0       0       0                        01010000D   2303
     110       0       0       1       0                               0D   2304
     126    3474       0       0       0                        01010500D   2305
     126       0       0       2       0                               0D   2306
     124    3476       0       0       0                        00000000D   2307
     124       0       0       4       0                               0D   2308
     100    3480       0       0       0            2307        01010000D   2309
     100       0       0       1       0                               0D   2310
     126    3481       0       0       0                        01010500D   2311
     126       0       0       2       0                               0D   2312
     110    3483       0       0       0                        01010000D   2313
     110       0       0       1       0                               0D   2314
     102    3484       0       0       0                        01010500D   2315
     102       0       0       1       0                               0D   2316
     102    3485       0       0       0                        01010000D   2317
     102       0       0       1       0                               0D   2318
     142    3486       0       0       0                        00010500D   2319
     142       0       0       1       0                               0D   2320
     144    3487       0       0       0                        00000000D   2321
     144       0      -1       1       0                               0D   2322
     110    3488       0       0       0                        01010000D   2323
     110       0       0       1       0                               0D   2324
     110    3489       0       0       0                        01010000D   2325
     110       0       0       1       0                               0D   2326
     120    3490       0       0       0                        01010000D   2327
     120       0       0       1       0                               0D   2328
     126    3491       0       0       0                        01010500D   2329
     126       0       0       2       0                               0D   2330
     110    3493       0       0       0                        01010000D   2331
     110       0       0       1       0                               0D   2332
     126    3494       0       0       0                        01010500D   2333
     126       0       0       2       0                               0D   2334
     124    3496       0       0       0                        00000000D   2335
     124       0       0       4       0                               0D   2336
     100    3500       0       0       0            2335        01010000D   2337
     100       0       0       1       0                               0D   2338
     126    3501       0       0       0                        01010500D   2339
     126       0       0       2       0                               0D   2340
     110    3503       0       0       0                        01010000D   2341
     110       0       0       1       0                               0D   2342
     126    3504       0       0       0                        01010500D   2343
     126       0       0       2       0                               0D   2344
     124    3506       0       0       0                        00000000D   2345
     124       0       0       3       0                               0D   2346
     100    3509       0       0       0            2345        01010000D   2347
     100       0       0       1       0                               0D   2348
     102    3510       0       0       0                        01010500D   2349
     102       0       0       1       0                               0D   2350
     102    3511       0       0       0                        01010000D   2351
     102       0       0       1       0                               0D   2352
     142    3512       0       0       0                        00010500D   2353
     142       0       0       1       0                               0D   2354
     144    3513       0       0       0                        00000000D   2355
     144       0      -1       1       0                               0D   2356
     128    3514       0       0       0                        01010000D   2357
     128       0       0      16       0                               0D   2358
     126    3530       0       0       0                        01010500D   2359
     126       0       0       2       0                               0D   2360
     124    3532       0       0       0                        00000000D   2361
     124       0       0       4       0                               0D   2362
     100    3536       0       0       0            2361        01010000D   2363
     100       0       0       1       0                               0D   2364
     126    3537       0       0       0                        01010500D   2365
     126       0       0       2       0                               0D   2366
     124    3539       0       0       0                        00000000D   2367
     124       0       0       2       0                               0D   2368
     100    3541       0       0       0            2367        01010000D   2369
     100       0       0       1       0                               0D   2370
     126    3542       0       0       0                        01010500D   2371
     126       0       0       2       0                               0D   2372
     126    3544       0       0       0                        01010000D   2373
     126       0       0       7       0                               0D   2374
     126    3551       0       0       0                        01010500D   2375
     126       0       0       2       0                               0D   2376
     126    3553       0       0       0                        01010000D   2377
     126       0       0       4       0                               0D   2378
     102    3557       0       0       0                        01010500D   2379
     102       0       0       1       0                               0D   2380
     102    3558       0       0       0                        01010000D   2381
     102       0       0       1       0                               0D   2382
     142    3559       0       0       0                        00010500D   2383
     142       0       0       1       0                               0D   2384
     144    3560       0       0       0                        00000000D   2385
     144       0      -1       1       0                               0D   2386
     128    3561       0       0       0                        01010000D   2387
     128       0       0      16       0                               0D   2388
     126    3577       0       0       0                        01010500D   2389
     126       0       0       2       0                               0D   2390
     126    3579       0       0       0                        01010000D   2391
     126       0       0       4       0                               0D   2392
     126    3583       0       0       0                        01010500D   2393
     126       0       0       2       0                               0D   2394
     124    3585       0       0       0                        00000000D   2395
     124       0       0       2       0                               0D   2396
     100    3587       0       0       0            2395        01010000D   2397
     100       0       0       1       0                               0D   2398
     126    3588       0       0       0                        01010500D   2399
     126       0       0       2       0                               0D   2400
     124    3590       0       0       0                        00000000D   2401
     124       0       0       2       0                               0D   2402
     100    3592       0       0       0            2401        01010000D   2403
     100       0       0       1       0                               0D   2404
     126    3593       0       0       0                        01010500D   2405
     126       0       0       2       0                               0D   2406
     126    3595       0       0       0                        01010000D   2407
     126       0       0       7       0                               0D   2408
     102    3602       0       0       0                        01010500D   2409
     102       0       0       1       0                               0D   2410
     102    3603       0       0       0                        01010000D   2411
     102       0       0       1       0                               0D   2412
     142    3604       0       0       0                        00010500D   2413
     142       0       0       1       0                               0D   2414
     144    3605       0       0       0                        00000000D   2415
     144       0      -1       1       0                               0D   2416
     128    3606       0       0       0                        01010000D   2417
     128       0       0      16       0                               0D   2418
     126    3622       0       0       0                        01010500D   2419
     126       0       0       2       0                               0D   2420
     124    3624       0       0       0                        00000000D   2421
     124       0       0       3       0                               0D   2422
     100    3627       0       0       0            2421        01010000D   2423
     100       0       0       1       0                               0D   2424
     126    3628       0       0       0                        01010500D   2425
     126       0       0       2       0                               0D   2426
     126    3630       0       0       0                        01010000D   2427
     126       0       0       4       0                               0D   2428
     126    3634       0       0       0                        01010500D   2429
     126       0       0       2       0                               0D   2430
     126    3636       0       0       0                        01010000D   2431
     126       0       0       7       0                               0D   2432
     126    3643       0       0       0                        01010500D   2433
     126       0       0       2       0                               0D   2434
     124    3645       0       0       0                        00000000D   2435
     124       0       0       3       0                               0D   2436
     100    3648       0       0       0            2435        01010000D   2437
     100       0       0       1       0                               0D   2438
     102    3649       0       0       0                        01010500D   2439
     102       0       0       1       0                               0D   2440
     102    3650       0       0       0                        01010000D   2441
     102       0       0       1       0                               0D   2442
     142    3651       0       0       0                        00010500D   2443
     142       0       0       1       0                               0D   2444
     144    3652       0       0       0                        00000000D   2445
     144       0      -1       1       0                               0D   2446
     128    3653       0       0       0                        01010000D   2447
     128       0       0       3       0                               0D   2448
     126    3656       0       0       0                        01010500D   2449
     126       0       0      11       0                               0D   2450
     126    3667       0       0       0                        01010000D   2451
     126       0       0       4       0                               0D   2452
     126    3671       0       0       0                        01010500D   2453
     126       0       0       2       0                               0D   2454
     110    3673       0       0       0                        01010000D   2455
     110       0       0       1       0                               0D   2456
     126    3674       0       0       0                        01010500D   2457
     126       0       0       2       0                               0D   2458
     110    3676       0       0       0                        01010000D   2459
     110       0       0       1       0                               0D   2460
     126    3677       0       0       0                        01010500D   2461
     126       0       0       2       0                               0D   2462
     110    3679       0       0       0                        01010000D   2463
     110       0       0       1       0                               0D   2464
     126    3680       0       0       0                        01010500D   2465
     126       0       0      11       0                               0D   2466
     126    3691       0       0       0                        01010000D   2467
     126       0       0       4       0                               0D   2468
     102    3695       0       0       0                        01010500D   2469
     102       0       0       1       0                               0D   2470
     102    3696       0       0       0                        01010000D   2471
     102       0       0       1       0                               0D   2472
     142    3697       0       0       0                        00010500D   2473
     142       0       0       1       0                               0D   2474
     126    3698       0       0       0                        01010500D   2475
     126       0       0      22       0                               0D   2476
     124    3720       0       0       0                        00000000D   2477
     124       0       0       3       0                               0D   2478
     100    3723       0       0       0            2477        01010000D   2479
     100       0       0       1       0                               0D   2480
     126    3724       0       0       0                        01010500D   2481
     126       0       0      22       0                               0D   2482
     124    3746       0       0       0                        00000000D   2483
     124       0       0       2       0                               0D   2484
     100    3748       0       0       0            2483        01010000D   2485
     100       0       0       1       0                               0D   2486
     102    3749       0       0       0                        01010500D   2487
     102       0       0       1       0                               0D   2488
     102    3750       0       0       0                        01010000D   2489
     102       0       0       1       0                               0D   2490
     142    3751       0       0       0                        00010500D   2491
     142       0       0       1       0                               0D   2492
     126    3752       0       0       0                        01010500D   2493
     126       0       0      22       0                               0D   2494
     124    3774       0       0       0                        00000000D   2495
     124       0       0       3       0                               0D   2496
     100    3777       0       0       0            2495        01010000D   2497
     100       0       0       1       0                               0D   2498
     126    3778       0       0       0                        01010500D   2499
     126       0       0      22       0                               0D   2500
     124    3800       0       0       0                        00000000D   2501
     124       0       0       2       0                               0D   2502
     100    3802       0       0       0            2501        01010000D   2503
     100       0       0       1       0                               0D   2504
     102    3803       0       0       0                        01010500D   2505
     102       0       0       1       0                               0D   2506
     102    3804       0       0       0                        01010000D   2507
     102       0       0       1       0                               0D   2508
     142    3805       0       0       0                        00010500D   2509
     142       0       0       1       0                               0D   2510
     126    3806       0       0       0                        01010500D   2511
     126       0       0      22       0                               0D   2512
     124    3828       0       0       0                        00000000D   2513
     124       0       0       3       0                               0D   2514
     100    3831       0       0       0            2513        01010000D   2515
     100       0       0       1       0                               0D   2516
     126    3832       0       0       0                        01010500D   2517
     126       0       0      22       0                               0D   2518
     124    3854       0       0       0                        00000000D   2519
     124       0       0       2       0                               0D   2520
     100    3856       0       0       0            2519        01010000D   2521
     100       0       0       1       0                               0D   2522
     102    3857       0       0       0                        01010500D   2523
     102       0       0       1       0                               0D   2524
     102    3858       0       0       0                        01010000D   2525
     102       0       0       1       0                               0D   2526
     142    3859       0       0       0                        00010500D   2527
     142       0       0       1       0                               0D   2528
     126    3860       0       0       0                        01010500D   2529
     126       0       0      22       0                               0D   2530
     124    3882       0       0       0                        00000000D   2531
     124       0       0       3       0                               0D   2532
     100    3885       0       0       0            2531        01010000D   2533
     100       0       0       1       0                               0D   2534
     126    3886       0       0       0                        01010500D   2535
     126       0       0      22       0                               0D   2536
     124    3908       0       0       0                        00000000D   2537
     124       0       0       2       0                               0D   2538
     100    3910       0       0       0            2537        01010000D   2539
     100       0       0       1       0                               0D   2540
     102    3911       0       0       0                        01010500D   2541
     102       0       0       1       0                               0D   2542
     102    3912       0       0       0                        01010000D   2543
     102       0       0       1       0                               0D   2544
     142    3913       0       0       0                        00010500D   2545
     142       0       0       1       0                               0D   2546
     126    3914       0       0       0                        01010500D   2547
     126       0       0      22       0                               0D   2548
     124    3936       0       0       0                        00000000D   2549
     124       0       0       3       0                               0D   2550
     100    3939       0       0       0            2549        01010000D   2551
     100       0       0       1       0                               0D   2552
     126    3940       0       0       0                        01010500D   2553
     126       0       0      22       0                               0D   2554
     124    3962       0       0       0                        00000000D   2555
     124       0       0       2       0                               0D   2556
     100    3964       0       0       0            2555        01010000D   2557
     100       0       0       1       0                               0D   2558
     102    3965       0       0       0                        01010500D   2559
     102       0       0       1       0                               0D   2560
     102    3966       0       0       0                        01010000D   2561
     102       0       0       1       0                               0D   2562
     142    3967       0       0       0                        00010500D   2563
     142       0       0       1       0                               0D   2564
     126    3968       0       0       0                        01010500D   2565
     126       0       0      22       0                               0D   2566
     124    3990       0       0       0                        00000000D   2567
     124       0       0       3       0                               0D   2568
     100    3993       0       0       0            2567        01010000D   2569
     100       0       0       1       0                               0D   2570
     126    3994       0       0       0                        01010500D   2571
     126       0       0      22       0                               0D   2572
     124    4016       0       0       0                        00000000D   2573
     124       0       0       2       0                               0D   2574
     100    4018       0       0       0            2573        01010000D   2575
     100       0       0       1       0                               0D   2576
     102    4019       0       0       0                        01010500D   2577
     102       0       0       1       0                               0D   2578
     102    4020       0       0       0                        01010000D   2579
     102       0       0       1       0                               0D   2580
     142    4021       0       0       0                        00010500D   2581
     142       0       0       1       0                               0D   2582
     144    4022       0       0       0                        00000000D   2583
     144       0      -1       1       0                               0D   2584
     110    4023       0       0       0                        01010000D   2585
     110       0       0       1       0                               0D   2586
     110    4024       0       0       0                        01010000D   2587
     110       0       0       1       0                               0D   2588
     120    4025       0       0       0                        01010000D   2589
     120       0       0       1       0                               0D   2590
     126    4026       0       0       0                        01010500D   2591
     126       0       0       2       0                               0D   2592
     124    4028       0       0       0                        00000000D   2593
     124       0       0       2       0                               0D   2594
     100    4030       0       0       0            2593        01010000D   2595
     100       0       0       1       0                               0D   2596
     126    4031       0       0       0                        01010500D   2597
     126       0       0       2       0                               0D   2598
     124    4033       0       0       0                        00000000D   2599
     124       0       0       3       0                               0D   2600
     100    4036       0       0       0            2599        01010000D   2601
     100       0       0       1       0                               0D   2602
     126    4037       0       0       0                        01010500D   2603
     126       0       0       2       0                               0D   2604
     110    4039       0       0       0                        01010000D   2605
     110       0       0       1       0                               0D   2606
     126    4040       0       0       0                        01010500D   2607
     126       0       0       2       0                               0D   2608
     124    4042       0       0       0                        00000000D   2609
     124       0       0       5       0                               0D   2610
     100    4047       0       0       0            2609        01010000D   2611
     100       0       0       1       0                               0D   2612
     126    4048       0       0       0                        01010500D   2613
     126       0       0       2       0                               0D   2614
     124    4050       0       0       0                        00000000D   2615
     124       0       0       4       0                               0D   2616
     100    4054       0       0       0            2615        01010000D   2617
     100       0       0       1       0                               0D   2618
     126    4055       0       0       0                        01010500D   2619
     126       0       0       2       0                               0D   2620
     110    4057       0       0       0                        01010000D   2621
     110       0       0       1       0                               0D   2622
     102    4058       0       0       0                        01010500D   2623
     102       0       0       1       0                               0D   2624
     102    4059       0       0       0                        01010000D   2625
     102       0       0       1       0                               0D   2626
     142    4060       0       0       0                        00010500D   2627
     142       0       0       1       0                               0D   2628
     144    4061       0       0       0                        00000000D   2629
     144       0      -1       1       0                               0D   2630
     128    4062       0       0       0                        01010000D   2631
     128       0       0      16       0                               0D   2632
     126    4078       0       0       0                        01010500D   2633
     126       0       0       2       0                               0D   2634
     124    4080       0       0       0                        00000000D   2635
     124       0       0       4       0                               0D   2636
     100    4084       0       0       0            2635        01010000D   2637
     100       0       0       1       0                               0D   2638
     126    4085       0       0       0                        01010500D   2639
     126       0       0       2       0                               0D   2640
     124    4087       0       0       0                        00000000D   2641
     124       0       0       3       0                               0D   2642
     100    4090       0       0       0            2641        01010000D   2643
     100       0       0       1       0                               0D   2644
     126    4091       0       0       0                        01010500D   2645
     126       0       0       2       0                               0D   2646
     126    4093       0       0       0                        01010000D   2647
     126       0       0       4       0                               0D   2648
     126    4097       0       0       0                        01010500D   2649
     126       0       0       2       0                               0D   2650
     126    4099       0       0       0                        01010000D   2651
     126       0       0       7       0                               0D   2652
     102    4106       0       0       0                        01010500D   2653
     102       0       0       1       0                               0D   2654
     102    4107       0       0       0                        01010000D   2655
     102       0       0       1       0                               0D   2656
     142    4108       0       0       0                        00010500D   2657
     142       0       0       1       0                               0D   2658
     144    4109       0       0       0                        00000000D   2659
     144       0      -1       1       0                               0D   2660
     110    4110       0       0       0                        01010000D   2661
     110       0       0       1       0                               0D   2662
     110    4111       0       0       0                        01010000D   2663
     110       0       0       1       0                               0D   2664
     120    4112       0       0       0                        01010000D   2665
     120       0       0       1       0                               0D   2666
     126    4113       0       0       0                        01010500D   2667
     126       0       0       2       0                               0D   2668
     124    4115       0       0       0                        00000000D   2669
     124       0       0       2       0                               0D   2670
     100    4117       0       0       0            2669        01010000D   2671
     100       0       0       1       0                               0D   2672
     126    4118       0       0       0                        01010500D   2673
     126       0       0       2       0                               0D   2674
     110    4120       0       0       0                        01010000D   2675
     110       0       0       1       0                               0D   2676
     126    4121       0       0       0                        01010500D   2677
     126       0       0       2       0                               0D   2678
     124    4123       0       0       0                        00000000D   2679
     124       0       0       2       0                               0D   2680
     100    4125       0       0       0            2679        01010000D   2681
     100       0       0       1       0                               0D   2682
     126    4126       0       0       0                        01010500D   2683
     126       0       0       2       0                               0D   2684
     110    4128       0       0       0                        01010000D   2685
     110       0       0       1       0                               0D   2686
     102    4129       0       0       0                        01010500D   2687
     102       0       0       1       0                               0D   2688
     102    4130       0       0       0                        01010000D   2689
     102       0       0       1       0                               0D   2690
     142    4131       0       0       0                        00010500D   2691
     142       0       0       1       0                               0D   2692
     144    4132       0       0       0                        00000000D   2693
     144       0      -1       1       0                               0D   2694
     110    4133       0       0       0                        01010000D   2695
     110       0       0       1       0                               0D   2696
     110    4134       0       0       0                        01010000D   2697
     110       0       0       1       0                               0D   2698
     120    4135       0       0       0                        01010000D   2699
     120       0       0       1       0                               0D   2700
     126    4136       0       0       0                        01010500D   2701
     126       0       0       2       0                               0D   2702
     124    4138       0       0       0                        00000000D   2703
     124       0       0       2       0                               0D   2704
     100    4140       0       0       0            2703        01010000D   2705
     100       0       0       1       0                               0D   2706
     126    4141       0       0       0                        01010500D   2707
     126       0       0       2       0                               0D   2708
     110    4143       0       0       0                        01010000D   2709
     110       0       0       1       0                               0D   2710
     126    4144       0       0       0                        01010500D   2711
     126       0       0       2       0                               0D   2712
     124    4146       0       0       0                        00000000D   2713
     124       0       0       2       0                               0D   2714
     100    4148       0       0       0            2713        01010000D   2715
     100       0       0       1       0                               0D   2716
     126    4149       0       0       0                        01010500D   2717
     126       0       0       2       0                               0D   2718
     110    4151       0       0       0                        01010000D   2719
     110       0       0       1       0                               0D   2720
     102    4152       0       0       0                        01010500D   2721
     102       0       0       1       0                               0D   2722
     102    4153       0       0       0                        01010000D   2723
     102       0       0       1       0                               0D   2724
     142    4154       0       0       0                        00010500D   2725
     142       0       0       1       0                               0D   2726
     144    4155       0       0       0                        00000000D   2727
     144       0      -1       1       0                               0D   2728
     110    4156       0       0       0                        01010000D   2729
     110       0       0       1       0                               0D   2730
     110    4157       0       0       0                        01010000D   2731
     110       0       0       1       0                               0D   2732
     120    4158       0       0       0                        01010000D   2733
     120       0       0       1       0                               0D   2734
     126    4159       0       0       0                        01010500D   2735
     126       0       0       2       0                               0D   2736
     124    4161       0       0       0                        00000000D   2737
     124       0       0       2       0                               0D   2738
     100    4163       0       0       0            2737        01010000D   2739
     100       0       0       1       0                               0D   2740
     126    4164       0       0       0                        01010500D   2741
     126       0       0       2       0                               0D   2742
     110    4166       0       0       0                        01010000D   2743
     110       0       0       1       0                               0D   2744
     126    4167       0       0       0                        01010500D   2745
     126       0       0       2       0                               0D   2746
     124    4169       0       0       0                        00000000D   2747
     124       0       0       2       0                               0D   2748
     100    4171       0       0       0            2747        01010000D   2749
     100       0       0       1       0                               0D   2750
     126    4172       0       0       0                        01010500D   2751
     126       0       0       2       0                               0D   2752
     110    4174       0       0       0                        01010000D   2753
     110       0       0       1       0                               0D   2754
     102    4175       0       0       0                        01010500D   2755
     102       0       0       1       0                               0D   2756
     102    4176       0       0       0                        01010000D   2757
     102       0       0       1       0                               0D   2758
     142    4177       0       0       0                        00010500D   2759
     142       0       0       1       0                               0D   2760
     144    4178       0       0       0                        00000000D   2761
     144       0      -1       1       0                               0D   2762
     110    4179       0       0       0                        01010000D   2763
     110       0       0       1       0                               0D   2764
     110    4180       0       0       0                        01010000D   2765
     110       0       0       1       0                               0D   2766
     120    4181       0       0       0                        01010000D   2767
     120       0       0       1       0                               0D   2768
     126    4182       0       0       0                        01010500D   2769
     126       0       0       2       0                               0D   2770
     124    4184       0       0       0                        00000000D   2771
     124       0       0       2       0                               0D   2772
     100    4186       0       0       0            2771        01010000D   2773
     100       0       0       1       0                               0D   2774
     126    4187       0       0       0                        01010500D   2775
     126       0       0       2       0                               0D   2776
     110    4189       0       0       0                        01010000D   2777
     110       0       0       1       0                               0D   2778
     126    4190       0       0       0                        01010500D   2779
     126       0       0       2       0                               0D   2780
     124    4192       0       0       0                        00000000D   2781
     124       0       0       2       0                               0D   2782
     100    4194       0       0       0            2781        01010000D   2783
     100       0       0       1       0                               0D   2784
     126    4195       0       0       0                        01010500D   2785
     126       0       0       2       0                               0D   2786
     110    4197       0       0       0                        01010000D   2787
     110       0       0       1       0                               0D   2788
     102    4198       0       0       0                        01010500D   2789
     102       0       0       1       0                               0D   2790
     102    4199       0       0       0                        01010000D   2791
     102       0       0       1       0                               0D   2792
     142    4200       0       0       0                        00010500D   2793
     142       0       0       1       0                               0D   2794
     144    4201       0       0       0                        00000000D   2795
     144       0      -1       1       0                               0D   2796
     110    4202       0       0       0                        01010000D   2797
     110       0       0       1       0                               0D   2798
     110    4203       0       0       0                        01010000D   2799
     110       0       0       1       0                               0D   2800
     120    4204       0       0       0                        01010000D   2801
     120       0       0       1       0                               0D   2802
     126    4205       0       0       0                        01010500D   2803
     126       0       0       2       0                               0D   2804
     124    4207       0       0       0                        00000000D   2805
     124       0       0       2       0                               0D   2806
     100    4209       0       0       0            2805        01010000D   2807
     100       0       0       1       0                               0D   2808
     126    4210       0       0       0                        01010500D   2809
     126       0       0       2       0                               0D   2810
     110    4212       0       0       0                        01010000D   2811
     110       0       0       1       0                               0D   2812
     126    4213       0       0       0                        01010500D   2813
     126       0       0       2       0                               0D   2814
     124    4215       0       0       0                        00000000D   2815
     124       0       0       2       0                               0D   2816
     100    4217       0       0       0            2815        01010000D   2817
     100       0       0       1       0                               0D   2818
     126    4218       0       0       0                        01010500D   2819
     126       0       0       2       0                               0D   2820
     110    4220       0       0       0                        01010000D   2821
     110       0       0       1       0                               0D   2822
     102    4221       0       0       0                        01010500D   2823
     102       0       0       1       0                               0D   2824
     102    4222       0       0       0                        01010000D   2825
     102       0       0       1       0                               0D   2826
     142    4223       0       0       0                        00010500D   2827
     142       0       0       1       0                               0D   2828
     144    4224       0       0       0                        00000000D   2829
     144       0      -1       1       0                               0D   2830
     110    4225       0       0       0                        01010000D   2831
     110       0       0       1       0                               0D   2832
     110    4226       0       0       0                        01010000D   2833
     110       0       0       1       0                               0D   2834
     120    4227       0       0       0                        01010000D   2835
     120       0       0       1       0                               0D   2836
     126    4228       0       0       0                        01010500D   2837
     126       0       0       2       0                               0D   2838
     124    4230       0       0       0                        00000000D   2839
     124       0       0       2       0                               0D   2840
     100    4232       0       0       0            2839        01010000D   2841
     100       0       0       1       0                               0D   2842
     126    4233       0       0       0                        01010500D   2843
     126       0       0       2       0                               0D   2844
     110    4235       0       0       0                        01010000D   2845
     110       0       0       1       0                               0D   2846
     126    4236       0       0       0                        01010500D   2847
     126       0       0       2       0                               0D   2848
     124    4238       0       0       0                        00000000D   2849
     124       0       0       2       0                               0D   2850
     100    4240       0       0       0            2849        01010000D   2851
     100       0       0       1       0                               0D   2852
     126    4241       0       0       0                        01010500D   2853
     126       0       0       2       0                               0D   2854
     110    4243       0       0       0                        01010000D   2855
     110       0       0       1       0                               0D   2856
     102    4244       0       0       0                        01010500D   2857
     102       0       0       1       0                               0D   2858
     102    4245       0       0       0                        01010000D   2859
     102       0       0       1       0                               0D   2860
     142    4246       0       0       0                        00010500D   2861
     142       0       0       1       0                               0D   2862
     144    4247       0       0       0                        00000000D   2863
     144       0      -1       1       0                               0D   2864
     110    4248       0       0       0                        01010000D   2865
     110       0       0       1       0                               0D   2866
     110    4249       0       0       0                        01010000D   2867
     110       0       0       1       0                               0D   2868
     120    4250       0       0       0                        01010000D   2869
     120       0       0       1       0                               0D   2870
     126    4251       0       0       0                        01010500D   2871
     126       0       0       2       0                               0D   2872
     124    4253       0       0       0                        00000000D   2873
     124       0       0       3       0                               0D   2874
     100    4256       0       0       0            2873        01010000D   2875
     100       0       0       1       0                               0D   2876
     126    4257       0       0       0                        01010500D   2877
     126       0       0       2       0                               0D   2878
     110    4259       0       0       0                        01010000D   2879
     110       0       0       1       0                               0D   2880
     126    4260       0       0       0                        01010500D   2881
     126       0       0       2       0                               0D   2882
     124    4262       0       0       0                        00000000D   2883
     124       0       0       3       0                               0D   2884
     100    4265       0       0       0            2883        01010000D   2885
     100       0       0       1       0                               0D   2886
     126    4266       0       0       0                        01010500D   2887
     126       0       0       2       0                               0D   2888
     110    4268       0       0       0                        01010000D   2889
     110       0       0       1       0                               0D   2890
     102    4269       0       0       0                        01010500D   2891
     102       0       0       1       0                               0D   2892
     102    4270       0       0       0                        01010000D   2893
     102       0       0       1       0                               0D   2894
     142    4271       0       0       0                        00010500D   2895
     142       0       0       1       0                               0D   2896
     144    4272       0       0       0                        00000000D   2897
     144       0      -1       1       0                               0D   2898
     110    4273       0       0       0                        01010000D   2899
     110       0       0       1       0                               0D   2900
     110    4274       0       0       0                        01010000D   2901
     110       0       0       1       0                               0D   2902
     120    4275       0       0       0                        01010000D   2903
     120       0       0       1       0                               0D   2904
     126    4276       0       0       0                        01010500D   2905
     126       0       0       2       0                               0D   2906
     124    4278       0       0       0                        00000000D   2907
     124       0       0       3       0                               0D   2908
     100    4281       0       0       0            2907        01010000D   2909
     100       0       0       1       0                               0D   2910
     126    4282       0       0       0                        01010500D   2911
     126       0       0       2       0                               0D   2912
     110    4284       0       0       0                        01010000D   2913
     110       0       0       1       0                               0D   2914
     126    4285       0       0       0                        01010500D   2915
     126       0       0       2       0                               0D   2916
     124    4287       0       0       0                        00000000D   2917
     124       0       0       3       0                               0D   2918
     100    4290       0       0       0            2917        01010000D   2919
     100       0       0       1       0                               0D   2920
     126    4291       0       0       0                        01010500D   2921
     126       0       0       2       0                               0D   2922
     110    4293       0       0       0                        01010000D   2923
     110       0       0       1       0                               0D   2924
     102    4294       0       0       0                        01010500D   2925
     102       0       0       1       0                               0D   2926
     102    4295       0       0       0                        01010000D   2927
     102       0       0       1       0                               0D   2928
     142    4296       0       0       0                        00010500D   2929
     142       0       0       1       0                               0D   2930
     144    4297       0       0       0                        00000000D   2931
     144       0      -1       1       0                               0D   2932
     110    4298       0       0       0                        01010000D   2933
     110       0       0       1       0                               0D   2934
     110    4299       0       0       0                        01010000D   2935
     110       0       0       1       0                               0D   2936
     120    4300       0       0       0                        01010000D   2937
     120       0       0       1       0                               0D   2938
     126    4301       0       0       0                        01010500D   2939
     126       0       0       2       0                               0D   2940
     124    4303       0       0       0                        00000000D   2941
     124       0       0       3       0                               0D   2942
     100    4306       0       0       0            2941        01010000D   2943
     100       0       0       1       0                               0D   2944
     126    4307       0       0       0                        01010500D   2945
     126       0       0       2       0                               0D   2946
     110    4309       0       0       0                        01010000D   2947
     110       0       0       1       0                               0D   2948
     126    4310       0       0       0                        01010500D   2949
     126       0       0       2       0                               0D   2950
     124    4312       0       0       0                        00000000D   2951
     124       0       0       3       0                               0D   2952
     100    4315       0       0       0            2951        01010000D   2953
     100       0       0       1       0                               0D   2954
     126    4316       0       0       0                        01010500D   2955
     126       0       0       2       0                               0D   2956
     110    4318       0       0       0                        01010000D   2957
     110       0       0       1       0                               0D   2958
     102    4319       0       0       0                        01010500D   2959
     102       0       0       1       0                               0D   2960
     102    4320       0       0       0                        01010000D   2961
     102       0       0       1       0                               0D   2962
     142    4321       0       0       0                        00010500D   2963
     142       0       0       1       0                               0D   2964
     144    4322       0       0       0                        00000000D   2965
     144       0      -1       1       0                               0D   2966
     110    4323       0       0       0                        01010000D   2967
     110       0       0       1       0                               0D   2968
     110    4324       0       0       0                        01010000D   2969
     110       0       0       1       0                               0D   2970
     120    4325       0       0       0                        01010000D   2971
     120       0       0       1       0                               0D   2972
     126    4326       0       0       0                        01010500D   2973
     126       0       0       2       0                               0D   2974
     124    4328       0       0       0                        00000000D   2975
     124       0       0       3       0                               0D   2976
     100    4331       0       0       0            2975        01010000D   2977
     100       0       0       1       0                               0D   2978
     126    4332       0       0       0                        01010500D   2979
     126       0       0       2       0                               0D   2980
     110    4334       0       0       0                        01010000D   2981
     110       0       0       1       0                               0D   2982
     126    4335       0       0       0                        01010500D   2983
     126       0       0       2       0                               0D   2984
     124    4337       0       0       0                        00000000D   2985
     124       0       0       3       0                               0D   2986
     100    4340       0       0       0            2985        01010000D   2987
     100       0       0       1       0                               0D   2988
     126    4341       0       0       0                        01010500D   2989
     126       0       0       2       0                               0D   2990
     110    4343       0       0       0                        01010000D   2991
     110       0       0       1       0                               0D   2992
     102    4344       0       0       0                        01010500D   2993
     102       0       0       1       0                               0D   2994
     102    4345       0       0       0                        01010000D   2995
     102       0       0       1       0                               0D   2996
     142    4346       0       0       0                        00010500D   2997
     142       0       0       1       0                               0D   2998
     144    4347       0       0       0                        00000000D   2999
     144       0      -1       1       0                               0D   3000
     110    4348       0       0       0                        01010000D   3001
     110       0       0       1       0                               0D   3002
     110    4349       0       0       0                        01010000D   3003
     110       0       0       1       0                               0D   3004
     120    4350       0       0       0                        01010000D   3005
     120       0       0       1       0                               0D   3006
     126    4351       0       0       0                        01010500D   3007
     126       0       0       2       0                               0D   3008
     124    4353       0       0       0                        00000000D   3009
     124       0       0       3       0                               0D   3010
     100    4356       0       0       0            3009        01010000D   3011
     100       0       0       1       0                               0D   3012
     126    4357       0       0       0                        01010500D   3013
     126       0       0       2       0                               0D   3014
     110    4359       0       0       0                        01010000D   3015
     110       0       0       1       0                               0D   3016
     126    4360       0       0       0                        01010500D   3017
     126       0       0       2       0                               0D   3018
     124    4362       0       0       0                        00000000D   3019
     124       0       0       3       0                               0D   3020
     100    4365       0       0       0            3019        01010000D   3021
     100       0       0       1       0                               0D   3022
     126    4366       0       0       0                        01010500D   3023
     126       0       0       2       0                               0D   3024
     110    4368       0       0       0                        01010000D   3025
     110       0       0       1       0                               0D   3026
     102    4369       0       0       0                        01010500D   3027
     102       0       0       1       0                               0D   3028
     102    4370       0       0       0                        01010000D   3029
     102       0       0       1       0                               0D   3030
     142    4371       0       0       0                        00010500D   3031
     142       0       0       1       0                               0D   3032
     144    4372       0       0       0                        00000000D   3033
     144       0      -1       1       0                               0D   3034
     110    4373       0       0       0                        01010000D   3035
     110       0       0       1       0                               0D   3036
     110    4374       0       0       0                        01010000D   3037
     110       0       0       1       0                               0D   3038
     120    4375       0       0       0                        01010000D   3039
     120       0       0       1       0                               0D   3040
     126    4376       0       0       0                        01010500D   3041
     126       0       0       2       0                               0D   3042
     124    4378       0       0       0                        00000000D   3043
     124       0       0       3       0                               0D   3044
     100    4381       0       0       0            3043        01010000D   3045
     100       0       0       1       0                               0D   3046
     126    4382       0       0       0                        01010500D   3047
     126       0       0       2       0                               0D   3048
     110    4384       0       0       0                        01010000D   3049
     110       0       0       1       0                               0D   3050
     126    4385       0       0       0                        01010500D   3051
     126       0       0       2       0                               0D   3052
     124    4387       0       0       0                        00000000D   3053
     124       0       0       3       0                               0D   3054
     100    4390       0       0       0            3053        01010000D   3055
     100       0       0       1       0                               0D   3056
     126    4391       0       0       0                        01010500D   3057
     126       0       0       2       0                               0D   3058
     110    4393       0       0       0                        01010000D   3059
     110       0       0       1       0                               0D   3060
     102    4394       0       0       0                        01010500D   3061
     102       0       0       1       0                               0D   3062
     102    4395       0       0       0                        01010000D   3063
     102       0       0       1       0                               0D   3064
     142    4396       0       0       0                        00010500D   3065
     142       0       0       1       0                               0D   3066
     144    4397       0       0       0                        00000000D   3067
     144       0      -1       1       0                               0D   3068
     110    4398       0       0       0                        01010000D   3069
     110       0       0       1       0                               0D   3070
     110    4399       0       0       0                        01010000D   3071
     110       0       0       1       0                               0D   3072
     120    4400       0       0       0                        01010000D   3073
     120       0       0       1       0                               0D   3074
     126    4401       0       0       0                        01010500D   3075
     126       0       0       2       0                               0D   3076
     124    4403       0       0       0                        00000000D   3077
     124       0       0       3       0                               0D   3078
     100    4406       0       0       0            3077        01010000D   3079
     100       0       0       1       0                               0D   3080
     126    4407       0       0       0                        01010500D   3081
     126       0       0       2       0                               0D   3082
     110    4409       0       0       0                        01010000D   3083
     110       0       0       1       0                               0D   3084
     126    4410       0       0       0                        01010500D   3085
     126       0       0       2       0                               0D   3086
     124    4412       0       0       0                        00000000D   3087
     124       0       0       3       0                               0D   3088
     100    4415       0       0       0            3087        01010000D   3089
     100       0       0       1       0                               0D   3090
     126    4416       0       0       0                        01010500D   3091
     126       0       0       2       0                               0D   3092
     110    4418       0       0       0                        01010000D   3093
     110       0       0       1       0                               0D   3094
     102    4419       0       0       0                        01010500D   3095
     102       0       0       1       0                               0D   3096
     102    4420       0       0       0                        01010000D   3097
     102       0       0       1       0                               0D   3098
     142    4421       0       0       0                        00010500D   3099
     142       0       0       1       0                               0D   3100
     144    4422       0       0       0                        00000000D   3101
     144       0      -1       1       0                               0D   3102
     110    4423       0       0       0                        01010000D   3103
     110       0       0       1       0                               0D   3104
     110    4424       0       0       0                        01010000D   3105
     110       0       0       1       0                               0D   3106
     120    4425       0       0       0                        01010000D   3107
     120       0       0       1       0                               0D   3108
     126    4426       0       0       0                        01010500D   3109
     126       0       0       2       0                               0D   3110
     124    4428       0       0       0                        00000000D   3111
     124       0       0       2       0                               0D   3112
     100    4430       0       0       0            3111        01010000D   3113
     100       0       0       1       0                               0D   3114
     126    4431       0       0       0                        01010500D   3115
     126       0       0       2       0                               0D   3116
     110    4433       0       0       0                        01010000D   3117
     110       0       0       1       0                               0D   3118
     126    4434       0       0       0                        01010500D   3119
     126       0       0       2       0                               0D   3120
     124    4436       0       0       0                        00000000D   3121
     124       0       0       2       0                               0D   3122
     100    4438       0       0       0            3121        01010000D   3123
     100       0       0       1       0                               0D   3124
     126    4439       0       0       0                        01010500D   3125
     126       0       0       2       0                               0D   3126
     110    4441       0       0       0                        01010000D   3127
     110       0       0       1       0                               0D   3128
     102    4442       0       0       0                        01010500D   3129
     102       0       0       1       0                               0D   3130
     102    4443       0       0       0                        01010000D   3131
     102       0       0       1       0                               0D   3132
     142    4444       0       0       0                        00010500D   3133
     142       0       0       1       0                               0D   3134
     144    4445       0       0       0                        00000000D   3135
     144       0      -1       1       0                               0D   3136
     110    4446       0       0       0                        01010000D   3137
     110       0       0       1       0                               0D   3138
     110    4447       0       0       0                        01010000D   3139
     110       0       0       1       0                               0D   3140
     120    4448       0       0       0                        01010000D   3141
     120       0       0       1       0                               0D   3142
     126    4449       0       0       0                        01010500D   3143
     126       0       0       2       0                               0D   3144
     124    4451       0       0       0                        00000000D   3145
     124       0       0       2       0                               0D   3146
     100    4453       0       0       0            3145        01010000D   3147
     100       0       0       1       0                               0D   3148
     126    4454       0       0       0                        01010500D   3149
     126       0       0       2       0                               0D   3150
     110    4456       0       0       0                        01010000D   3151
     110       0       0       1       0                               0D   3152
     126    4457       0       0       0                        01010500D   3153
     126       0       0       2       0                               0D   3154
     124    4459       0       0       0                        00000000D   3155
     124       0       0       2       0                               0D   3156
     100    4461       0       0       0            3155        01010000D   3157
     100       0       0       1       0                               0D   3158
     126    4462       0       0       0                        01010500D   3159
     126       0       0       2       0                               0D   3160
     110    4464       0       0       0                        01010000D   3161
     110       0       0       1       0                               0D   3162
     102    4465       0       0       0                        01010500D   3163
     102       0       0       1       0                               0D   3164
     102    4466       0       0       0                        01010000D   3165
     102       0       0       1       0                               0D   3166
     142    4467       0       0       0                        00010500D   3167
     142       0       0       1       0                               0D   3168
     144    4468       0       0       0                        00000000D   3169
     144       0      -1       1       0                               0D   3170
     110    4469       0       0       0                        01010000D   3171
     110       0       0       1       0                               0D   3172
     110    4470       0       0       0                        01010000D   3173
     110       0       0       1       0                               0D   3174
     120    4471       0       0       0                        01010000D   3175
     120       0       0       1       0                               0D   3176
     126    4472       0       0       0                        01010500D   3177
     126       0       0       2       0                               0D   3178
     124    4474       0       0       0                        00000000D   3179
     124       0       0       2       0                               0D   3180
     100    4476       0       0       0            3179        01010000D   3181
     100       0       0       1       0                               0D   3182
     126    4477       0       0       0                        01010500D   3183
     126       0       0       2       0                               0D   3184
     110    4479       0       0       0                        01010000D   3185
     110       0       0       1       0                               0D   3186
     126    4480       0       0       0                        01010500D   3187
     126       0       0       2       0                               0D   3188
     124    4482       0       0       0                        00000000D   3189
     124       0       0       2       0                               0D   3190
     100    4484       0       0       0            3189        01010000D   3191
     100       0       0       1       0                               0D   3192
     126    4485       0       0       0                        01010500D   3193
     126       0       0       2       0                               0D   3194
     110    4487       0       0       0                        01010000D   3195
     110       0       0       1       0                               0D   3196
     102    4488       0       0       0                        01010500D   3197
     102       0       0       1       0                               0D   3198
     102    4489       0       0       0                        01010000D   3199
     102       0       0       1       0                               0D   3200
     142    4490       0       0       0                        00010500D   3201
     142       0       0       1       0                               0D   3202
     144    4491       0       0       0                        00000000D   3203
     144       0      -1       1       0                               0D   3204
     110    4492       0       0       0                        01010000D   3205
     110       0       0       1       0                               0D   3206
     110    4493       0       0       0                        01010000D   3207
     110       0       0       1       0                               0D   3208
     120    4494       0       0       0                        01010000D   3209
     120       0       0       1       0                               0D   3210
     126    4495       0       0       0                        01010500D   3211
     126       0       0       2       0                               0D   3212
     124    4497       0       0       0                        00000000D   3213
     124       0       0       2       0                               0D   3214
     100    4499       0       0       0            3213        01010000D   3215
     100       0       0       1       0                               0D   3216
     126    4500       0       0       0                        01010500D   3217
     126       0       0       2       0                               0D   3218
     110    4502       0       0       0                        01010000D   3219
     110       0       0       1       0                               0D   3220
     126    4503       0       0       0                        01010500D   3221
     126       0       0       2       0                               0D   3222
     124    4505       0       0       0                        00000000D   3223
     124       0       0       2       0                               0D   3224
     100    4507       0       0       0            3223        01010000D   3225
     100       0       0       1       0                               0D   3226
     126    4508       0       0       0                        01010500D   3227
     126       0       0       2       0                               0D   3228
     110    4510       0       0       0                        01010000D   3229
     110       0       0       1       0                               0D   3230
     102    4511       0       0       0                        01010500D   3231
     102       0       0       1       0                               0D   3232
     102    4512       0       0       0                        01010000D   3233
     102       0       0       1       0                               0D   3234
     142    4513       0       0       0                        00010500D   3235
     142       0       0       1       0                               0D   3236
     144    4514       0       0       0                        00000000D   3237
     144       0      -1       1       0                               0D   3238
     110    4515       0       0       0                        01010000D   3239
     110       0       0       1       0                               0D   3240
     110    4516       0       0       0                        01010000D   3241
     110       0       0       1       0                               0D   3242
     120    4517       0       0       0                        01010000D   3243
     120       0       0       1       0                               0D   3244
     126    4518       0       0       0                        01010500D   3245
     126       0       0       2       0                               0D   3246
     124    4520       0       0       0                        00000000D   3247
     124       0       0       2       0                               0D   3248
     100    4522       0       0       0            3247        01010000D   3249
     100       0       0       1       0                               0D   3250
     126    4523       0       0       0                        01010500D   3251
     126       0       0       2       0                               0D   3252
     110    4525       0       0       0                        01010000D   3253
     110       0       0       1       0                               0D   3254
     126    4526       0       0       0                        01010500D   3255
     126       0       0       2       0                               0D   3256
     124    4528       0       0       0                        00000000D   3257
     124       0       0       2       0                               0D   3258
     100    4530       0       0       0            3257        01010000D   3259
     100       0       0       1       0                               0D   3260
     126    4531       0       0       0                        01010500D   3261
     126       0       0       2       0                               0D   3262
     110    4533       0       0       0                        01010000D   3263
     110       0       0       1       0                               0D   3264
     102    4534       0       0       0                        01010500D   3265
     102       0       0       1       0                               0D   3266
     102    4535       0       0       0                        01010000D   3267
     102       0       0       1       0                               0D   3268
     142    4536       0       0       0                        00010500D   3269
     142       0       0       1       0                               0D   3270
     144    4537       0       0       0                        00000000D   3271
     144       0      -1       1       0                               0D   3272
     110    4538       0       0       0                        01010000D   3273
     110       0       0       1       0                               0D   3274
     110    4539       0       0       0                        01010000D   3275
     110       0       0       1       0                               0D   3276
     120    4540       0       0       0                        01010000D   3277
     120       0       0       1       0                               0D   3278
     126    4541       0       0       0                        01010500D   3279
     126       0       0       2       0                               0D   3280
     124    4543       0       0       0                        00000000D   3281
     124       0       0       2       0                               0D   3282
     100    4545       0       0       0            3281        01010000D   3283
     100       0       0       1       0                               0D   3284
     126    4546       0       0       0                        01010500D   3285
     126       0       0       2       0                               0D   3286
     110    4548       0       0       0                        01010000D   3287
     110       0       0       1       0                               0D   3288
     126    4549       0       0       0                        01010500D   3289
     126       0       0       2       0                               0D   3290
     124    4551       0       0       0                        00000000D   3291
     124       0       0       2       0                               0D   3292
     100    4553       0       0       0            3291        01010000D   3293
     100       0       0       1       0                               0D   3294
     126    4554       0       0       0                        01010500D   3295
     126       0       0       2       0                               0D   3296
     110    4556       0       0       0                        01010000D   3297
     110       0       0       1       0                               0D   3298
     102    4557       0       0       0                        01010500D   3299
     102       0       0       1       0                               0D   3300
     102    4558       0       0       0                        01010000D   3301
     102       0       0       1       0                               0D   3302
     142    4559       0       0       0                        00010500D   3303
     142       0       0       1       0                               0D   3304
     144    4560       0       0       0                        00000000D   3305
     144       0      -1       1       0                               0D   3306
314,66.6666666666667,69.8039215686274,76.8627450980392,;               1P      1
110,25.,13.4,12.5,-975.,13.4,12.5;                                     3P      2
110,27.,13.4,14.,25.,13.4,14.;                                         5P      3
120,3,5,0.,6.28318530717959;                                           7P      4
126,1,1,1,0,1,0,0.,0.,1.,1.,1.,1.,0.,6.283185307,0.,1.,                9P      5
6.283185307,0.,0.,1.,0.,0.,1.;                                         9P      6
110,27.,13.4,14.,25.,13.4,14.;                                        11P      7
126,1,1,1,0,1,0,0.,0.,1.,1.,1.,1.,1.,6.283185307,0.,1.,               13P      8
3.141592654,0.,0.,1.,0.,0.,1.;                                        13P      9
124,-6.12303176911189E-017,4.27569270827966E-031,1.,12.5,             15P     10
-6.98296672221876E-015,-1.,0.,26.8000000000002,1.,                    15P     11
-6.98296672221876E-015,6.12303176911189E-017,-12.4999999999999;       15P     12
100,12.5,25.,13.4,26.5,13.4,23.5,13.4;                                17P     13
126,1,1,1,0,1,0,0.,0.,1.,1.,1.,1.,1.,3.141592654,0.,0.,               19P     14
3.141592654,0.,0.,1.,0.,0.,1.;                                        19P     15
110,25.,13.4,11.,27.,13.4,11.;                                        21P     16
126,1,1,1,0,1,0,0.,0.,1.,1.,1.,1.,0.,3.141592654,0.,0.,               23P     17
6.283185307,0.,0.,1.,0.,0.,1.;                                        23P     18
124,-6.12303176911189E-017,4.27569270827966E-031,-1.,39.5,            25P     19
-6.98296672221876E-015,-1.,0.,26.8000000000002,-1.,                   25P     20
6.98296672221876E-015,6.12303176911189E-017,39.4999999999999;         25P     21
100,12.5,27.,13.4,28.5,13.4,25.5,13.4;                                27P     22
102,4,9,13,19,23;                                                     29P     23
102,4,11,17,21,27;                                                    31P     24
142,1,7,29,31,1;                                                      33P     25
144,7,1,0,33;                                                         35P     26
110,25.,39.,12.5,-975.,39.,12.5;                                      37P     27
110,27.,39.,14.,25.,39.,14.;                                          39P     28
120,37,39,0.,6.28318530717959;                                        41P     29
126,1,1,1,0,1,0,0.,0.,1.,1.,1.,1.,0.,6.283185307,0.,1.,               43P     30
6.283185307,0.,0.,1.,0.,0.,1.;                                        43P     31
110,27.,39.,14.,25.,39.,14.;                                          45P     32
126,1,1,1,0,1,0,0.,0.,1.,1.,1.,1.,1.,6.283185307,0.,1.,               47P     33
3.141592654,0.,0.,1.,0.,0.,1.;                                        47P     34
124,-6.12303176911189E-017,4.27569270827966E-031,1.,12.5,             49P     35
-6.98296672221876E-015,-1.,0.,78.0000000000002,1.,                    49P     36
-6.98296672221876E-015,6.12303176911189E-017,-12.4999999999997;       49P     37
100,12.5,25.,39.,26.5,39.,23.5,39.;                                   51P     38
126,1,1,1,0,1,0,0.,0.,1.,1.,1.,1.,1.,3.141592654,0.,0.,               53P     39
3.141592654,0.,0.,1.,0.,0.,1.;                                        53P     40
110,25.,39.,11.,27.,39.,11.;                                          55P     41
126,1,1,1,0,1,0,0.,0.,1.,1.,1.,1.,0.,3.141592654,0.,0.,               57P     42
6.283185307,0.,0.,1.,0.,0.,1.;                                        57P     43
124,-6.12303176911189E-017,4.27569270827966E-031,-1.,39.5,            59P     44
-6.98296672221876E-015,-1.,0.,78.0000000000002,-1.,                   59P     45
6.98296672221876E-015,6.12303176911189E-017,39.4999999999997;         59P     46
100,12.5,27.,39.,28.5,39.,25.5,39.;                                   61P     47
102,4,43,47,53,57;                                                    63P     48
102,4,45,51,55,61;                                                    65P     49
142,1,41,63,65,1;                                                     67P     50
144,41,1,0,67;                                                        69P     51
110,25.,32.,19.5,-975.,32.,19.5;                                      71P     52
110,27.,32.,21.,25.,32.,21.;                                          73P     53
120,71,73,0.,6.28318530717959;                                        75P     54
126,1,1,1,0,1,0,0.,0.,1.,1.,1.,1.,0.,6.283185307,0.,1.,               77P     55
6.283185307,0.,0.,1.,0.,0.,1.;                                        77P     56
110,27.,32.,21.,25.,32.,21.;                                          79P     57
126,1,1,1,0,1,0,0.,0.,1.,1.,1.,1.,1.,6.283185307,0.,1.,               81P     58
3.141592654,0.,0.,1.,0.,0.,1.;                                        81P     59
124,-6.12303176911189E-017,4.27569270827966E-031,1.,5.5,              83P     60
-6.98296672221876E-015,-1.,0.,64.0000000000002,1.,                    83P     61
-6.98296672221876E-015,6.12303176911189E-017,-5.49999999999978;       83P     62
100,19.5,25.,32.,26.5,32.,23.5,32.;                                   85P     63
126,1,1,1,0,1,0,0.,0.,1.,1.,1.,1.,1.,3.141592654,0.,0.,               87P     64
3.141592654,0.,0.,1.,0.,0.,1.;                                        87P     65
110,25.,32.,18.,27.,32.,18.;                                          89P     66
126,1,1,1,0,1,0,0.,0.,1.,1.,1.,1.,0.,3.141592654,0.,0.,               91P     67
6.283185307,0.,0.,1.,0.,0.,1.;                                        91P     68
124,-6.12303176911189E-017,4.27569270827966E-031,-1.,46.5,            93P     69
-6.98296672221876E-015,-1.,0.,64.0000000000002,-1.,                   93P     70
6.98296672221876E-015,6.12303176911189E-017,46.4999999999998;         93P     71
100,19.5,27.,32.,28.5,32.,25.5,32.;                                   95P     72
102,4,77,81,87,91;                                                    97P     73
102,4,79,85,89,95;                                                    99P     74
142,1,75,97,99,1;                                                    101P     75
144,75,1,0,101;                                                      103P     76
110,25.,32.,5.5,-975.,32.,5.5;                                       105P     77
110,27.,32.,7.,25.,32.,7.;                                           107P     78
120,105,107,0.,6.28318530717959;                                     109P     79
126,1,1,1,0,1,0,0.,0.,1.,1.,1.,1.,0.,6.283185307,0.,1.,              111P     80
6.283185307,0.,0.,1.,0.,0.,1.;                                       111P     81
110,27.,32.,7.,25.,32.,7.;                                           113P     82
126,1,1,1,0,1,0,0.,0.,1.,1.,1.,1.,1.,6.283185307,0.,1.,              115P     83
3.141592654,0.,0.,1.,0.,0.,1.;                                       115P     84
124,-6.12303176911189E-017,4.27569270827966E-031,1.,19.5,            117P     85
-6.98296672221876E-015,-1.,0.,64.0000000000002,1.,                   117P     86
-6.98296672221876E-015,6.12303176911189E-017,-19.4999999999998;      117P     87
100,5.5,25.,32.,26.5,32.,23.5,32.;                                   119P     88
126,1,1,1,0,1,0,0.,0.,1.,1.,1.,1.,1.,3.141592654,0.,0.,              121P     89
3.141592654,0.,0.,1.,0.,0.,1.;                                       121P     90
110,25.,32.,4.,27.,32.,4.;                                           123P     91
126,1,1,1,0,1,0,0.,0.,1.,1.,1.,1.,0.,3.141592654,0.,0.,              125P     92
6.283185307,0.,0.,1.,0.,0.,1.;                                       125P     93
124,-6.12303176911189E-017,4.27569270827966E-031,-1.,32.5,           127P     94
-6.98296672221876E-015,-1.,0.,64.0000000000002,-1.,                  127P     95
6.98296672221876E-015,6.12303176911189E-017,32.4999999999998;        127P     96
100,5.5,27.,32.,28.5,32.,25.5,32.;                                   129P     97
102,4,111,115,121,125;                                               131P     98
102,4,113,119,123,129;                                               133P     99
142,1,109,131,133,1;                                                 135P    100
144,109,1,0,135;                                                     137P    101
110,25.,25.,12.5,-975.,25.,12.5;                                     139P    102
110,27.,25.,14.,25.,25.,14.;                                         141P    103
120,139,141,0.,6.28318530717959;                                     143P    104
126,1,1,1,0,1,0,0.,0.,1.,1.,1.,1.,0.,6.283185307,0.,1.,              145P    105
6.283185307,0.,0.,1.,0.,0.,1.;                                       145P    106
110,27.,25.,14.,25.,25.,14.;                                         147P    107
126,1,1,1,0,1,0,0.,0.,1.,1.,1.,1.,1.,6.283185307,0.,1.,              149P    108
3.141592654,0.,0.,1.,0.,0.,1.;                                       149P    109
124,-6.12303176911189E-017,4.27569270827966E-031,1.,12.5,            151P    110
-6.98296672221876E-015,-1.,0.,50.0000000000002,1.,                   151P    111
-6.98296672221876E-015,6.12303176911189E-017,-12.4999999999998;      151P    112
100,12.5,25.,25.,26.5,25.,23.5,25.;                                  153P    113
126,1,1,1,0,1,0,0.,0.,1.,1.,1.,1.,1.,3.141592654,0.,0.,              155P    114
3.141592654,0.,0.,1.,0.,0.,1.;                                       155P    115
110,25.,25.,11.,27.,25.,11.;                                         157P    116
126,1,1,1,0,1,0,0.,0.,1.,1.,1.,1.,0.,3.141592654,0.,0.,              159P    117
6.283185307,0.,0.,1.,0.,0.,1.;                                       159P    118
124,-6.12303176911189E-017,4.27569270827966E-031,-1.,39.5,           161P    119
-6.98296672221876E-015,-1.,0.,50.0000000000002,-1.,                  161P    120
6.98296672221876E-015,6.12303176911189E-017,39.4999999999998;        161P    121
100,12.5,27.,25.,28.5,25.,25.5,25.;                                  163P    122
102,4,145,149,155,159;                                               165P    123
102,4,147,153,157,163;                                               167P    124
142,1,143,165,167,1;                                                 169P    125
144,143,1,0,169;                                                     171P    126
110,25.,32.,12.5,-975.,32.,12.5;                                     173P    127
110,27.,32.,16.5,25.,32.,16.5;                                       175P    128
120,173,175,0.,6.28318530717959;                                     177P    129
126,1,1,1,0,1,0,0.,0.,1.,1.,1.,1.,0.,6.283185307,0.,1.,              179P    130
6.283185307,0.,0.,1.,0.,0.,1.;                                       179P    131
110,27.,32.,16.5,25.,32.,16.5;                                       181P    132
126,1,1,1,0,1,0,0.,0.,1.,1.,1.,1.,1.,6.283185307,0.,1.,              183P    133
3.141592654,0.,0.,1.,0.,0.,1.;                                       183P    134
124,-6.12303176911189E-017,4.27569270827966E-031,1.,12.5,            185P    135
-6.98296672221876E-015,-1.,0.,64.0000000000002,1.,                   185P    136
-6.98296672221876E-015,6.12303176911189E-017,-12.4999999999998;      185P    137
100,12.5,25.,32.,29.,32.,21.,32.;                                    187P    138
126,1,1,1,0,1,0,0.,0.,1.,1.,1.,1.,1.,3.141592654,0.,0.,              189P    139
3.141592654,0.,0.,1.,0.,0.,1.;                                       189P    140
110,25.,32.,8.5,27.,32.,8.5;                                         191P    141
126,1,1,1,0,1,0,0.,0.,1.,1.,1.,1.,0.,3.141592654,0.,0.,              193P    142
6.283185307,0.,0.,1.,0.,0.,1.;                                       193P    143
124,-6.12303176911189E-017,4.27569270827966E-031,-1.,39.5,           195P    144
-6.98296672221876E-015,-1.,0.,64.0000000000002,-1.,                  195P    145
6.98296672221876E-015,6.12303176911189E-017,39.4999999999998;        195P    146
100,12.5,27.,32.,31.,32.,23.,32.;                                    197P    147
102,4,179,183,189,193;                                               199P    148
102,4,181,187,191,197;                                               201P    149
142,1,177,199,201,1;                                                 203P    150
144,177,1,0,203;                                                     205P    151
110,20.,2.,12.5,20.,1002.,12.5;                                      207P    152
110,20.,0.,14.,20.,2.,14.;                                           209P    153
120,207,209,0.,6.28318530717959;                                     211P    154
126,1,1,1,0,1,0,0.,0.,1.,1.,1.,1.,0.,6.283185307,0.,1.,              213P    155
6.283185307,0.,0.,1.,0.,0.,1.;                                       213P    156
110,20.,0.,14.,20.,2.,14.;                                           215P    157
126,1,1,1,0,1,0,0.,0.,1.,1.,1.,1.,1.,6.283185307,0.,1.,              217P    158
3.141592654,0.,0.,1.,0.,0.,1.;                                       217P    159
124,6.12303176911189E-017,-1.,0.,22.,6.12303176911189E-017,          219P    160
3.74915180455534E-033,-1.,14.5,1.,6.12303176911189E-017,             219P    161
6.12303176911189E-017,-7.5;                                          219P    162
100,12.5,20.,2.,21.5,2.,18.5,2.;                                     221P    163
126,1,1,1,0,1,0,0.,0.,1.,1.,1.,1.,1.,3.141592654,0.,0.,              223P    164
3.141592654,0.,0.,1.,0.,0.,1.;                                       223P    165
110,20.,2.,11.,20.,0.,11.;                                           225P    166
126,1,1,1,0,1,0,0.,0.,1.,1.,1.,1.,0.,3.141592654,0.,0.,              227P    167
6.283185307,0.,0.,1.,0.,0.,1.;                                       227P    168
124,6.12303176911189E-017,-1.,0.,20.,6.12303176911189E-017,          229P    169
3.74915180455534E-033,1.,-12.5,-1.,-6.12303176911189E-017,           229P    170
6.12303176911189E-017,32.5;                                          229P    171
100,12.5,20.,0.,21.5,0.,18.5,0.;                                     231P    172
102,4,213,217,223,227;                                               233P    173
102,4,215,221,225,231;                                               235P    174
142,1,211,233,235,1;                                                 237P    175
144,211,1,0,237;                                                     239P    176
110,-20.,2.,12.5,-20.,1002.,12.5;                                    241P    177
110,-20.,0.,14.,-20.,2.,14.;                                         243P    178
120,241,243,0.,6.28318530717959;                                     245P    179
126,1,1,1,0,1,0,0.,0.,1.,1.,1.,1.,0.,6.283185307,0.,1.,              247P    180
6.283185307,0.,0.,1.,0.,0.,1.;                                       247P    181
110,-20.,0.,14.,-20.,2.,14.;                                         249P    182
126,1,1,1,0,1,0,0.,0.,1.,1.,1.,1.,1.,6.283185307,0.,1.,              251P    183
3.141592654,0.,0.,1.,0.,0.,1.;                                       251P    184
124,6.12303176911189E-017,-1.,0.,-18.,6.12303176911189E-017,         253P    185
3.74915180455534E-033,-1.,14.5,1.,6.12303176911189E-017,             253P    186
6.12303176911189E-017,32.5;                                          253P    187
100,12.5,-20.,2.,-18.5,2.,-21.5,2.;                                  255P    188
126,1,1,1,0,1,0,0.,0.,1.,1.,1.,1.,1.,3.141592654,0.,0.,              257P    189
3.141592654,0.,0.,1.,0.,0.,1.;                                       257P    190
110,-20.,2.,11.,-20.,0.,11.;                                         259P    191
126,1,1,1,0,1,0,0.,0.,1.,1.,1.,1.,0.,3.141592654,0.,0.,              261P    192
6.283185307,0.,0.,1.,0.,0.,1.;                                       261P    193
124,6.12303176911189E-017,-1.,0.,-20.,6.12303176911189E-017,         263P    194
3.74915180455534E-033,1.,-12.5,-1.,-6.12303176911189E-017,           263P    195
6.12303176911189E-017,-7.5;                                          263P    196
100,12.5,-20.,0.,-18.5,0.,-21.5,0.;                                  265P    197
102,4,247,251,257,261;                                               267P    198
102,4,249,255,259,265;                                               269P    199
142,1,245,267,269,1;                                                 271P    200
144,245,1,0,271;                                                     273P    201
110,7.,2.,12.5,7.,1002.,12.5;                                        275P    202
110,7.,0.,14.,7.,2.,14.;                                             277P    203
120,275,277,0.,6.28318530717959;                                     279P    204
126,1,1,1,0,1,0,0.,0.,1.,1.,1.,1.,0.,6.283185307,0.,1.,              281P    205
6.283185307,0.,0.,1.,0.,0.,1.;                                       281P    206
110,7.,0.,14.,7.,2.,14.;                                             283P    207
126,1,1,1,0,1,0,0.,0.,1.,1.,1.,1.,1.,6.283185307,0.,1.,              285P    208
3.141592654,0.,0.,1.,0.,0.,1.;                                       285P    209
124,6.12303176911189E-017,-1.,0.,9.,6.12303176911189E-017,           287P    210
3.74915180455534E-033,-1.,14.5,1.,6.12303176911189E-017,             287P    211
6.12303176911189E-017,5.5;                                           287P    212
100,12.5,7.,2.,8.5,2.,5.5,2.;                                        289P    213
126,1,1,1,0,1,0,0.,0.,1.,1.,1.,1.,1.,3.141592654,0.,0.,              291P    214
3.141592654,0.,0.,1.,0.,0.,1.;                                       291P    215
110,7.,2.,11.,7.,0.,11.;                                             293P    216
126,1,1,1,0,1,0,0.,0.,1.,1.,1.,1.,0.,3.141592654,0.,0.,              295P    217
6.283185307,0.,0.,1.,0.,0.,1.;                                       295P    218
124,6.12303176911189E-017,-1.,0.,7.,6.12303176911189E-017,           297P    219
3.74915180455534E-033,1.,-12.5,-1.,-6.12303176911189E-017,           297P    220
6.12303176911189E-017,19.5;                                          297P    221
100,12.5,7.,0.,8.5,0.,5.5,0.;                                        299P    222
102,4,281,285,291,295;                                               301P    223
102,4,283,289,293,299;                                               303P    224
142,1,279,301,303,1;                                                 305P    225
144,279,1,0,305;                                                     307P    226
110,0.,2.,19.5,0.,1002.,19.5;                                        309P    227
110,0.,0.,21.,0.,2.,21.;                                             311P    228
120,309,311,0.,6.28318530717959;                                     313P    229
126,1,1,1,0,1,0,0.,0.,1.,1.,1.,1.,0.,6.283185307,0.,1.,              315P    230
6.283185307,0.,0.,1.,0.,0.,1.;                                       315P    231
110,0.,0.,21.,0.,2.,21.;                                             317P    232
126,1,1,1,0,1,0,0.,0.,1.,1.,1.,1.,1.,6.283185307,0.,1.,              319P    233
3.141592654,0.,0.,1.,0.,0.,1.;                                       319P    234
124,6.12303176911189E-017,-1.,0.,2.,6.12303176911189E-017,           321P    235
3.74915180455534E-033,-1.,21.5,1.,6.12303176911189E-017,             321P    236
6.12303176911189E-017,19.5;                                          321P    237
100,19.5,0.,2.,1.5,2.,-1.5,2.;                                       323P    238
126,1,1,1,0,1,0,0.,0.,1.,1.,1.,1.,1.,3.141592654,0.,0.,              325P    239
3.141592654,0.,0.,1.,0.,0.,1.;                                       325P    240
110,0.,2.,18.,0.,0.,18.;                                             327P    241
126,1,1,1,0,1,0,0.,0.,1.,1.,1.,1.,0.,3.141592654,0.,0.,              329P    242
6.283185307,0.,0.,1.,0.,0.,1.;                                       329P    243
124,6.12303176911189E-017,-1.,0.,0.,6.12303176911189E-017,           331P    244
3.74915180455534E-033,1.,-19.5,-1.,-6.12303176911189E-017,           331P    245
6.12303176911189E-017,19.5;                                          331P    246
100,19.5,0.,0.,1.5,0.,-1.5,0.;                                       333P    247
102,4,315,319,325,329;                                               335P    248
102,4,317,323,327,333;                                               337P    249
142,1,313,335,337,1;                                                 339P    250
144,313,1,0,339;                                                     341P    251
110,0.,2.,5.5,0.,1002.,5.5;                                          343P    252
110,0.,0.,7.,0.,2.,7.;                                               345P    253
120,343,345,0.,6.28318530717959;                                     347P    254
126,1,1,1,0,1,0,0.,0.,1.,1.,1.,1.,0.,6.283185307,0.,1.,              349P    255
6.283185307,0.,0.,1.,0.,0.,1.;                                       349P    256
110,0.,0.,7.,0.,2.,7.;                                               351P    257
126,1,1,1,0,1,0,0.,0.,1.,1.,1.,1.,1.,6.283185307,0.,1.,              353P    258
3.141592654,0.,0.,1.,0.,0.,1.;                                       353P    259
124,6.12303176911189E-017,-1.,0.,2.,6.12303176911189E-017,           355P    260
3.74915180455534E-033,-1.,7.5,1.,6.12303176911189E-017,              355P    261
6.12303176911189E-017,5.5;                                           355P    262
100,5.5,0.,2.,1.5,2.,-1.5,2.;                                        357P    263
126,1,1,1,0,1,0,0.,0.,1.,1.,1.,1.,1.,3.141592654,0.,0.,              359P    264
3.141592654,0.,0.,1.,0.,0.,1.;                                       359P    265
110,0.,2.,4.,0.,0.,4.;                                               361P    266
126,1,1,1,0,1,0,0.,0.,1.,1.,1.,1.,0.,3.141592654,0.,0.,              363P    267
6.283185307,0.,0.,1.,0.,0.,1.;                                       363P    268
124,6.12303176911189E-017,-1.,0.,0.,6.12303176911189E-017,           365P    269
3.74915180455534E-033,1.,-5.5,-1.,-6.12303176911189E-017,            365P    270
6.12303176911189E-017,5.5;                                           365P    271
100,5.5,0.,0.,1.5,0.,-1.5,0.;                                        367P    272
102,4,349,353,359,363;                                               369P    273
102,4,351,357,361,367;                                               371P    274
142,1,347,369,371,1;                                                 373P    275
144,347,1,0,373;                                                     375P    276
110,-7.,2.,12.5,-7.,1002.,12.5;                                      377P    277
110,-7.,0.,14.,-7.,2.,14.;                                           379P    278
120,377,379,0.,6.28318530717959;                                     381P    279
126,1,1,1,0,1,0,0.,0.,1.,1.,1.,1.,0.,6.283185307,0.,1.,              383P    280
6.283185307,0.,0.,1.,0.,0.,1.;                                       383P    281
110,-7.,0.,14.,-7.,2.,14.;                                           385P    282
126,1,1,1,0,1,0,0.,0.,1.,1.,1.,1.,1.,6.283185307,0.,1.,              387P    283
3.141592654,0.,0.,1.,0.,0.,1.;                                       387P    284
124,6.12303176911189E-017,-1.,0.,-5.,6.12303176911189E-017,          389P    285
3.74915180455534E-033,-1.,14.5,1.,6.12303176911189E-017,             389P    286
6.12303176911189E-017,19.5;                                          389P    287
100,12.5,-7.,2.,-5.5,2.,-8.5,2.;                                     391P    288
126,1,1,1,0,1,0,0.,0.,1.,1.,1.,1.,1.,3.141592654,0.,0.,              393P    289
3.141592654,0.,0.,1.,0.,0.,1.;                                       393P    290
110,-7.,2.,11.,-7.,0.,11.;                                           395P    291
126,1,1,1,0,1,0,0.,0.,1.,1.,1.,1.,0.,3.141592654,0.,0.,              397P    292
6.283185307,0.,0.,1.,0.,0.,1.;                                       397P    293
124,6.12303176911189E-017,-1.,0.,-7.,6.12303176911189E-017,          399P    294
3.74915180455534E-033,1.,-12.5,-1.,-6.12303176911189E-017,           399P    295
6.12303176911189E-017,5.5;                                           399P    296
100,12.5,-7.,0.,-5.5,0.,-8.5,0.;                                     401P    297
102,4,383,387,393,397;                                               403P    298
102,4,385,391,395,401;                                               405P    299
142,1,381,403,405,1;                                                 407P    300
144,381,1,0,407;                                                     409P    301
110,0.,2.,12.5,0.,1002.,12.5;                                        411P    302
110,0.,0.,16.5,0.,2.,16.5;                                           413P    303
120,411,413,0.,6.28318530717959;                                     415P    304
126,1,1,1,0,1,0,0.,0.,1.,1.,1.,1.,0.,6.283185307,0.,1.,              417P    305
6.283185307,0.,0.,1.,0.,0.,1.;                                       417P    306
110,0.,0.,16.5,0.,2.,16.5;                                           419P    307
126,1,1,1,0,1,0,0.,0.,1.,1.,1.,1.,1.,6.283185307,0.,1.,              421P    308
3.141592654,0.,0.,1.,0.,0.,1.;                                       421P    309
124,6.12303176911189E-017,-1.,0.,2.,6.12303176911189E-017,           423P    310
3.74915180455534E-033,-1.,14.5,1.,6.12303176911189E-017,             423P    311
6.12303176911189E-017,12.5;                                          423P    312
100,12.5,0.,2.,4.,2.,-4.,2.;                                         425P    313
126,1,1,1,0,1,0,0.,0.,1.,1.,1.,1.,1.,3.141592654,0.,0.,              427P    314
3.141592654,0.,0.,1.,0.,0.,1.;                                       427P    315
110,0.,2.,8.5,0.,0.,8.5;                                             429P    316
126,1,1,1,0,1,0,0.,0.,1.,1.,1.,1.,0.,3.141592654,0.,0.,              431P    317
6.283185307,0.,0.,1.,0.,0.,1.;                                       431P    318
124,6.12303176911189E-017,-1.,0.,0.,6.12303176911189E-017,           433P    319
3.74915180455534E-033,1.,-12.5,-1.,-6.12303176911189E-017,           433P    320
6.12303176911189E-017,12.5;                                          433P    321
100,12.5,0.,0.,4.,0.,-4.,0.;                                         435P    322
102,4,417,421,427,431;                                               437P    323
102,4,419,425,429,435;                                               439P    324
142,1,415,437,439,1;                                                 441P    325
144,415,1,0,441;                                                     443P    326
110,-25.,13.4,12.5,975.,13.4,12.5;                                   445P    327
110,-27.,13.4,11.,-25.,13.4,11.;                                     447P    328
120,445,447,0.,6.28318530717959;                                     449P    329
126,1,1,1,0,1,0,0.,0.,1.,1.,1.,1.,0.,6.283185307,0.,1.,              451P    330
6.283185307,0.,0.,1.,0.,0.,1.;                                       451P    331
110,-27.,13.4,11.,-25.,13.4,11.;                                     453P    332
126,1,1,1,0,1,0,0.,0.,1.,1.,1.,1.,1.,6.283185307,0.,1.,              455P    333
3.141592654,0.,0.,1.,0.,0.,1.;                                       455P    334
124,-6.12303176911189E-017,4.27569270827966E-031,-1.,-12.5,          457P    335
-6.98296672221876E-015,-1.,0.,26.7999999999998,-1.,                  457P    336
6.98296672221876E-015,6.12303176911189E-017,-12.5000000000001;       457P    337
100,12.5,-25.,13.4,-23.5,13.4,-26.5,13.4;                            459P    338
126,1,1,1,0,1,0,0.,0.,1.,1.,1.,1.,1.,3.141592654,0.,0.,              461P    339
3.141592654,0.,0.,1.,0.,0.,1.;                                       461P    340
110,-25.,13.4,14.,-27.,13.4,14.;                                     463P    341
126,1,1,1,0,1,0,0.,0.,1.,1.,1.,1.,0.,3.141592654,0.,0.,              465P    342
6.283185307,0.,0.,1.,0.,0.,1.;                                       465P    343
124,-6.12303176911189E-017,4.27569270827966E-031,1.,-39.5,           467P    344
-6.98296672221876E-015,-1.,0.,26.7999999999998,1.,                   467P    345
-6.98296672221876E-015,6.12303176911189E-017,39.5000000000001;       467P    346
100,12.5,-27.,13.4,-25.5,13.4,-28.5,13.4;                            469P    347
102,4,451,455,461,465;                                               471P    348
102,4,453,459,463,469;                                               473P    349
142,1,449,471,473,1;                                                 475P    350
144,449,1,0,475;                                                     477P    351
110,-25.,39.,12.5,975.,39.,12.5;                                     479P    352
110,-27.,39.,11.,-25.,39.,11.;                                       481P    353
120,479,481,0.,6.28318530717959;                                     483P    354
126,1,1,1,0,1,0,0.,0.,1.,1.,1.,1.,0.,6.283185307,0.,1.,              485P    355
6.283185307,0.,0.,1.,0.,0.,1.;                                       485P    356
110,-27.,39.,11.,-25.,39.,11.;                                       487P    357
126,1,1,1,0,1,0,0.,0.,1.,1.,1.,1.,1.,6.283185307,0.,1.,              489P    358
3.141592654,0.,0.,1.,0.,0.,1.;                                       489P    359
124,-6.12303176911189E-017,4.27569270827966E-031,-1.,-12.5,          491P    360
-6.98296672221876E-015,-1.,0.,77.9999999999998,-1.,                  491P    361
6.98296672221876E-015,6.12303176911189E-017,-12.5000000000003;       491P    362
100,12.5,-25.,39.,-23.5,39.,-26.5,39.;                               493P    363
126,1,1,1,0,1,0,0.,0.,1.,1.,1.,1.,1.,3.141592654,0.,0.,              495P    364
3.141592654,0.,0.,1.,0.,0.,1.;                                       495P    365
110,-25.,39.,14.,-27.,39.,14.;                                       497P    366
126,1,1,1,0,1,0,0.,0.,1.,1.,1.,1.,0.,3.141592654,0.,0.,              499P    367
6.283185307,0.,0.,1.,0.,0.,1.;                                       499P    368
124,-6.12303176911189E-017,4.27569270827966E-031,1.,-39.5,           501P    369
-6.98296672221876E-015,-1.,0.,77.9999999999998,1.,                   501P    370
-6.98296672221876E-015,6.12303176911189E-017,39.5000000000003;       501P    371
100,12.5,-27.,39.,-25.5,39.,-28.5,39.;                               503P    372
102,4,485,489,495,499;                                               505P    373
102,4,487,493,497,503;                                               507P    374
142,1,483,505,507,1;                                                 509P    375
144,483,1,0,509;                                                     511P    376
110,-25.,32.,19.5,975.,32.,19.5;                                     513P    377
110,-27.,32.,18.,-25.,32.,18.;                                       515P    378
120,513,515,0.,6.28318530717959;                                     517P    379
126,1,1,1,0,1,0,0.,0.,1.,1.,1.,1.,0.,6.283185307,0.,1.,              519P    380
6.283185307,0.,0.,1.,0.,0.,1.;                                       519P    381
110,-27.,32.,18.,-25.,32.,18.;                                       521P    382
126,1,1,1,0,1,0,0.,0.,1.,1.,1.,1.,1.,6.283185307,0.,1.,              523P    383
3.141592654,0.,0.,1.,0.,0.,1.;                                       523P    384
124,-6.12303176911189E-017,4.27569270827966E-031,-1.,                525P    385
-5.50000000000001,-6.98296672221876E-015,-1.,0.,                     525P    386
63.9999999999998,-1.,6.98296672221876E-015,                          525P    387
6.12303176911189E-017,-5.50000000000023;                             525P    388
100,19.5,-25.,32.,-23.5,32.,-26.5,32.;                               527P    389
126,1,1,1,0,1,0,0.,0.,1.,1.,1.,1.,1.,3.141592654,0.,0.,              529P    390
3.141592654,0.,0.,1.,0.,0.,1.;                                       529P    391
110,-25.,32.,21.,-27.,32.,21.;                                       531P    392
126,1,1,1,0,1,0,0.,0.,1.,1.,1.,1.,0.,3.141592654,0.,0.,              533P    393
6.283185307,0.,0.,1.,0.,0.,1.;                                       533P    394
124,-6.12303176911189E-017,4.27569270827966E-031,1.,-46.5,           535P    395
-6.98296672221876E-015,-1.,0.,63.9999999999998,1.,                   535P    396
-6.98296672221876E-015,6.12303176911189E-017,46.5000000000002;       535P    397
100,19.5,-27.,32.,-25.5,32.,-28.5,32.;                               537P    398
102,4,519,523,529,533;                                               539P    399
102,4,521,527,531,537;                                               541P    400
142,1,517,539,541,1;                                                 543P    401
144,517,1,0,543;                                                     545P    402
110,-25.,32.,5.5,975.,32.,5.5;                                       547P    403
110,-27.,32.,4.,-25.,32.,4.;                                         549P    404
120,547,549,0.,6.28318530717959;                                     551P    405
126,1,1,1,0,1,0,0.,0.,1.,1.,1.,1.,0.,6.283185307,0.,1.,              553P    406
6.283185307,0.,0.,1.,0.,0.,1.;                                       553P    407
110,-27.,32.,4.,-25.,32.,4.;                                         555P    408
126,1,1,1,0,1,0,0.,0.,1.,1.,1.,1.,1.,6.283185307,0.,1.,              557P    409
3.141592654,0.,0.,1.,0.,0.,1.;                                       557P    410
124,-6.12303176911189E-017,4.27569270827966E-031,-1.,-19.5,          559P    411
-6.98296672221876E-015,-1.,0.,63.9999999999998,-1.,                  559P    412
6.98296672221876E-015,6.12303176911189E-017,-19.5000000000002;       559P    413
100,5.5,-25.,32.,-23.5,32.,-26.5,32.;                                561P    414
126,1,1,1,0,1,0,0.,0.,1.,1.,1.,1.,1.,3.141592654,0.,0.,              563P    415
3.141592654,0.,0.,1.,0.,0.,1.;                                       563P    416
110,-25.,32.,7.,-27.,32.,7.;                                         565P    417
126,1,1,1,0,1,0,0.,0.,1.,1.,1.,1.,0.,3.141592654,0.,0.,              567P    418
6.283185307,0.,0.,1.,0.,0.,1.;                                       567P    419
124,-6.12303176911189E-017,4.27569270827966E-031,1.,-32.5,           569P    420
-6.98296672221876E-015,-1.,0.,63.9999999999998,1.,                   569P    421
-6.98296672221876E-015,6.12303176911189E-017,32.5000000000002;       569P    422
100,5.5,-27.,32.,-25.5,32.,-28.5,32.;                                571P    423
102,4,553,557,563,567;                                               573P    424
102,4,555,561,565,571;                                               575P    425
142,1,551,573,575,1;                                                 577P    426
144,551,1,0,577;                                                     579P    427
110,-25.,25.,12.5,975.,25.,12.5;                                     581P    428
110,-27.,25.,11.,-25.,25.,11.;                                       583P    429
120,581,583,0.,6.28318530717959;                                     585P    430
126,1,1,1,0,1,0,0.,0.,1.,1.,1.,1.,0.,6.283185307,0.,1.,              587P    431
6.283185307,0.,0.,1.,0.,0.,1.;                                       587P    432
110,-27.,25.,11.,-25.,25.,11.;                                       589P    433
126,1,1,1,0,1,0,0.,0.,1.,1.,1.,1.,1.,6.283185307,0.,1.,              591P    434
3.141592654,0.,0.,1.,0.,0.,1.;                                       591P    435
124,-6.12303176911189E-017,4.27569270827966E-031,-1.,-12.5,          593P    436
-6.98296672221876E-015,-1.,0.,49.9999999999998,-1.,                  593P    437
6.98296672221876E-015,6.12303176911189E-017,-12.5000000000002;       593P    438
100,12.5,-25.,25.,-23.5,25.,-26.5,25.;                               595P    439
126,1,1,1,0,1,0,0.,0.,1.,1.,1.,1.,1.,3.141592654,0.,0.,              597P    440
3.141592654,0.,0.,1.,0.,0.,1.;                                       597P    441
110,-25.,25.,14.,-27.,25.,14.;                                       599P    442
126,1,1,1,0,1,0,0.,0.,1.,1.,1.,1.,0.,3.141592654,0.,0.,              601P    443
6.283185307,0.,0.,1.,0.,0.,1.;                                       601P    444
124,-6.12303176911189E-017,4.27569270827966E-031,1.,-39.5,           603P    445
-6.98296672221876E-015,-1.,0.,49.9999999999998,1.,                   603P    446
-6.98296672221876E-015,6.12303176911189E-017,39.5000000000002;       603P    447
100,12.5,-27.,25.,-25.5,25.,-28.5,25.;                               605P    448
102,4,587,591,597,601;                                               607P    449
102,4,589,595,599,605;                                               609P    450
142,1,585,607,609,1;                                                 611P    451
144,585,1,0,611;                                                     613P    452
110,-25.,32.,12.5,975.,32.,12.5;                                     615P    453
110,-27.,32.,8.5,-25.,32.,8.5;                                       617P    454
120,615,617,0.,6.28318530717959;                                     619P    455
126,1,1,1,0,1,0,0.,0.,1.,1.,1.,1.,0.,6.283185307,0.,1.,              621P    456
6.283185307,0.,0.,1.,0.,0.,1.;                                       621P    457
110,-27.,32.,8.5,-25.,32.,8.5;                                       623P    458
126,1,1,1,0,1,0,0.,0.,1.,1.,1.,1.,1.,6.283185307,0.,1.,              625P    459
3.141592654,0.,0.,1.,0.,0.,1.;                                       625P    460
124,-6.12303176911189E-017,4.27569270827966E-031,-1.,-12.5,          627P    461
-6.98296672221876E-015,-1.,0.,63.9999999999998,-1.,                  627P    462
6.98296672221876E-015,6.12303176911189E-017,-12.5000000000002;       627P    463
100,12.5,-25.,32.,-21.,32.,-29.,32.;                                 629P    464
126,1,1,1,0,1,0,0.,0.,1.,1.,1.,1.,1.,3.141592654,0.,0.,              631P    465
3.141592654,0.,0.,1.,0.,0.,1.;                                       631P    466
110,-25.,32.,16.5,-27.,32.,16.5;                                     633P    467
126,1,1,1,0,1,0,0.,0.,1.,1.,1.,1.,0.,3.141592654,0.,0.,              635P    468
6.283185307,0.,0.,1.,0.,0.,1.;                                       635P    469
124,-6.12303176911189E-017,4.27569270827966E-031,1.,-39.5,           637P    470
-6.98296672221876E-015,-1.,0.,63.9999999999998,1.,                   637P    471
-6.98296672221876E-015,6.12303176911189E-017,39.5000000000002;       637P    472
100,12.5,-27.,32.,-23.,32.,-31.,32.;                                 639P    473
102,4,621,625,631,635;                                               641P    474
102,4,623,629,633,639;                                               643P    475
142,1,619,641,643,1;                                                 645P    476
144,619,1,0,645;                                                     647P    477
110,26.75,32.,12.5,-973.25,32.,12.5;                                 649P    478
110,26.75,32.,25.,25.250000005,32.,25.;                              651P    479
120,649,651,0.,6.28318530717959;                                     653P    480
126,1,1,1,0,1,0,0.,0.,1.,1.,1.,1.,1.000000003,3.141592653,0.,        655P    481
1.000000003,0.,0.,0.,1.,0.,0.,1.;                                    655P    482
124,6.12303176911189E-017,1.38777878076667E-016,1.,                  657P    483
12.7499999997825,1.38777878076667E-016,1.,                           657P    484
-1.38777878076667E-016,-6.93889389040681E-017,-1.,                   657P    485
1.38777878076667E-016,6.12303176911189E-017,37.7499999997825;        657P    486
100,12.5,25.25,32.,37.75,32.000000002,12.75,32.000000001;            659P    487
126,1,1,1,0,1,0,0.,0.,1.,1.,1.,1.,1.,0.,0.,0.,0.,0.,0.,1.,0.,        661P    488
0.,1.;                                                               661P    489
110,25.250000005,32.000000001,25.,26.75,32.000000001,25.;            663P    490
126,1,1,1,0,1,0,0.,0.,1.,1.,1.,1.,0.,0.,0.,0.,3.141592653,0.,        665P    491
0.,1.,0.,0.,1.;                                                      665P    492
124,6.12303176911189E-017,0.,-1.,39.2500000002175,0.,1.,0.,0.,       667P    493
1.,0.,6.12303176911189E-017,-14.2500000002175;                       667P    494
100,12.5,26.75,32.,39.25,32.000000001,14.25,32.000000002;            669P    495
126,1,1,1,0,1,0,0.,0.,1.,1.,1.,1.,0.,3.141592653,0.,1.,              671P    496
3.141592653,0.,0.,1.,0.,0.,1.;                                       671P    497
110,26.75,32.000000002,0.,25.250000005,32.000000002,0.;              673P    498
102,4,655,661,665,671;                                               675P    499
102,4,659,663,669,673;                                               677P    500
142,1,653,675,677,1;                                                 679P    501
144,653,1,0,679;                                                     681P    502
128,3,3,3,3,0,0,0,0,0,0.0631414564625766,0.0631414564625766,         683P    503
0.0631414564625766,0.0631414564625766,0.94210085759833,              683P    504
0.94210085759833,0.94210085759833,0.94210085759833,0.,0.,0.,0.,      683P    505
1.,1.,1.,1.,0.956578302510664,0.768674066621004,                     683P    506
0.769801494517838,0.959960586201164,0.318859434170221,               683P    507
0.256224688873668,0.256600498172612,0.319986862067054,               683P    508
0.318859434170221,0.256224688873668,0.256600498172612,               683P    509
0.319986862067054,0.956578302510664,0.768674066621004,               683P    510
0.769801494517838,0.959960586201164,25.,32.,24.75,25.,32.,           683P    511
24.897540087,25.104798847,32.,25.001238905,25.252117566,32.,         683P    512
24.999991031,25.,56.5,24.75,25.,56.795080174,24.897540087,           683P    513
25.104798847,57.002477809,25.001238905,25.252117566,                 683P    514
56.999982064,24.999991031,25.,56.5,0.25,25.,56.795080174,            683P    515
0.102459913,25.104798847,57.002477809,-0.001238905,                  683P    516
25.252117566,56.999982064,8.969E-006,25.,32.,0.25,25.,32.,           683P    517
0.102459913,25.104798847,32.,-0.001238905,25.252117566,32.,          683P    518
8.969E-006,0.0631414564625766,0.94210085759833,0.,1.;                683P    519
126,1,1,1,0,1,0,0.,0.,1.,1.,1.,1.,0.063141456,0.,0.,                 685P    520
0.936858555,0.,0.,0.,1.,0.,0.,1.;                                    685P    521
124,-1.,6.98296672221876E-015,0.,50.4999999999998,                   687P    522
-4.27569270827966E-031,-6.12303176911189E-017,1.,7.25,               687P    523
6.98296672221876E-015,1.,6.12303176911189E-017,                      687P    524
-7.25000000000018;                                                   687P    525
100,24.75,25.25,32.,25.5,32.,25.249999995,32.25;                     689P    526
126,1,1,1,0,1,0,0.,0.,1.,1.,1.,1.,0.936858543,0.,0.,                 691P    527
0.936858543,1.,0.,0.,1.,0.,0.,1.;                                    691P    528
124,6.12303176911189E-017,1.38777878076667E-016,-1.,                 693P    529
37.7499999997825,1.38777878076667E-016,1.,                           693P    530
1.38777878076667E-016,-6.93889389040693E-017,1.,                     693P    531
-1.38777878076667E-016,6.12303176911189E-017,-12.7499999997825;      693P    532
100,12.5,25.25,32.,37.75,32.000000001,12.75,32.000000002;            695P    533
126,1,1,1,0,1,0,0.,0.,1.,1.,1.,1.,0.936858555,1.,0.,                 697P    534
0.063141456,1.,0.,0.,1.,0.,0.,1.;                                    697P    535
124,1.85649551899829E-008,-1.,0.,57.2499995312349,                   699P    536
6.12303176911189E-017,1.13673810420404E-024,1.,31.75,-1.,            699P    537
-1.85649551899829E-008,6.12303176911189E-017,25.5000005940786;       699P    538
100,0.25,25.25,32.,25.5,32.,25.249999995,32.25;                      701P    539
126,1,1,1,0,1,0,0.,0.,1.,1.,1.,1.,0.063141456,1.,0.,                 703P    540
0.063141456,0.,0.,0.,1.,0.,0.,1.;                                    703P    541
126,64,3,1,0,1,0,0.,0.,0.,0.,0.0312500000000003,                     705P    542
0.0468750000000004,0.0468750000000004,0.0625000000000005,            705P    543
0.0625000000000005,0.0937500000000008,0.109375000000001,             705P    544
0.109375000000001,0.125000000000001,0.125000000000001,               705P    545
0.156250000000001,0.171875000000001,0.171875000000001,               705P    546
0.187500000000001,0.187500000000001,0.218750000000002,               705P    547
0.234375000000002,0.234375000000002,0.250000000000002,               705P    548
0.250000000000002,0.281250000000003,0.296875000000003,               705P    549
0.296875000000003,0.312500000000003,0.312500000000003,               705P    550
0.375000000000003,0.375000000000003,0.437500000000003,               705P    551
0.437500000000003,0.500000000000003,0.500000000000003,               705P    552
0.562500000000003,0.562500000000003,0.625000000000003,               705P    553
0.625000000000003,0.656250000000003,0.656250000000003,               705P    554
0.671875000000003,0.671875000000003,0.687500000000003,               705P    555
0.687500000000003,0.718750000000003,0.734375000000003,               705P    556
0.734375000000003,0.750000000000004,0.750000000000004,               705P    557
0.781250000000004,0.796875000000004,0.796875000000004,               705P    558
0.812500000000003,0.812500000000003,0.843750000000004,               705P    559
0.859375000000004,0.859375000000004,0.875000000000003,               705P    560
0.875000000000003,0.906250000000002,0.921875000000002,               705P    561
0.921875000000002,0.937500000000002,0.937500000000002,1.,1.,1.,      705P    562
1.,1.,1.,1.,1.,1.,1.,1.,1.,1.,1.,1.,1.,1.,1.,1.,1.,1.,1.,1.,1.,      705P    563
1.,1.,1.,1.,1.,1.,1.,1.,1.,1.,1.,1.,1.,1.,1.,1.,1.,1.,1.,1.,1.,      705P    564
1.,1.,1.,1.,1.,1.,1.,1.,1.,1.,1.,1.,1.,1.,1.,1.,1.,1.,1.,1.,1.,      705P    565
1.,1.,1.,25.,32.,0.25,25.,32.272473566,0.250022243,25.,              705P    566
32.680092014,0.263589811,25.,33.086072613,0.297458682,25.,           705P    567
33.356362379,0.32454933,25.,33.473298212,0.337935252,25.,            705P    568
33.931722159,0.399350735,25.,34.386420858,0.477757591,25.,           705P    569
34.835531686,0.581651508,25.,35.133697155,0.65657791,25.,            705P    570
35.263112297,0.691316851,25.,35.763775406,0.837366298,25.,           705P    571
36.256354152,1.003986527,25.,36.736806352,1.201462929,25.,           705P    572
37.054413031,1.339970792,25.,37.193122839,1.403513491,25.,           705P    573
37.717686907,1.659265153,25.,38.22772175,1.938545479,25.,            705P    574
38.715962756,2.253118799,25.,39.036613684,2.470677234,25.,           705P    575
39.178005911,2.570993025,25.,39.693988178,2.95801395,25.,            705P    576
40.186910818,3.369675098,25.,40.645244019,3.818296579,25.,           705P    577
40.943112944,4.125590973,25.,41.07914094,4.272959063,25.,            705P    578
41.830696516,5.134191144,25.,42.349648751,5.874253783,25.,           705P    579
43.267998308,7.596334453,25.,43.62360745,8.502147291,25.,            705P    580
44.122546396,10.467083478,25.,44.250045866,11.478434768,25.,         705P    581
44.249954134,13.521565232,25.,44.118823244,14.547937738,25.,         705P    582
43.627330602,16.482831492,25.,43.254759568,17.428660894,25.,         705P    583
42.58585551,18.682728376,25.,42.330638199,19.099236446,25.,          705P    584
41.940107947,19.663015229,25.,41.804950185,19.846953823,25.,         705P    585
41.524672637,20.206855674,25.,41.370828507,20.39281471,25.,          705P    586
40.946699151,20.878754142,25.,40.499702966,21.339874543,25.,         705P    587
40.018406538,21.763766397,25.,39.689919976,22.038087957,25.,         705P    588
39.505628723,22.183288779,25.,39.038742554,22.533422442,25.,         705P    589
38.55754666,22.859893767,25.,38.05488618,23.150871587,25.,           705P    590
37.715009285,23.336969355,25.,37.524244462,23.435063772,25.,         705P    591
37.05544366,23.663580322,25.,36.578796068,23.871434103,25.,          705P    592
36.090378291,24.048293729,25.,35.762150843,24.159312557,25.,         705P    593
35.578008067,24.216837693,25.,35.133983865,24.346324615,25.,         705P    594
34.686485039,24.458767192,25.,34.233774275,24.545643249,25.,         705P    595
33.930808891,24.597879171,25.,33.760972444,24.623536189,25.,         705P    596
33.086641198,24.713819848,25.,32.5446058,24.749955541,25.,32.,       705P    597
24.75,0.,1.,-1.,0.,0.;                                               705P    598
102,4,685,691,697,703;                                               707P    599
102,4,689,695,701,705;                                               709P    600
142,1,683,707,709,1;                                                 711P    601
144,683,1,0,711;                                                     713P    602
128,3,3,3,3,0,0,0,0,0,0.0631414568657333,0.0631414568657333,         715P    603
0.0631414568657333,0.0631414568657333,0.936858543076256,             715P    604
0.936858543076256,0.936858543076256,0.936858543076256,0.,0.,0.,      715P    605
0.,1.,1.,1.,1.,0.956578302252103,0.769794770379669,                  715P    606
0.769794770367267,0.956578302214898,0.318859434084034,               715P    607
0.256598256793223,0.256598256789089,0.318859434071632,               715P    608
0.318859434084034,0.256598256793223,0.256598256789089,               715P    609
0.318859434071632,0.956578302252103,0.769794770379669,               715P    610
0.769794770367267,0.956578302214898,26.75,32.,25.,26.896446609,      715P    611
32.,25.,27.,32.,24.896446609,27.,32.,24.75,26.75,57.,25.,            715P    612
26.896446609,57.,25.,27.,56.792893219,24.896446609,27.,56.5,         715P    613
24.75,26.75,57.,0.,26.896446609,57.,0.,27.,56.792893219,             715P    614
0.103553391,27.,56.5,0.25,26.75,32.,0.,26.896446609,32.,0.,27.,      715P    615
32.,0.103553391,27.,32.,0.25,0.0631414568657333,                     715P    616
0.936858543076256,0.,1.;                                             715P    617
126,1,1,1,0,1,0,0.,0.,1.,1.,1.,1.,0.063141457,0.,0.,                 717P    618
0.936858543,0.,0.,0.,1.,0.,0.,1.;                                    717P    619
124,4.35068686128635E-010,1.,0.,-5.25000001163809,                   719P    620
-6.12303176911189E-017,2.6639393869114E-026,1.,7.25,1.,              719P    621
-4.35068686128635E-010,6.12303176911189E-017,-1.9999999860778;       719P    622
100,24.75,26.75,32.,27.,32.,26.75,32.25;                             721P    623
126,1,1,1,0,1,0,0.,0.,1.,1.,1.,1.,0.936858543,0.,0.,                 723P    624
0.936858543,1.,0.,0.,1.,0.,0.,1.;                                    723P    625
126,3,3,1,0,0,0,0.,0.,0.,0.,1.,1.,1.,1.,0.956578302214898,           725P    626
0.318859434071632,0.318859434071632,0.956578302214898,27.,32.,       725P    627
24.75,27.,56.5,24.75,27.,56.5,0.25,27.,32.,0.25,0.,1.,1.,0.,0.;      725P    628
126,1,1,1,0,1,0,0.,0.,1.,1.,1.,1.,0.936858543,1.,0.,                 727P    629
0.063141457,1.,0.,0.,1.,0.,0.,1.;                                    727P    630
124,1.,0.,0.,0.,0.,6.12303176911189E-017,1.,31.75,0.,-1.,            729P    631
6.12303176911189E-017,32.25;                                         729P    632
100,0.25,26.75,32.,27.,32.,26.75,32.25;                              731P    633
126,1,1,1,0,1,0,0.,0.,1.,1.,1.,1.,0.063141457,1.,0.,                 733P    634
0.063141457,0.,0.,0.,1.,0.,0.,1.;                                    733P    635
124,6.12303176911189E-017,0.,1.,14.2500000002175,0.,1.,0.,0.,        735P    636
-1.,0.,6.12303176911189E-017,39.2500000002175;                       735P    637
100,12.5,26.75,32.,39.25,32.000000002,14.25,32.000000001;            737P    638
102,4,717,723,727,733;                                               739P    639
102,4,721,725,731,737;                                               741P    640
142,1,715,739,741,1;                                                 743P    641
144,715,1,0,743;                                                     745P    642
110,24.,3.,24.75,24.,3.,-975.25;                                     747P    643
110,23.,3.,24.75,23.,3.,0.25;                                        749P    644
120,747,749,0.,6.28318530717959;                                     751P    645
126,1,1,1,0,1,0,0.,0.,1.,1.,1.,1.,0.,3.141592654,0.,0.,              753P    646
4.71238898,0.,0.,1.,0.,0.,1.;                                        753P    647
124,1.,-4.10221067889422E-010,-6.98296672221876E-015,                755P    648
1.23083372031821E-009,-4.10221067889422E-010,-1.,0.,                 755P    649
6.00000000984531,-6.98296672221876E-015,2.86456006582488E-024,       755P    650
-1.,49.5000000000002;                                                755P    651
100,24.75,24.,3.,25.,3.,24.,4.;                                      757P    652
126,1,1,1,0,1,0,0.,0.,1.,1.,1.,1.,0.,4.71238898,0.,1.,               759P    653
4.71238898,0.,0.,1.,0.,0.,1.;                                        759P    654
110,24.,2.,24.75,24.,2.,0.25;                                        761P    655
126,1,1,1,0,1,0,0.,0.,1.,1.,1.,1.,1.,4.71238898,0.,1.,               763P    656
3.141592654,0.,0.,1.,0.,0.,1.;                                       763P    657
100,0.25,24.,3.,24.,2.,25.,3.;                                       765P    658
126,1,1,1,0,1,0,0.,0.,1.,1.,1.,1.,1.,3.141592654,0.,0.,              767P    659
3.141592654,0.,0.,1.,0.,0.,1.;                                       767P    660
110,25.,3.,0.25,25.,3.,24.75;                                        769P    661
102,4,753,759,763,767;                                               771P    662
102,4,757,761,765,769;                                               773P    663
142,1,751,771,773,1;                                                 775P    664
144,751,1,0,775;                                                     777P    665
128,1,1,1,1,0,0,1,0,0,0.,0.,1.,1.,0.,0.,1.,1.,1.,1.,1.,1.,25.,       779P    666
44.497517278,0.25,25.,3.,0.25,25.,44.497517278,24.75,25.,3.,         779P    667
24.75,0.,1.,0.,1.;                                                   779P    668
126,44,2,1,0,1,0,0.,0.,0.,0.0625,0.0625,0.125,0.125,0.1875,          781P    669
0.1875,0.25,0.25,0.3125,0.3125,0.34375,0.34375,0.375,0.375,          781P    670
0.40625,0.40625,0.4375,0.4375,0.46875,0.46875,0.5,0.5,0.53125,       781P    671
0.53125,0.5625,0.5625,0.59375,0.59375,0.625,0.625,0.65625,           781P    672
0.65625,0.6875,0.6875,0.75,0.75,0.8125,0.8125,0.875,0.875,           781P    673
0.9375,0.9375,1.,1.,1.,1.,1.,1.,1.,1.,1.,1.,1.,1.,1.,1.,1.,1.,       781P    674
1.,1.,1.,1.,1.,1.,1.,1.,1.,1.,1.,1.,1.,1.,1.,1.,1.,1.,1.,1.,1.,      781P    675
1.,1.,1.,1.,1.,1.,1.,1.,1.,1.,1.,0.301163012,1.,0.,0.281477287,      781P    676
0.999997278,0.,0.261977386,0.995575221,0.,0.239907501,               781P    677
0.990570361,0.,0.218507464,0.98,0.,0.194400578,0.968092614,0.,       781P    678
0.171806417,0.949438202,0.,0.146545866,0.92858234,0.,                781P    679
0.124043982,0.9,0.,0.099194463,0.868435648,0.,0.078753271,           781P    680
0.828767123,0.,0.067901962,0.807708888,0.,0.058491031,               781P    681
0.784697509,0.,0.048753417,0.760887332,0.,0.04069385,                781P    682
0.735294118,0.,0.032405596,0.708974707,0.,0.02601584,                781P    683
0.681132075,0.,0.01948912,0.652692644,0.,0.015047656,                781P    684
0.623076923,0.,0.010543795,0.593045142,0.,0.008261892,               781P    685
0.562256809,0.,0.005965458,0.531272405,0.,0.005964629,0.5,0.,        781P    686
0.005963801,0.468772405,0.,0.008261892,0.437743191,0.,               781P    687
0.010538902,0.406998631,0.,0.015047656,0.376923077,0.,               781P    688
0.019481211,0.347349133,0.,0.02601584,0.318867925,0.,                781P    689
0.032395014,0.29106426,0.,0.04069385,0.264705882,0.,                 781P    690
0.048740589,0.239148202,0.,0.058491031,0.215302491,0.,               781P    691
0.067886757,0.192324275,0.,0.078753271,0.171232877,0.,               781P    692
0.099175879,0.131593545,0.,0.124043982,0.1,0.,0.146524708,           781P    693
0.071439484,0.,0.171806417,0.050561798,0.,0.194377678,               781P    694
0.031922404,0.,0.218507464,0.02,0.,0.239883343,0.009438288,0.,       781P    695
0.261977386,0.004424779,0.,0.281464949,2.724E-006,0.,                781P    696
0.301163012,0.,0.,0.,1.,0.,0.,-1.;                                   781P    697
126,64,3,1,0,1,0,0.,0.,0.,0.,0.0312499999999985,                     783P    698
0.0468749999999982,0.0468749999999982,0.0624999999999978,            783P    699
0.0624999999999978,0.0937499999999971,0.109374999999997,             783P    700
0.109374999999997,0.124999999999997,0.124999999999997,               783P    701
0.156249999999997,0.171874999999997,0.171874999999997,               783P    702
0.187499999999997,0.187499999999997,0.218749999999997,               783P    703
0.234374999999997,0.234374999999997,0.249999999999997,               783P    704
0.249999999999997,0.281249999999998,0.296874999999998,               783P    705
0.296874999999998,0.312499999999998,0.312499999999998,               783P    706
0.374999999999999,0.374999999999999,0.437499999999999,               783P    707
0.437499999999999,0.5,0.5,0.562500000000001,0.562500000000001,       783P    708
0.625000000000001,0.625000000000001,0.656250000000002,               783P    709
0.656250000000002,0.671875000000002,0.671875000000002,               783P    710
0.687500000000002,0.687500000000002,0.718750000000002,               783P    711
0.734375000000001,0.734375000000001,0.750000000000001,               783P    712
0.750000000000001,0.781250000000001,0.796875000000001,               783P    713
0.796875000000001,0.812500000000001,0.812500000000001,0.84375,       783P    714
0.859375000000001,0.859375000000001,0.875000000000001,               783P    715
0.875000000000001,0.90625,0.921875,0.921875,0.9375,0.9375,1.,        783P    716
1.,1.,1.,1.,1.,1.,1.,1.,1.,1.,1.,1.,1.,1.,1.,1.,1.,1.,1.,1.,1.,      783P    717
1.,1.,1.,1.,1.,1.,1.,1.,1.,1.,1.,1.,1.,1.,1.,1.,1.,1.,1.,1.,1.,      783P    718
1.,1.,1.,1.,1.,1.,1.,1.,1.,1.,1.,1.,1.,1.,1.,1.,1.,1.,1.,1.,1.,      783P    719
1.,1.,1.,1.,1.,25.,32.,24.75,25.,32.2723029,24.74997777,25.,         783P    720
32.679793349,24.736410213,25.,33.085837948,24.702541337,25.,         783P    721
33.356213046,24.675450682,25.,33.473465294,24.662029433,25.,         783P    722
33.931387995,24.600719896,25.,34.385836071,24.522366012,25.,         783P    723
34.83507221,24.418445608,25.,35.133404761,24.343483891,25.,          783P    724
35.263270679,24.308621824,25.,35.763458642,24.162756352,25.,         783P    725
36.255799814,23.99622811,25.,36.736370801,23.798705714,25.,          783P    726
37.054135862,23.660136527,25.,37.193269173,23.596397394,25.,         783P    727
37.717394239,23.340913078,25.,38.227209581,23.061766426,25.,         783P    728
38.715560337,22.747126269,25.,39.0363576,22.529478719,25.,           783P    729
39.178134443,22.428887769,25.,39.693731114,22.042224462,25.,         783P    730
40.186460957,21.630742123,25.,40.644890556,21.182031238,25.,         783P    731
40.942888013,20.874617637,25.,41.079351258,20.72677011,25.,          783P    732
41.829855243,19.866892162,25.,42.350234242,19.124473299,25.,         783P    733
43.267412817,17.404938466,25.,43.623878203,16.496422795,25.,         783P    734
44.122275643,14.534346436,25.,44.2499542,13.52010143,25.,            783P    735
44.250045801,11.47989857,25.,44.118385663,10.450697555,25.,          783P    736
43.627768184,8.518533214,25.,43.254049801,7.570178341,25.,           783P    737
42.586210394,6.317852006,25.,42.330217562,5.900221901,25.,           783P    738
41.940318265,5.337255597,25.,41.805265662,5.153452417,25.,           783P    739
41.524988115,4.793550566,25.,41.370699975,4.607066084,25.,           783P    740
40.946956215,4.12148427,25.,40.500152828,3.660542678,25.,            783P    741
40.018760001,3.236561419,25.,39.690144907,2.962120654,25.,           783P    742
39.505482389,2.816622105,25.,39.039035222,2.46675579,25.,            783P    743
38.558058829,2.140418138,25.,38.055288598,1.849373481,25.,           783P    744
37.71526537,1.663186597,25.,37.52408608,1.564874903,25.,             783P    745
37.055760425,1.336542328,25.,36.579350407,1.128780534,25.,           783P    746
36.090813843,0.951874914,25.,35.762428012,0.840794762,25.,           783P    747
35.577840985,0.783126992,25.,35.134318029,0.653746015,25.,           783P    748
34.687069826,0.541356411,25.,34.234233751,0.454453868,25.,           783P    749
33.931101285,0.40218263,25.,33.760887111,0.376463804,25.,            783P    750
33.086982529,0.28618018,25.,32.544947131,0.250044487,25.,32.,        783P    751
0.25,0.,1.,1.,0.,0.;                                                 783P    752
126,1,1,1,0,1,0,0.,0.,1.,1.,1.,1.,0.301163012,0.,0.,1.,0.,0.,        785P    753
0.,1.,0.,0.,1.;                                                      785P    754
110,25.,32.,0.25,25.,3.,0.25;                                        787P    755
126,1,1,1,0,1,0,0.,0.,1.,1.,1.,1.,1.,0.,0.,1.,1.,0.,0.,1.,0.,        789P    756
0.,1.;                                                               789P    757
110,25.,3.,0.25,25.,3.,24.75;                                        791P    758
126,1,1,1,0,1,0,0.,0.,1.,1.,1.,1.,1.,1.,0.,0.301163012,1.,0.,        793P    759
0.,1.,0.,0.,1.;                                                      793P    760
110,25.,3.,24.75,25.,32.,24.75;                                      795P    761
102,4,781,785,789,793;                                               797P    762
102,4,783,787,791,795;                                               799P    763
142,1,779,797,799,1;                                                 801P    764
126,32,2,1,0,1,0,0.,0.,0.,0.0625,0.0625,0.125,0.125,0.1875,          803P    765
0.1875,0.25,0.25,0.3125,0.3125,0.375,0.375,0.4375,0.4375,0.5,        803P    766
0.5,0.5625,0.5625,0.625,0.625,0.6875,0.6875,0.75,0.75,0.8125,        803P    767
0.8125,0.875,0.875,0.9375,0.9375,1.,1.,1.,1.,1.,1.,1.,1.,1.,1.,      803P    768
1.,1.,1.,1.,1.,1.,1.,1.,1.,1.,1.,1.,1.,1.,1.,1.,1.,1.,1.,1.,1.,      803P    769
1.,1.,1.,1.,1.,0.749382597,0.43877551,0.,0.745822454,                803P    770
0.43877551,0.,0.742330718,0.439951922,0.,0.738838982,                803P    771
0.441128333,0.,0.735549838,0.443435947,0.,0.732260695,               803P    772
0.445743561,0.,0.729300544,0.449093697,0.,0.726340393,               803P    773
0.452443833,0.,0.723822992,0.456707748,0.,0.72130559,                803P    774
0.460971663,0.,0.719327681,0.465985496,0.,0.717349771,               803P    775
0.470999329,0.,0.715987363,0.476570402,0.,0.714624955,               803P    776
0.482141475,0.,0.713930406,0.488055695,0.,0.713235856,               803P    777
0.493969914,0.,0.713235856,0.5,0.,0.713235856,0.506030086,0.,        803P    778
0.713930406,0.511944305,0.,0.714624955,0.517858525,0.,               803P    779
0.715987363,0.523429598,0.,0.717349771,0.529000671,0.,               803P    780
0.719327681,0.534014504,0.,0.72130559,0.539028337,0.,                803P    781
0.723822992,0.543292252,0.,0.726340393,0.547556167,0.,               803P    782
0.729300544,0.550906303,0.,0.732260695,0.554256439,0.,               803P    783
0.735549838,0.556564053,0.,0.738838982,0.558871667,0.,               803P    784
0.742330718,0.560048078,0.,0.745822454,0.56122449,0.,                803P    785
0.749382597,0.56122449,0.,0.,1.,0.,0.,1.;                            803P    786
124,6.12303176911189E-017,0.,1.,12.5,0.,1.,0.,0.,-1.,0.,             805P    787
6.12303176911189E-017,37.5;                                          805P    788
100,12.5,25.,13.4,26.5,13.4,23.5,13.4;                               807P    789
126,32,2,1,0,1,0,0.,0.,0.,0.0625,0.0625,0.125,0.125,0.1875,          809P    790
0.1875,0.25,0.25,0.3125,0.3125,0.375,0.375,0.4375,0.4375,0.5,        809P    791
0.5,0.5625,0.5625,0.625,0.625,0.6875,0.6875,0.75,0.75,0.8125,        809P    792
0.8125,0.875,0.875,0.9375,0.9375,1.,1.,1.,1.,1.,1.,1.,1.,1.,1.,      809P    793
1.,1.,1.,1.,1.,1.,1.,1.,1.,1.,1.,1.,1.,1.,1.,1.,1.,1.,1.,1.,1.,      809P    794
1.,1.,1.,1.,1.,0.749382597,0.56122449,0.,0.75294274,0.56122449,      809P    795
0.,0.756434477,0.560048078,0.,0.759926213,0.558871667,0.,            809P    796
0.763215356,0.556564053,0.,0.7665045,0.554256439,0.,0.76946465,      809P    797
0.550906303,0.,0.772424801,0.547556167,0.,0.774942203,               809P    798
0.543292252,0.,0.777459604,0.539028337,0.,0.779437514,               809P    799
0.534014504,0.,0.781415423,0.529000671,0.,0.782777831,               809P    800
0.523429598,0.,0.784140239,0.517858525,0.,0.784834789,               809P    801
0.511944305,0.,0.785529338,0.506030086,0.,0.785529338,0.5,0.,        809P    802
0.785529338,0.493969914,0.,0.784834789,0.488055695,0.,               809P    803
0.784140239,0.482141475,0.,0.782777831,0.476570402,0.,               809P    804
0.781415423,0.470999329,0.,0.779437514,0.465985496,0.,               809P    805
0.777459604,0.460971663,0.,0.774942203,0.456707748,0.,               809P    806
0.772424801,0.452443833,0.,0.76946465,0.449093697,0.,0.7665045,      809P    807
0.445743561,0.,0.763215356,0.443435947,0.,0.759926213,               809P    808
0.441128333,0.,0.756434477,0.439951922,0.,0.75294274,                809P    809
0.43877551,0.,0.749382597,0.43877551,0.,0.,1.,0.,0.,1.;              809P    810
124,-6.12303176911189E-017,4.27569270827966E-031,1.,12.5,            811P    811
-6.98296672221876E-015,-1.,0.,26.8000000000002,1.,                   811P    812
-6.98296672221876E-015,6.12303176911189E-017,-12.4999999999999;      811P    813
100,12.5,25.,13.4,26.5,13.4,23.5,13.4;                               813P    814
102,2,803,809;                                                       815P    815
102,2,807,813;                                                       817P    816
142,1,779,815,817,1;                                                 819P    817
126,32,2,1,0,1,0,0.,0.,0.,0.0625,0.0625,0.125,0.125,0.1875,          821P    818
0.1875,0.25,0.25,0.3125,0.3125,0.375,0.375,0.4375,0.4375,0.5,        821P    819
0.5,0.5625,0.5625,0.625,0.625,0.6875,0.6875,0.75,0.75,0.8125,        821P    820
0.8125,0.875,0.875,0.9375,0.9375,1.,1.,1.,1.,1.,1.,1.,1.,1.,1.,      821P    821
1.,1.,1.,1.,1.,1.,1.,1.,1.,1.,1.,1.,1.,1.,1.,1.,1.,1.,1.,1.,1.,      821P    822
1.,1.,1.,1.,1.,0.132478221,0.43877551,0.,0.128918078,                821P    823
0.43877551,0.,0.125426342,0.439951922,0.,0.121934606,                821P    824
0.441128333,0.,0.118645462,0.443435947,0.,0.115356319,               821P    825
0.445743561,0.,0.112396168,0.449093697,0.,0.109436017,               821P    826
0.452443833,0.,0.106918616,0.456707748,0.,0.104401214,               821P    827
0.460971663,0.,0.102423305,0.465985496,0.,0.100445395,               821P    828
0.470999329,0.,0.099082987,0.476570402,0.,0.09772058,                821P    829
0.482141475,0.,0.09702603,0.488055695,0.,0.096331481,                821P    830
0.493969914,0.,0.096331481,0.5,0.,0.096331481,0.506030086,0.,        821P    831
0.09702603,0.511944305,0.,0.09772058,0.517858525,0.,                 821P    832
0.099082987,0.523429598,0.,0.100445395,0.529000671,0.,               821P    833
0.102423305,0.534014504,0.,0.104401214,0.539028337,0.,               821P    834
0.106918616,0.543292252,0.,0.109436017,0.547556167,0.,               821P    835
0.112396168,0.550906303,0.,0.115356319,0.554256439,0.,               821P    836
0.118645462,0.556564053,0.,0.121934606,0.558871667,0.,               821P    837
0.125426342,0.560048078,0.,0.128918078,0.56122449,0.,                821P    838
0.132478221,0.56122449,0.,0.,1.,0.,0.,1.;                            821P    839
124,6.12303176911189E-017,0.,1.,12.5,0.,1.,0.,0.,-1.,0.,             823P    840
6.12303176911189E-017,37.5;                                          823P    841
100,12.5,25.,39.,26.5,39.,23.5,39.;                                  825P    842
126,32,2,1,0,1,0,0.,0.,0.,0.0625,0.0625,0.125,0.125,0.1875,          827P    843
0.1875,0.25,0.25,0.3125,0.3125,0.375,0.375,0.4375,0.4375,0.5,        827P    844
0.5,0.5625,0.5625,0.625,0.625,0.6875,0.6875,0.75,0.75,0.8125,        827P    845
0.8125,0.875,0.875,0.9375,0.9375,1.,1.,1.,1.,1.,1.,1.,1.,1.,1.,      827P    846
1.,1.,1.,1.,1.,1.,1.,1.,1.,1.,1.,1.,1.,1.,1.,1.,1.,1.,1.,1.,1.,      827P    847
1.,1.,1.,1.,1.,0.132478221,0.56122449,0.,0.136038365,                827P    848
0.56122449,0.,0.139530101,0.560048078,0.,0.143021837,                827P    849
0.558871667,0.,0.14631098,0.556564053,0.,0.149600124,                827P    850
0.554256439,0.,0.152560275,0.550906303,0.,0.155520425,               827P    851
0.547556167,0.,0.158037827,0.543292252,0.,0.160555228,               827P    852
0.539028337,0.,0.162533138,0.534014504,0.,0.164511047,               827P    853
0.529000671,0.,0.165873455,0.523429598,0.,0.167235863,               827P    854
0.517858525,0.,0.167930413,0.511944305,0.,0.168624962,               827P    855
0.506030086,0.,0.168624962,0.5,0.,0.168624962,0.493969914,0.,        827P    856
0.167930413,0.488055695,0.,0.167235863,0.482141475,0.,               827P    857
0.165873455,0.476570402,0.,0.164511047,0.470999329,0.,               827P    858
0.162533138,0.465985496,0.,0.160555228,0.460971663,0.,               827P    859
0.158037827,0.456707748,0.,0.155520425,0.452443833,0.,               827P    860
0.152560275,0.449093697,0.,0.149600124,0.445743561,0.,               827P    861
0.14631098,0.443435947,0.,0.143021837,0.441128333,0.,                827P    862
0.139530101,0.439951922,0.,0.136038365,0.43877551,0.,                827P    863
0.132478221,0.43877551,0.,0.,1.,0.,0.,1.;                            827P    864
124,-6.12303176911189E-017,4.27569270827966E-031,1.,12.5,            829P    865
-6.98296672221876E-015,-1.,0.,78.0000000000002,1.,                   829P    866
-6.98296672221876E-015,6.12303176911189E-017,-12.4999999999997;      829P    867
100,12.5,25.,39.,26.5,39.,23.5,39.;                                  831P    868
102,2,821,827;                                                       833P    869
102,2,825,831;                                                       835P    870
142,1,779,833,835,1;                                                 837P    871
126,32,2,1,0,1,0,0.,0.,0.,0.0625,0.0625,0.125,0.125,0.1875,          839P    872
0.1875,0.25,0.25,0.3125,0.3125,0.375,0.375,0.4375,0.4375,0.5,        839P    873
0.5,0.5625,0.5625,0.625,0.625,0.6875,0.6875,0.75,0.75,0.8125,        839P    874
0.8125,0.875,0.875,0.9375,0.9375,1.,1.,1.,1.,1.,1.,1.,1.,1.,1.,      839P    875
1.,1.,1.,1.,1.,1.,1.,1.,1.,1.,1.,1.,1.,1.,1.,1.,1.,1.,1.,1.,1.,      839P    876
1.,1.,1.,1.,1.,0.301163012,0.724489796,0.,0.297602868,               839P    877
0.724489796,0.,0.294111132,0.725666207,0.,0.290619396,               839P    878
0.726842619,0.,0.287330253,0.729150233,0.,0.284041109,               839P    879
0.731457847,0.,0.281080958,0.734807983,0.,0.278120808,               839P    880
0.738158119,0.,0.275603406,0.742422034,0.,0.273086005,               839P    881
0.746685948,0.,0.271108095,0.751699782,0.,0.269130185,               839P    882
0.756713615,0.,0.267767778,0.762284688,0.,0.26640537,                839P    883
0.767855761,0.,0.26571082,0.77376998,0.,0.265016271,0.7796842,       839P    884
0.,0.265016271,0.785714286,0.,0.265016271,0.791744372,0.,            839P    885
0.26571082,0.797658591,0.,0.26640537,0.803572811,0.,                 839P    886
0.267767778,0.809143884,0.,0.269130185,0.814714957,0.,               839P    887
0.271108095,0.81972879,0.,0.273086005,0.824742623,0.,                839P    888
0.275603406,0.829006538,0.,0.278120808,0.833270452,0.,               839P    889
0.281080958,0.836620589,0.,0.284041109,0.839970725,0.,               839P    890
0.287330253,0.842278339,0.,0.290619396,0.844585953,0.,               839P    891
0.294111132,0.845762364,0.,0.297602868,0.846938776,0.,               839P    892
0.301163012,0.846938776,0.,0.,1.,0.,0.,1.;                           839P    893
124,6.12303176911189E-017,0.,1.,5.5,0.,1.,0.,0.,-1.,0.,              841P    894
6.12303176911189E-017,44.5;                                          841P    895
100,19.5,25.,32.,26.5,32.,23.5,32.;                                  843P    896
126,32,2,1,0,1,0,0.,0.,0.,0.0625,0.0625,0.125,0.125,0.1875,          845P    897
0.1875,0.25,0.25,0.3125,0.3125,0.375,0.375,0.4375,0.4375,0.5,        845P    898
0.5,0.5625,0.5625,0.625,0.625,0.6875,0.6875,0.75,0.75,0.8125,        845P    899
0.8125,0.875,0.875,0.9375,0.9375,1.,1.,1.,1.,1.,1.,1.,1.,1.,1.,      845P    900
1.,1.,1.,1.,1.,1.,1.,1.,1.,1.,1.,1.,1.,1.,1.,1.,1.,1.,1.,1.,1.,      845P    901
1.,1.,1.,1.,1.,0.301163012,0.846938776,0.,0.304723155,               845P    902
0.846938776,0.,0.308214891,0.845762364,0.,0.311706627,               845P    903
0.844585953,0.,0.31499577,0.842278339,0.,0.318284914,                845P    904
0.839970725,0.,0.321245065,0.836620589,0.,0.324205216,               845P    905
0.833270452,0.,0.326722617,0.829006538,0.,0.329240019,               845P    906
0.824742623,0.,0.331217928,0.81972879,0.,0.333195838,                845P    907
0.814714957,0.,0.334558246,0.809143884,0.,0.335920653,               845P    908
0.803572811,0.,0.336615203,0.797658591,0.,0.337309752,               845P    909
0.791744372,0.,0.337309752,0.785714286,0.,0.337309752,               845P    910
0.7796842,0.,0.336615203,0.77376998,0.,0.335920653,0.767855761,      845P    911
0.,0.334558246,0.762284688,0.,0.333195838,0.756713615,0.,            845P    912
0.331217928,0.751699782,0.,0.329240019,0.746685948,0.,               845P    913
0.326722617,0.742422034,0.,0.324205216,0.738158119,0.,               845P    914
0.321245065,0.734807983,0.,0.318284914,0.731457847,0.,               845P    915
0.31499577,0.729150233,0.,0.311706627,0.726842619,0.,                845P    916
0.308214891,0.725666207,0.,0.304723155,0.724489796,0.,               845P    917
0.301163012,0.724489796,0.,0.,1.,0.,0.,1.;                           845P    918
124,-6.12303176911189E-017,4.27569270827966E-031,1.,5.5,             847P    919
-6.98296672221876E-015,-1.,0.,64.0000000000002,1.,                   847P    920
-6.98296672221876E-015,6.12303176911189E-017,-5.49999999999978;      847P    921
100,19.5,25.,32.,26.5,32.,23.5,32.;                                  849P    922
102,2,839,845;                                                       851P    923
102,2,843,849;                                                       853P    924
142,1,779,851,853,1;                                                 855P    925
126,32,2,1,0,1,0,0.,0.,0.,0.0625,0.0625,0.125,0.125,0.1875,          857P    926
0.1875,0.25,0.25,0.3125,0.3125,0.375,0.375,0.4375,0.4375,0.5,        857P    927
0.5,0.5625,0.5625,0.625,0.625,0.6875,0.6875,0.75,0.75,0.8125,        857P    928
0.8125,0.875,0.875,0.9375,0.9375,1.,1.,1.,1.,1.,1.,1.,1.,1.,1.,      857P    929
1.,1.,1.,1.,1.,1.,1.,1.,1.,1.,1.,1.,1.,1.,1.,1.,1.,1.,1.,1.,1.,      857P    930
1.,1.,1.,1.,1.,0.301163012,0.153061224,0.,0.297602868,               857P    931
0.153061224,0.,0.294111132,0.154237636,0.,0.290619396,               857P    932
0.155414047,0.,0.287330253,0.157721661,0.,0.284041109,               857P    933
0.160029275,0.,0.281080958,0.163379411,0.,0.278120808,               857P    934
0.166729548,0.,0.275603406,0.170993462,0.,0.273086005,               857P    935
0.175257377,0.,0.271108095,0.18027121,0.,0.269130185,                857P    936
0.185285043,0.,0.267767778,0.190856116,0.,0.26640537,                857P    937
0.196427189,0.,0.26571082,0.202341409,0.,0.265016271,                857P    938
0.208255628,0.,0.265016271,0.214285714,0.,0.265016271,               857P    939
0.2203158,0.,0.26571082,0.22623002,0.,0.26640537,0.232144239,        857P    940
0.,0.267767778,0.237715312,0.,0.269130185,0.243286385,0.,            857P    941
0.271108095,0.248300218,0.,0.273086005,0.253314052,0.,               857P    942
0.275603406,0.257577966,0.,0.278120808,0.261841881,0.,               857P    943
0.281080958,0.265192017,0.,0.284041109,0.268542153,0.,               857P    944
0.287330253,0.270849767,0.,0.290619396,0.273157381,0.,               857P    945
0.294111132,0.274333793,0.,0.297602868,0.275510204,0.,               857P    946
0.301163012,0.275510204,0.,0.,1.,0.,0.,1.;                           857P    947
124,6.12303176911189E-017,0.,1.,19.5,0.,1.,0.,0.,-1.,0.,             859P    948
6.12303176911189E-017,30.5;                                          859P    949
100,5.5,25.,32.,26.5,32.,23.5,32.;                                   861P    950
126,32,2,1,0,1,0,0.,0.,0.,0.0625,0.0625,0.125,0.125,0.1875,          863P    951
0.1875,0.25,0.25,0.3125,0.3125,0.375,0.375,0.4375,0.4375,0.5,        863P    952
0.5,0.5625,0.5625,0.625,0.625,0.6875,0.6875,0.75,0.75,0.8125,        863P    953
0.8125,0.875,0.875,0.9375,0.9375,1.,1.,1.,1.,1.,1.,1.,1.,1.,1.,      863P    954
1.,1.,1.,1.,1.,1.,1.,1.,1.,1.,1.,1.,1.,1.,1.,1.,1.,1.,1.,1.,1.,      863P    955
1.,1.,1.,1.,1.,0.301163012,0.275510204,0.,0.304723155,               863P    956
0.275510204,0.,0.308214891,0.274333793,0.,0.311706627,               863P    957
0.273157381,0.,0.31499577,0.270849767,0.,0.318284914,                863P    958
0.268542153,0.,0.321245065,0.265192017,0.,0.324205216,               863P    959
0.261841881,0.,0.326722617,0.257577966,0.,0.329240019,               863P    960
0.253314052,0.,0.331217928,0.248300218,0.,0.333195838,               863P    961
0.243286385,0.,0.334558246,0.237715312,0.,0.335920653,               863P    962
0.232144239,0.,0.336615203,0.22623002,0.,0.337309752,0.2203158,      863P    963
0.,0.337309752,0.214285714,0.,0.337309752,0.208255628,0.,            863P    964
0.336615203,0.202341409,0.,0.335920653,0.196427189,0.,               863P    965
0.334558246,0.190856116,0.,0.333195838,0.185285043,0.,               863P    966
0.331217928,0.18027121,0.,0.329240019,0.175257377,0.,                863P    967
0.326722617,0.170993462,0.,0.324205216,0.166729548,0.,               863P    968
0.321245065,0.163379411,0.,0.318284914,0.160029275,0.,               863P    969
0.31499577,0.157721661,0.,0.311706627,0.155414047,0.,                863P    970
0.308214891,0.154237636,0.,0.304723155,0.153061224,0.,               863P    971
0.301163012,0.153061224,0.,0.,1.,0.,0.,1.;                           863P    972
124,-6.12303176911189E-017,4.27569270827966E-031,1.,19.5,            865P    973
-6.98296672221876E-015,-1.,0.,64.0000000000002,1.,                   865P    974
-6.98296672221876E-015,6.12303176911189E-017,-19.4999999999998;      865P    975
100,5.5,25.,32.,26.5,32.,23.5,32.;                                   867P    976
102,2,857,863;                                                       869P    977
102,2,861,867;                                                       871P    978
142,1,779,869,871,1;                                                 873P    979
126,32,2,1,0,1,0,0.,0.,0.,0.0625,0.0625,0.125,0.125,0.1875,          875P    980
0.1875,0.25,0.25,0.3125,0.3125,0.375,0.375,0.4375,0.4375,0.5,        875P    981
0.5,0.5625,0.5625,0.625,0.625,0.6875,0.6875,0.75,0.75,0.8125,        875P    982
0.8125,0.875,0.875,0.9375,0.9375,1.,1.,1.,1.,1.,1.,1.,1.,1.,1.,      875P    983
1.,1.,1.,1.,1.,1.,1.,1.,1.,1.,1.,1.,1.,1.,1.,1.,1.,1.,1.,1.,1.,      875P    984
1.,1.,1.,1.,1.,0.469847802,0.43877551,0.,0.466287659,                875P    985
0.43877551,0.,0.462795923,0.439951922,0.,0.459304187,                875P    986
0.441128333,0.,0.456015043,0.443435947,0.,0.4527259,                 875P    987
0.445743561,0.,0.449765749,0.449093697,0.,0.446805598,               875P    988
0.452443833,0.,0.444288196,0.456707748,0.,0.441770795,               875P    989
0.460971663,0.,0.439792885,0.465985496,0.,0.437814976,               875P    990
0.470999329,0.,0.436452568,0.476570402,0.,0.43509016,                875P    991
0.482141475,0.,0.434395611,0.488055695,0.,0.433701061,               875P    992
0.493969914,0.,0.433701061,0.5,0.,0.433701061,0.506030086,0.,        875P    993
0.434395611,0.511944305,0.,0.43509016,0.517858525,0.,                875P    994
0.436452568,0.523429598,0.,0.437814976,0.529000671,0.,               875P    995
0.439792885,0.534014504,0.,0.441770795,0.539028337,0.,               875P    996
0.444288196,0.543292252,0.,0.446805598,0.547556167,0.,               875P    997
0.449765749,0.550906303,0.,0.4527259,0.554256439,0.,                 875P    998
0.456015043,0.556564053,0.,0.459304187,0.558871667,0.,               875P    999
0.462795923,0.560048078,0.,0.466287659,0.56122449,0.,                875P   1000
0.469847802,0.56122449,0.,0.,1.,0.,0.,1.;                            875P   1001
124,6.12303176911189E-017,0.,1.,12.5,0.,1.,0.,0.,-1.,0.,             877P   1002
6.12303176911189E-017,37.5;                                          877P   1003
100,12.5,25.,25.,26.5,25.,23.5,25.;                                  879P   1004
126,32,2,1,0,1,0,0.,0.,0.,0.0625,0.0625,0.125,0.125,0.1875,          881P   1005
0.1875,0.25,0.25,0.3125,0.3125,0.375,0.375,0.4375,0.4375,0.5,        881P   1006
0.5,0.5625,0.5625,0.625,0.625,0.6875,0.6875,0.75,0.75,0.8125,        881P   1007
0.8125,0.875,0.875,0.9375,0.9375,1.,1.,1.,1.,1.,1.,1.,1.,1.,1.,      881P   1008
1.,1.,1.,1.,1.,1.,1.,1.,1.,1.,1.,1.,1.,1.,1.,1.,1.,1.,1.,1.,1.,      881P   1009
1.,1.,1.,1.,1.,0.469847802,0.56122449,0.,0.473407945,                881P   1010
0.56122449,0.,0.476899681,0.560048078,0.,0.480391417,                881P   1011
0.558871667,0.,0.483680561,0.556564053,0.,0.486969704,               881P   1012
0.554256439,0.,0.489929855,0.550906303,0.,0.492890006,               881P   1013
0.547556167,0.,0.495407407,0.543292252,0.,0.497924809,               881P   1014
0.539028337,0.,0.499902718,0.534014504,0.,0.501880628,               881P   1015
0.529000671,0.,0.503243036,0.523429598,0.,0.504605444,               881P   1016
0.517858525,0.,0.505299993,0.511944305,0.,0.505994543,               881P   1017
0.506030086,0.,0.505994543,0.5,0.,0.505994543,0.493969914,0.,        881P   1018
0.505299993,0.488055695,0.,0.504605444,0.482141475,0.,               881P   1019
0.503243036,0.476570402,0.,0.501880628,0.470999329,0.,               881P   1020
0.499902718,0.465985496,0.,0.497924809,0.460971663,0.,               881P   1021
0.495407407,0.456707748,0.,0.492890006,0.452443833,0.,               881P   1022
0.489929855,0.449093697,0.,0.486969704,0.445743561,0.,               881P   1023
0.483680561,0.443435947,0.,0.480391417,0.441128333,0.,               881P   1024
0.476899681,0.439951922,0.,0.473407945,0.43877551,0.,                881P   1025
0.469847802,0.43877551,0.,0.,1.,0.,0.,1.;                            881P   1026
124,-6.12303176911189E-017,4.27569270827966E-031,1.,12.5,            883P   1027
-6.98296672221876E-015,-1.,0.,50.0000000000002,1.,                   883P   1028
-6.98296672221876E-015,6.12303176911189E-017,-12.4999999999998;      883P   1029
100,12.5,25.,25.,26.5,25.,23.5,25.;                                  885P   1030
102,2,875,881;                                                       887P   1031
102,2,879,885;                                                       889P   1032
142,1,779,887,889,1;                                                 891P   1033
126,32,2,1,0,1,0,0.,0.,0.,0.0625,0.0625,0.125,0.125,0.1875,          893P   1034
0.1875,0.25,0.25,0.3125,0.3125,0.375,0.375,0.4375,0.4375,0.5,        893P   1035
0.5,0.5625,0.5625,0.625,0.625,0.6875,0.6875,0.75,0.75,0.8125,        893P   1036
0.8125,0.875,0.875,0.9375,0.9375,1.,1.,1.,1.,1.,1.,1.,1.,1.,1.,      893P   1037
1.,1.,1.,1.,1.,1.,1.,1.,1.,1.,1.,1.,1.,1.,1.,1.,1.,1.,1.,1.,1.,      893P   1038
1.,1.,1.,1.,1.,0.301163012,0.336734694,0.,0.291669296,               893P   1039
0.336734694,0.,0.282358,0.339871791,0.,0.273046704,0.343008888,      893P   1040
0.,0.264275655,0.349162525,0.,0.255504606,0.355316163,0.,            893P   1041
0.24761087,0.364249859,0.,0.239717134,0.373183556,0.,                893P   1042
0.233004064,0.384553995,0.,0.226290993,0.395924434,0.,               893P   1043
0.221016568,0.409294656,0.,0.215742142,0.422664878,0.,               893P   1044
0.212109054,0.437521072,0.,0.208475967,0.452377267,0.,               893P   1045
0.206623835,0.468148519,0.,0.204771703,0.483919771,0.,               893P   1046
0.204771703,0.5,0.,0.204771703,0.516080229,0.,0.206623835,           893P   1047
0.531851481,0.,0.208475967,0.547622733,0.,0.212109054,               893P   1048
0.562478928,0.,0.215742142,0.577335122,0.,0.221016568,               893P   1049
0.590705344,0.,0.226290993,0.604075566,0.,0.233004064,               893P   1050
0.615446005,0.,0.239717134,0.626816444,0.,0.24761087,                893P   1051
0.635750141,0.,0.255504606,0.644683837,0.,0.264275655,               893P   1052
0.650837475,0.,0.273046704,0.656991112,0.,0.282358,0.660128209,      893P   1053
0.,0.291669296,0.663265306,0.,0.301163012,0.663265306,0.,0.,1.,      893P   1054
0.,0.,1.;                                                            893P   1055
124,6.12303176911189E-017,0.,1.,12.5,0.,1.,0.,0.,-1.,0.,             895P   1056
6.12303176911189E-017,37.5;                                          895P   1057
100,12.5,25.,32.,29.,32.,21.,32.;                                    897P   1058
126,32,2,1,0,1,0,0.,0.,0.,0.0625,0.0625,0.125,0.125,0.1875,          899P   1059
0.1875,0.25,0.25,0.3125,0.3125,0.375,0.375,0.4375,0.4375,0.5,        899P   1060
0.5,0.5625,0.5625,0.625,0.625,0.6875,0.6875,0.75,0.75,0.8125,        899P   1061
0.8125,0.875,0.875,0.9375,0.9375,1.,1.,1.,1.,1.,1.,1.,1.,1.,1.,      899P   1062
1.,1.,1.,1.,1.,1.,1.,1.,1.,1.,1.,1.,1.,1.,1.,1.,1.,1.,1.,1.,1.,      899P   1063
1.,1.,1.,1.,1.,0.301163012,0.663265306,0.,0.310656727,               899P   1064
0.663265306,0.,0.319968023,0.660128209,0.,0.329279319,               899P   1065
0.656991112,0.,0.338050369,0.650837475,0.,0.346821418,               899P   1066
0.644683837,0.,0.354715153,0.635750141,0.,0.362608889,               899P   1067
0.626816444,0.,0.36932196,0.615446005,0.,0.37603503,                 899P   1068
0.604075566,0.,0.381309456,0.590705344,0.,0.386583881,               899P   1069
0.577335122,0.,0.390216969,0.562478928,0.,0.393850056,               899P   1070
0.547622733,0.,0.395702188,0.531851481,0.,0.39755432,                899P   1071
0.516080229,0.,0.39755432,0.5,0.,0.39755432,0.483919771,0.,          899P   1072
0.395702188,0.468148519,0.,0.393850056,0.452377267,0.,               899P   1073
0.390216969,0.437521072,0.,0.386583881,0.422664878,0.,               899P   1074
0.381309456,0.409294656,0.,0.37603503,0.395924434,0.,                899P   1075
0.36932196,0.384553995,0.,0.362608889,0.373183556,0.,                899P   1076
0.354715153,0.364249859,0.,0.346821418,0.355316163,0.,               899P   1077
0.338050369,0.349162525,0.,0.329279319,0.343008888,0.,               899P   1078
0.319968023,0.339871791,0.,0.310656727,0.336734694,0.,               899P   1079
0.301163012,0.336734694,0.,0.,1.,0.,0.,1.;                           899P   1080
124,-6.12303176911189E-017,4.27569270827966E-031,1.,12.5,            901P   1081
-6.98296672221876E-015,-1.,0.,64.0000000000002,1.,                   901P   1082
-6.98296672221876E-015,6.12303176911189E-017,-12.4999999999998;      901P   1083
100,12.5,25.,32.,29.,32.,21.,32.;                                    903P   1084
102,2,893,899;                                                       905P   1085
102,2,897,903;                                                       907P   1086
142,1,779,905,907,1;                                                 909P   1087
144,779,1,6,801,819,837,855,873,891,909;                             911P   1088
128,1,1,1,1,0,0,1,0,0,0.,0.,1.,1.,0.,0.,1.,1.,1.,1.,1.,1.,27.,       913P   1089
44.503517278,0.25,27.,2.,0.25,27.,44.503517278,24.75,27.,2.,         913P   1090
24.75,0.,1.,0.,1.;                                                   913P   1091
126,44,2,1,0,1,0,0.,0.,0.,0.0625,0.0625,0.125,0.125,0.1875,          915P   1092
0.1875,0.25,0.25,0.3125,0.3125,0.34375,0.34375,0.375,0.375,          915P   1093
0.40625,0.40625,0.4375,0.4375,0.46875,0.46875,0.5,0.5,0.53125,       915P   1094
0.53125,0.5625,0.5625,0.59375,0.59375,0.625,0.625,0.65625,           915P   1095
0.65625,0.6875,0.6875,0.75,0.75,0.8125,0.8125,0.875,0.875,           915P   1096
0.9375,0.9375,1.,1.,1.,1.,1.,1.,1.,1.,1.,1.,1.,1.,1.,1.,1.,1.,       915P   1097
1.,1.,1.,1.,1.,1.,1.,1.,1.,1.,1.,1.,1.,1.,1.,1.,1.,1.,1.,1.,1.,      915P   1098
1.,1.,1.,1.,1.,1.,1.,1.,1.,1.,1.,0.294176061,1.,0.,0.274944224,      915P   1099
0.999997276,0.,0.255917905,0.995575221,0.,0.234346798,               915P   1100
0.990561712,0.,0.213476857,0.98,0.,0.18991819,0.968077596,0.,        915P   1101
0.167881159,0.949438202,0.,0.143197834,0.928560516,0.,               915P   1102
0.121249196,0.9,0.,0.096969686,0.868406455,0.,0.077030454,           915P   1103
0.828767123,0.,0.066421135,0.807675725,0.,0.057247794,               915P   1104
0.784697509,0.,0.047728131,0.760851798,0.,0.039871847,               915P   1105
0.735294118,0.,0.031769433,0.70893574,0.,0.025541245,                915P   1106
0.681132075,0.,0.019161283,0.652650867,0.,0.014832663,               915P   1107
0.623076923,0.,0.010430625,0.593001369,0.,0.008207509,               915P   1108
0.562256809,0.,0.005963811,0.531227595,0.,0.005964619,0.5,0.,        915P   1109
0.005965428,0.468727595,0.,0.008207509,0.437743191,0.,               915P   1110
0.010435403,0.406954858,0.,0.014832663,0.376923077,0.,               915P   1111
0.019169004,0.347307356,0.,0.025541245,0.318867925,0.,               915P   1112
0.031779765,0.291025293,0.,0.039871847,0.264705882,0.,               915P   1113
0.047740656,0.239112668,0.,0.057247794,0.215302491,0.,               915P   1114
0.06643598,0.192291112,0.,0.077030454,0.171232877,0.,                915P   1115
0.096987831,0.131564352,0.,0.121249196,0.1,0.,0.143218491,           915P   1116
0.07141766,0.,0.167881159,0.050561798,0.,0.189940548,                915P   1117
0.031907386,0.,0.213476857,0.02,0.,0.234370384,0.009429639,0.,       915P   1118
0.255917905,0.004424779,0.,0.27495627,2.722E-006,0.,                 915P   1119
0.294176061,0.,0.,0.,1.,0.,0.,-1.;                                   915P   1120
126,3,3,1,0,0,0,0.,0.,0.,0.,1.,1.,1.,1.,0.956578302214898,           917P   1121
0.318859434071632,0.318859434071632,0.956578302214898,27.,32.,       917P   1122
24.75,27.,56.5,24.75,27.,56.5,0.25,27.,32.,0.25,0.,1.,1.,0.,0.;      917P   1123
126,1,1,1,0,1,0,0.,0.,1.,1.,1.,1.,0.294176061,0.,0.,1.,0.,0.,        919P   1124
0.,1.,0.,0.,1.;                                                      919P   1125
110,27.,32.,0.25,27.,2.,0.25;                                        921P   1126
126,1,1,1,0,1,0,0.,0.,1.,1.,1.,1.,1.,0.,0.,1.,1.,0.,0.,1.,0.,        923P   1127
0.,1.;                                                               923P   1128
110,27.,2.,0.25,27.,2.,24.75;                                        925P   1129
126,1,1,1,0,1,0,0.,0.,1.,1.,1.,1.,1.,1.,0.,0.294176061,1.,0.,        927P   1130
0.,1.,0.,0.,1.;                                                      927P   1131
110,27.,2.,24.75,27.,32.,24.75;                                      929P   1132
102,4,915,919,923,927;                                               931P   1133
102,4,917,921,925,929;                                               933P   1134
142,1,913,931,933,1;                                                 935P   1135
126,32,2,1,0,1,0,0.,0.,0.,0.0625,0.0625,0.125,0.125,0.1875,          937P   1136
0.1875,0.25,0.25,0.3125,0.3125,0.375,0.375,0.4375,0.4375,0.5,        937P   1137
0.5,0.5625,0.5625,0.625,0.625,0.6875,0.6875,0.75,0.75,0.8125,        937P   1138
0.8125,0.875,0.875,0.9375,0.9375,1.,1.,1.,1.,1.,1.,1.,1.,1.,1.,      937P   1139
1.,1.,1.,1.,1.,1.,1.,1.,1.,1.,1.,1.,1.,1.,1.,1.,1.,1.,1.,1.,1.,      937P   1140
1.,1.,1.,1.,1.,0.731786903,0.56122449,0.,0.735262783,                937P   1141
0.56122449,0.,0.738671874,0.560048078,0.,0.742080966,                937P   1142
0.558871667,0.,0.745292259,0.556564053,0.,0.748503553,               937P   1143
0.554256439,0.,0.751393642,0.550906303,0.,0.75428373,                937P   1144
0.547556167,0.,0.756741548,0.543292252,0.,0.759199366,               937P   1145
0.539028337,0.,0.761130461,0.534014504,0.,0.763061556,               937P   1146
0.529000671,0.,0.764391718,0.523429598,0.,0.765721879,               937P   1147
0.517858525,0.,0.76639999,0.511944305,0.,0.7670781,0.506030086,      937P   1148
0.,0.7670781,0.5,0.,0.7670781,0.493969914,0.,0.76639999,             937P   1149
0.488055695,0.,0.765721879,0.482141475,0.,0.764391718,               937P   1150
0.476570402,0.,0.763061556,0.470999329,0.,0.761130461,               937P   1151
0.465985496,0.,0.759199366,0.460971663,0.,0.756741548,               937P   1152
0.456707748,0.,0.75428373,0.452443833,0.,0.751393642,                937P   1153
0.449093697,0.,0.748503553,0.445743561,0.,0.745292259,               937P   1154
0.443435947,0.,0.742080966,0.441128333,0.,0.738671874,               937P   1155
0.439951922,0.,0.735262783,0.43877551,0.,0.731786903,                937P   1156
0.43877551,0.,0.,1.,0.,0.,1.;                                        937P   1157
124,-6.12303176911189E-017,4.27569270827966E-031,1.,14.5,            939P   1158
-6.98296672221876E-015,-1.,0.,26.8000000000002,1.,                   939P   1159
-6.98296672221876E-015,6.12303176911189E-017,-14.4999999999999;      939P   1160
100,12.5,27.,13.4,28.5,13.4,25.5,13.4;                               941P   1161
126,32,2,1,0,1,0,0.,0.,0.,0.0625,0.0625,0.125,0.125,0.1875,          943P   1162
0.1875,0.25,0.25,0.3125,0.3125,0.375,0.375,0.4375,0.4375,0.5,        943P   1163
0.5,0.5625,0.5625,0.625,0.625,0.6875,0.6875,0.75,0.75,0.8125,        943P   1164
0.8125,0.875,0.875,0.9375,0.9375,1.,1.,1.,1.,1.,1.,1.,1.,1.,1.,      943P   1165
1.,1.,1.,1.,1.,1.,1.,1.,1.,1.,1.,1.,1.,1.,1.,1.,1.,1.,1.,1.,1.,      943P   1166
1.,1.,1.,1.,1.,0.731786903,0.43877551,0.,0.728311024,                943P   1167
0.43877551,0.,0.724901932,0.439951922,0.,0.721492841,                943P   1168
0.441128333,0.,0.718281547,0.443435947,0.,0.715070253,               943P   1169
0.445743561,0.,0.712180165,0.449093697,0.,0.709290076,               943P   1170
0.452443833,0.,0.706832258,0.456707748,0.,0.70437444,                943P   1171
0.460971663,0.,0.702443345,0.465985496,0.,0.70051225,                943P   1172
0.470999329,0.,0.699182089,0.476570402,0.,0.697851927,               943P   1173
0.482141475,0.,0.697173817,0.488055695,0.,0.696495706,               943P   1174
0.493969914,0.,0.696495706,0.5,0.,0.696495706,0.506030086,0.,        943P   1175
0.697173817,0.511944305,0.,0.697851927,0.517858525,0.,               943P   1176
0.699182089,0.523429598,0.,0.70051225,0.529000671,0.,                943P   1177
0.702443345,0.534014504,0.,0.70437444,0.539028337,0.,                943P   1178
0.706832258,0.543292252,0.,0.709290076,0.547556167,0.,               943P   1179
0.712180165,0.550906303,0.,0.715070253,0.554256439,0.,               943P   1180
0.718281547,0.556564053,0.,0.721492841,0.558871667,0.,               943P   1181
0.724901932,0.560048078,0.,0.728311024,0.56122449,0.,                943P   1182
0.731786903,0.56122449,0.,0.,1.,0.,0.,1.;                            943P   1183
124,6.12303176911189E-017,0.,1.,14.5,0.,1.,0.,0.,-1.,0.,             945P   1184
6.12303176911189E-017,39.5;                                          945P   1185
100,12.5,27.,13.4,28.5,13.4,25.5,13.4;                               947P   1186
102,2,937,943;                                                       949P   1187
102,2,941,947;                                                       951P   1188
142,1,913,949,951,1;                                                 953P   1189
126,32,2,1,0,1,0,0.,0.,0.,0.0625,0.0625,0.125,0.125,0.1875,          955P   1190
0.1875,0.25,0.25,0.3125,0.3125,0.375,0.375,0.4375,0.4375,0.5,        955P   1191
0.5,0.5625,0.5625,0.625,0.625,0.6875,0.6875,0.75,0.75,0.8125,        955P   1192
0.8125,0.875,0.875,0.9375,0.9375,1.,1.,1.,1.,1.,1.,1.,1.,1.,1.,      955P   1193
1.,1.,1.,1.,1.,1.,1.,1.,1.,1.,1.,1.,1.,1.,1.,1.,1.,1.,1.,1.,1.,      955P   1194
1.,1.,1.,1.,1.,0.129483808,0.56122449,0.,0.132959688,                955P   1195
0.56122449,0.,0.136368779,0.560048078,0.,0.139777871,                955P   1196
0.558871667,0.,0.142989165,0.556564053,0.,0.146200459,               955P   1197
0.554256439,0.,0.149090547,0.550906303,0.,0.151980635,               955P   1198
0.547556167,0.,0.154438453,0.543292252,0.,0.156896271,               955P   1199
0.539028337,0.,0.158827366,0.534014504,0.,0.160758461,               955P   1200
0.529000671,0.,0.162088623,0.523429598,0.,0.163418784,               955P   1201
0.517858525,0.,0.164096895,0.511944305,0.,0.164775005,               955P   1202
0.506030086,0.,0.164775005,0.5,0.,0.164775005,0.493969914,0.,        955P   1203
0.164096895,0.488055695,0.,0.163418784,0.482141475,0.,               955P   1204
0.162088623,0.476570402,0.,0.160758461,0.470999329,0.,               955P   1205
0.158827366,0.465985496,0.,0.156896271,0.460971663,0.,               955P   1206
0.154438453,0.456707748,0.,0.151980635,0.452443833,0.,               955P   1207
0.149090547,0.449093697,0.,0.146200459,0.445743561,0.,               955P   1208
0.142989165,0.443435947,0.,0.139777871,0.441128333,0.,               955P   1209
0.136368779,0.439951922,0.,0.132959688,0.43877551,0.,                955P   1210
0.129483808,0.43877551,0.,0.,1.,0.,0.,1.;                            955P   1211
124,-6.12303176911189E-017,4.27569270827966E-031,1.,14.5,            957P   1212
-6.98296672221876E-015,-1.,0.,78.0000000000002,1.,                   957P   1213
-6.98296672221876E-015,6.12303176911189E-017,-14.4999999999997;      957P   1214
100,12.5,27.,39.,28.5,39.,25.5,39.;                                  959P   1215
126,32,2,1,0,1,0,0.,0.,0.,0.0625,0.0625,0.125,0.125,0.1875,          961P   1216
0.1875,0.25,0.25,0.3125,0.3125,0.375,0.375,0.4375,0.4375,0.5,        961P   1217
0.5,0.5625,0.5625,0.625,0.625,0.6875,0.6875,0.75,0.75,0.8125,        961P   1218
0.8125,0.875,0.875,0.9375,0.9375,1.,1.,1.,1.,1.,1.,1.,1.,1.,1.,      961P   1219
1.,1.,1.,1.,1.,1.,1.,1.,1.,1.,1.,1.,1.,1.,1.,1.,1.,1.,1.,1.,1.,      961P   1220
1.,1.,1.,1.,1.,0.129483808,0.43877551,0.,0.126007929,                961P   1221
0.43877551,0.,0.122598837,0.439951922,0.,0.119189746,                961P   1222
0.441128333,0.,0.115978452,0.443435947,0.,0.112767158,               961P   1223
0.445743561,0.,0.10987707,0.449093697,0.,0.106986981,                961P   1224
0.452443833,0.,0.104529163,0.456707748,0.,0.102071346,               961P   1225
0.460971663,0.,0.10014025,0.465985496,0.,0.098209155,                961P   1226
0.470999329,0.,0.096878994,0.476570402,0.,0.095548832,               961P   1227
0.482141475,0.,0.094870722,0.488055695,0.,0.094192611,               961P   1228
0.493969914,0.,0.094192611,0.5,0.,0.094192611,0.506030086,0.,        961P   1229
0.094870722,0.511944305,0.,0.095548832,0.517858525,0.,               961P   1230
0.096878994,0.523429598,0.,0.098209155,0.529000671,0.,               961P   1231
0.10014025,0.534014504,0.,0.102071346,0.539028337,0.,                961P   1232
0.104529163,0.543292252,0.,0.106986981,0.547556167,0.,               961P   1233
0.10987707,0.550906303,0.,0.112767158,0.554256439,0.,                961P   1234
0.115978452,0.556564053,0.,0.119189746,0.558871667,0.,               961P   1235
0.122598837,0.560048078,0.,0.126007929,0.56122449,0.,                961P   1236
0.129483808,0.56122449,0.,0.,1.,0.,0.,1.;                            961P   1237
124,6.12303176911189E-017,0.,1.,14.5,0.,1.,0.,0.,-1.,0.,             963P   1238
6.12303176911189E-017,39.5;                                          963P   1239
100,12.5,27.,39.,28.5,39.,25.5,39.;                                  965P   1240
102,2,955,961;                                                       967P   1241
102,2,959,965;                                                       969P   1242
142,1,913,967,969,1;                                                 971P   1243
126,32,2,1,0,1,0,0.,0.,0.,0.0625,0.0625,0.125,0.125,0.1875,          973P   1244
0.1875,0.25,0.25,0.3125,0.3125,0.375,0.375,0.4375,0.4375,0.5,        973P   1245
0.5,0.5625,0.5625,0.625,0.625,0.6875,0.6875,0.75,0.75,0.8125,        973P   1246
0.8125,0.875,0.875,0.9375,0.9375,1.,1.,1.,1.,1.,1.,1.,1.,1.,1.,      973P   1247
1.,1.,1.,1.,1.,1.,1.,1.,1.,1.,1.,1.,1.,1.,1.,1.,1.,1.,1.,1.,1.,      973P   1248
1.,1.,1.,1.,1.,0.294176061,0.846938776,0.,0.29765194,                973P   1249
0.846938776,0.,0.301061032,0.845762364,0.,0.304470123,               973P   1250
0.844585953,0.,0.307681417,0.842278339,0.,0.310892711,               973P   1251
0.839970725,0.,0.313782799,0.836620589,0.,0.316672887,               973P   1252
0.833270452,0.,0.319130705,0.829006538,0.,0.321588523,               973P   1253
0.824742623,0.,0.323519619,0.81972879,0.,0.325450714,                973P   1254
0.814714957,0.,0.326780875,0.809143884,0.,0.328111037,               973P   1255
0.803572811,0.,0.328789147,0.797658591,0.,0.329467258,               973P   1256
0.791744372,0.,0.329467258,0.785714286,0.,0.329467258,               973P   1257
0.7796842,0.,0.328789147,0.77376998,0.,0.328111037,0.767855761,      973P   1258
0.,0.326780875,0.762284688,0.,0.325450714,0.756713615,0.,            973P   1259
0.323519619,0.751699782,0.,0.321588523,0.746685948,0.,               973P   1260
0.319130705,0.742422034,0.,0.316672887,0.738158119,0.,               973P   1261
0.313782799,0.734807983,0.,0.310892711,0.731457847,0.,               973P   1262
0.307681417,0.729150233,0.,0.304470123,0.726842619,0.,               973P   1263
0.301061032,0.725666207,0.,0.29765194,0.724489796,0.,                973P   1264
0.294176061,0.724489796,0.,0.,1.,0.,0.,1.;                           973P   1265
124,-6.12303176911189E-017,4.27569270827966E-031,1.,7.5,             975P   1266
-6.98296672221876E-015,-1.,0.,64.0000000000002,1.,                   975P   1267
-6.98296672221876E-015,6.12303176911189E-017,-7.49999999999978;      975P   1268
100,19.5,27.,32.,28.5,32.,25.5,32.;                                  977P   1269
126,32,2,1,0,1,0,0.,0.,0.,0.0625,0.0625,0.125,0.125,0.1875,          979P   1270
0.1875,0.25,0.25,0.3125,0.3125,0.375,0.375,0.4375,0.4375,0.5,        979P   1271
0.5,0.5625,0.5625,0.625,0.625,0.6875,0.6875,0.75,0.75,0.8125,        979P   1272
0.8125,0.875,0.875,0.9375,0.9375,1.,1.,1.,1.,1.,1.,1.,1.,1.,1.,      979P   1273
1.,1.,1.,1.,1.,1.,1.,1.,1.,1.,1.,1.,1.,1.,1.,1.,1.,1.,1.,1.,1.,      979P   1274
1.,1.,1.,1.,1.,0.294176061,0.724489796,0.,0.290700181,               979P   1275
0.724489796,0.,0.28729109,0.725666207,0.,0.283881998,                979P   1276
0.726842619,0.,0.280670704,0.729150233,0.,0.27745941,                979P   1277
0.731457847,0.,0.274569322,0.734807983,0.,0.271679234,               979P   1278
0.738158119,0.,0.269221416,0.742422034,0.,0.266763598,               979P   1279
0.746685948,0.,0.264832503,0.751699782,0.,0.262901408,               979P   1280
0.756713615,0.,0.261571246,0.762284688,0.,0.260241085,               979P   1281
0.767855761,0.,0.259562974,0.77376998,0.,0.258884864,0.7796842,      979P   1282
0.,0.258884864,0.785714286,0.,0.258884864,0.791744372,0.,            979P   1283
0.259562974,0.797658591,0.,0.260241085,0.803572811,0.,               979P   1284
0.261571246,0.809143884,0.,0.262901408,0.814714957,0.,               979P   1285
0.264832503,0.81972879,0.,0.266763598,0.824742623,0.,                979P   1286
0.269221416,0.829006538,0.,0.271679234,0.833270452,0.,               979P   1287
0.274569322,0.836620589,0.,0.27745941,0.839970725,0.,                979P   1288
0.280670704,0.842278339,0.,0.283881998,0.844585953,0.,               979P   1289
0.28729109,0.845762364,0.,0.290700181,0.846938776,0.,                979P   1290
0.294176061,0.846938776,0.,0.,1.,0.,0.,1.;                           979P   1291
124,6.12303176911189E-017,0.,1.,7.5,0.,1.,0.,0.,-1.,0.,              981P   1292
6.12303176911189E-017,46.5;                                          981P   1293
100,19.5,27.,32.,28.5,32.,25.5,32.;                                  983P   1294
102,2,973,979;                                                       985P   1295
102,2,977,983;                                                       987P   1296
142,1,913,985,987,1;                                                 989P   1297
126,32,2,1,0,1,0,0.,0.,0.,0.0625,0.0625,0.125,0.125,0.1875,          991P   1298
0.1875,0.25,0.25,0.3125,0.3125,0.375,0.375,0.4375,0.4375,0.5,        991P   1299
0.5,0.5625,0.5625,0.625,0.625,0.6875,0.6875,0.75,0.75,0.8125,        991P   1300
0.8125,0.875,0.875,0.9375,0.9375,1.,1.,1.,1.,1.,1.,1.,1.,1.,1.,      991P   1301
1.,1.,1.,1.,1.,1.,1.,1.,1.,1.,1.,1.,1.,1.,1.,1.,1.,1.,1.,1.,1.,      991P   1302
1.,1.,1.,1.,1.,0.294176061,0.275510204,0.,0.29765194,                991P   1303
0.275510204,0.,0.301061032,0.274333793,0.,0.304470123,               991P   1304
0.273157381,0.,0.307681417,0.270849767,0.,0.310892711,               991P   1305
0.268542153,0.,0.313782799,0.265192017,0.,0.316672887,               991P   1306
0.261841881,0.,0.319130705,0.257577966,0.,0.321588523,               991P   1307
0.253314052,0.,0.323519619,0.248300218,0.,0.325450714,               991P   1308
0.243286385,0.,0.326780875,0.237715312,0.,0.328111037,               991P   1309
0.232144239,0.,0.328789147,0.22623002,0.,0.329467258,0.2203158,      991P   1310
0.,0.329467258,0.214285714,0.,0.329467258,0.208255628,0.,            991P   1311
0.328789147,0.202341409,0.,0.328111037,0.196427189,0.,               991P   1312
0.326780875,0.190856116,0.,0.325450714,0.185285043,0.,               991P   1313
0.323519619,0.18027121,0.,0.321588523,0.175257377,0.,                991P   1314
0.319130705,0.170993462,0.,0.316672887,0.166729548,0.,               991P   1315
0.313782799,0.163379411,0.,0.310892711,0.160029275,0.,               991P   1316
0.307681417,0.157721661,0.,0.304470123,0.155414047,0.,               991P   1317
0.301061032,0.154237636,0.,0.29765194,0.153061224,0.,                991P   1318
0.294176061,0.153061224,0.,0.,1.,0.,0.,1.;                           991P   1319
124,-6.12303176911189E-017,4.27569270827966E-031,1.,21.5,            993P   1320
-6.98296672221876E-015,-1.,0.,64.0000000000002,1.,                   993P   1321
-6.98296672221876E-015,6.12303176911189E-017,-21.4999999999998;      993P   1322
100,5.5,27.,32.,28.5,32.,25.5,32.;                                   995P   1323
126,32,2,1,0,1,0,0.,0.,0.,0.0625,0.0625,0.125,0.125,0.1875,          997P   1324
0.1875,0.25,0.25,0.3125,0.3125,0.375,0.375,0.4375,0.4375,0.5,        997P   1325
0.5,0.5625,0.5625,0.625,0.625,0.6875,0.6875,0.75,0.75,0.8125,        997P   1326
0.8125,0.875,0.875,0.9375,0.9375,1.,1.,1.,1.,1.,1.,1.,1.,1.,1.,      997P   1327
1.,1.,1.,1.,1.,1.,1.,1.,1.,1.,1.,1.,1.,1.,1.,1.,1.,1.,1.,1.,1.,      997P   1328
1.,1.,1.,1.,1.,0.294176061,0.153061224,0.,0.290700181,               997P   1329
0.153061224,0.,0.28729109,0.154237636,0.,0.283881998,                997P   1330
0.155414047,0.,0.280670704,0.157721661,0.,0.27745941,                997P   1331
0.160029275,0.,0.274569322,0.163379411,0.,0.271679234,               997P   1332
0.166729548,0.,0.269221416,0.170993462,0.,0.266763598,               997P   1333
0.175257377,0.,0.264832503,0.18027121,0.,0.262901408,                997P   1334
0.185285043,0.,0.261571246,0.190856116,0.,0.260241085,               997P   1335
0.196427189,0.,0.259562974,0.202341409,0.,0.258884864,               997P   1336
0.208255628,0.,0.258884864,0.214285714,0.,0.258884864,               997P   1337
0.2203158,0.,0.259562974,0.22623002,0.,0.260241085,0.232144239,      997P   1338
0.,0.261571246,0.237715312,0.,0.262901408,0.243286385,0.,            997P   1339
0.264832503,0.248300218,0.,0.266763598,0.253314052,0.,               997P   1340
0.269221416,0.257577966,0.,0.271679234,0.261841881,0.,               997P   1341
0.274569322,0.265192017,0.,0.27745941,0.268542153,0.,                997P   1342
0.280670704,0.270849767,0.,0.283881998,0.273157381,0.,               997P   1343
0.28729109,0.274333793,0.,0.290700181,0.275510204,0.,                997P   1344
0.294176061,0.275510204,0.,0.,1.,0.,0.,1.;                           997P   1345
124,6.12303176911189E-017,0.,1.,21.5,0.,1.,0.,0.,-1.,0.,             999P   1346
6.12303176911189E-017,32.5;                                          999P   1347
100,5.5,27.,32.,28.5,32.,25.5,32.;                                  1001P   1348
102,2,991,997;                                                      1003P   1349
102,2,995,1001;                                                     1005P   1350
142,1,913,1003,1005,1;                                              1007P   1351
126,32,2,1,0,1,0,0.,0.,0.,0.0625,0.0625,0.125,0.125,0.1875,         1009P   1352
0.1875,0.25,0.25,0.3125,0.3125,0.375,0.375,0.4375,0.4375,0.5,       1009P   1353
0.5,0.5625,0.5625,0.625,0.625,0.6875,0.6875,0.75,0.75,0.8125,       1009P   1354
0.8125,0.875,0.875,0.9375,0.9375,1.,1.,1.,1.,1.,1.,1.,1.,1.,1.,     1009P   1355
1.,1.,1.,1.,1.,1.,1.,1.,1.,1.,1.,1.,1.,1.,1.,1.,1.,1.,1.,1.,1.,     1009P   1356
1.,1.,1.,1.,1.,0.458868313,0.56122449,0.,0.462344193,               1009P   1357
0.56122449,0.,0.465753284,0.560048078,0.,0.469162376,               1009P   1358
0.558871667,0.,0.47237367,0.556564053,0.,0.475584964,               1009P   1359
0.554256439,0.,0.478475052,0.550906303,0.,0.48136514,               1009P   1360
0.547556167,0.,0.483822958,0.543292252,0.,0.486280776,              1009P   1361
0.539028337,0.,0.488211871,0.534014504,0.,0.490142966,              1009P   1362
0.529000671,0.,0.491473128,0.523429598,0.,0.492803289,              1009P   1363
0.517858525,0.,0.4934814,0.511944305,0.,0.49415951,0.506030086,     1009P   1364
0.,0.49415951,0.5,0.,0.49415951,0.493969914,0.,0.4934814,           1009P   1365
0.488055695,0.,0.492803289,0.482141475,0.,0.491473128,              1009P   1366
0.476570402,0.,0.490142966,0.470999329,0.,0.488211871,              1009P   1367
0.465985496,0.,0.486280776,0.460971663,0.,0.483822958,              1009P   1368
0.456707748,0.,0.48136514,0.452443833,0.,0.478475052,               1009P   1369
0.449093697,0.,0.475584964,0.445743561,0.,0.47237367,               1009P   1370
0.443435947,0.,0.469162376,0.441128333,0.,0.465753284,              1009P   1371
0.439951922,0.,0.462344193,0.43877551,0.,0.458868313,               1009P   1372
0.43877551,0.,0.,1.,0.,0.,1.;                                       1009P   1373
124,-6.12303176911189E-017,4.27569270827966E-031,1.,14.5,           1011P   1374
-6.98296672221876E-015,-1.,0.,50.0000000000002,1.,                  1011P   1375
-6.98296672221876E-015,6.12303176911189E-017,-14.4999999999998;     1011P   1376
100,12.5,27.,25.,28.5,25.,25.5,25.;                                 1013P   1377
126,32,2,1,0,1,0,0.,0.,0.,0.0625,0.0625,0.125,0.125,0.1875,         1015P   1378
0.1875,0.25,0.25,0.3125,0.3125,0.375,0.375,0.4375,0.4375,0.5,       1015P   1379
0.5,0.5625,0.5625,0.625,0.625,0.6875,0.6875,0.75,0.75,0.8125,       1015P   1380
0.8125,0.875,0.875,0.9375,0.9375,1.,1.,1.,1.,1.,1.,1.,1.,1.,1.,     1015P   1381
1.,1.,1.,1.,1.,1.,1.,1.,1.,1.,1.,1.,1.,1.,1.,1.,1.,1.,1.,1.,1.,     1015P   1382
1.,1.,1.,1.,1.,0.458868313,0.43877551,0.,0.455392434,               1015P   1383
0.43877551,0.,0.451983342,0.439951922,0.,0.448574251,               1015P   1384
0.441128333,0.,0.445362957,0.443435947,0.,0.442151663,              1015P   1385
0.445743561,0.,0.439261575,0.449093697,0.,0.436371486,              1015P   1386
0.452443833,0.,0.433913669,0.456707748,0.,0.431455851,              1015P   1387
0.460971663,0.,0.429524755,0.465985496,0.,0.42759366,               1015P   1388
0.470999329,0.,0.426263499,0.476570402,0.,0.424933337,              1015P   1389
0.482141475,0.,0.424255227,0.488055695,0.,0.423577116,              1015P   1390
0.493969914,0.,0.423577116,0.5,0.,0.423577116,0.506030086,0.,       1015P   1391
0.424255227,0.511944305,0.,0.424933337,0.517858525,0.,              1015P   1392
0.426263499,0.523429598,0.,0.42759366,0.529000671,0.,               1015P   1393
0.429524755,0.534014504,0.,0.431455851,0.539028337,0.,              1015P   1394
0.433913669,0.543292252,0.,0.436371486,0.547556167,0.,              1015P   1395
0.439261575,0.550906303,0.,0.442151663,0.554256439,0.,              1015P   1396
0.445362957,0.556564053,0.,0.448574251,0.558871667,0.,              1015P   1397
0.451983342,0.560048078,0.,0.455392434,0.56122449,0.,               1015P   1398
0.458868313,0.56122449,0.,0.,1.,0.,0.,1.;                           1015P   1399
124,6.12303176911189E-017,0.,1.,14.5,0.,1.,0.,0.,-1.,0.,            1017P   1400
6.12303176911189E-017,39.5;                                         1017P   1401
100,12.5,27.,25.,28.5,25.,25.5,25.;                                 1019P   1402
102,2,1009,1015;                                                    1021P   1403
102,2,1013,1019;                                                    1023P   1404
142,1,913,1021,1023,1;                                              1025P   1405
126,32,2,1,0,1,0,0.,0.,0.,0.0625,0.0625,0.125,0.125,0.1875,         1027P   1406
0.1875,0.25,0.25,0.3125,0.3125,0.375,0.375,0.4375,0.4375,0.5,       1027P   1407
0.5,0.5625,0.5625,0.625,0.625,0.6875,0.6875,0.75,0.75,0.8125,       1027P   1408
0.8125,0.875,0.875,0.9375,0.9375,1.,1.,1.,1.,1.,1.,1.,1.,1.,1.,     1027P   1409
1.,1.,1.,1.,1.,1.,1.,1.,1.,1.,1.,1.,1.,1.,1.,1.,1.,1.,1.,1.,1.,     1027P   1410
1.,1.,1.,1.,1.,0.294176061,0.663265306,0.,0.303445073,              1027P   1411
0.663265306,0.,0.312535983,0.660128209,0.,0.321626894,              1027P   1412
0.656991112,0.,0.330190344,0.650837475,0.,0.338753795,              1027P   1413
0.644683837,0.,0.346460697,0.635750141,0.,0.354167599,              1027P   1414
0.626816444,0.,0.36072178,0.615446005,0.,0.367275961,               1027P   1415
0.604075566,0.,0.372425548,0.590705344,0.,0.377575135,              1027P   1416
0.577335122,0.,0.381122233,0.562478928,0.,0.38466933,               1027P   1417
0.547622733,0.,0.386477625,0.531851481,0.,0.388285919,              1027P   1418
0.516080229,0.,0.388285919,0.5,0.,0.388285919,0.483919771,0.,       1027P   1419
0.386477625,0.468148519,0.,0.38466933,0.452377267,0.,               1027P   1420
0.381122233,0.437521072,0.,0.377575135,0.422664878,0.,              1027P   1421
0.372425548,0.409294656,0.,0.367275961,0.395924434,0.,              1027P   1422
0.36072178,0.384553995,0.,0.354167599,0.373183556,0.,               1027P   1423
0.346460697,0.364249859,0.,0.338753795,0.355316163,0.,              1027P   1424
0.330190344,0.349162525,0.,0.321626894,0.343008888,0.,              1027P   1425
0.312535983,0.339871791,0.,0.303445073,0.336734694,0.,              1027P   1426
0.294176061,0.336734694,0.,0.,1.,0.,0.,1.;                          1027P   1427
124,-6.12303176911189E-017,4.27569270827966E-031,1.,14.5,           1029P   1428
-6.98296672221876E-015,-1.,0.,64.0000000000002,1.,                  1029P   1429
-6.98296672221876E-015,6.12303176911189E-017,-14.4999999999998;     1029P   1430
100,12.5,27.,32.,31.,32.,23.,32.;                                   1031P   1431
126,32,2,1,0,1,0,0.,0.,0.,0.0625,0.0625,0.125,0.125,0.1875,         1033P   1432
0.1875,0.25,0.25,0.3125,0.3125,0.375,0.375,0.4375,0.4375,0.5,       1033P   1433
0.5,0.5625,0.5625,0.625,0.625,0.6875,0.6875,0.75,0.75,0.8125,       1033P   1434
0.8125,0.875,0.875,0.9375,0.9375,1.,1.,1.,1.,1.,1.,1.,1.,1.,1.,     1033P   1435
1.,1.,1.,1.,1.,1.,1.,1.,1.,1.,1.,1.,1.,1.,1.,1.,1.,1.,1.,1.,1.,     1033P   1436
1.,1.,1.,1.,1.,0.294176061,0.336734694,0.,0.284907049,              1033P   1437
0.336734694,0.,0.275816138,0.339871791,0.,0.266725228,              1033P   1438
0.343008888,0.,0.258161777,0.349162525,0.,0.249598326,              1033P   1439
0.355316163,0.,0.241891425,0.364249859,0.,0.234184523,              1033P   1440
0.373183556,0.,0.227630342,0.384553995,0.,0.22107616,               1033P   1441
0.395924434,0.,0.215926573,0.409294656,0.,0.210776986,              1033P   1442
0.422664878,0.,0.207229889,0.437521072,0.,0.203682791,              1033P   1443
0.452377267,0.,0.201874497,0.468148519,0.,0.200066202,              1033P   1444
0.483919771,0.,0.200066202,0.5,0.,0.200066202,0.516080229,0.,       1033P   1445
0.201874497,0.531851481,0.,0.203682791,0.547622733,0.,              1033P   1446
0.207229889,0.562478928,0.,0.210776986,0.577335122,0.,              1033P   1447
0.215926573,0.590705344,0.,0.22107616,0.604075566,0.,               1033P   1448
0.227630342,0.615446005,0.,0.234184523,0.626816444,0.,              1033P   1449
0.241891425,0.635750141,0.,0.249598326,0.644683837,0.,              1033P   1450
0.258161777,0.650837475,0.,0.266725228,0.656991112,0.,              1033P   1451
0.275816138,0.660128209,0.,0.284907049,0.663265306,0.,              1033P   1452
0.294176061,0.663265306,0.,0.,1.,0.,0.,1.;                          1033P   1453
124,6.12303176911189E-017,0.,1.,14.5,0.,1.,0.,0.,-1.,0.,            1035P   1454
6.12303176911189E-017,39.5;                                         1035P   1455
100,12.5,27.,32.,31.,32.,23.,32.;                                   1037P   1456
102,2,1027,1033;                                                    1039P   1457
102,2,1031,1037;                                                    1041P   1458
142,1,913,1039,1041,1;                                              1043P   1459
144,913,1,6,935,953,971,989,1007,1025,1043;                         1045P   1460
128,1,1,1,1,0,0,1,0,0,0.,0.,1.,1.,0.,0.,1.,1.,1.,1.,1.,1.,24.,      1047P   1461
2.,0.25,-24.,2.,0.25,24.,2.,24.75,-24.,2.,24.75,0.,1.,0.,1.;        1047P   1462
126,1,1,1,0,1,0,0.,0.,1.,1.,1.,1.,1.,0.,0.,1.,1.,0.,0.,1.,0.,       1049P   1463
0.,1.;                                                              1049P   1464
110,-24.,2.,0.25,-24.,2.,24.75;                                     1051P   1465
126,1,1,1,0,1,0,0.,0.,1.,1.,1.,1.,1.,1.,0.,0.,1.,0.,0.,1.,0.,       1053P   1466
0.,1.;                                                              1053P   1467
110,-24.,2.,24.75,24.,2.,24.75;                                     1055P   1468
126,1,1,1,0,1,0,0.,0.,1.,1.,1.,1.,0.,1.,0.,0.,0.,0.,0.,1.,0.,       1057P   1469
0.,1.;                                                              1057P   1470
110,24.,2.,24.75,24.,2.,0.25;                                       1059P   1471
126,1,1,1,0,1,0,0.,0.,1.,1.,1.,1.,0.,0.,0.,1.,0.,0.,0.,1.,0.,       1061P   1472
0.,1.;                                                              1061P   1473
110,24.,2.,0.25,-24.,2.,0.25;                                       1063P   1474
102,4,1049,1053,1057,1061;                                          1065P   1475
102,4,1051,1055,1059,1063;                                          1067P   1476
142,1,1047,1065,1067,1;                                             1069P   1477
126,32,2,1,0,1,0,0.,0.,0.,0.0625,0.0625,0.125,0.125,0.1875,         1071P   1478
0.1875,0.25,0.25,0.3125,0.3125,0.375,0.375,0.4375,0.4375,0.5,       1071P   1479
0.5,0.5625,0.5625,0.625,0.625,0.6875,0.6875,0.75,0.75,0.8125,       1071P   1480
0.8125,0.875,0.875,0.9375,0.9375,1.,1.,1.,1.,1.,1.,1.,1.,1.,1.,     1071P   1481
1.,1.,1.,1.,1.,1.,1.,1.,1.,1.,1.,1.,1.,1.,1.,1.,1.,1.,1.,1.,1.,     1071P   1482
1.,1.,1.,1.,1.,0.083333333,0.43877551,0.,0.080255477,               1071P   1483
0.43877551,0.,0.077236761,0.439951922,0.,0.074218045,               1071P   1484
0.441128333,0.,0.071374476,0.443435947,0.,0.068530908,              1071P   1485
0.445743561,0.,0.065971764,0.449093697,0.,0.06341262,               1071P   1486
0.452443833,0.,0.061236246,0.456707748,0.,0.059059873,              1071P   1487
0.460971663,0.,0.057349908,0.465985496,0.,0.055639943,              1071P   1488
0.470999329,0.,0.054462098,0.476570402,0.,0.053284253,              1071P   1489
0.482141475,0.,0.052683793,0.488055695,0.,0.052083333,              1071P   1490
0.493969914,0.,0.052083333,0.5,0.,0.052083333,0.506030086,0.,       1071P   1491
0.052683793,0.511944305,0.,0.053284253,0.517858525,0.,              1071P   1492
0.054462098,0.523429598,0.,0.055639943,0.529000671,0.,              1071P   1493
0.057349908,0.534014504,0.,0.059059873,0.539028337,0.,              1071P   1494
0.061236246,0.543292252,0.,0.06341262,0.547556167,0.,               1071P   1495
0.065971764,0.550906303,0.,0.068530908,0.554256439,0.,              1071P   1496
0.071374476,0.556564053,0.,0.074218045,0.558871667,0.,              1071P   1497
0.077236761,0.560048078,0.,0.080255477,0.56122449,0.,               1071P   1498
0.083333333,0.56122449,0.,0.,1.,0.,0.,1.;                           1071P   1499
124,1.40271637621286E-014,1.,0.,17.9999999999997,                   1073P   1500
-6.12303176911189E-017,8.58887693460487E-031,-1.,14.5,-1.,          1073P   1501
1.40271637621286E-014,6.12303176911189E-017,32.5;                   1073P   1502
100,12.5,20.,2.,21.5,2.,18.5,2.;                                    1075P   1503
126,32,2,1,0,1,0,0.,0.,0.,0.0625,0.0625,0.125,0.125,0.1875,         1077P   1504
0.1875,0.25,0.25,0.3125,0.3125,0.375,0.375,0.4375,0.4375,0.5,       1077P   1505
0.5,0.5625,0.5625,0.625,0.625,0.6875,0.6875,0.75,0.75,0.8125,       1077P   1506
0.8125,0.875,0.875,0.9375,0.9375,1.,1.,1.,1.,1.,1.,1.,1.,1.,1.,     1077P   1507
1.,1.,1.,1.,1.,1.,1.,1.,1.,1.,1.,1.,1.,1.,1.,1.,1.,1.,1.,1.,1.,     1077P   1508
1.,1.,1.,1.,1.,0.083333333,0.56122449,0.,0.08641119,0.56122449,     1077P   1509
0.,0.089429906,0.560048078,0.,0.092448622,0.558871667,0.,           1077P   1510
0.095292191,0.556564053,0.,0.098135759,0.554256439,0.,              1077P   1511
0.100694903,0.550906303,0.,0.103254047,0.547556167,0.,              1077P   1512
0.10543042,0.543292252,0.,0.107606793,0.539028337,0.,               1077P   1513
0.109316759,0.534014504,0.,0.111026724,0.529000671,0.,              1077P   1514
0.112204569,0.523429598,0.,0.113382413,0.517858525,0.,              1077P   1515
0.113982873,0.511944305,0.,0.114583333,0.506030086,0.,              1077P   1516
0.114583333,0.5,0.,0.114583333,0.493969914,0.,0.113982873,          1077P   1517
0.488055695,0.,0.113382413,0.482141475,0.,0.112204569,              1077P   1518
0.476570402,0.,0.111026724,0.470999329,0.,0.109316759,              1077P   1519
0.465985496,0.,0.107606793,0.460971663,0.,0.10543042,               1077P   1520
0.456707748,0.,0.103254047,0.452443833,0.,0.100694903,              1077P   1521
0.449093697,0.,0.098135759,0.445743561,0.,0.095292191,              1077P   1522
0.443435947,0.,0.092448622,0.441128333,0.,0.089429906,              1077P   1523
0.439951922,0.,0.08641119,0.43877551,0.,0.083333333,0.43877551,     1077P   1524
0.,0.,1.,0.,0.,1.;                                                  1077P   1525
124,6.12303176911189E-017,-1.,0.,22.,6.12303176911189E-017,         1079P   1526
3.74915180455534E-033,-1.,14.5,1.,6.12303176911189E-017,            1079P   1527
6.12303176911189E-017,-7.5;                                         1079P   1528
100,12.5,20.,2.,21.5,2.,18.5,2.;                                    1081P   1529
102,2,1071,1077;                                                    1083P   1530
102,2,1075,1081;                                                    1085P   1531
142,1,1047,1083,1085,1;                                             1087P   1532
126,32,2,1,0,1,0,0.,0.,0.,0.0625,0.0625,0.125,0.125,0.1875,         1089P   1533
0.1875,0.25,0.25,0.3125,0.3125,0.375,0.375,0.4375,0.4375,0.5,       1089P   1534
0.5,0.5625,0.5625,0.625,0.625,0.6875,0.6875,0.75,0.75,0.8125,       1089P   1535
0.8125,0.875,0.875,0.9375,0.9375,1.,1.,1.,1.,1.,1.,1.,1.,1.,1.,     1089P   1536
1.,1.,1.,1.,1.,1.,1.,1.,1.,1.,1.,1.,1.,1.,1.,1.,1.,1.,1.,1.,1.,     1089P   1537
1.,1.,1.,1.,1.,0.916666667,0.43877551,0.,0.91358881,0.43877551,     1089P   1538
0.,0.910570094,0.439951922,0.,0.907551378,0.441128333,0.,           1089P   1539
0.904707809,0.443435947,0.,0.901864241,0.445743561,0.,              1089P   1540
0.899305097,0.449093697,0.,0.896745953,0.452443833,0.,              1089P   1541
0.89456958,0.456707748,0.,0.892393207,0.460971663,0.,               1089P   1542
0.890683241,0.465985496,0.,0.888973276,0.470999329,0.,              1089P   1543
0.887795431,0.476570402,0.,0.886617587,0.482141475,0.,              1089P   1544
0.886017127,0.488055695,0.,0.885416667,0.493969914,0.,              1089P   1545
0.885416667,0.5,0.,0.885416667,0.506030086,0.,0.886017127,          1089P   1546
0.511944305,0.,0.886617587,0.517858525,0.,0.887795431,              1089P   1547
0.523429598,0.,0.888973276,0.529000671,0.,0.890683241,              1089P   1548
0.534014504,0.,0.892393207,0.539028337,0.,0.89456958,               1089P   1549
0.543292252,0.,0.896745953,0.547556167,0.,0.899305097,              1089P   1550
0.550906303,0.,0.901864241,0.554256439,0.,0.904707809,              1089P   1551
0.556564053,0.,0.907551378,0.558871667,0.,0.910570094,              1089P   1552
0.560048078,0.,0.91358881,0.56122449,0.,0.916666667,0.56122449,     1089P   1553
0.,0.,1.,0.,0.,1.;                                                  1089P   1554
124,1.40271637621286E-014,1.,0.,-21.9999999999997,                  1091P   1555
-6.12303176911189E-017,8.58887693460487E-031,-1.,14.5,-1.,          1091P   1556
1.40271637621286E-014,6.12303176911189E-017,-7.50000000000003;      1091P   1557
100,12.5,-20.,2.,-18.5,2.,-21.5,2.;                                 1093P   1558
126,32,2,1,0,1,0,0.,0.,0.,0.0625,0.0625,0.125,0.125,0.1875,         1095P   1559
0.1875,0.25,0.25,0.3125,0.3125,0.375,0.375,0.4375,0.4375,0.5,       1095P   1560
0.5,0.5625,0.5625,0.625,0.625,0.6875,0.6875,0.75,0.75,0.8125,       1095P   1561
0.8125,0.875,0.875,0.9375,0.9375,1.,1.,1.,1.,1.,1.,1.,1.,1.,1.,     1095P   1562
1.,1.,1.,1.,1.,1.,1.,1.,1.,1.,1.,1.,1.,1.,1.,1.,1.,1.,1.,1.,1.,     1095P   1563
1.,1.,1.,1.,1.,0.916666667,0.56122449,0.,0.919744523,               1095P   1564
0.56122449,0.,0.922763239,0.560048078,0.,0.925781955,               1095P   1565
0.558871667,0.,0.928625524,0.556564053,0.,0.931469092,              1095P   1566
0.554256439,0.,0.934028236,0.550906303,0.,0.93658738,               1095P   1567
0.547556167,0.,0.938763754,0.543292252,0.,0.940940127,              1095P   1568
0.539028337,0.,0.942650092,0.534014504,0.,0.944360057,              1095P   1569
0.529000671,0.,0.945537902,0.523429598,0.,0.946715747,              1095P   1570
0.517858525,0.,0.947316207,0.511944305,0.,0.947916667,              1095P   1571
0.506030086,0.,0.947916667,0.5,0.,0.947916667,0.493969914,0.,       1095P   1572
0.947316207,0.488055695,0.,0.946715747,0.482141475,0.,              1095P   1573
0.945537902,0.476570402,0.,0.944360057,0.470999329,0.,              1095P   1574
0.942650092,0.465985496,0.,0.940940127,0.460971663,0.,              1095P   1575
0.938763754,0.456707748,0.,0.93658738,0.452443833,0.,               1095P   1576
0.934028236,0.449093697,0.,0.931469092,0.445743561,0.,              1095P   1577
0.928625524,0.443435947,0.,0.925781955,0.441128333,0.,              1095P   1578
0.922763239,0.439951922,0.,0.919744523,0.43877551,0.,               1095P   1579
0.916666667,0.43877551,0.,0.,1.,0.,0.,1.;                           1095P   1580
124,6.12303176911189E-017,-1.,0.,-18.,6.12303176911189E-017,        1097P   1581
3.74915180455534E-033,-1.,14.5,1.,6.12303176911189E-017,            1097P   1582
6.12303176911189E-017,32.5;                                         1097P   1583
100,12.5,-20.,2.,-18.5,2.,-21.5,2.;                                 1099P   1584
102,2,1089,1095;                                                    1101P   1585
102,2,1093,1099;                                                    1103P   1586
142,1,1047,1101,1103,1;                                             1105P   1587
126,32,2,1,0,1,0,0.,0.,0.,0.0625,0.0625,0.125,0.125,0.1875,         1107P   1588
0.1875,0.25,0.25,0.3125,0.3125,0.375,0.375,0.4375,0.4375,0.5,       1107P   1589
0.5,0.5625,0.5625,0.625,0.625,0.6875,0.6875,0.75,0.75,0.8125,       1107P   1590
0.8125,0.875,0.875,0.9375,0.9375,1.,1.,1.,1.,1.,1.,1.,1.,1.,1.,     1107P   1591
1.,1.,1.,1.,1.,1.,1.,1.,1.,1.,1.,1.,1.,1.,1.,1.,1.,1.,1.,1.,1.,     1107P   1592
1.,1.,1.,1.,1.,0.354166667,0.43877551,0.,0.35108881,0.43877551,     1107P   1593
0.,0.348070094,0.439951922,0.,0.345051378,0.441128333,0.,           1107P   1594
0.342207809,0.443435947,0.,0.339364241,0.445743561,0.,              1107P   1595
0.336805097,0.449093697,0.,0.334245953,0.452443833,0.,              1107P   1596
0.33206958,0.456707748,0.,0.329893207,0.460971663,0.,               1107P   1597
0.328183241,0.465985496,0.,0.326473276,0.470999329,0.,              1107P   1598
0.325295431,0.476570402,0.,0.324117587,0.482141475,0.,              1107P   1599
0.323517127,0.488055695,0.,0.322916667,0.493969914,0.,              1107P   1600
0.322916667,0.5,0.,0.322916667,0.506030086,0.,0.323517127,          1107P   1601
0.511944305,0.,0.324117587,0.517858525,0.,0.325295431,              1107P   1602
0.523429598,0.,0.326473276,0.529000671,0.,0.328183241,              1107P   1603
0.534014504,0.,0.329893207,0.539028337,0.,0.33206958,               1107P   1604
0.543292252,0.,0.334245953,0.547556167,0.,0.336805097,              1107P   1605
0.550906303,0.,0.339364241,0.554256439,0.,0.342207809,              1107P   1606
0.556564053,0.,0.345051378,0.558871667,0.,0.348070094,              1107P   1607
0.560048078,0.,0.35108881,0.56122449,0.,0.354166667,0.56122449,     1107P   1608
0.,0.,1.,0.,0.,1.;                                                  1107P   1609
124,1.40271637621286E-014,1.,0.,4.9999999999999,                    1109P   1610
-6.12303176911189E-017,8.58887693460487E-031,-1.,14.5,-1.,          1109P   1611
1.40271637621286E-014,6.12303176911189E-017,19.5;                   1109P   1612
100,12.5,7.,2.,8.5,2.,5.5,2.;                                       1111P   1613
126,32,2,1,0,1,0,0.,0.,0.,0.0625,0.0625,0.125,0.125,0.1875,         1113P   1614
0.1875,0.25,0.25,0.3125,0.3125,0.375,0.375,0.4375,0.4375,0.5,       1113P   1615
0.5,0.5625,0.5625,0.625,0.625,0.6875,0.6875,0.75,0.75,0.8125,       1113P   1616
0.8125,0.875,0.875,0.9375,0.9375,1.,1.,1.,1.,1.,1.,1.,1.,1.,1.,     1113P   1617
1.,1.,1.,1.,1.,1.,1.,1.,1.,1.,1.,1.,1.,1.,1.,1.,1.,1.,1.,1.,1.,     1113P   1618
1.,1.,1.,1.,1.,0.354166667,0.56122449,0.,0.357244523,               1113P   1619
0.56122449,0.,0.360263239,0.560048078,0.,0.363281955,               1113P   1620
0.558871667,0.,0.366125524,0.556564053,0.,0.368969092,              1113P   1621
0.554256439,0.,0.371528236,0.550906303,0.,0.37408738,               1113P   1622
0.547556167,0.,0.376263754,0.543292252,0.,0.378440127,              1113P   1623
0.539028337,0.,0.380150092,0.534014504,0.,0.381860057,              1113P   1624
0.529000671,0.,0.383037902,0.523429598,0.,0.384215747,              1113P   1625
0.517858525,0.,0.384816207,0.511944305,0.,0.385416667,              1113P   1626
0.506030086,0.,0.385416667,0.5,0.,0.385416667,0.493969914,0.,       1113P   1627
0.384816207,0.488055695,0.,0.384215747,0.482141475,0.,              1113P   1628
0.383037902,0.476570402,0.,0.381860057,0.470999329,0.,              1113P   1629
0.380150092,0.465985496,0.,0.378440127,0.460971663,0.,              1113P   1630
0.376263754,0.456707748,0.,0.37408738,0.452443833,0.,               1113P   1631
0.371528236,0.449093697,0.,0.368969092,0.445743561,0.,              1113P   1632
0.366125524,0.443435947,0.,0.363281955,0.441128333,0.,              1113P   1633
0.360263239,0.439951922,0.,0.357244523,0.43877551,0.,               1113P   1634
0.354166667,0.43877551,0.,0.,1.,0.,0.,1.;                           1113P   1635
124,6.12303176911189E-017,-1.,0.,9.,6.12303176911189E-017,          1115P   1636
3.74915180455534E-033,-1.,14.5,1.,6.12303176911189E-017,            1115P   1637
6.12303176911189E-017,5.5;                                          1115P   1638
100,12.5,7.,2.,8.5,2.,5.5,2.;                                       1117P   1639
102,2,1107,1113;                                                    1119P   1640
102,2,1111,1117;                                                    1121P   1641
142,1,1047,1119,1121,1;                                             1123P   1642
126,32,2,1,0,1,0,0.,0.,0.,0.0625,0.0625,0.125,0.125,0.1875,         1125P   1643
0.1875,0.25,0.25,0.3125,0.3125,0.375,0.375,0.4375,0.4375,0.5,       1125P   1644
0.5,0.5625,0.5625,0.625,0.625,0.6875,0.6875,0.75,0.75,0.8125,       1125P   1645
0.8125,0.875,0.875,0.9375,0.9375,1.,1.,1.,1.,1.,1.,1.,1.,1.,1.,     1125P   1646
1.,1.,1.,1.,1.,1.,1.,1.,1.,1.,1.,1.,1.,1.,1.,1.,1.,1.,1.,1.,1.,     1125P   1647
1.,1.,1.,1.,1.,0.5,0.724489796,0.,0.496922144,0.724489796,0.,       1125P   1648
0.493903427,0.725666207,0.,0.490884711,0.726842619,0.,              1125P   1649
0.488041143,0.729150233,0.,0.485197574,0.731457847,0.,              1125P   1650
0.48263843,0.734807983,0.,0.480079286,0.738158119,0.,               1125P   1651
0.477902913,0.742422034,0.,0.47572654,0.746685948,0.,               1125P   1652
0.474016575,0.751699782,0.,0.472306609,0.756713615,0.,              1125P   1653
0.471128765,0.762284688,0.,0.46995092,0.767855761,0.,               1125P   1654
0.46935046,0.77376998,0.,0.46875,0.7796842,0.,0.46875,              1125P   1655
0.785714286,0.,0.46875,0.791744372,0.,0.46935046,0.797658591,       1125P   1656
0.,0.46995092,0.803572811,0.,0.471128765,0.809143884,0.,            1125P   1657
0.472306609,0.814714957,0.,0.474016575,0.81972879,0.,               1125P   1658
0.47572654,0.824742623,0.,0.477902913,0.829006538,0.,               1125P   1659
0.480079286,0.833270452,0.,0.48263843,0.836620589,0.,               1125P   1660
0.485197574,0.839970725,0.,0.488041143,0.842278339,0.,              1125P   1661
0.490884711,0.844585953,0.,0.493903427,0.845762364,0.,              1125P   1662
0.496922144,0.846938776,0.,0.5,0.846938776,0.,0.,1.,0.,0.,1.;       1125P   1663
124,1.40271637621286E-014,1.,0.,-2.,-6.12303176911189E-017,         1127P   1664
8.58887693460487E-031,-1.,21.5,-1.,1.40271637621286E-014,           1127P   1665
6.12303176911189E-017,19.5;                                         1127P   1666
100,19.5,0.,2.,1.5,2.,-1.5,2.;                                      1129P   1667
126,32,2,1,0,1,0,0.,0.,0.,0.0625,0.0625,0.125,0.125,0.1875,         1131P   1668
0.1875,0.25,0.25,0.3125,0.3125,0.375,0.375,0.4375,0.4375,0.5,       1131P   1669
0.5,0.5625,0.5625,0.625,0.625,0.6875,0.6875,0.75,0.75,0.8125,       1131P   1670
0.8125,0.875,0.875,0.9375,0.9375,1.,1.,1.,1.,1.,1.,1.,1.,1.,1.,     1131P   1671
1.,1.,1.,1.,1.,1.,1.,1.,1.,1.,1.,1.,1.,1.,1.,1.,1.,1.,1.,1.,1.,     1131P   1672
1.,1.,1.,1.,1.,0.5,0.846938776,0.,0.503077856,0.846938776,0.,       1131P   1673
0.506096573,0.845762364,0.,0.509115289,0.844585953,0.,              1131P   1674
0.511958857,0.842278339,0.,0.514802426,0.839970725,0.,              1131P   1675
0.51736157,0.836620589,0.,0.519920714,0.833270452,0.,               1131P   1676
0.522097087,0.829006538,0.,0.52427346,0.824742623,0.,               1131P   1677
0.525983425,0.81972879,0.,0.527693391,0.814714957,0.,               1131P   1678
0.528871235,0.809143884,0.,0.53004908,0.803572811,0.,               1131P   1679
0.53064954,0.797658591,0.,0.53125,0.791744372,0.,0.53125,           1131P   1680
0.785714286,0.,0.53125,0.7796842,0.,0.53064954,0.77376998,0.,       1131P   1681
0.53004908,0.767855761,0.,0.528871235,0.762284688,0.,               1131P   1682
0.527693391,0.756713615,0.,0.525983425,0.751699782,0.,              1131P   1683
0.52427346,0.746685948,0.,0.522097087,0.742422034,0.,               1131P   1684
0.519920714,0.738158119,0.,0.51736157,0.734807983,0.,               1131P   1685
0.514802426,0.731457847,0.,0.511958857,0.729150233,0.,              1131P   1686
0.509115289,0.726842619,0.,0.506096573,0.725666207,0.,              1131P   1687
0.503077856,0.724489796,0.,0.5,0.724489796,0.,0.,1.,0.,0.,1.;       1131P   1688
124,6.12303176911189E-017,-1.,0.,2.,6.12303176911189E-017,          1133P   1689
3.74915180455534E-033,-1.,21.5,1.,6.12303176911189E-017,            1133P   1690
6.12303176911189E-017,19.5;                                         1133P   1691
100,19.5,0.,2.,1.5,2.,-1.5,2.;                                      1135P   1692
102,2,1125,1131;                                                    1137P   1693
102,2,1129,1135;                                                    1139P   1694
142,1,1047,1137,1139,1;                                             1141P   1695
126,32,2,1,0,1,0,0.,0.,0.,0.0625,0.0625,0.125,0.125,0.1875,         1143P   1696
0.1875,0.25,0.25,0.3125,0.3125,0.375,0.375,0.4375,0.4375,0.5,       1143P   1697
0.5,0.5625,0.5625,0.625,0.625,0.6875,0.6875,0.75,0.75,0.8125,       1143P   1698
0.8125,0.875,0.875,0.9375,0.9375,1.,1.,1.,1.,1.,1.,1.,1.,1.,1.,     1143P   1699
1.,1.,1.,1.,1.,1.,1.,1.,1.,1.,1.,1.,1.,1.,1.,1.,1.,1.,1.,1.,1.,     1143P   1700
1.,1.,1.,1.,1.,0.5,0.153061224,0.,0.496922144,0.153061224,0.,       1143P   1701
0.493903427,0.154237636,0.,0.490884711,0.155414047,0.,              1143P   1702
0.488041143,0.157721661,0.,0.485197574,0.160029275,0.,              1143P   1703
0.48263843,0.163379411,0.,0.480079286,0.166729548,0.,               1143P   1704
0.477902913,0.170993462,0.,0.47572654,0.175257377,0.,               1143P   1705
0.474016575,0.18027121,0.,0.472306609,0.185285043,0.,               1143P   1706
0.471128765,0.190856116,0.,0.46995092,0.196427189,0.,               1143P   1707
0.46935046,0.202341409,0.,0.46875,0.208255628,0.,0.46875,           1143P   1708
0.214285714,0.,0.46875,0.2203158,0.,0.46935046,0.22623002,0.,       1143P   1709
0.46995092,0.232144239,0.,0.471128765,0.237715312,0.,               1143P   1710
0.472306609,0.243286385,0.,0.474016575,0.248300218,0.,              1143P   1711
0.47572654,0.253314052,0.,0.477902913,0.257577966,0.,               1143P   1712
0.480079286,0.261841881,0.,0.48263843,0.265192017,0.,               1143P   1713
0.485197574,0.268542153,0.,0.488041143,0.270849767,0.,              1143P   1714
0.490884711,0.273157381,0.,0.493903427,0.274333793,0.,              1143P   1715
0.496922144,0.275510204,0.,0.5,0.275510204,0.,0.,1.,0.,0.,1.;       1143P   1716
124,1.40271637621286E-014,1.,0.,-2.,-6.12303176911189E-017,         1145P   1717
8.58887693460487E-031,-1.,7.5,-1.,1.40271637621286E-014,            1145P   1718
6.12303176911189E-017,5.49999999999997;                             1145P   1719
100,5.5,0.,2.,1.5,2.,-1.5,2.;                                       1147P   1720
126,32,2,1,0,1,0,0.,0.,0.,0.0625,0.0625,0.125,0.125,0.1875,         1149P   1721
0.1875,0.25,0.25,0.3125,0.3125,0.375,0.375,0.4375,0.4375,0.5,       1149P   1722
0.5,0.5625,0.5625,0.625,0.625,0.6875,0.6875,0.75,0.75,0.8125,       1149P   1723
0.8125,0.875,0.875,0.9375,0.9375,1.,1.,1.,1.,1.,1.,1.,1.,1.,1.,     1149P   1724
1.,1.,1.,1.,1.,1.,1.,1.,1.,1.,1.,1.,1.,1.,1.,1.,1.,1.,1.,1.,1.,     1149P   1725
1.,1.,1.,1.,1.,0.5,0.275510204,0.,0.503077856,0.275510204,0.,       1149P   1726
0.506096573,0.274333793,0.,0.509115289,0.273157381,0.,              1149P   1727
0.511958857,0.270849767,0.,0.514802426,0.268542153,0.,              1149P   1728
0.51736157,0.265192017,0.,0.519920714,0.261841881,0.,               1149P   1729
0.522097087,0.257577966,0.,0.52427346,0.253314052,0.,               1149P   1730
0.525983425,0.248300218,0.,0.527693391,0.243286385,0.,              1149P   1731
0.528871235,0.237715312,0.,0.53004908,0.232144239,0.,               1149P   1732
0.53064954,0.22623002,0.,0.53125,0.2203158,0.,0.53125,              1149P   1733
0.214285714,0.,0.53125,0.208255628,0.,0.53064954,0.202341409,       1149P   1734
0.,0.53004908,0.196427189,0.,0.528871235,0.190856116,0.,            1149P   1735
0.527693391,0.185285043,0.,0.525983425,0.18027121,0.,               1149P   1736
0.52427346,0.175257377,0.,0.522097087,0.170993462,0.,               1149P   1737
0.519920714,0.166729548,0.,0.51736157,0.163379411,0.,               1149P   1738
0.514802426,0.160029275,0.,0.511958857,0.157721661,0.,              1149P   1739
0.509115289,0.155414047,0.,0.506096573,0.154237636,0.,              1149P   1740
0.503077856,0.153061224,0.,0.5,0.153061224,0.,0.,1.,0.,0.,1.;       1149P   1741
124,6.12303176911189E-017,-1.,0.,2.,6.12303176911189E-017,          1151P   1742
3.74915180455534E-033,-1.,7.5,1.,6.12303176911189E-017,             1151P   1743
6.12303176911189E-017,5.5;                                          1151P   1744
100,5.5,0.,2.,1.5,2.,-1.5,2.;                                       1153P   1745
102,2,1143,1149;                                                    1155P   1746
102,2,1147,1153;                                                    1157P   1747
142,1,1047,1155,1157,1;                                             1159P   1748
126,32,2,1,0,1,0,0.,0.,0.,0.0625,0.0625,0.125,0.125,0.1875,         1161P   1749
0.1875,0.25,0.25,0.3125,0.3125,0.375,0.375,0.4375,0.4375,0.5,       1161P   1750
0.5,0.5625,0.5625,0.625,0.625,0.6875,0.6875,0.75,0.75,0.8125,       1161P   1751
0.8125,0.875,0.875,0.9375,0.9375,1.,1.,1.,1.,1.,1.,1.,1.,1.,1.,     1161P   1752
1.,1.,1.,1.,1.,1.,1.,1.,1.,1.,1.,1.,1.,1.,1.,1.,1.,1.,1.,1.,1.,     1161P   1753
1.,1.,1.,1.,1.,0.645833333,0.43877551,0.,0.642755477,               1161P   1754
0.43877551,0.,0.639736761,0.439951922,0.,0.636718045,               1161P   1755
0.441128333,0.,0.633874476,0.443435947,0.,0.631030908,              1161P   1756
0.445743561,0.,0.628471764,0.449093697,0.,0.62591262,               1161P   1757
0.452443833,0.,0.623736246,0.456707748,0.,0.621559873,              1161P   1758
0.460971663,0.,0.619849908,0.465985496,0.,0.618139943,              1161P   1759
0.470999329,0.,0.616962098,0.476570402,0.,0.615784253,              1161P   1760
0.482141475,0.,0.615183793,0.488055695,0.,0.614583333,              1161P   1761
0.493969914,0.,0.614583333,0.5,0.,0.614583333,0.506030086,0.,       1161P   1762
0.615183793,0.511944305,0.,0.615784253,0.517858525,0.,              1161P   1763
0.616962098,0.523429598,0.,0.618139943,0.529000671,0.,              1161P   1764
0.619849908,0.534014504,0.,0.621559873,0.539028337,0.,              1161P   1765
0.623736246,0.543292252,0.,0.62591262,0.547556167,0.,               1161P   1766
0.628471764,0.550906303,0.,0.631030908,0.554256439,0.,              1161P   1767
0.633874476,0.556564053,0.,0.636718045,0.558871667,0.,              1161P   1768
0.639736761,0.560048078,0.,0.642755477,0.56122449,0.,               1161P   1769
0.645833333,0.56122449,0.,0.,1.,0.,0.,1.;                           1161P   1770
124,1.40271637621286E-014,1.,0.,-8.9999999999999,                   1163P   1771
-6.12303176911189E-017,8.58887693460487E-031,-1.,14.5,-1.,          1163P   1772
1.40271637621286E-014,6.12303176911189E-017,5.49999999999997;       1163P   1773
100,12.5,-7.,2.,-5.5,2.,-8.5,2.;                                    1165P   1774
126,32,2,1,0,1,0,0.,0.,0.,0.0625,0.0625,0.125,0.125,0.1875,         1167P   1775
0.1875,0.25,0.25,0.3125,0.3125,0.375,0.375,0.4375,0.4375,0.5,       1167P   1776
0.5,0.5625,0.5625,0.625,0.625,0.6875,0.6875,0.75,0.75,0.8125,       1167P   1777
0.8125,0.875,0.875,0.9375,0.9375,1.,1.,1.,1.,1.,1.,1.,1.,1.,1.,     1167P   1778
1.,1.,1.,1.,1.,1.,1.,1.,1.,1.,1.,1.,1.,1.,1.,1.,1.,1.,1.,1.,1.,     1167P   1779
1.,1.,1.,1.,1.,0.645833333,0.56122449,0.,0.64891119,0.56122449,     1167P   1780
0.,0.651929906,0.560048078,0.,0.654948622,0.558871667,0.,           1167P   1781
0.657792191,0.556564053,0.,0.660635759,0.554256439,0.,              1167P   1782
0.663194903,0.550906303,0.,0.665754047,0.547556167,0.,              1167P   1783
0.66793042,0.543292252,0.,0.670106793,0.539028337,0.,               1167P   1784
0.671816759,0.534014504,0.,0.673526724,0.529000671,0.,              1167P   1785
0.674704569,0.523429598,0.,0.675882413,0.517858525,0.,              1167P   1786
0.676482873,0.511944305,0.,0.677083333,0.506030086,0.,              1167P   1787
0.677083333,0.5,0.,0.677083333,0.493969914,0.,0.676482873,          1167P   1788
0.488055695,0.,0.675882413,0.482141475,0.,0.674704569,              1167P   1789
0.476570402,0.,0.673526724,0.470999329,0.,0.671816759,              1167P   1790
0.465985496,0.,0.670106793,0.460971663,0.,0.66793042,               1167P   1791
0.456707748,0.,0.665754047,0.452443833,0.,0.663194903,              1167P   1792
0.449093697,0.,0.660635759,0.445743561,0.,0.657792191,              1167P   1793
0.443435947,0.,0.654948622,0.441128333,0.,0.651929906,              1167P   1794
0.439951922,0.,0.64891119,0.43877551,0.,0.645833333,0.43877551,     1167P   1795
0.,0.,1.,0.,0.,1.;                                                  1167P   1796
124,6.12303176911189E-017,-1.,0.,-5.,6.12303176911189E-017,         1169P   1797
3.74915180455534E-033,-1.,14.5,1.,6.12303176911189E-017,            1169P   1798
6.12303176911189E-017,19.5;                                         1169P   1799
100,12.5,-7.,2.,-5.5,2.,-8.5,2.;                                    1171P   1800
102,2,1161,1167;                                                    1173P   1801
102,2,1165,1171;                                                    1175P   1802
142,1,1047,1173,1175,1;                                             1177P   1803
126,32,2,1,0,1,0,0.,0.,0.,0.0625,0.0625,0.125,0.125,0.1875,         1179P   1804
0.1875,0.25,0.25,0.3125,0.3125,0.375,0.375,0.4375,0.4375,0.5,       1179P   1805
0.5,0.5625,0.5625,0.625,0.625,0.6875,0.6875,0.75,0.75,0.8125,       1179P   1806
0.8125,0.875,0.875,0.9375,0.9375,1.,1.,1.,1.,1.,1.,1.,1.,1.,1.,     1179P   1807
1.,1.,1.,1.,1.,1.,1.,1.,1.,1.,1.,1.,1.,1.,1.,1.,1.,1.,1.,1.,1.,     1179P   1808
1.,1.,1.,1.,1.,0.5,0.336734694,0.,0.491792383,0.336734694,0.,       1179P   1809
0.483742473,0.339871791,0.,0.475692563,0.343008888,0.,              1179P   1810
0.468109714,0.349162525,0.,0.460526865,0.355316163,0.,              1179P   1811
0.453702481,0.364249859,0.,0.446878097,0.373183556,0.,              1179P   1812
0.441074435,0.384553995,0.,0.435270773,0.395924434,0.,              1179P   1813
0.430710866,0.409294656,0.,0.426150958,0.422664878,0.,              1179P   1814
0.423010039,0.437521072,0.,0.41986912,0.452377267,0.,               1179P   1815
0.418267893,0.468148519,0.,0.416666667,0.483919771,0.,              1179P   1816
0.416666667,0.5,0.,0.416666667,0.516080229,0.,0.418267893,          1179P   1817
0.531851481,0.,0.41986912,0.547622733,0.,0.423010039,               1179P   1818
0.562478928,0.,0.426150958,0.577335122,0.,0.430710866,              1179P   1819
0.590705344,0.,0.435270773,0.604075566,0.,0.441074435,              1179P   1820
0.615446005,0.,0.446878097,0.626816444,0.,0.453702481,              1179P   1821
0.635750141,0.,0.460526865,0.644683837,0.,0.468109714,              1179P   1822
0.650837475,0.,0.475692563,0.656991112,0.,0.483742473,              1179P   1823
0.660128209,0.,0.491792383,0.663265306,0.,0.5,0.663265306,0.,       1179P   1824
0.,1.,0.,0.,1.;                                                     1179P   1825
124,1.40271637621286E-014,1.,0.,-2.,-6.12303176911189E-017,         1181P   1826
8.58887693460487E-031,-1.,14.5,-1.,1.40271637621286E-014,           1181P   1827
6.12303176911189E-017,12.5;                                         1181P   1828
100,12.5,0.,2.,4.,2.,-4.,2.;                                        1183P   1829
126,32,2,1,0,1,0,0.,0.,0.,0.0625,0.0625,0.125,0.125,0.1875,         1185P   1830
0.1875,0.25,0.25,0.3125,0.3125,0.375,0.375,0.4375,0.4375,0.5,       1185P   1831
0.5,0.5625,0.5625,0.625,0.625,0.6875,0.6875,0.75,0.75,0.8125,       1185P   1832
0.8125,0.875,0.875,0.9375,0.9375,1.,1.,1.,1.,1.,1.,1.,1.,1.,1.,     1185P   1833
1.,1.,1.,1.,1.,1.,1.,1.,1.,1.,1.,1.,1.,1.,1.,1.,1.,1.,1.,1.,1.,     1185P   1834
1.,1.,1.,1.,1.,0.5,0.663265306,0.,0.508207617,0.663265306,0.,       1185P   1835
0.516257527,0.660128209,0.,0.524307437,0.656991112,0.,              1185P   1836
0.531890286,0.650837475,0.,0.539473135,0.644683837,0.,              1185P   1837
0.546297519,0.635750141,0.,0.553121903,0.626816444,0.,              1185P   1838
0.558925565,0.615446005,0.,0.564729227,0.604075566,0.,              1185P   1839
0.569289134,0.590705344,0.,0.573849042,0.577335122,0.,              1185P   1840
0.576989961,0.562478928,0.,0.58013088,0.547622733,0.,               1185P   1841
0.581732107,0.531851481,0.,0.583333333,0.516080229,0.,              1185P   1842
0.583333333,0.5,0.,0.583333333,0.483919771,0.,0.581732107,          1185P   1843
0.468148519,0.,0.58013088,0.452377267,0.,0.576989961,               1185P   1844
0.437521072,0.,0.573849042,0.422664878,0.,0.569289134,              1185P   1845
0.409294656,0.,0.564729227,0.395924434,0.,0.558925565,              1185P   1846
0.384553995,0.,0.553121903,0.373183556,0.,0.546297519,              1185P   1847
0.364249859,0.,0.539473135,0.355316163,0.,0.531890286,              1185P   1848
0.349162525,0.,0.524307437,0.343008888,0.,0.516257527,              1185P   1849
0.339871791,0.,0.508207617,0.336734694,0.,0.5,0.336734694,0.,       1185P   1850
0.,1.,0.,0.,1.;                                                     1185P   1851
124,6.12303176911189E-017,-1.,0.,2.,6.12303176911189E-017,          1187P   1852
3.74915180455534E-033,-1.,14.5,1.,6.12303176911189E-017,            1187P   1853
6.12303176911189E-017,12.5;                                         1187P   1854
100,12.5,0.,2.,4.,2.,-4.,2.;                                        1189P   1855
102,2,1179,1185;                                                    1191P   1856
102,2,1183,1189;                                                    1193P   1857
142,1,1047,1191,1193,1;                                             1195P   1858
144,1047,1,7,1069,1087,1105,1123,1141,1159,1177,1195;               1197P   1859
110,26.75,32.,24.75,26.75,-968.,24.75;                              1199P   1860
110,26.75,32.000000001,24.5,26.75,2.,24.5;                          1201P   1861
120,1199,1201,0.,6.28318530717959;                                  1203P   1862
126,1,1,1,0,1,0,0.,0.,1.,1.,1.,1.,0.,3.141592654,0.,1.,             1205P   1863
3.141592654,0.,0.,1.,0.,0.,1.;                                      1205P   1864
110,26.75,32.000000001,25.,26.75,1.999999992,25.;                   1207P   1865
126,1,1,1,0,1,0,0.,0.,1.,1.,1.,1.,1.,3.141592654,0.,1.,             1209P   1866
1.570796327,0.,0.,1.,0.,0.,1.;                                      1209P   1867
124,-2.05058376339219E-010,1.,0.,24.7500000054853,                  1211P   1868
-6.12303176911189E-017,-1.25557895284754E-026,1.,-22.75,1.,         1211P   1869
2.05058376339219E-010,6.12303176911189E-017,-2.00000000041012;      1211P   1870
100,24.75,26.75,2.,27.,2.,26.75,2.25;                               1213P   1871
126,1,1,1,0,1,0,0.,0.,1.,1.,1.,1.,1.,1.570796327,0.,0.,             1215P   1872
1.570796327,0.,0.,1.,0.,0.,1.;                                      1215P   1873
110,27.,2.,24.75,27.,32.,24.75;                                     1217P   1874
126,1,1,1,0,1,0,0.,0.,1.,1.,1.,1.,0.,1.570796327,0.,0.,             1219P   1875
3.141592653,0.,0.,1.,0.,0.,1.;                                      1219P   1876
124,1.,0.,0.,0.,0.,6.12303176911189E-017,-1.,56.75,0.,1.,           1221P   1877
6.12303176911189E-017,-7.25;                                        1221P   1878
100,24.75,26.75,32.,27.,32.,26.75,32.25;                            1223P   1879
102,4,1205,1209,1215,1219;                                          1225P   1880
102,4,1207,1213,1217,1223;                                          1227P   1881
142,1,1203,1225,1227,1;                                             1229P   1882
144,1203,1,0,1229;                                                  1231P   1883
128,3,3,3,3,0,0,0,0,0,0.0631414564625032,0.0631414564625032,        1233P   1884
0.0631414564625032,0.0631414564625032,0.936858543664149,            1233P   1885
0.936858543664149,0.936858543664149,0.936858543664149,0.,0.,0.,     1233P   1886
0.,1.,1.,1.,1.,0.956578302510712,0.769794770253993,                 1233P   1887
0.769794770281068,0.956578302591939,0.769794770464398,              1233P   1888
0.619482991530357,0.619482991552145,0.769794770529765,              1233P   1889
0.769794770464398,0.619482991530357,0.619482991552145,              1233P   1890
0.769794770529765,0.956578302510712,0.769794770253993,              1233P   1891
0.769794770281068,0.956578302591939,27.,2.,24.75,27.,2.,            1233P   1892
24.896446609,26.896446609,2.,25.,26.75,2.,25.,27.,0.828427125,      1233P   1893
24.75,27.,0.828427125,24.896446609,26.896446609,0.889087297,        1233P   1894
25.,26.75,0.974873735,25.,26.171572875,0.,24.75,26.171572875,       1233P   1895
0.,24.896446609,26.110912703,0.103553391,25.,26.025126265,0.25,     1233P   1896
25.,25.,0.,24.75,25.,0.,24.896446609,25.,0.103553391,25.,25.,       1233P   1897
0.25,25.,0.0631414564625032,0.936858543664149,0.,1.;                1233P   1898
126,1,1,1,0,1,0,0.,0.,1.,1.,1.,1.,0.063141456,0.,0.,                1235P   1899
0.936858544,0.,0.,0.,1.,0.,0.,1.;                                   1235P   1900
124,1.,0.,0.,0.,0.,6.12303176911189E-017,-1.,26.75,0.,1.,           1237P   1901
6.12303176911189E-017,22.75;                                        1237P   1902
100,24.75,26.75,2.,27.,2.,26.75,2.25;                               1239P   1903
126,1,1,1,0,1,0,0.,0.,1.,1.,1.,1.,0.936858544,0.,0.,                1241P   1904
0.936858544,1.,0.,0.,1.,0.,0.,1.;                                   1241P   1905
126,3,3,1,0,0,0,0.,0.,0.,0.,1.,1.,1.,1.,0.956578301977406,          1243P   1906
0.769794770035227,0.769794770035227,0.956578301977406,26.75,2.,     1243P   1907
25.,26.75,0.974873734,25.,26.025126266,0.25,25.,25.,0.25,25.,       1243P   1908
0.,1.,0.,0.,1.;                                                     1243P   1909
126,1,1,1,0,1,0,0.,0.,1.,1.,1.,1.,0.936858544,1.,0.,                1245P   1910
0.063141456,1.,0.,0.,1.,0.,0.,1.;                                   1245P   1911
124,-6.12303176911189E-017,-7.49830360911069E-033,1.,0.25,          1247P   1912
1.22460635382238E-016,-1.,0.,0.499999999999997,1.,                  1247P   1913
1.22460635382238E-016,6.12303176911189E-017,-0.25;                  1247P   1914
100,24.75,25.,0.25,25.25,0.25,25.,0.5;                              1249P   1915
126,1,1,1,0,1,0,0.,0.,1.,1.,1.,1.,0.063141456,1.,0.,                1251P   1916
0.063141456,0.,0.,0.,1.,0.,0.,1.;                                   1251P   1917
100,24.75,25.,2.,25.,0.,27.,2.;                                     1253P   1918
102,4,1235,1241,1245,1251;                                          1255P   1919
102,4,1239,1243,1249,1253;                                          1257P   1920
142,1,1233,1255,1257,1;                                             1259P   1921
144,1233,1,0,1259;                                                  1261P   1922
128,3,3,3,3,0,0,0,0,0,0.0631414563358452,0.0631414563358452,        1263P   1923
0.0631414563358452,0.0631414563358452,0.936858543537496,            1263P   1924
0.936858543537496,0.936858543537496,0.936858543537496,0.,0.,0.,     1263P   1925
0.,1.,1.,1.,1.,0.956578302591943,0.769794770281069,                 1263P   1926
0.769794770253992,0.956578302510711,0.769794770529768,              1263P   1927
0.619482991552146,0.619482991530356,0.769794770464397,              1263P   1928
0.769794770529768,0.619482991552146,0.619482991530356,              1263P   1929
0.769794770464397,0.956578302591943,0.769794770281069,              1263P   1930
0.769794770253992,0.956578302510711,-24.,1.75,25.,-24.,             1263P   1931
1.896446609,25.,-24.,2.,24.896446609,-24.,2.,24.75,                 1263P   1932
-24.732233047,1.75,25.,-24.64644661,1.896446609,25.,                1263P   1933
-24.585786438,2.,24.896446609,-24.585786438,2.,24.75,-25.25,        1263P   1934
2.267766953,25.,-25.103553391,2.35355339,25.,-25.,2.414213562,      1263P   1935
24.896446609,-25.,2.414213562,24.75,-25.25,3.,25.,                  1263P   1936
-25.103553391,3.,25.,-25.,3.,24.896446609,-25.,3.,24.75,            1263P   1937
0.0631414563358452,0.936858543537496,0.,1.;                         1263P   1938
126,1,1,1,0,1,0,0.,0.,1.,1.,1.,1.,0.063141456,0.,0.,                1265P   1939
0.936858544,0.,0.,0.,1.,0.,0.,1.;                                   1265P   1940
124,6.12303176911189E-017,-8.55138541655932E-031,-1.,0.75,          1267P   1941
1.39659334444375E-014,1.,0.,3.35195602827951E-013,1.,               1267P   1942
-1.39659334444375E-014,6.12303176911189E-017,48.75;                 1267P   1943
100,24.75,-24.,1.75,-23.75,1.75,-24.,2.;                            1269P   1944
126,1,1,1,0,1,0,0.,0.,1.,1.,1.,1.,0.936858544,0.,0.,                1271P   1945
0.936858544,1.,0.,0.,1.,0.,0.,1.;                                   1271P   1946
124,3.59175424293053E-010,-1.,-1.25405480385396E-024,               1273P   1947
-20.9999999913798,-1.,-3.59175424293053E-010,                       1273P   1948
6.98296672221876E-015,-20.9999999989226,-6.98296672221876E-015,     1273P   1949
-1.25405523142323E-024,-1.,49.4999999999998;                        1273P   1950
100,24.75,-24.,3.,-23.,3.,-24.,4.;                                  1275P   1951
126,1,1,1,0,1,0,0.,0.,1.,1.,1.,1.,0.936858544,1.,0.,                1277P   1952
0.063141456,1.,0.,0.,1.,0.,0.,1.;                                   1277P   1953
124,1.,0.,0.,0.,0.,6.12303176911189E-017,-1.,27.75,0.,1.,           1279P   1954
6.12303176911189E-017,21.75;                                        1279P   1955
100,24.75,-25.25,3.,-25.,3.,-25.25,3.25;                            1281P   1956
126,1,1,1,0,1,0,0.,0.,1.,1.,1.,1.,0.063141456,1.,0.,                1283P   1957
0.063141456,0.,0.,0.,1.,0.,0.,1.;                                   1283P   1958
126,3,3,1,0,0,0,0.,0.,0.,0.,1.,1.,1.,1.,0.9565783022744,            1285P   1959
0.769794770274229,0.769794770274229,0.9565783022744,-25.25,3.,      1285P   1960
25.,-25.25,2.267766953,25.,-24.732233047,1.75,25.,-24.,1.75,        1285P   1961
25.,0.,1.,0.,0.,-1.;                                                1285P   1962
102,4,1265,1271,1277,1283;                                          1287P   1963
102,4,1269,1275,1281,1285;                                          1289P   1964
142,1,1263,1287,1289,1;                                             1291P   1965
144,1263,1,0,1291;                                                  1293P   1966
110,-24.,1.75,24.75,976.,1.75,24.75;                                1295P   1967
110,-24.,1.75,24.5,24.,1.75,24.5;                                   1297P   1968
120,1295,1297,0.,6.28318530717959;                                  1299P   1969
126,1,1,1,0,1,0,0.,0.,1.,1.,1.,1.,0.,3.141592716,0.,1.,             1301P   1970
3.141592716,0.,0.,1.,0.,0.,1.;                                      1301P   1971
110,-24.000000008,1.749999984,25.,24.000000008,1.749999984,25.;     1303P   1972
126,1,1,1,0,1,0,0.,0.,1.,1.,1.,1.,1.,3.141592654,0.,1.,             1305P   1973
1.570796327,0.,0.,1.,0.,0.,1.;                                      1305P   1974
124,6.12303176911189E-017,-8.55138541655932E-031,-1.,48.75,         1307P   1975
1.39659334444375E-014,1.,0.,-3.3516920250505E-013,1.,               1307P   1976
-1.39659334444375E-014,6.12303176911189E-017,0.750000000000022;     1307P   1977
100,24.75,24.,1.75,24.25,1.75,24.,2.;                               1309P   1978
126,1,1,1,0,1,0,0.,0.,1.,1.,1.,1.,1.,1.570796327,0.,0.,             1311P   1979
1.570796327,0.,0.,1.,0.,0.,1.;                                      1311P   1980
110,24.,2.,24.75,-24.,2.,24.75;                                     1313P   1981
126,1,1,1,0,1,0,0.,0.,1.,1.,1.,1.,0.,1.570796327,0.,0.,             1315P   1982
3.141592654,0.,0.,1.,0.,0.,1.;                                      1315P   1983
124,3.74915180455534E-033,-6.12303176911189E-017,1.,-48.75,1.,      1317P   1984
6.12303176911189E-017,0.,25.75,-6.12303176911189E-017,1.,           1317P   1985
6.12303176911189E-017,23.;                                          1317P   1986
100,24.75,-24.,1.75,-23.75,1.75,-24.,2.;                            1319P   1987
102,4,1301,1305,1311,1315;                                          1321P   1988
102,4,1303,1309,1313,1319;                                          1323P   1989
142,1,1299,1321,1323,1;                                             1325P   1990
144,1299,1,0,1325;                                                  1327P   1991
128,3,3,3,3,0,0,0,0,0,0.0631414563358452,0.0631414563358452,        1329P   1992
0.0631414563358452,0.0631414563358452,0.936858543537489,            1329P   1993
0.936858543537489,0.936858543537489,0.936858543537489,0.,0.,0.,     1329P   1994
0.,1.,1.,1.,1.,0.956578302591944,0.769794770281074,                 1329P   1995
0.769794770253995,0.956578302510707,0.769794770529768,              1329P   1996
0.61948299155215,0.619482991530359,0.769794770464394,               1329P   1997
0.769794770529768,0.61948299155215,0.619482991530359,               1329P   1998
0.769794770464394,0.956578302591944,0.769794770281074,              1329P   1999
0.769794770253995,0.956578302510707,25.25,3.,25.,25.103553391,      1329P   2000
3.,25.,25.,3.,24.896446609,25.,3.,24.75,25.25,2.267766953,25.,      1329P   2001
25.103553391,2.35355339,25.,25.,2.414213562,24.896446609,25.,       1329P   2002
2.414213562,24.75,24.732233047,1.75,25.,24.64644661,                1329P   2003
1.896446609,25.,24.585786438,2.,24.896446609,24.585786438,2.,       1329P   2004
24.75,24.,1.75,25.,24.,1.896446609,25.,24.,2.,24.896446609,24.,     1329P   2005
2.,24.75,0.0631414563358452,0.936858543537489,0.,1.;                1329P   2006
126,1,1,1,0,1,0,0.,0.,1.,1.,1.,1.,0.936858544,1.,0.,                1331P   2007
0.063141456,1.,0.,0.,1.,0.,0.,1.;                                   1331P   2008
124,3.74915180455534E-033,-6.12303176911189E-017,1.,                1333P   2009
-0.750000000000002,1.,6.12303176911189E-017,0.,-22.25,              1333P   2010
-6.12303176911189E-017,1.,6.12303176911189E-017,23.;                1333P   2011
100,24.75,24.,1.75,24.25,1.75,24.,2.;                               1335P   2012
126,1,1,1,0,1,0,0.,0.,1.,1.,1.,1.,0.063141456,1.,0.,                1337P   2013
0.063141456,0.,0.,0.,1.,0.,0.,1.;                                   1337P   2014
126,3,3,1,0,0,0,0.,0.,0.,0.,1.,1.,1.,1.,0.956578302274402,          1339P   2015
0.76979477027423,0.76979477027423,0.956578302274402,24.,1.75,       1339P   2016
25.,24.732233047,1.75,25.,25.25,2.267766953,25.,25.25,3.,25.,       1339P   2017
0.,1.,0.,0.,-1.;                                                    1339P   2018
126,1,1,1,0,1,0,0.,0.,1.,1.,1.,1.,0.063141456,0.,0.,                1341P   2019
0.936858544,0.,0.,0.,1.,0.,0.,1.;                                   1341P   2020
124,2.05113765029815E-010,-1.,0.,28.2499999948209,                  1343P   2021
6.12303176911189E-017,1.25591809955971E-026,-1.,27.75,1.,           1343P   2022
2.05113765029815E-010,6.12303176911189E-017,-0.500000000615345;     1343P   2023
100,24.75,25.25,3.,25.5,3.,25.25,3.25;                              1345P   2024
126,1,1,1,0,1,0,0.,0.,1.,1.,1.,1.,0.936858544,0.,0.,                1347P   2025
0.936858544,1.,0.,0.,1.,0.,0.,1.;                                   1347P   2026
124,1.,-4.10221067889422E-010,-6.98296672221876E-015,               1349P   2027
1.23083372031821E-009,-4.10221067889422E-010,-1.,0.,                1349P   2028
6.00000000984531,-6.98296672221876E-015,2.86456006582488E-024,      1349P   2029
-1.,49.5000000000002;                                               1349P   2030
100,24.75,24.,3.,25.,3.,24.,4.;                                     1351P   2031
102,4,1331,1337,1341,1347;                                          1353P   2032
102,4,1335,1339,1345,1351;                                          1355P   2033
142,1,1329,1353,1355,1;                                             1357P   2034
144,1329,1,0,1357;                                                  1359P   2035
110,25.25,3.,24.75,25.25,1003.,24.75;                               1361P   2036
110,25.25,3.,25.,25.25,32.,25.;                                     1363P   2037
120,1361,1363,0.,6.28318530717959;                                  1365P   2038
126,1,1,1,0,1,0,0.,0.,1.,1.,1.,1.,1.,4.71238898,0.,0.,              1367P   2039
4.71238898,0.,0.,1.,0.,0.,1.;                                       1367P   2040
110,25.,32.,24.75,25.,3.,24.75;                                     1369P   2041
126,1,1,1,0,1,0,0.,0.,1.,1.,1.,1.,0.,4.71238898,0.,0.,              1371P   2042
6.283185307,0.,0.,1.,0.,0.,1.;                                      1371P   2043
124,-1.,6.98296672221876E-015,0.,50.5,-4.27569270827966E-031,       1373P   2044
-6.12303176911189E-017,1.,-21.75,6.98296672221876E-015,1.,          1373P   2045
6.12303176911189E-017,21.7499999999998;                             1373P   2046
100,24.75,25.25,3.,25.5,3.,25.25,3.25;                              1375P   2047
126,1,1,1,0,1,0,0.,0.,1.,1.,1.,1.,0.,6.283185307,0.,1.,             1377P   2048
6.283185307,0.,0.,1.,0.,0.,1.;                                      1377P   2049
110,25.250000009,2.999999993,25.,25.250000005,32.000000001,25.;     1379P   2050
126,1,1,1,0,1,0,0.,0.,1.,1.,1.,1.,1.,6.283185307,0.,1.,             1381P   2051
4.71238898,0.,0.,1.,0.,0.,1.;                                       1381P   2052
124,1.85649551899829E-008,-1.,0.,57.2499995312349,                  1383P   2053
6.12303176911189E-017,1.13673810420404E-024,-1.,56.75,1.,           1383P   2054
1.85649551899829E-008,6.12303176911189E-017,-0.50000059407856;      1383P   2055
100,24.75,25.25,32.,25.5,32.,25.249999995,32.25;                    1385P   2056
102,4,1367,1371,1377,1381;                                          1387P   2057
102,4,1369,1375,1379,1385;                                          1389P   2058
142,1,1365,1387,1389,1;                                             1391P   2059
144,1365,1,0,1391;                                                  1393P   2060
110,25.,0.25,24.75,-975.,0.25,24.75;                                1395P   2061
110,25.,0.25,25.,-25.,0.25,25.;                                     1397P   2062
120,1395,1397,0.,6.28318530717959;                                  1399P   2063
126,1,1,1,0,1,0,0.,0.,1.,1.,1.,1.,1.,4.71238898,0.,0.,              1401P   2064
4.71238898,0.,0.,1.,0.,0.,1.;                                       1401P   2065
110,-25.,0.,24.75,25.,0.,24.75;                                     1403P   2066
126,1,1,1,0,1,0,0.,0.,1.,1.,1.,1.,0.,4.71238898,0.,0.,              1405P   2067
6.283185307,0.,0.,1.,0.,0.,1.;                                      1405P   2068
124,8.58887693460487E-031,6.12303176911189E-017,-1.,49.75,-1.,      1407P   2069
1.40271637621286E-014,0.,25.25,1.40271637621286E-014,1.,            1407P   2070
6.12303176911189E-017,24.4999999999996;                             1407P   2071
100,24.75,25.,0.25,25.25,0.25,25.,0.5;                              1409P   2072
126,1,1,1,0,1,0,0.,0.,1.,1.,1.,1.,0.,6.283185307,0.,1.,             1411P   2073
6.283185307,0.,0.,1.,0.,0.,1.;                                      1411P   2074
110,25.00000002,0.25,25.,-25.00000002,0.25,25.;                     1413P   2075
126,1,1,1,0,1,0,0.,0.,1.,1.,1.,1.,1.,6.283185307,0.,1.,             1415P   2076
4.71238898,0.,0.,1.,0.,0.,1.;                                       1415P   2077
124,-6.12303176911189E-017,-7.49830360911069E-033,1.,-49.75,        1417P   2078
1.22460635382238E-016,-1.,0.,0.500000000000003,1.,                  1417P   2079
1.22460635382238E-016,6.12303176911189E-017,49.75;                  1417P   2080
100,24.75,-25.,0.25,-24.75,0.25,-25.,0.5;                           1419P   2081
102,4,1401,1405,1411,1415;                                          1421P   2082
102,4,1403,1409,1413,1419;                                          1423P   2083
142,1,1399,1421,1423,1;                                             1425P   2084
144,1399,1,0,1425;                                                  1427P   2085
110,25.,2.,0.25,25.,2.,1000.25;                                     1429P   2086
110,27.,2.,0.25,27.,2.,24.75;                                       1431P   2087
120,1429,1431,0.,6.28318530717959;                                  1433P   2088
126,1,1,1,0,1,0,0.,0.,1.,1.,1.,1.,1.,6.283185307,0.,1.,             1435P   2089
4.71238898,0.,0.,1.,0.,0.,1.;                                       1435P   2090
124,1.,-8.98071502689231E-011,-6.98296672221876E-015,               1437P   2091
1.79787517079839E-010,-8.98071502689231E-011,-1.,0.,                1437P   2092
4.00000000224518,-6.98296672221876E-015,6.2712034174519E-025,       1437P   2093
-1.,49.5000000000002;                                               1437P   2094
100,24.75,25.,2.,27.,2.,25.,4.;                                     1439P   2095
126,1,1,1,0,1,0,0.,0.,1.,1.,1.,1.,1.,4.71238898,0.,0.,              1441P   2096
4.71238898,0.,0.,1.,0.,0.,1.;                                       1441P   2097
110,25.,0.,24.75,25.,0.,0.25;                                       1443P   2098
126,1,1,1,0,1,0,0.,0.,1.,1.,1.,1.,0.,4.71238898,0.,0.,              1445P   2099
6.283185307,0.,0.,1.,0.,0.,1.;                                      1445P   2100
100,0.25,25.,2.,25.,0.,27.,2.;                                      1447P   2101
126,1,1,1,0,1,0,0.,0.,1.,1.,1.,1.,0.,6.283185307,0.,1.,             1449P   2102
6.283185307,0.,0.,1.,0.,0.,1.;                                      1449P   2103
110,27.,2.,0.25,27.,2.,24.75;                                       1451P   2104
102,4,1435,1441,1445,1449;                                          1453P   2105
102,4,1439,1443,1447,1451;                                          1455P   2106
142,1,1433,1453,1455,1;                                             1457P   2107
144,1433,1,0,1457;                                                  1459P   2108
128,3,3,3,3,0,0,0,0,0,0.063141456462505,0.063141456462505,          1461P   2109
0.063141456462505,0.063141456462505,0.93685854329977,               1461P   2110
0.93685854329977,0.93685854329977,0.93685854329977,0.,0.,0.,0.,     1461P   2111
1.,1.,1.,1.,0.956578302510711,0.769794770331891,                    1461P   2112
0.76979477028107,0.956578302358248,0.769794770464397,               1461P   2113
0.619482991593044,0.619482991552147,0.769794770341705,              1461P   2114
0.769794770464397,0.619482991593044,0.619482991552147,              1461P   2115
0.769794770341705,0.956578302510711,0.769794770331891,              1461P   2116
0.76979477028107,0.956578302358248,25.,3.,0.25,25.,3.,              1461P   2117
0.103553391,25.103553391,3.,0.,25.25,3.,0.,25.,2.414213562,         1461P   2118
0.25,25.,2.414213562,0.103553391,25.103553391,2.353553391,0.,       1461P   2119
25.25,2.267766953,0.,24.585786438,2.,0.25,24.585786438,2.,          1461P   2120
0.103553391,24.646446609,1.896446609,0.,24.732233047,1.75,0.,       1461P   2121
24.,2.,0.25,24.,2.,0.103553391,24.,1.896446609,0.,24.,1.75,0.,      1461P   2122
0.063141456462505,0.93685854329977,0.,1.;                           1461P   2123
126,1,1,1,0,1,0,0.,0.,1.,1.,1.,1.,0.063141456,0.,0.,                1463P   2124
0.936858543,0.,0.,0.,1.,0.,0.,1.;                                   1463P   2125
124,-1.,1.40883940798198E-014,0.,50.5,-8.62636845265042E-031,       1465P   2126
-6.12303176911189E-017,-1.,3.25,-1.40883940798198E-014,-1.,         1465P   2127
6.12303176911189E-017,3.25000000000036;                             1465P   2128
100,0.25,25.25,3.,25.5,3.,25.25,3.25;                               1467P   2129
126,1,1,1,0,1,0,0.,0.,1.,1.,1.,1.,0.936858543,0.,0.,                1469P   2130
0.936858543,1.,0.,0.,1.,0.,0.,1.;                                   1469P   2131
126,7,3,1,0,1,0,0.,0.,0.,0.,0.25,0.25,0.5,0.5,1.,1.,1.,1.,1.,       1471P   2132
1.,1.,1.,1.,1.,1.,1.,25.25,3.,0.,25.24986931,2.840535306,0.,        1471P   2133
25.224760144,2.697621459,0.,25.099710609,2.382141768,0.,            1471P   2134
25.006491983,2.238617182,0.,24.638666464,1.871115207,0.,            1471P   2135
24.318200749,1.750260782,0.,24.,1.75,0.,0.,1.,0.,0.,1.;             1471P   2136
126,1,1,1,0,1,0,0.,0.,1.,1.,1.,1.,0.936858543,1.,0.,                1473P   2137
0.063141456,1.,0.,0.,1.,0.,0.,1.;                                   1473P   2138
124,6.12303176911189E-017,0.,1.,23.75,0.,1.,0.,0.,-1.,0.,           1475P   2139
6.12303176911189E-017,24.25;                                        1475P   2140
100,0.25,24.,1.75,24.25,1.75,24.,2.;                                1477P   2141
126,1,1,1,0,1,0,0.,0.,1.,1.,1.,1.,0.063141456,1.,0.,                1479P   2142
0.063141456,0.,0.,0.,1.,0.,0.,1.;                                   1479P   2143
100,0.25,24.,3.,24.,2.,25.,3.;                                      1481P   2144
102,4,1463,1469,1473,1479;                                          1483P   2145
102,4,1467,1471,1477,1481;                                          1485P   2146
142,1,1461,1483,1485,1;                                             1487P   2147
144,1461,1,0,1487;                                                  1489P   2148
110,25.25,32.,0.25,25.25,-968.,0.25;                                1491P   2149
110,25.25,32.000000002,0.,25.25,3.,0.;                              1493P   2150
120,1491,1493,0.,6.28318530717959;                                  1495P   2151
126,1,1,1,0,1,0,0.,0.,1.,1.,1.,1.,1.,4.712388981,0.,0.,             1497P   2152
4.712388981,0.,0.,1.,0.,0.,1.;                                      1497P   2153
110,25.,3.,0.25,25.,32.,0.25;                                       1499P   2154
126,1,1,1,0,1,0,0.,0.,1.,1.,1.,1.,0.,4.712388981,0.,0.,             1501P   2155
6.283185307,0.,0.,1.,0.,0.,1.;                                      1501P   2156
124,-1.,1.40883940798198E-014,0.,50.4999999999996,                  1503P   2157
-8.62636845265042E-031,-6.12303176911189E-017,-1.,32.25,            1503P   2158
-1.40883940798198E-014,-1.,6.12303176911189E-017,                   1503P   2159
32.2500000000004;                                                   1503P   2160
100,0.25,25.25,32.,25.5,32.,25.249999995,32.25;                     1505P   2161
126,1,1,1,0,1,0,0.,0.,1.,1.,1.,1.,0.,6.283185307,0.,1.,             1507P   2162
6.283185307,0.,0.,1.,0.,0.,1.;                                      1507P   2163
110,25.250000005,32.000000002,0.,25.250000009,2.999999993,0.;       1509P   2164
126,1,1,1,0,1,0,0.,0.,1.,1.,1.,1.,1.,6.283185307,0.,1.,             1511P   2165
4.712388981,0.,0.,1.,0.,0.,1.;                                      1511P   2166
124,-3.84692216802299E-010,-1.,0.,28.2500000097135,                 1513P   2167
6.12303176911189E-017,-2.35548266481055E-026,1.,2.75,-1.,           1513P   2168
3.84692216802299E-010,6.12303176911189E-017,25.4999999988459;       1513P   2169
100,0.25,25.25,3.,25.5,3.,25.25,3.25;                               1515P   2170
102,4,1497,1501,1507,1511;                                          1517P   2171
102,4,1499,1505,1509,1515;                                          1519P   2172
142,1,1495,1517,1519,1;                                             1521P   2173
144,1495,1,0,1521;                                                  1523P   2174
110,26.75,2.,0.25,26.75,1002.,0.25;                                 1525P   2175
110,26.75,2.,0.5,26.75,32.,0.5;                                     1527P   2176
120,1525,1527,0.,6.28318530717959;                                  1529P   2177
126,1,1,1,0,1,0,0.,0.,1.,1.,1.,1.,0.,3.141592654,0.,1.,             1531P   2178
3.141592654,0.,0.,1.,0.,0.,1.;                                      1531P   2179
110,26.75,1.999999993,0.,26.75,32.000000002,0.;                     1533P   2180
126,1,1,1,0,1,0,0.,0.,1.,1.,1.,1.,1.,3.141592653,0.,1.,             1535P   2181
1.570796327,0.,0.,1.,0.,0.,1.;                                      1535P   2182
124,8.70109134238793E-010,1.,0.,-5.25000002327542,                  1537P   2183
-6.12303176911189E-017,5.32770587153857E-026,-1.,32.25,-1.,         1537P   2184
8.70109134238793E-010,6.12303176911189E-017,26.9999999721565;       1537P   2185
100,0.25,26.75,32.,27.,32.,26.75,32.25;                             1539P   2186
126,1,1,1,0,1,0,0.,0.,1.,1.,1.,1.,1.,1.570796327,0.,0.,             1541P   2187
1.570796327,0.,0.,1.,0.,0.,1.;                                      1541P   2188
110,27.,32.,0.25,27.,2.,0.25;                                       1543P   2189
126,1,1,1,0,1,0,0.,0.,1.,1.,1.,1.,0.,1.570796328,0.,0.,             1545P   2190
3.141592653,0.,0.,1.,0.,0.,1.;                                      1545P   2191
124,1.,0.,0.,0.,0.,6.12303176911189E-017,1.,1.75,0.,-1.,            1547P   2192
6.12303176911189E-017,2.25;                                         1547P   2193
100,0.25,26.75,2.,27.,2.,26.75,2.25;                                1549P   2194
102,4,1531,1535,1541,1545;                                          1551P   2195
102,4,1533,1539,1543,1549;                                          1553P   2196
142,1,1529,1551,1553,1;                                             1555P   2197
144,1529,1,0,1555;                                                  1557P   2198
128,3,3,3,3,0,0,0,0,0,0.0631414572940501,0.0631414572940501,        1559P   2199
0.0631414572940501,0.0631414572940501,0.936858542999941,            1559P   2200
0.936858542999941,0.936858542999941,0.936858542999941,0.,0.,0.,     1559P   2201
0.,1.,1.,1.,1.,0.956578301977406,0.769794770395985,                 1559P   2202
0.769794770458835,0.956578302165955,0.769794770035227,              1559P   2203
0.619482991644623,0.619482991695201,0.769794770186959,              1559P   2204
0.769794770035227,0.619482991644623,0.619482991695201,              1559P   2205
0.769794770186959,0.956578301977406,0.769794770395985,              1559P   2206
0.769794770458835,0.956578302165955,26.75,2.,0.,26.896446609,       1559P   2207
2.,0.,27.,2.,0.103553391,27.,2.,0.25,26.75,0.974873734,0.,          1559P   2208
26.896446609,0.889087297,0.,27.,0.828427125,0.103553391,27.,        1559P   2209
0.828427125,0.25,26.025126266,0.25,0.,26.110912703,0.103553391,     1559P   2210
0.,26.171572875,0.,0.103553391,26.171572875,0.,0.25,25.,0.25,       1559P   2211
0.,25.,0.103553391,0.,25.,0.,0.103553391,25.,0.,0.25,               1559P   2212
0.0631414572940501,0.936858542999941,0.,1.;                         1559P   2213
126,1,1,1,0,1,0,0.,0.,1.,1.,1.,1.,0.063141457,0.,0.,                1561P   2214
0.936858543,0.,0.,0.,1.,0.,0.,1.;                                   1561P   2215
124,3.84706305196379E-010,1.,0.,24.7499999897091,                   1563P   2216
-6.12303176911189E-017,2.35556892849508E-026,-1.,2.25,-1.,          1563P   2217
3.84706305196379E-010,6.12303176911189E-017,26.9999999992306;       1563P   2218
100,0.25,26.75,2.,27.,2.,26.75,2.25;                                1565P   2219
126,1,1,1,0,1,0,0.,0.,1.,1.,1.,1.,0.936858543,0.,0.,                1567P   2220
0.936858543,1.,0.,0.,1.,0.,0.,1.;                                   1567P   2221
124,1.,-8.98106197158754E-011,-6.98296672221876E-015,               1569P   2222
1.79622293505015E-010,-8.98106197158754E-011,-1.,                   1569P   2223
1.62630325891987E-016,4.00000000224528,-6.98296672223337E-015,      1569P   2224
-1.62630325264842E-016,-1.,0.499999999565128;                       1569P   2225
100,0.25,25.,2.,27.,2.,25.,4.;                                      1571P   2226
126,1,1,1,0,1,0,0.,0.,1.,1.,1.,1.,0.936858543,1.,0.,                1573P   2227
0.063141457,1.,0.,0.,1.,0.,0.,1.;                                   1573P   2228
124,2.51183432454352E-026,6.12303176911189E-017,1.,24.75,-1.,       1575P   2229
4.10227223908042E-010,0.,25.2499999998974,                          1575P   2230
-4.10227223908042E-010,-1.,6.12303176911189E-017,                   1575P   2231
0.500000010255681;                                                  1575P   2232
100,0.25,25.,0.25,25.25,0.25,25.,0.5;                               1577P   2233
126,1,1,1,0,1,0,0.,0.,1.,1.,1.,1.,0.063141457,1.,0.,                1579P   2234
0.063141457,0.,0.,0.,1.,0.,0.,1.;                                   1579P   2235
126,5,3,1,0,1,0,0.,0.,0.,0.,0.5,0.5,1.,1.,1.,1.,1.,1.,1.,1.,1.,     1581P   2236
1.,25.,0.25,0.,25.430186436,0.250251816,0.,25.894804334,            1581P   2237
0.419715163,0.,26.5800694,1.105411102,0.,26.749748974,              1581P   2238
1.571162317,0.,26.75,2.,0.,0.,1.,0.,0.,-1.;                         1581P   2239
102,4,1561,1567,1573,1579;                                          1583P   2240
102,4,1565,1571,1577,1581;                                          1585P   2241
142,1,1559,1583,1585,1;                                             1587P   2242
144,1559,1,0,1587;                                                  1589P   2243
110,-25.,0.25,0.25,975.,0.25,0.25;                                  1591P   2244
110,-25.,0.25,0.,25.,0.25,0.;                                       1593P   2245
120,1591,1593,0.,6.28318530717959;                                  1595P   2246
126,1,1,1,0,1,0,0.,0.,1.,1.,1.,1.,0.,6.283185307,0.,1.,             1597P   2247
6.283185307,0.,0.,1.,0.,0.,1.;                                      1597P   2248
110,-25.00000002,0.25,0.,25.00000002,0.25,0.;                       1599P   2249
126,1,1,1,0,1,0,0.,0.,1.,1.,1.,1.,1.,6.283185307,0.,1.,             1601P   2250
4.712388981,0.,0.,1.,0.,0.,1.;                                      1601P   2251
124,-6.12303176911189E-017,8.62636845265042E-031,-1.,25.25,         1603P   2252
-1.40883940798198E-014,-1.,0.,0.500000000000352,-1.,                1603P   2253
1.40883940798198E-014,6.12303176911189E-017,25.25;                  1603P   2254
100,0.25,25.,0.25,25.25,0.25,25.,0.5;                               1605P   2255
126,1,1,1,0,1,0,0.,0.,1.,1.,1.,1.,1.,4.71238898,0.,0.,              1607P   2256
4.71238898,0.,0.,1.,0.,0.,1.;                                       1607P   2257
110,25.,0.,0.25,-25.,0.,0.25;                                       1609P   2258
126,1,1,1,0,1,0,0.,0.,1.,1.,1.,1.,0.,4.71238898,0.,0.,              1611P   2259
6.283185307,0.,0.,1.,0.,0.,1.;                                      1611P   2260
124,8.58887693460487E-031,6.12303176911189E-017,1.,-25.25,-1.,      1613P   2261
1.40271637621286E-014,0.,-24.75,-1.40271637621286E-014,-1.,         1613P   2262
6.12303176911189E-017,0.499999999999649;                            1613P   2263
100,0.25,-25.,0.25,-24.75,0.25,-25.,0.5;                            1615P   2264
102,4,1597,1601,1607,1611;                                          1617P   2265
102,4,1599,1605,1609,1615;                                          1619P   2266
142,1,1595,1617,1619,1;                                             1621P   2267
144,1595,1,0,1621;                                                  1623P   2268
128,3,3,3,3,0,0,0,0,0,0.0631414564625051,0.0631414564625051,        1625P   2269
0.0631414564625051,0.0631414564625051,0.936858543299771,            1625P   2270
0.936858543299771,0.936858543299771,0.936858543299771,0.,0.,0.,     1625P   2271
0.,1.,1.,1.,1.,0.956578302510711,0.769794770331889,                 1625P   2272
0.769794770281069,0.956578302358248,0.769794770464397,              1625P   2273
0.619482991593042,0.619482991552145,0.769794770341705,              1625P   2274
0.769794770464397,0.619482991593042,0.619482991552145,              1625P   2275
0.769794770341705,0.956578302510711,0.769794770331889,              1625P   2276
0.769794770281069,0.956578302358248,-24.,2.,0.25,-24.,2.,           1625P   2277
0.103553391,-24.,1.896446609,0.,-24.,1.75,0.,-24.585786438,2.,      1625P   2278
0.25,-24.585786438,2.,0.103553391,-24.646446609,1.896446609,0.,     1625P   2279
-24.732233047,1.75,0.,-25.,2.414213562,0.25,-25.,2.414213562,       1625P   2280
0.103553391,-25.103553391,2.353553391,0.,-25.25,2.267766953,0.,     1625P   2281
-25.,3.,0.25,-25.,3.,0.103553391,-25.103553391,3.,0.,-25.25,3.,     1625P   2282
0.,0.0631414564625051,0.936858543299771,0.,1.;                      1625P   2283
126,1,1,1,0,1,0,0.,0.,1.,1.,1.,1.,0.063141456,0.,0.,                1627P   2284
0.936858543,0.,0.,0.,1.,0.,0.,1.;                                   1627P   2285
124,-2.51175078003133E-026,-6.12303176911189E-017,-1.,-23.75,       1629P   2286
1.,-4.10213579603172E-010,0.,25.7500000007179,                      1629P   2287
-4.10213579603172E-010,-1.,6.12303176911189E-017,                   1629P   2288
1.99999999015487;                                                   1629P   2289
100,0.25,-24.,1.75,-23.75,1.75,-24.,2.;                             1631P   2290
126,1,1,1,0,1,0,0.,0.,1.,1.,1.,1.,0.936858543,0.,0.,                1633P   2291
0.936858543,1.,0.,0.,1.,0.,0.,1.;                                   1633P   2292
126,7,3,1,0,1,0,0.,0.,0.,0.,0.249999999999999,                      1635P   2293
0.249999999999999,0.499999999999998,0.499999999999998,1.,1.,1.,     1635P   2294
1.,1.,1.,1.,1.,1.,1.,1.,1.,-24.,1.75,0.,-24.159464694,              1635P   2295
1.75013069,0.,-24.302378541,1.775239856,0.,-24.617858232,           1635P   2296
1.900289391,0.,-24.761382818,1.993508017,0.,-25.128884793,          1635P   2297
2.361333536,0.,-25.249739218,2.681799251,0.,-25.25,3.,0.,0.,1.,     1635P   2298
0.,0.,1.;                                                           1635P   2299
126,1,1,1,0,1,0,0.,0.,1.,1.,1.,1.,0.936858543,1.,0.,                1637P   2300
0.063141456,1.,0.,0.,1.,0.,0.,1.;                                   1637P   2301
124,3.84706305196379E-010,1.,0.,-28.2499999902862,                  1639P   2302
-6.12303176911189E-017,2.35556892849508E-026,-1.,3.25,-1.,          1639P   2303
3.84706305196379E-010,6.12303176911189E-017,-25.0000000011541;      1639P   2304
100,0.25,-25.25,3.,-25.,3.,-25.25,3.25;                             1641P   2305
126,1,1,1,0,1,0,0.,0.,1.,1.,1.,1.,0.063141456,1.,0.,                1643P   2306
0.063141456,0.,0.,0.,1.,0.,0.,1.;                                   1643P   2307
100,0.25,-24.,3.,-25.,3.,-24.,2.;                                   1645P   2308
102,4,1627,1633,1637,1643;                                          1647P   2309
102,4,1631,1635,1641,1645;                                          1649P   2310
142,1,1625,1647,1649,1;                                             1651P   2311
144,1625,1,0,1651;                                                  1653P   2312
110,24.,1.75,0.25,-976.,1.75,0.25;                                  1655P   2313
110,24.,1.75,0.5,-24.,1.75,0.5;                                     1657P   2314
120,1655,1657,0.,6.28318530717959;                                  1659P   2315
126,1,1,1,0,1,0,0.,0.,1.,1.,1.,1.,1.,1.570796327,0.,0.,             1661P   2316
1.570796327,0.,0.,1.,0.,0.,1.;                                      1661P   2317
110,-24.,2.,0.25,24.,2.,0.25;                                       1663P   2318
126,1,1,1,0,1,0,0.,0.,1.,1.,1.,1.,0.,1.570796327,0.,0.,             1665P   2319
3.141592653,0.,0.,1.,0.,0.,1.;                                      1665P   2320
124,-2.51166512610261E-026,-6.12303176911189E-017,-1.,24.25,1.,     1667P   2321
-4.10199590793062E-010,0.,-22.2499999992821,                        1667P   2322
-4.10199590793062E-010,-1.,6.12303176911189E-017,                   1667P   2323
2.00000000984479;                                                   1667P   2324
100,0.25,24.,1.75,24.25,1.75,24.,2.;                                1669P   2325
126,1,1,1,0,1,0,0.,0.,1.,1.,1.,1.,0.,3.141592716,0.,1.,             1671P   2326
3.141592716,0.,0.,1.,0.,0.,1.;                                      1671P   2327
110,24.000000008,1.749999985,0.,-24.000000008,1.749999985,0.;       1673P   2328
126,1,1,1,0,1,0,0.,0.,1.,1.,1.,1.,1.,3.141592653,0.,1.,             1675P   2329
1.570796327,0.,0.,1.,0.,0.,1.;                                      1675P   2330
124,6.12303176911189E-017,0.,1.,-24.25,0.,1.,0.,0.,-1.,0.,          1677P   2331
6.12303176911189E-017,-23.75;                                       1677P   2332
100,0.25,-24.,1.75,-23.75,1.75,-24.,2.;                             1679P   2333
102,4,1661,1665,1671,1675;                                          1681P   2334
102,4,1663,1669,1673,1679;                                          1683P   2335
142,1,1659,1681,1683,1;                                             1685P   2336
144,1659,1,0,1685;                                                  1687P   2337
110,-24.,3.,24.75,-24.,3.,-975.25;                                  1689P   2338
110,-25.,3.,24.75,-25.,3.,0.25;                                     1691P   2339
120,1689,1691,0.,6.28318530717959;                                  1693P   2340
126,1,1,1,0,1,0,0.,0.,1.,1.,1.,1.,1.,6.283185307,0.,1.,             1695P   2341
4.71238898,0.,0.,1.,0.,0.,1.;                                       1695P   2342
100,0.25,-24.,3.,-25.,3.,-24.,2.;                                   1697P   2343
126,1,1,1,0,1,0,0.,0.,1.,1.,1.,1.,1.,4.71238898,0.,0.,              1699P   2344
4.71238898,0.,0.,1.,0.,0.,1.;                                       1699P   2345
110,-24.,2.,0.25,-24.,2.,24.75;                                     1701P   2346
126,1,1,1,0,1,0,0.,0.,1.,1.,1.,1.,0.,4.71238898,0.,0.,              1703P   2347
6.283185307,0.,0.,1.,0.,0.,1.;                                      1703P   2348
124,3.59175424293053E-010,-1.,-1.25405480385396E-024,               1705P   2349
-20.9999999913798,-1.,-3.59175424293053E-010,                       1705P   2350
6.98296672221876E-015,-20.9999999989226,-6.98296672221876E-015,     1705P   2351
-1.25405523142323E-024,-1.,49.4999999999998;                        1705P   2352
100,24.75,-24.,3.,-23.,3.,-24.,4.;                                  1707P   2353
126,1,1,1,0,1,0,0.,0.,1.,1.,1.,1.,0.,6.283185307,0.,1.,             1709P   2354
6.283185307,0.,0.,1.,0.,0.,1.;                                      1709P   2355
110,-25.,3.,24.75,-25.,3.,0.25;                                     1711P   2356
102,4,1695,1699,1703,1709;                                          1713P   2357
102,4,1697,1701,1707,1711;                                          1715P   2358
142,1,1693,1713,1715,1;                                             1717P   2359
144,1693,1,0,1717;                                                  1719P   2360
110,-25.25,3.,0.25,-25.25,1003.,0.25;                               1721P   2361
110,-25.25,3.,0.5,-25.25,32.,0.5;                                   1723P   2362
120,1721,1723,0.,6.28318530717959;                                  1725P   2363
126,1,1,1,0,1,0,0.,0.,1.,1.,1.,1.,0.,3.141592692,0.,1.,             1727P   2364
3.141592692,0.,0.,1.,0.,0.,1.;                                      1727P   2365
110,-25.250000009,2.999999993,0.,-25.250000009,32.,0.;              1729P   2366
126,1,1,1,0,1,0,0.,0.,1.,1.,1.,1.,1.,3.141592653,0.,1.,             1731P   2367
1.570796327,0.,0.,1.,0.,0.,1.;                                      1731P   2368
124,3.84706305196379E-010,1.,0.,-57.2499999902862,                  1733P   2369
-6.12303176911189E-017,2.35556892849508E-026,-1.,32.25,-1.,         1733P   2370
3.84706305196379E-010,6.12303176911189E-017,-25.0000000123106;      1733P   2371
100,0.25,-25.25,32.,-25.,32.,-25.25,32.25;                          1735P   2372
126,1,1,1,0,1,0,0.,0.,1.,1.,1.,1.,0.999999999,1.570796327,0.,       1737P   2373
0.,1.570796327,0.,0.,1.,0.,0.,1.;                                   1737P   2374
110,-25.,31.999999985,0.25,-25.,3.,0.25;                            1739P   2375
126,1,1,1,0,1,0,0.,0.,1.,1.,1.,1.,0.,1.570796327,0.,0.,             1741P   2376
3.141592653,0.,0.,1.,0.,0.,1.;                                      1741P   2377
124,1.,0.,0.,0.,0.,6.12303176911189E-017,1.,2.75,0.,-1.,            1743P   2378
6.12303176911189E-017,3.25;                                         1743P   2379
100,0.25,-25.25,3.,-25.,3.,-25.25,3.25;                             1745P   2380
102,4,1727,1731,1737,1741;                                          1747P   2381
102,4,1729,1735,1739,1745;                                          1749P   2382
142,1,1725,1747,1749,1;                                             1751P   2383
144,1725,1,0,1751;                                                  1753P   2384
110,-25.25,32.,24.75,-25.25,-968.,24.75;                            1755P   2385
110,-25.25,32.,24.5,-25.25,3.,24.5;                                 1757P   2386
120,1755,1757,0.,6.28318530717959;                                  1759P   2387
126,1,1,1,0,1,0,0.,0.,1.,1.,1.,1.,0.,3.141592692,0.,1.,             1761P   2388
3.141592692,0.,0.,1.,0.,0.,1.;                                      1761P   2389
110,-25.250000009,32.,25.,-25.250000009,2.999999993,25.;            1763P   2390
126,1,1,1,0,1,0,0.,0.,1.,1.,1.,1.,1.,3.141592654,0.,1.,             1765P   2391
1.570796327,0.,0.,1.,0.,0.,1.;                                      1765P   2392
124,-2.05100120724945E-010,1.,0.,-28.2500000051788,                 1767P   2393
-6.12303176911189E-017,-1.25583455504752E-026,1.,-21.75,1.,         1767P   2394
2.05100120724945E-010,6.12303176911189E-017,49.9999999993847;       1767P   2395
100,24.75,-25.25,3.,-25.,3.,-25.25,3.25;                            1769P   2396
126,1,1,1,0,1,0,0.,0.,1.,1.,1.,1.,1.,1.570796327,0.,1E-009,         1771P   2397
1.570796327,0.,0.,1.,0.,0.,1.;                                      1771P   2398
110,-25.,3.,24.75,-25.,31.999999985,24.75;                          1773P   2399
126,1,1,1,0,1,0,0.,0.,1.,1.,1.,1.,0.,1.570796327,0.,0.,             1775P   2400
3.141592654,0.,0.,1.,0.,0.,1.;                                      1775P   2401
124,1.,0.,0.,0.,0.,6.12303176911189E-017,-1.,56.75,0.,1.,           1777P   2402
6.12303176911189E-017,-7.25;                                        1777P   2403
100,24.75,-25.25,32.,-25.,32.,-25.25,32.25;                         1779P   2404
102,4,1761,1765,1771,1775;                                          1781P   2405
102,4,1763,1769,1773,1779;                                          1783P   2406
142,1,1759,1781,1783,1;                                             1785P   2407
144,1759,1,0,1785;                                                  1787P   2408
128,1,1,1,1,0,0,1,0,0,0.,0.,1.,1.,0.,0.,1.,1.,1.,1.,1.,1.,          1789P   2409
26.75,32.000000001,25.,26.75,0.25,25.,-26.75,32.000000001,25.,      1789P   2410
-26.75,0.25,25.,0.,1.,0.,1.;                                        1789P   2411
126,1,1,1,0,1,0,0.,0.,1.,1.,1.,1.,0.,0.028037383,0.,0.,0.,0.,       1791P   2412
0.,1.,0.,0.,1.;                                                     1791P   2413
110,25.250000005,32.000000001,25.,26.75,32.000000001,25.;           1793P   2414
126,1,1,1,0,1,0,0.,0.,1.,1.,1.,1.,0.,0.,0.,0.94488189,0.,0.,0.,     1795P   2415
1.,0.,0.,1.;                                                        1795P   2416
110,26.75,32.000000001,25.,26.75,1.999999992,25.;                   1797P   2417
126,16,2,1,0,1,0,0.,0.,0.,0.125,0.125,0.25,0.25,0.375,0.375,        1799P   2418
0.5,0.5,0.625,0.625,0.75,0.75,0.875,0.875,1.,1.,1.,1.,1.,1.,1.,     1799P   2419
1.,1.,1.,1.,1.,1.,1.,1.,1.,1.,1.,1.,1.,0.94488189,0.,0.,            1799P   2420
0.949962832,1.765E-006,0.,0.954911349,0.000546086,0.,               1799P   2421
0.960200115,0.001127833,0.,0.965170575,0.002296644,0.,              1799P   2422
0.970381141,0.003521917,0.,0.975043057,0.005331923,0.,              1799P   2423
0.979833798,0.007191945,0.,0.983856279,0.009580619,0.,              1799P   2424
0.98790312,0.011983759,0.,0.991015501,0.014810896,0.,               1799P   2425
0.994080988,0.017595437,0.,0.996130064,0.020669799,0.,              1799P   2426
0.998108478,0.023638143,0.,0.999079823,0.026758218,0.,              1799P   2427
0.999997035,0.029704409,0.,1.,0.03271028,0.,0.,1.,0.,0.,-1.;        1799P   2428
126,3,3,1,0,0,0,0.,0.,0.,0.,1.,1.,1.,1.,0.956578301977406,          1801P   2429
0.769794770035227,0.769794770035227,0.956578301977406,26.75,2.,     1801P   2430
25.,26.75,0.974873734,25.,26.025126266,0.25,25.,25.,0.25,25.,       1801P   2431
0.,1.,0.,0.,1.;                                                     1801P   2432
126,1,1,1,0,1,0,0.,0.,1.,1.,1.,1.,1.,0.03271028,0.,1.,              1803P   2433
0.96728972,0.,0.,1.,0.,0.,1.;                                       1803P   2434
110,25.00000002,0.25,25.,-25.00000002,0.25,25.;                     1805P   2435
126,16,2,1,0,1,0,0.,0.,0.,0.125,0.125,0.25,0.25,0.375,0.375,        1807P   2436
0.5,0.5,0.625,0.625,0.75,0.75,0.875,0.875,1.,1.,1.,1.,1.,1.,1.,     1807P   2437
1.,1.,1.,1.,1.,1.,1.,1.,1.,1.,1.,1.,1.,1.,0.96728972,0.,            1807P   2438
0.999997026,0.970305045,0.,0.999079823,0.973241782,0.,              1807P   2439
0.998099557,0.976380442,0.,0.996130064,0.979330201,0.,              1807P   2440
0.994065431,0.982422453,0.,0.991015501,0.985189104,0.,              1807P   2441
0.98788129,0.988032207,0.,0.983856279,0.990419381,0.,               1807P   2442
0.979806894,0.992821011,0.,0.975043057,0.994668077,0.,              1807P   2443
0.970350996,0.996487315,0.,0.965170575,0.997703356,0.,              1807P   2444
0.960168799,0.998877461,0.,0.954911349,0.999453914,0.,              1807P   2445
0.949946902,0.99999824,0.,0.94488189,1.,0.,0.,1.,0.,0.,-1.;         1807P   2446
126,3,3,1,0,0,0,0.,0.,0.,0.,1.,1.,1.,1.,0.956578301977411,          1809P   2447
0.76979477003523,0.76979477003523,0.956578301977411,-25.,0.25,      1809P   2448
25.,-26.025126266,0.25,25.,-26.75,0.974873734,25.,-26.75,2.,        1809P   2449
25.,0.,1.,0.,0.,1.;                                                 1809P   2450
126,1,1,1,0,1,0,0.,0.,1.,1.,1.,1.,0.94488189,1.,0.,0.,1.,0.,0.,     1811P   2451
1.,0.,0.,1.;                                                        1811P   2452
110,-26.75,2.,25.,-26.75,32.,25.;                                   1813P   2453
126,1,1,1,0,1,0,0.,0.,1.,1.,1.,1.,0.,1.,0.,0.,0.971962617,0.,       1815P   2454
0.,1.,0.,0.,1.;                                                     1815P   2455
110,-26.75,32.,25.,-25.250000009,32.,25.;                           1817P   2456
126,1,1,1,0,1,0,0.,0.,1.,1.,1.,1.,0.,0.971962617,0.,                1819P   2457
0.913385827,0.971962617,0.,0.,1.,0.,0.,1.;                          1819P   2458
110,-25.250000009,32.,25.,-25.250000009,2.999999993,25.;            1821P   2459
126,12,2,1,0,1,0,0.,0.,0.,0.25,0.25,0.375,0.375,0.5,0.5,0.625,      1823P   2460
0.625,0.75,0.75,1.,1.,1.,1.,1.,1.,1.,1.,1.,1.,1.,1.,1.,1.,1.,       1823P   2461
1.,0.913385827,0.971962617,0.,0.920919592,0.971958953,0.,           1823P   2462
0.927877744,0.970322157,0.,0.931603883,0.969445641,0.,              1823P   2463
0.934929518,0.968154101,0.,0.938355316,0.966823661,0.,              1823P   2464
0.941224676,0.965119317,0.,0.944118393,0.963400506,0.,              1823P   2465
0.946338406,0.961383405,0.,0.948530259,0.959391891,0.,              1823P   2466
0.949991665,0.957198475,0.,0.952749745,0.953058889,0.,              1823P   2467
0.952755905,0.948598131,0.,0.,1.,0.,0.,1.;                          1823P   2468
126,3,3,1,0,0,0,0.,0.,0.,0.,1.,1.,1.,1.,0.9565783022744,            1825P   2469
0.769794770274229,0.769794770274229,0.9565783022744,-25.25,3.,      1825P   2470
25.,-25.25,2.267766953,25.,-24.732233047,1.75,25.,-24.,1.75,        1825P   2471
25.,0.,1.,0.,0.,-1.;                                                1825P   2472
126,1,1,1,0,1,0,0.,0.,1.,1.,1.,1.,0.952755906,0.948598131,0.,       1827P   2473
0.952755906,0.051401869,0.,0.,1.,0.,0.,1.;                          1827P   2474
110,-24.000000008,1.749999984,25.,24.000000008,1.749999984,25.;     1829P   2475
126,12,2,1,0,1,0,0.,0.,0.,0.25,0.25,0.375,0.375,0.5,0.5,0.625,      1831P   2476
0.625,0.75,0.75,1.,1.,1.,1.,1.,1.,1.,1.,1.,1.,1.,1.,1.,1.,1.,       1831P   2477
1.,0.952755905,0.051401869,0.,0.952749731,0.046930896,0.,           1831P   2478
0.949991665,0.042801525,0.,0.948514702,0.040590219,0.,              1831P   2479
0.946338406,0.038616595,0.,0.944096563,0.036583527,0.,              1831P   2480
0.941224676,0.034880683,0.,0.938328412,0.033163384,0.,              1831P   2481
0.934929518,0.031845899,0.,0.931573737,0.030545127,0.,              1831P   2482
0.927877744,0.029677843,0.,0.92090238,0.028041039,0.,               1831P   2483
0.913385827,0.028037383,0.,0.,1.,0.,0.,1.;                          1831P   2484
126,3,3,1,0,0,0,0.,0.,0.,0.,1.,1.,1.,1.,0.956578302274402,          1833P   2485
0.76979477027423,0.76979477027423,0.956578302274402,24.,1.75,       1833P   2486
25.,24.732233047,1.75,25.,25.25,2.267766953,25.,25.25,3.,25.,       1833P   2487
0.,1.,0.,0.,-1.;                                                    1833P   2488
126,1,1,1,0,1,0,0.,0.,1.,1.,1.,1.,0.913385827,0.028037383,0.,       1835P   2489
0.,0.028037383,0.,0.,1.,0.,0.,1.;                                   1835P   2490
110,25.250000009,2.999999993,25.,25.250000005,32.000000001,25.;     1837P   2491
102,12,1791,1795,1799,1803,1807,1811,1815,1819,1823,1827,1831,      1839P   2492
1835;                                                               1839P   2493
102,12,1793,1797,1801,1805,1809,1813,1817,1821,1825,1829,1833,      1841P   2494
1837;                                                               1841P   2495
142,1,1789,1839,1841,1;                                             1843P   2496
144,1789,1,0,1843;                                                  1845P   2497
128,3,3,3,3,0,0,0,0,0,0.0631414564625076,0.0631414564625076,        1847P   2498
0.0631414564625076,0.0631414564625076,0.936858543664149,            1847P   2499
0.936858543664149,0.936858543664149,0.936858543664149,0.,0.,0.,     1847P   2500
0.,1.,1.,1.,1.,0.956578302510709,0.769794770253994,                 1847P   2501
0.769794770281071,0.95657830259194,0.769794770464396,               1847P   2502
0.619482991530358,0.619482991552147,0.769794770529765,              1847P   2503
0.769794770464396,0.619482991530358,0.619482991552147,              1847P   2504
0.769794770529765,0.956578302510709,0.769794770253994,              1847P   2505
0.769794770281071,0.95657830259194,-25.,0.,24.75,-25.,0.,           1847P   2506
24.896446609,-25.,0.103553391,25.,-25.,0.25,25.,-26.171572875,      1847P   2507
0.,24.75,-26.171572875,0.,24.896446609,-26.110912703,               1847P   2508
0.103553391,25.,-26.025126265,0.25,25.,-27.,0.828427125,24.75,      1847P   2509
-27.,0.828427125,24.896446609,-26.896446609,0.889087297,25.,        1847P   2510
-26.75,0.974873735,25.,-27.,2.,24.75,-27.,2.,24.896446609,          1847P   2511
-26.896446609,2.,25.,-26.75,2.,25.,0.0631414564625076,              1847P   2512
0.936858543664149,0.,1.;                                            1847P   2513
126,1,1,1,0,1,0,0.,0.,1.,1.,1.,1.,0.063141456,0.,0.,                1849P   2514
0.936858544,0.,0.,0.,1.,0.,0.,1.;                                   1849P   2515
124,8.58887693460487E-031,6.12303176911189E-017,-1.,                1851P   2516
-0.249999999999999,-1.,1.40271637621286E-014,0.,-24.75,             1851P   2517
1.40271637621286E-014,1.,6.12303176911189E-017,                     1851P   2518
24.5000000000004;                                                   1851P   2519
100,24.75,-25.,0.25,-24.75,0.25,-25.,0.5;                           1853P   2520
126,1,1,1,0,1,0,0.,0.,1.,1.,1.,1.,0.936858544,0.,0.,                1855P   2521
0.936858544,1.,0.,0.,1.,0.,0.,1.;                                   1855P   2522
126,3,3,1,0,0,0,0.,0.,0.,0.,1.,1.,1.,1.,0.956578301977411,          1857P   2523
0.76979477003523,0.76979477003523,0.956578301977411,-25.,0.25,      1857P   2524
25.,-26.025126266,0.25,25.,-26.75,0.974873734,25.,-26.75,2.,        1857P   2525
25.,0.,1.,0.,0.,1.;                                                 1857P   2526
126,1,1,1,0,1,0,0.,0.,1.,1.,1.,1.,0.936858544,1.,0.,                1859P   2527
0.063141456,1.,0.,0.,1.,0.,0.,1.;                                   1859P   2528
124,2.05072020644089E-010,-1.,0.,-24.7499999945143,                 1861P   2529
6.12303176911189E-017,1.25566249735973E-026,-1.,26.75,1.,           1861P   2530
2.05072020644089E-010,6.12303176911189E-017,51.4999999995899;       1861P   2531
100,24.75,-26.75,2.,-26.5,2.,-26.75,2.25;                           1863P   2532
126,1,1,1,0,1,0,0.,0.,1.,1.,1.,1.,0.063141456,1.,0.,                1865P   2533
0.063141456,0.,0.,0.,1.,0.,0.,1.;                                   1865P   2534
100,24.75,-25.,2.,-27.,2.,-25.,0.;                                  1867P   2535
102,4,1849,1855,1859,1865;                                          1869P   2536
102,4,1853,1857,1863,1867;                                          1871P   2537
142,1,1847,1869,1871,1;                                             1873P   2538
144,1847,1,0,1873;                                                  1875P   2539
128,1,1,1,1,0,0,1,0,0,0.,0.,1.,1.,0.,0.,1.,1.,1.,1.,1.,1.,25.,      1877P   2540
0.,0.25,-25.,0.,0.25,25.,0.,24.75,-25.,0.,24.75,0.,1.,0.,1.;        1877P   2541
126,1,1,1,0,1,0,0.,0.,1.,1.,1.,1.,1.,0.,0.,1.,1.,0.,0.,1.,0.,       1879P   2542
0.,1.;                                                              1879P   2543
110,-25.,0.,0.25,-25.,0.,24.75;                                     1881P   2544
126,1,1,1,0,1,0,0.,0.,1.,1.,1.,1.,1.,1.,0.,0.,1.,0.,0.,1.,0.,       1883P   2545
0.,1.;                                                              1883P   2546
110,-25.,0.,24.75,25.,0.,24.75;                                     1885P   2547
126,1,1,1,0,1,0,0.,0.,1.,1.,1.,1.,0.,1.,0.,0.,0.,0.,0.,1.,0.,       1887P   2548
0.,1.;                                                              1887P   2549
110,25.,0.,24.75,25.,0.,0.25;                                       1889P   2550
126,1,1,1,0,1,0,0.,0.,1.,1.,1.,1.,0.,0.,0.,1.,0.,0.,0.,1.,0.,       1891P   2551
0.,1.;                                                              1891P   2552
110,25.,0.,0.25,-25.,0.,0.25;                                       1893P   2553
102,4,1879,1883,1887,1891;                                          1895P   2554
102,4,1881,1885,1889,1893;                                          1897P   2555
142,1,1877,1895,1897,1;                                             1899P   2556
126,32,2,1,0,1,0,0.,0.,0.,0.0625,0.0625,0.125,0.125,0.1875,         1901P   2557
0.1875,0.25,0.25,0.3125,0.3125,0.375,0.375,0.4375,0.4375,0.5,       1901P   2558
0.5,0.5625,0.5625,0.625,0.625,0.6875,0.6875,0.75,0.75,0.8125,       1901P   2559
0.8125,0.875,0.875,0.9375,0.9375,1.,1.,1.,1.,1.,1.,1.,1.,1.,1.,     1901P   2560
1.,1.,1.,1.,1.,1.,1.,1.,1.,1.,1.,1.,1.,1.,1.,1.,1.,1.,1.,1.,1.,     1901P   2561
1.,1.,1.,1.,1.,0.1,0.56122449,0.,0.102954742,0.56122449,0.,         1901P   2562
0.10585271,0.560048078,0.,0.108750677,0.558871667,0.,               1901P   2563
0.111480503,0.556564053,0.,0.114210329,0.554256439,0.,              1901P   2564
0.116667107,0.550906303,0.,0.119123885,0.547556167,0.,              1901P   2565
0.121213203,0.543292252,0.,0.123302522,0.539028337,0.,              1901P   2566
0.124944088,0.534014504,0.,0.126585655,0.529000671,0.,              1901P   2567
0.127716386,0.523429598,0.,0.128847117,0.517858525,0.,              1901P   2568
0.129423558,0.511944305,0.,0.13,0.506030086,0.,0.13,0.5,0.,         1901P   2569
0.13,0.493969914,0.,0.129423558,0.488055695,0.,0.128847117,         1901P   2570
0.482141475,0.,0.127716386,0.476570402,0.,0.126585655,              1901P   2571
0.470999329,0.,0.124944088,0.465985496,0.,0.123302522,              1901P   2572
0.460971663,0.,0.121213203,0.456707748,0.,0.119123885,              1901P   2573
0.452443833,0.,0.116667107,0.449093697,0.,0.114210329,              1901P   2574
0.445743561,0.,0.111480503,0.443435947,0.,0.108750677,              1901P   2575
0.441128333,0.,0.10585271,0.439951922,0.,0.102954742,               1901P   2576
0.43877551,0.,0.1,0.43877551,0.,0.,1.,0.,0.,1.;                     1901P   2577
124,6.12303176911189E-017,-1.,0.,20.,6.12303176911189E-017,         1903P   2578
3.74915180455534E-033,-1.,12.5,1.,6.12303176911189E-017,            1903P   2579
6.12303176911189E-017,-7.5;                                         1903P   2580
100,12.5,20.,0.,21.5,0.,18.5,0.;                                    1905P   2581
126,32,2,1,0,1,0,0.,0.,0.,0.0625,0.0625,0.125,0.125,0.1875,         1907P   2582
0.1875,0.25,0.25,0.3125,0.3125,0.375,0.375,0.4375,0.4375,0.5,       1907P   2583
0.5,0.5625,0.5625,0.625,0.625,0.6875,0.6875,0.75,0.75,0.8125,       1907P   2584
0.8125,0.875,0.875,0.9375,0.9375,1.,1.,1.,1.,1.,1.,1.,1.,1.,1.,     1907P   2585
1.,1.,1.,1.,1.,1.,1.,1.,1.,1.,1.,1.,1.,1.,1.,1.,1.,1.,1.,1.,1.,     1907P   2586
1.,1.,1.,1.,1.,0.1,0.43877551,0.,0.097045258,0.43877551,0.,         1907P   2587
0.09414729,0.439951922,0.,0.091249323,0.441128333,0.,               1907P   2588
0.088519497,0.443435947,0.,0.085789671,0.445743561,0.,              1907P   2589
0.083332893,0.449093697,0.,0.080876115,0.452443833,0.,              1907P   2590
0.078786797,0.456707748,0.,0.076697478,0.460971663,0.,              1907P   2591
0.075055912,0.465985496,0.,0.073414345,0.470999329,0.,              1907P   2592
0.072283614,0.476570402,0.,0.071152883,0.482141475,0.,              1907P   2593
0.070576442,0.488055695,0.,0.07,0.493969914,0.,0.07,0.5,0.,         1907P   2594
0.07,0.506030086,0.,0.070576442,0.511944305,0.,0.071152883,         1907P   2595
0.517858525,0.,0.072283614,0.523429598,0.,0.073414345,              1907P   2596
0.529000671,0.,0.075055912,0.534014504,0.,0.076697478,              1907P   2597
0.539028337,0.,0.078786797,0.543292252,0.,0.080876115,              1907P   2598
0.547556167,0.,0.083332893,0.550906303,0.,0.085789671,              1907P   2599
0.554256439,0.,0.088519497,0.556564053,0.,0.091249323,              1907P   2600
0.558871667,0.,0.09414729,0.560048078,0.,0.097045258,               1907P   2601
0.56122449,0.,0.1,0.56122449,0.,0.,1.,0.,0.,1.;                     1907P   2602
124,1.40271637621286E-014,1.,0.,19.9999999999997,                   1909P   2603
-6.12303176911189E-017,8.58887693460487E-031,-1.,12.5,-1.,          1909P   2604
1.40271637621286E-014,6.12303176911189E-017,32.5;                   1909P   2605
100,12.5,20.,0.,21.5,0.,18.5,0.;                                    1911P   2606
102,2,1901,1907;                                                    1913P   2607
102,2,1905,1911;                                                    1915P   2608
142,1,1877,1913,1915,1;                                             1917P   2609
126,32,2,1,0,1,0,0.,0.,0.,0.0625,0.0625,0.125,0.125,0.1875,         1919P   2610
0.1875,0.25,0.25,0.3125,0.3125,0.375,0.375,0.4375,0.4375,0.5,       1919P   2611
0.5,0.5625,0.5625,0.625,0.625,0.6875,0.6875,0.75,0.75,0.8125,       1919P   2612
0.8125,0.875,0.875,0.9375,0.9375,1.,1.,1.,1.,1.,1.,1.,1.,1.,1.,     1919P   2613
1.,1.,1.,1.,1.,1.,1.,1.,1.,1.,1.,1.,1.,1.,1.,1.,1.,1.,1.,1.,1.,     1919P   2614
1.,1.,1.,1.,1.,0.9,0.56122449,0.,0.902954742,0.56122449,0.,         1919P   2615
0.90585271,0.560048078,0.,0.908750677,0.558871667,0.,               1919P   2616
0.911480503,0.556564053,0.,0.914210329,0.554256439,0.,              1919P   2617
0.916667107,0.550906303,0.,0.919123885,0.547556167,0.,              1919P   2618
0.921213203,0.543292252,0.,0.923302522,0.539028337,0.,              1919P   2619
0.924944088,0.534014504,0.,0.926585655,0.529000671,0.,              1919P   2620
0.927716386,0.523429598,0.,0.928847117,0.517858525,0.,              1919P   2621
0.929423558,0.511944305,0.,0.93,0.506030086,0.,0.93,0.5,0.,         1919P   2622
0.93,0.493969914,0.,0.929423558,0.488055695,0.,0.928847117,         1919P   2623
0.482141475,0.,0.927716386,0.476570402,0.,0.926585655,              1919P   2624
0.470999329,0.,0.924944088,0.465985496,0.,0.923302522,              1919P   2625
0.460971663,0.,0.921213203,0.456707748,0.,0.919123885,              1919P   2626
0.452443833,0.,0.916667107,0.449093697,0.,0.914210329,              1919P   2627
0.445743561,0.,0.911480503,0.443435947,0.,0.908750677,              1919P   2628
0.441128333,0.,0.90585271,0.439951922,0.,0.902954742,               1919P   2629
0.43877551,0.,0.9,0.43877551,0.,0.,1.,0.,0.,1.;                     1919P   2630
124,6.12303176911189E-017,-1.,0.,-20.,6.12303176911189E-017,        1921P   2631
3.74915180455534E-033,-1.,12.5,1.,6.12303176911189E-017,            1921P   2632
6.12303176911189E-017,32.5;                                         1921P   2633
100,12.5,-20.,0.,-18.5,0.,-21.5,0.;                                 1923P   2634
126,32,2,1,0,1,0,0.,0.,0.,0.0625,0.0625,0.125,0.125,0.1875,         1925P   2635
0.1875,0.25,0.25,0.3125,0.3125,0.375,0.375,0.4375,0.4375,0.5,       1925P   2636
0.5,0.5625,0.5625,0.625,0.625,0.6875,0.6875,0.75,0.75,0.8125,       1925P   2637
0.8125,0.875,0.875,0.9375,0.9375,1.,1.,1.,1.,1.,1.,1.,1.,1.,1.,     1925P   2638
1.,1.,1.,1.,1.,1.,1.,1.,1.,1.,1.,1.,1.,1.,1.,1.,1.,1.,1.,1.,1.,     1925P   2639
1.,1.,1.,1.,1.,0.9,0.43877551,0.,0.897045258,0.43877551,0.,         1925P   2640
0.89414729,0.439951922,0.,0.891249323,0.441128333,0.,               1925P   2641
0.888519497,0.443435947,0.,0.885789671,0.445743561,0.,              1925P   2642
0.883332893,0.449093697,0.,0.880876115,0.452443833,0.,              1925P   2643
0.878786797,0.456707748,0.,0.876697478,0.460971663,0.,              1925P   2644
0.875055912,0.465985496,0.,0.873414345,0.470999329,0.,              1925P   2645
0.872283614,0.476570402,0.,0.871152883,0.482141475,0.,              1925P   2646
0.870576442,0.488055695,0.,0.87,0.493969914,0.,0.87,0.5,0.,         1925P   2647
0.87,0.506030086,0.,0.870576442,0.511944305,0.,0.871152883,         1925P   2648
0.517858525,0.,0.872283614,0.523429598,0.,0.873414345,              1925P   2649
0.529000671,0.,0.875055912,0.534014504,0.,0.876697478,              1925P   2650
0.539028337,0.,0.878786797,0.543292252,0.,0.880876115,              1925P   2651
0.547556167,0.,0.883332893,0.550906303,0.,0.885789671,              1925P   2652
0.554256439,0.,0.888519497,0.556564053,0.,0.891249323,              1925P   2653
0.558871667,0.,0.89414729,0.560048078,0.,0.897045258,               1925P   2654
0.56122449,0.,0.9,0.56122449,0.,0.,1.,0.,0.,1.;                     1925P   2655
124,1.40271637621286E-014,1.,0.,-19.9999999999997,                  1927P   2656
-6.12303176911189E-017,8.58887693460487E-031,-1.,12.5,-1.,          1927P   2657
1.40271637621286E-014,6.12303176911189E-017,-7.5;                   1927P   2658
100,12.5,-20.,0.,-18.5,0.,-21.5,0.;                                 1929P   2659
102,2,1919,1925;                                                    1931P   2660
102,2,1923,1929;                                                    1933P   2661
142,1,1877,1931,1933,1;                                             1935P   2662
126,32,2,1,0,1,0,0.,0.,0.,0.0625,0.0625,0.125,0.125,0.1875,         1937P   2663
0.1875,0.25,0.25,0.3125,0.3125,0.375,0.375,0.4375,0.4375,0.5,       1937P   2664
0.5,0.5625,0.5625,0.625,0.625,0.6875,0.6875,0.75,0.75,0.8125,       1937P   2665
0.8125,0.875,0.875,0.9375,0.9375,1.,1.,1.,1.,1.,1.,1.,1.,1.,1.,     1937P   2666
1.,1.,1.,1.,1.,1.,1.,1.,1.,1.,1.,1.,1.,1.,1.,1.,1.,1.,1.,1.,1.,     1937P   2667
1.,1.,1.,1.,1.,0.36,0.56122449,0.,0.362954742,0.56122449,0.,        1937P   2668
0.36585271,0.560048078,0.,0.368750677,0.558871667,0.,               1937P   2669
0.371480503,0.556564053,0.,0.374210329,0.554256439,0.,              1937P   2670
0.376667107,0.550906303,0.,0.379123885,0.547556167,0.,              1937P   2671
0.381213203,0.543292252,0.,0.383302522,0.539028337,0.,              1937P   2672
0.384944088,0.534014504,0.,0.386585655,0.529000671,0.,              1937P   2673
0.387716386,0.523429598,0.,0.388847117,0.517858525,0.,              1937P   2674
0.389423558,0.511944305,0.,0.39,0.506030086,0.,0.39,0.5,0.,         1937P   2675
0.39,0.493969914,0.,0.389423558,0.488055695,0.,0.388847117,         1937P   2676
0.482141475,0.,0.387716386,0.476570402,0.,0.386585655,              1937P   2677
0.470999329,0.,0.384944088,0.465985496,0.,0.383302522,              1937P   2678
0.460971663,0.,0.381213203,0.456707748,0.,0.379123885,              1937P   2679
0.452443833,0.,0.376667107,0.449093697,0.,0.374210329,              1937P   2680
0.445743561,0.,0.371480503,0.443435947,0.,0.368750677,              1937P   2681
0.441128333,0.,0.36585271,0.439951922,0.,0.362954742,               1937P   2682
0.43877551,0.,0.36,0.43877551,0.,0.,1.,0.,0.,1.;                    1937P   2683
124,6.12303176911189E-017,-1.,0.,7.,6.12303176911189E-017,          1939P   2684
3.74915180455534E-033,-1.,12.5,1.,6.12303176911189E-017,            1939P   2685
6.12303176911189E-017,5.5;                                          1939P   2686
100,12.5,7.,0.,8.5,0.,5.5,0.;                                       1941P   2687
126,32,2,1,0,1,0,0.,0.,0.,0.0625,0.0625,0.125,0.125,0.1875,         1943P   2688
0.1875,0.25,0.25,0.3125,0.3125,0.375,0.375,0.4375,0.4375,0.5,       1943P   2689
0.5,0.5625,0.5625,0.625,0.625,0.6875,0.6875,0.75,0.75,0.8125,       1943P   2690
0.8125,0.875,0.875,0.9375,0.9375,1.,1.,1.,1.,1.,1.,1.,1.,1.,1.,     1943P   2691
1.,1.,1.,1.,1.,1.,1.,1.,1.,1.,1.,1.,1.,1.,1.,1.,1.,1.,1.,1.,1.,     1943P   2692
1.,1.,1.,1.,1.,0.36,0.43877551,0.,0.357045258,0.43877551,0.,        1943P   2693
0.35414729,0.439951922,0.,0.351249323,0.441128333,0.,               1943P   2694
0.348519497,0.443435947,0.,0.345789671,0.445743561,0.,              1943P   2695
0.343332893,0.449093697,0.,0.340876115,0.452443833,0.,              1943P   2696
0.338786797,0.456707748,0.,0.336697478,0.460971663,0.,              1943P   2697
0.335055912,0.465985496,0.,0.333414345,0.470999329,0.,              1943P   2698
0.332283614,0.476570402,0.,0.331152883,0.482141475,0.,              1943P   2699
0.330576442,0.488055695,0.,0.33,0.493969914,0.,0.33,0.5,0.,         1943P   2700
0.33,0.506030086,0.,0.330576442,0.511944305,0.,0.331152883,         1943P   2701
0.517858525,0.,0.332283614,0.523429598,0.,0.333414345,              1943P   2702
0.529000671,0.,0.335055912,0.534014504,0.,0.336697478,              1943P   2703
0.539028337,0.,0.338786797,0.543292252,0.,0.340876115,              1943P   2704
0.547556167,0.,0.343332893,0.550906303,0.,0.345789671,              1943P   2705
0.554256439,0.,0.348519497,0.556564053,0.,0.351249323,              1943P   2706
0.558871667,0.,0.35414729,0.560048078,0.,0.357045258,               1943P   2707
0.56122449,0.,0.36,0.56122449,0.,0.,1.,0.,0.,1.;                    1943P   2708
124,1.40271637621286E-014,1.,0.,6.9999999999999,                    1945P   2709
-6.12303176911189E-017,8.58887693460487E-031,-1.,12.5,-1.,          1945P   2710
1.40271637621286E-014,6.12303176911189E-017,19.5;                   1945P   2711
100,12.5,7.,0.,8.5,0.,5.5,0.;                                       1947P   2712
102,2,1937,1943;                                                    1949P   2713
102,2,1941,1947;                                                    1951P   2714
142,1,1877,1949,1951,1;                                             1953P   2715
126,32,2,1,0,1,0,0.,0.,0.,0.0625,0.0625,0.125,0.125,0.1875,         1955P   2716
0.1875,0.25,0.25,0.3125,0.3125,0.375,0.375,0.4375,0.4375,0.5,       1955P   2717
0.5,0.5625,0.5625,0.625,0.625,0.6875,0.6875,0.75,0.75,0.8125,       1955P   2718
0.8125,0.875,0.875,0.9375,0.9375,1.,1.,1.,1.,1.,1.,1.,1.,1.,1.,     1955P   2719
1.,1.,1.,1.,1.,1.,1.,1.,1.,1.,1.,1.,1.,1.,1.,1.,1.,1.,1.,1.,1.,     1955P   2720
1.,1.,1.,1.,1.,0.5,0.846938776,0.,0.502954742,0.846938776,0.,       1955P   2721
0.50585271,0.845762364,0.,0.508750677,0.844585953,0.,               1955P   2722
0.511480503,0.842278339,0.,0.514210329,0.839970725,0.,              1955P   2723
0.516667107,0.836620589,0.,0.519123885,0.833270452,0.,              1955P   2724
0.521213203,0.829006538,0.,0.523302522,0.824742623,0.,              1955P   2725
0.524944088,0.81972879,0.,0.526585655,0.814714957,0.,               1955P   2726
0.527716386,0.809143884,0.,0.528847117,0.803572811,0.,              1955P   2727
0.529423558,0.797658591,0.,0.53,0.791744372,0.,0.53,                1955P   2728
0.785714286,0.,0.53,0.7796842,0.,0.529423558,0.77376998,0.,         1955P   2729
0.528847117,0.767855761,0.,0.527716386,0.762284688,0.,              1955P   2730
0.526585655,0.756713615,0.,0.524944088,0.751699782,0.,              1955P   2731
0.523302522,0.746685948,0.,0.521213203,0.742422034,0.,              1955P   2732
0.519123885,0.738158119,0.,0.516667107,0.734807983,0.,              1955P   2733
0.514210329,0.731457847,0.,0.511480503,0.729150233,0.,              1955P   2734
0.508750677,0.726842619,0.,0.50585271,0.725666207,0.,               1955P   2735
0.502954742,0.724489796,0.,0.5,0.724489796,0.,0.,1.,0.,0.,1.;       1955P   2736
124,6.12303176911189E-017,-1.,0.,0.,6.12303176911189E-017,          1957P   2737
3.74915180455534E-033,-1.,19.5,1.,6.12303176911189E-017,            1957P   2738
6.12303176911189E-017,19.5;                                         1957P   2739
100,19.5,0.,0.,1.5,0.,-1.5,0.;                                      1959P   2740
126,32,2,1,0,1,0,0.,0.,0.,0.0625,0.0625,0.125,0.125,0.1875,         1961P   2741
0.1875,0.25,0.25,0.3125,0.3125,0.375,0.375,0.4375,0.4375,0.5,       1961P   2742
0.5,0.5625,0.5625,0.625,0.625,0.6875,0.6875,0.75,0.75,0.8125,       1961P   2743
0.8125,0.875,0.875,0.9375,0.9375,1.,1.,1.,1.,1.,1.,1.,1.,1.,1.,     1961P   2744
1.,1.,1.,1.,1.,1.,1.,1.,1.,1.,1.,1.,1.,1.,1.,1.,1.,1.,1.,1.,1.,     1961P   2745
1.,1.,1.,1.,1.,0.5,0.724489796,0.,0.497045258,0.724489796,0.,       1961P   2746
0.49414729,0.725666207,0.,0.491249323,0.726842619,0.,               1961P   2747
0.488519497,0.729150233,0.,0.485789671,0.731457847,0.,              1961P   2748
0.483332893,0.734807983,0.,0.480876115,0.738158119,0.,              1961P   2749
0.478786797,0.742422034,0.,0.476697478,0.746685948,0.,              1961P   2750
0.475055912,0.751699782,0.,0.473414345,0.756713615,0.,              1961P   2751
0.472283614,0.762284688,0.,0.471152883,0.767855761,0.,              1961P   2752
0.470576442,0.77376998,0.,0.47,0.7796842,0.,0.47,0.785714286,       1961P   2753
0.,0.47,0.791744372,0.,0.470576442,0.797658591,0.,0.471152883,      1961P   2754
0.803572811,0.,0.472283614,0.809143884,0.,0.473414345,              1961P   2755
0.814714957,0.,0.475055912,0.81972879,0.,0.476697478,               1961P   2756
0.824742623,0.,0.478786797,0.829006538,0.,0.480876115,              1961P   2757
0.833270452,0.,0.483332893,0.836620589,0.,0.485789671,              1961P   2758
0.839970725,0.,0.488519497,0.842278339,0.,0.491249323,              1961P   2759
0.844585953,0.,0.49414729,0.845762364,0.,0.497045258,               1961P   2760
0.846938776,0.,0.5,0.846938776,0.,0.,1.,0.,0.,1.;                   1961P   2761
124,1.40271637621286E-014,1.,0.,0.,-6.12303176911189E-017,          1963P   2762
8.58887693460487E-031,-1.,19.5,-1.,1.40271637621286E-014,           1963P   2763
6.12303176911189E-017,19.5;                                         1963P   2764
100,19.5,0.,0.,1.5,0.,-1.5,0.;                                      1965P   2765
102,2,1955,1961;                                                    1967P   2766
102,2,1959,1965;                                                    1969P   2767
142,1,1877,1967,1969,1;                                             1971P   2768
126,32,2,1,0,1,0,0.,0.,0.,0.0625,0.0625,0.125,0.125,0.1875,         1973P   2769
0.1875,0.25,0.25,0.3125,0.3125,0.375,0.375,0.4375,0.4375,0.5,       1973P   2770
0.5,0.5625,0.5625,0.625,0.625,0.6875,0.6875,0.75,0.75,0.8125,       1973P   2771
0.8125,0.875,0.875,0.9375,0.9375,1.,1.,1.,1.,1.,1.,1.,1.,1.,1.,     1973P   2772
1.,1.,1.,1.,1.,1.,1.,1.,1.,1.,1.,1.,1.,1.,1.,1.,1.,1.,1.,1.,1.,     1973P   2773
1.,1.,1.,1.,1.,0.5,0.275510204,0.,0.502954742,0.275510204,0.,       1973P   2774
0.50585271,0.274333793,0.,0.508750677,0.273157381,0.,               1973P   2775
0.511480503,0.270849767,0.,0.514210329,0.268542153,0.,              1973P   2776
0.516667107,0.265192017,0.,0.519123885,0.261841881,0.,              1973P   2777
0.521213203,0.257577966,0.,0.523302522,0.253314052,0.,              1973P   2778
0.524944088,0.248300218,0.,0.526585655,0.243286385,0.,              1973P   2779
0.527716386,0.237715312,0.,0.528847117,0.232144239,0.,              1973P   2780
0.529423558,0.22623002,0.,0.53,0.2203158,0.,0.53,0.214285714,       1973P   2781
0.,0.53,0.208255628,0.,0.529423558,0.202341409,0.,0.528847117,      1973P   2782
0.196427189,0.,0.527716386,0.190856116,0.,0.526585655,              1973P   2783
0.185285043,0.,0.524944088,0.18027121,0.,0.523302522,               1973P   2784
0.175257377,0.,0.521213203,0.170993462,0.,0.519123885,              1973P   2785
0.166729548,0.,0.516667107,0.163379411,0.,0.514210329,              1973P   2786
0.160029275,0.,0.511480503,0.157721661,0.,0.508750677,              1973P   2787
0.155414047,0.,0.50585271,0.154237636,0.,0.502954742,               1973P   2788
0.153061224,0.,0.5,0.153061224,0.,0.,1.,0.,0.,1.;                   1973P   2789
124,6.12303176911189E-017,-1.,0.,0.,6.12303176911189E-017,          1975P   2790
3.74915180455534E-033,-1.,5.5,1.,6.12303176911189E-017,             1975P   2791
6.12303176911189E-017,5.5;                                          1975P   2792
100,5.5,0.,0.,1.5,0.,-1.5,0.;                                       1977P   2793
126,32,2,1,0,1,0,0.,0.,0.,0.0625,0.0625,0.125,0.125,0.1875,         1979P   2794
0.1875,0.25,0.25,0.3125,0.3125,0.375,0.375,0.4375,0.4375,0.5,       1979P   2795
0.5,0.5625,0.5625,0.625,0.625,0.6875,0.6875,0.75,0.75,0.8125,       1979P   2796
0.8125,0.875,0.875,0.9375,0.9375,1.,1.,1.,1.,1.,1.,1.,1.,1.,1.,     1979P   2797
1.,1.,1.,1.,1.,1.,1.,1.,1.,1.,1.,1.,1.,1.,1.,1.,1.,1.,1.,1.,1.,     1979P   2798
1.,1.,1.,1.,1.,0.5,0.153061224,0.,0.497045258,0.153061224,0.,       1979P   2799
0.49414729,0.154237636,0.,0.491249323,0.155414047,0.,               1979P   2800
0.488519497,0.157721661,0.,0.485789671,0.160029275,0.,              1979P   2801
0.483332893,0.163379411,0.,0.480876115,0.166729548,0.,              1979P   2802
0.478786797,0.170993462,0.,0.476697478,0.175257377,0.,              1979P   2803
0.475055912,0.18027121,0.,0.473414345,0.185285043,0.,               1979P   2804
0.472283614,0.190856116,0.,0.471152883,0.196427189,0.,              1979P   2805
0.470576442,0.202341409,0.,0.47,0.208255628,0.,0.47,                1979P   2806
0.214285714,0.,0.47,0.2203158,0.,0.470576442,0.22623002,0.,         1979P   2807
0.471152883,0.232144239,0.,0.472283614,0.237715312,0.,              1979P   2808
0.473414345,0.243286385,0.,0.475055912,0.248300218,0.,              1979P   2809
0.476697478,0.253314052,0.,0.478786797,0.257577966,0.,              1979P   2810
0.480876115,0.261841881,0.,0.483332893,0.265192017,0.,              1979P   2811
0.485789671,0.268542153,0.,0.488519497,0.270849767,0.,              1979P   2812
0.491249323,0.273157381,0.,0.49414729,0.274333793,0.,               1979P   2813
0.497045258,0.275510204,0.,0.5,0.275510204,0.,0.,1.,0.,0.,1.;       1979P   2814
124,1.40271637621286E-014,1.,0.,0.,-6.12303176911189E-017,          1981P   2815
8.58887693460487E-031,-1.,5.5,-1.,1.40271637621286E-014,            1981P   2816
6.12303176911189E-017,5.5;                                          1981P   2817
100,5.5,0.,0.,1.5,0.,-1.5,0.;                                       1983P   2818
102,2,1973,1979;                                                    1985P   2819
102,2,1977,1983;                                                    1987P   2820
142,1,1877,1985,1987,1;                                             1989P   2821
126,32,2,1,0,1,0,0.,0.,0.,0.0625,0.0625,0.125,0.125,0.1875,         1991P   2822
0.1875,0.25,0.25,0.3125,0.3125,0.375,0.375,0.4375,0.4375,0.5,       1991P   2823
0.5,0.5625,0.5625,0.625,0.625,0.6875,0.6875,0.75,0.75,0.8125,       1991P   2824
0.8125,0.875,0.875,0.9375,0.9375,1.,1.,1.,1.,1.,1.,1.,1.,1.,1.,     1991P   2825
1.,1.,1.,1.,1.,1.,1.,1.,1.,1.,1.,1.,1.,1.,1.,1.,1.,1.,1.,1.,1.,     1991P   2826
1.,1.,1.,1.,1.,0.64,0.56122449,0.,0.642954742,0.56122449,0.,        1991P   2827
0.64585271,0.560048078,0.,0.648750677,0.558871667,0.,               1991P   2828
0.651480503,0.556564053,0.,0.654210329,0.554256439,0.,              1991P   2829
0.656667107,0.550906303,0.,0.659123885,0.547556167,0.,              1991P   2830
0.661213203,0.543292252,0.,0.663302522,0.539028337,0.,              1991P   2831
0.664944088,0.534014504,0.,0.666585655,0.529000671,0.,              1991P   2832
0.667716386,0.523429598,0.,0.668847117,0.517858525,0.,              1991P   2833
0.669423558,0.511944305,0.,0.67,0.506030086,0.,0.67,0.5,0.,         1991P   2834
0.67,0.493969914,0.,0.669423558,0.488055695,0.,0.668847117,         1991P   2835
0.482141475,0.,0.667716386,0.476570402,0.,0.666585655,              1991P   2836
0.470999329,0.,0.664944088,0.465985496,0.,0.663302522,              1991P   2837
0.460971663,0.,0.661213203,0.456707748,0.,0.659123885,              1991P   2838
0.452443833,0.,0.656667107,0.449093697,0.,0.654210329,              1991P   2839
0.445743561,0.,0.651480503,0.443435947,0.,0.648750677,              1991P   2840
0.441128333,0.,0.64585271,0.439951922,0.,0.642954742,               1991P   2841
0.43877551,0.,0.64,0.43877551,0.,0.,1.,0.,0.,1.;                    1991P   2842
124,6.12303176911189E-017,-1.,0.,-7.,6.12303176911189E-017,         1993P   2843
3.74915180455534E-033,-1.,12.5,1.,6.12303176911189E-017,            1993P   2844
6.12303176911189E-017,19.5;                                         1993P   2845
100,12.5,-7.,0.,-5.5,0.,-8.5,0.;                                    1995P   2846
126,32,2,1,0,1,0,0.,0.,0.,0.0625,0.0625,0.125,0.125,0.1875,         1997P   2847
0.1875,0.25,0.25,0.3125,0.3125,0.375,0.375,0.4375,0.4375,0.5,       1997P   2848
0.5,0.5625,0.5625,0.625,0.625,0.6875,0.6875,0.75,0.75,0.8125,       1997P   2849
0.8125,0.875,0.875,0.9375,0.9375,1.,1.,1.,1.,1.,1.,1.,1.,1.,1.,     1997P   2850
1.,1.,1.,1.,1.,1.,1.,1.,1.,1.,1.,1.,1.,1.,1.,1.,1.,1.,1.,1.,1.,     1997P   2851
1.,1.,1.,1.,1.,0.64,0.43877551,0.,0.637045258,0.43877551,0.,        1997P   2852
0.63414729,0.439951922,0.,0.631249323,0.441128333,0.,               1997P   2853
0.628519497,0.443435947,0.,0.625789671,0.445743561,0.,              1997P   2854
0.623332893,0.449093697,0.,0.620876115,0.452443833,0.,              1997P   2855
0.618786797,0.456707748,0.,0.616697478,0.460971663,0.,              1997P   2856
0.615055912,0.465985496,0.,0.613414345,0.470999329,0.,              1997P   2857
0.612283614,0.476570402,0.,0.611152883,0.482141475,0.,              1997P   2858
0.610576442,0.488055695,0.,0.61,0.493969914,0.,0.61,0.5,0.,         1997P   2859
0.61,0.506030086,0.,0.610576442,0.511944305,0.,0.611152883,         1997P   2860
0.517858525,0.,0.612283614,0.523429598,0.,0.613414345,              1997P   2861
0.529000671,0.,0.615055912,0.534014504,0.,0.616697478,              1997P   2862
0.539028337,0.,0.618786797,0.543292252,0.,0.620876115,              1997P   2863
0.547556167,0.,0.623332893,0.550906303,0.,0.625789671,              1997P   2864
0.554256439,0.,0.628519497,0.556564053,0.,0.631249323,              1997P   2865
0.558871667,0.,0.63414729,0.560048078,0.,0.637045258,               1997P   2866
0.56122449,0.,0.64,0.56122449,0.,0.,1.,0.,0.,1.;                    1997P   2867
124,1.40271637621286E-014,1.,0.,-6.9999999999999,                   1999P   2868
-6.12303176911189E-017,8.58887693460487E-031,-1.,12.5,-1.,          1999P   2869
1.40271637621286E-014,6.12303176911189E-017,5.5;                    1999P   2870
100,12.5,-7.,0.,-5.5,0.,-8.5,0.;                                    2001P   2871
102,2,1991,1997;                                                    2003P   2872
102,2,1995,2001;                                                    2005P   2873
142,1,1877,2003,2005,1;                                             2007P   2874
126,32,2,1,0,1,0,0.,0.,0.,0.0625,0.0625,0.125,0.125,0.1875,         2009P   2875
0.1875,0.25,0.25,0.3125,0.3125,0.375,0.375,0.4375,0.4375,0.5,       2009P   2876
0.5,0.5625,0.5625,0.625,0.625,0.6875,0.6875,0.75,0.75,0.8125,       2009P   2877
0.8125,0.875,0.875,0.9375,0.9375,1.,1.,1.,1.,1.,1.,1.,1.,1.,1.,     2009P   2878
1.,1.,1.,1.,1.,1.,1.,1.,1.,1.,1.,1.,1.,1.,1.,1.,1.,1.,1.,1.,1.,     2009P   2879
1.,1.,1.,1.,1.,0.5,0.663265306,0.,0.507879312,0.663265306,0.,       2009P   2880
0.515607226,0.660128209,0.,0.523335139,0.656991112,0.,              2009P   2881
0.530614675,0.650837475,0.,0.53789421,0.644683837,0.,               2009P   2882
0.544445619,0.635750141,0.,0.550997027,0.626816444,0.,              2009P   2883
0.556568542,0.615446005,0.,0.562140058,0.604075566,0.,              2009P   2884
0.566517569,0.590705344,0.,0.57089508,0.577335122,0.,               2009P   2885
0.573910363,0.562478928,0.,0.576925645,0.547622733,0.,              2009P   2886
0.578462822,0.531851481,0.,0.58,0.516080229,0.,0.58,0.5,0.,         2009P   2887
0.58,0.483919771,0.,0.578462822,0.468148519,0.,0.576925645,         2009P   2888
0.452377267,0.,0.573910363,0.437521072,0.,0.57089508,               2009P   2889
0.422664878,0.,0.566517569,0.409294656,0.,0.562140058,              2009P   2890
0.395924434,0.,0.556568542,0.384553995,0.,0.550997027,              2009P   2891
0.373183556,0.,0.544445619,0.364249859,0.,0.53789421,               2009P   2892
0.355316163,0.,0.530614675,0.349162525,0.,0.523335139,              2009P   2893
0.343008888,0.,0.515607226,0.339871791,0.,0.507879312,              2009P   2894
0.336734694,0.,0.5,0.336734694,0.,0.,1.,0.,0.,1.;                   2009P   2895
124,6.12303176911189E-017,-1.,0.,0.,6.12303176911189E-017,          2011P   2896
3.74915180455534E-033,-1.,12.5,1.,6.12303176911189E-017,            2011P   2897
6.12303176911189E-017,12.5;                                         2011P   2898
100,12.5,0.,0.,4.,0.,-4.,0.;                                        2013P   2899
126,32,2,1,0,1,0,0.,0.,0.,0.0625,0.0625,0.125,0.125,0.1875,         2015P   2900
0.1875,0.25,0.25,0.3125,0.3125,0.375,0.375,0.4375,0.4375,0.5,       2015P   2901
0.5,0.5625,0.5625,0.625,0.625,0.6875,0.6875,0.75,0.75,0.8125,       2015P   2902
0.8125,0.875,0.875,0.9375,0.9375,1.,1.,1.,1.,1.,1.,1.,1.,1.,1.,     2015P   2903
1.,1.,1.,1.,1.,1.,1.,1.,1.,1.,1.,1.,1.,1.,1.,1.,1.,1.,1.,1.,1.,     2015P   2904
1.,1.,1.,1.,1.,0.5,0.336734694,0.,0.492120688,0.336734694,0.,       2015P   2905
0.484392774,0.339871791,0.,0.476664861,0.343008888,0.,              2015P   2906
0.469385325,0.349162525,0.,0.46210579,0.355316163,0.,               2015P   2907
0.455554381,0.364249859,0.,0.449002973,0.373183556,0.,              2015P   2908
0.443431458,0.384553995,0.,0.437859942,0.395924434,0.,              2015P   2909
0.433482431,0.409294656,0.,0.42910492,0.422664878,0.,               2015P   2910
0.426089637,0.437521072,0.,0.423074355,0.452377267,0.,              2015P   2911
0.421537178,0.468148519,0.,0.42,0.483919771,0.,0.42,0.5,0.,         2015P   2912
0.42,0.516080229,0.,0.421537178,0.531851481,0.,0.423074355,         2015P   2913
0.547622733,0.,0.426089637,0.562478928,0.,0.42910492,               2015P   2914
0.577335122,0.,0.433482431,0.590705344,0.,0.437859942,              2015P   2915
0.604075566,0.,0.443431458,0.615446005,0.,0.449002973,              2015P   2916
0.626816444,0.,0.455554381,0.635750141,0.,0.46210579,               2015P   2917
0.644683837,0.,0.469385325,0.650837475,0.,0.476664861,              2015P   2918
0.656991112,0.,0.484392774,0.660128209,0.,0.492120688,              2015P   2919
0.663265306,0.,0.5,0.663265306,0.,0.,1.,0.,0.,1.;                   2015P   2920
124,1.40271637621286E-014,1.,0.,0.,-6.12303176911189E-017,          2017P   2921
8.58887693460487E-031,-1.,12.5,-1.,1.40271637621286E-014,           2017P   2922
6.12303176911189E-017,12.5;                                         2017P   2923
100,12.5,0.,0.,4.,0.,-4.,0.;                                        2019P   2924
102,2,2009,2015;                                                    2021P   2925
102,2,2013,2019;                                                    2023P   2926
142,1,1877,2021,2023,1;                                             2025P   2927
144,1877,1,7,1899,1917,1935,1953,1971,1989,2007,2025;               2027P   2928
128,3,3,3,3,0,0,0,0,0,0.0631414567002303,0.0631414567002303,        2029P   2929
0.0631414567002303,0.0631414567002303,0.936858543537495,            2029P   2930
0.936858543537495,0.936858543537495,0.936858543537495,0.,0.,0.,     2029P   2931
0.,1.,1.,1.,1.,0.956578302358248,0.769794770281068,                 2029P   2932
0.769794770331889,0.956578302510711,0.769794770341704,              2029P   2933
0.619482991552146,0.619482991593043,0.769794770464397,              2029P   2934
0.769794770341704,0.619482991552146,0.619482991593043,              2029P   2935
0.769794770464397,0.956578302358248,0.769794770281068,              2029P   2936
0.769794770331889,0.956578302510711,-25.,0.25,0.,-25.,              2029P   2937
0.103553391,0.,-25.,0.,0.103553391,-25.,0.,0.25,-26.025126265,      2029P   2938
0.25,0.,-26.110912703,0.103553391,0.,-26.171572875,0.,              2029P   2939
0.103553391,-26.171572875,0.,0.25,-26.75,0.974873735,0.,            2029P   2940
-26.896446609,0.889087297,0.,-27.,0.828427125,0.103553391,-27.,     2029P   2941
0.828427125,0.25,-26.75,2.,0.,-26.896446609,2.,0.,-27.,2.,          2029P   2942
0.103553391,-27.,2.,0.25,0.0631414567002303,0.936858543537495,      2029P   2943
0.,1.;                                                              2029P   2944
126,1,1,1,0,1,0,0.,0.,1.,1.,1.,1.,0.936858544,1.,0.,                2031P   2945
0.063141457,1.,0.,0.,1.,0.,0.,1.;                                   2031P   2946
124,-1.,6.98296672221876E-015,0.,-53.5,-4.27569270827966E-031,      2033P   2947
-6.12303176911189E-017,-1.,2.25,-6.98296672221876E-015,-1.,         2033P   2948
6.12303176911189E-017,2.24999999999982;                             2033P   2949
100,0.25,-26.75,2.,-26.5,2.,-26.75,2.25;                            2035P   2950
126,1,1,1,0,1,0,0.,0.,1.,1.,1.,1.,0.063141457,1.,0.,                2037P   2951
0.063141457,0.,0.,0.,1.,0.,0.,1.;                                   2037P   2952
126,5,3,1,0,1,0,0.,0.,0.,0.,0.5,0.5,1.,1.,1.,1.,1.,1.,1.,1.,1.,     2039P   2953
1.,-26.75,2.,0.,-26.749748184,1.569813564,0.,-26.580284837,         2039P   2954
1.105195666,0.,-25.894588898,0.4199306,0.,-25.428837683,            2039P   2955
0.250251026,0.,-25.,0.25,0.,0.,1.,0.,0.,-1.;                        2039P   2956
126,1,1,1,0,1,0,0.,0.,1.,1.,1.,1.,0.063141457,0.,0.,                2041P   2957
0.936858544,0.,0.,0.,1.,0.,0.,1.;                                   2041P   2958
124,-6.12303176911189E-017,8.62636845265042E-031,-1.,-24.75,        2043P   2959
-1.40883940798198E-014,-1.,0.,0.499999999999648,-1.,                2043P   2960
1.40883940798198E-014,6.12303176911189E-017,-24.75;                 2043P   2961
100,0.25,-25.,0.25,-24.75,0.25,-25.,0.5;                            2045P   2962
126,1,1,1,0,1,0,0.,0.,1.,1.,1.,1.,0.936858544,0.,0.,                2047P   2963
0.936858544,1.,0.,0.,1.,0.,0.,1.;                                   2047P   2964
124,-1.50169861354993E-014,-1.,3.02837907624942E-030,               2049P   2965
-23.0000000000004,-1.,1.50169861354993E-014,                        2049P   2966
6.98296672221876E-015,-23.,-6.98296672221876E-015,                  2049P   2967
1.01834735375963E-028,-1.,0.499999999999825;                        2049P   2968
100,0.25,-25.,2.,-23.,2.,-25.,4.;                                   2051P   2969
102,4,2031,2037,2041,2047;                                          2053P   2970
102,4,2035,2039,2045,2051;                                          2055P   2971
142,1,2029,2053,2055,1;                                             2057P   2972
144,2029,1,0,2057;                                                  2059P   2973
128,1,1,1,1,0,0,1,0,0,0.,0.,1.,1.,0.,0.,1.,1.,1.,1.,1.,1.,          2061P   2974
-26.75,0.25,0.,-26.75,32.000000002,0.,26.75,0.25,0.,26.75,          2061P   2975
32.000000002,0.,0.,1.,0.,1.;                                        2061P   2976
126,12,2,1,0,1,0,0.,0.,0.,0.25,0.25,0.375,0.375,0.5,0.5,0.625,      2063P   2977
0.625,0.75,0.75,1.,1.,1.,1.,1.,1.,1.,1.,1.,1.,1.,1.,1.,1.,1.,       2063P   2978
1.,0.086614173,0.028037383,0.,0.07909762,0.028041039,0.,            2063P   2979
0.072122256,0.029677843,0.,0.068426263,0.030545127,0.,              2063P   2980
0.065070482,0.031845899,0.,0.061671588,0.033163384,0.,              2063P   2981
0.058775324,0.034880683,0.,0.055903437,0.036583527,0.,              2063P   2982
0.053661594,0.038616595,0.,0.051485298,0.040590219,0.,              2063P   2983
0.050008335,0.042801525,0.,0.047250269,0.046930896,0.,              2063P   2984
0.047244094,0.051401869,0.,0.,1.,0.,0.,1.;                          2063P   2985
126,9,3,1,0,1,0,0.,0.,0.,0.,0.25,0.25,0.5,0.5,0.75,0.75,1.,1.,      2065P   2986
1.,1.,1.,1.,1.,1.,1.,1.,1.,1.,1.,1.,-25.25,3.,0.,-25.249869609,     2065P   2987
2.840899626,0.,-25.224101589,2.696345314,0.,-25.100369163,          2065P   2988
2.383417913,0.,-25.005353059,2.237693047,0.,-24.762413893,          2065P   2989
1.994540001,0.,-24.607399284,1.896143684,0.,-24.312837489,          2065P   2990
1.779385564,0.,-24.159464694,1.75013069,0.,-24.,1.75,0.,0.,1.,      2065P   2991
0.,0.,-1.;                                                          2065P   2992
126,1,1,1,0,1,0,0.,0.,1.,1.,1.,1.,0.047244094,0.051401869,0.,       2067P   2993
0.047244094,0.948598131,0.,0.,1.,0.,0.,1.;                          2067P   2994
110,-24.000000008,1.749999985,0.,24.000000008,1.749999985,0.;       2069P   2995
126,12,2,1,0,1,0,0.,0.,0.,0.25,0.25,0.375,0.375,0.5,0.5,0.625,      2071P   2996
0.625,0.75,0.75,1.,1.,1.,1.,1.,1.,1.,1.,1.,1.,1.,1.,1.,1.,1.,       2071P   2997
1.,0.047244094,0.948598131,0.,0.047250255,0.953058889,0.,           2071P   2998
0.050008335,0.957198475,0.,0.051469741,0.959391891,0.,              2071P   2999
0.053661594,0.961383405,0.,0.055881607,0.963400506,0.,              2071P   3000
0.058775324,0.965119317,0.,0.061644684,0.966823661,0.,              2071P   3001
0.065070482,0.968154101,0.,0.068396117,0.969445641,0.,              2071P   3002
0.072122256,0.970322157,0.,0.079080408,0.971958953,0.,              2071P   3003
0.086614173,0.971962617,0.,0.,1.,0.,0.,1.;                          2071P   3004
126,9,3,1,0,1,0,0.,0.,0.,0.,0.25,0.25,0.5,0.5,0.75,0.75,1.,1.,      2073P   3005
1.,1.,1.,1.,1.,1.,1.,1.,1.,1.,1.,1.,24.,1.75,0.,24.159100374,       2073P   3006
1.750130391,0.,24.303654686,1.775898411,0.,24.616582087,            2073P   3007
1.899630837,0.,24.762306953,1.994646941,0.,25.005459999,            2073P   3008
2.237586107,0.,25.103856316,2.392600716,0.,25.220614436,            2073P   3009
2.687162511,0.,25.24986931,2.840535306,0.,25.25,3.,0.,0.,1.,0.,     2073P   3010
0.,-1.;                                                             2073P   3011
126,1,1,1,0,1,0,0.,0.,1.,1.,1.,1.,0.086614173,0.971962617,0.,       2075P   3012
1.,0.971962617,0.,0.,1.,0.,0.,1.;                                   2075P   3013
110,25.250000009,2.999999993,0.,25.250000005,32.000000002,0.;       2077P   3014
126,1,1,1,0,1,0,0.,0.,1.,1.,1.,1.,1.,0.971962617,0.,1.,1.,0.,       2079P   3015
0.,1.,0.,0.,1.;                                                     2079P   3016
110,25.250000005,32.000000002,0.,26.75,32.000000002,0.;             2081P   3017
126,1,1,1,0,1,0,0.,0.,1.,1.,1.,1.,1.,1.,0.,0.05511811,1.,0.,0.,     2083P   3018
1.,0.,0.,1.;                                                        2083P   3019
110,26.75,32.000000002,0.,26.75,1.999999993,0.;                     2085P   3020
126,16,2,1,0,1,0,0.,0.,0.,0.125,0.125,0.25,0.25,0.375,0.375,        2087P   3021
0.5,0.5,0.625,0.625,0.75,0.75,0.875,0.875,1.,1.,1.,1.,1.,1.,1.,     2087P   3022
1.,1.,1.,1.,1.,1.,1.,1.,1.,1.,1.,1.,1.,0.05511811,1.,0.,            2087P   3023
0.050053098,0.99999824,0.,0.045088651,0.999453914,0.,               2087P   3024
0.039831201,0.998877461,0.,0.034829425,0.997703356,0.,              2087P   3025
0.029649004,0.996487315,0.,0.024956943,0.994668077,0.,              2087P   3026
0.020193106,0.992821011,0.,0.016143721,0.990419381,0.,              2087P   3027
0.01211871,0.988032207,0.,0.008984499,0.985189104,0.,               2087P   3028
0.005934569,0.982422453,0.,0.003869936,0.979330201,0.,              2087P   3029
0.001900443,0.976380442,0.,0.000920177,0.973241782,0.,              2087P   3030
2.974E-006,0.970305045,0.,0.,0.96728972,0.,0.,1.,0.,0.,-1.;         2087P   3031
126,5,3,1,0,1,0,0.,0.,0.,0.,0.5,0.5,1.,1.,1.,1.,1.,1.,1.,1.,1.,     2089P   3032
1.,26.75,2.,0.,26.749748974,1.571162317,0.,26.57800699,             2089P   3033
1.103347395,0.,25.896866745,0.421778871,0.,25.430186436,            2089P   3034
0.250251816,0.,25.,0.25,0.,0.,1.,0.,0.,1.;                          2089P   3035
126,1,1,1,0,1,0,0.,0.,1.,1.,1.,1.,0.,0.96728972,0.,0.,              2091P   3036
0.03271028,0.,0.,1.,0.,0.,1.;                                       2091P   3037
110,25.00000002,0.25,0.,-25.00000002,0.25,0.;                       2093P   3038
126,16,2,1,0,1,0,0.,0.,0.,0.125,0.125,0.25,0.25,0.375,0.375,        2095P   3039
0.5,0.5,0.625,0.625,0.75,0.75,0.875,0.875,1.,1.,1.,1.,1.,1.,1.,     2095P   3040
1.,1.,1.,1.,1.,1.,1.,1.,1.,1.,1.,1.,1.,0.,0.03271028,0.,            2095P   3041
2.965E-006,0.029704409,0.,0.000920177,0.026758218,0.,               2095P   3042
0.001891522,0.023638143,0.,0.003869936,0.020669799,0.,              2095P   3043
0.005919012,0.017595437,0.,0.008984499,0.014810896,0.,              2095P   3044
0.01209688,0.011983759,0.,0.016143721,0.009580619,0.,               2095P   3045
0.020166202,0.007191945,0.,0.024956943,0.005331923,0.,              2095P   3046
0.029618859,0.003521917,0.,0.034829425,0.002296644,0.,              2095P   3047
0.039799885,0.001127833,0.,0.045088651,0.000546086,0.,              2095P   3048
0.050037168,1.765E-006,0.,0.05511811,0.,0.,0.,1.,0.,0.,-1.;         2095P   3049
126,5,3,1,0,1,0,0.,0.,0.,0.,0.5,0.5,1.,1.,1.,1.,1.,1.,1.,1.,1.,     2097P   3050
1.,-25.,0.25,0.,-25.428837683,0.250251026,0.,-25.896652605,         2097P   3051
0.42199301,0.,-26.578221129,1.103133255,0.,-26.749748184,           2097P   3052
1.569813564,0.,-26.75,2.,0.,0.,1.,0.,0.,1.;                         2097P   3053
126,1,1,1,0,1,0,0.,0.,1.,1.,1.,1.,0.05511811,0.,0.,1.,0.,0.,0.,     2099P   3054
1.,0.,0.,1.;                                                        2099P   3055
110,-26.75,2.,0.,-26.75,32.000000001,0.;                            2101P   3056
126,1,1,1,0,1,0,0.,0.,1.,1.,1.,1.,1.,0.,0.,1.,0.028037383,0.,       2103P   3057
0.,1.,0.,0.,1.;                                                     2103P   3058
110,-26.75,32.,0.,-25.250000009,32.,0.;                             2105P   3059
126,1,1,1,0,1,0,0.,0.,1.,1.,1.,1.,1.,0.028037383,0.,                2107P   3060
0.086614173,0.028037383,0.,0.,1.,0.,0.,1.;                          2107P   3061
110,-25.250000009,32.,0.,-25.250000009,2.999999993,0.;              2109P   3062
102,12,2063,2067,2071,2075,2079,2083,2087,2091,2095,2099,2103,      2111P   3063
2107;                                                               2111P   3064
102,12,2065,2069,2073,2077,2081,2085,2089,2093,2097,2101,2105,      2113P   3065
2109;                                                               2113P   3066
142,1,2061,2111,2113,1;                                             2115P   3067
144,2061,1,0,2115;                                                  2117P   3068
128,1,1,1,1,0,0,1,0,0,0.,0.,1.,1.,0.,0.,1.,1.,1.,1.,1.,1.,-25.,     2119P   3069
3.,0.25,-25.,44.4975,0.25,-25.,3.,24.75,-25.,44.4975,24.75,0.,      2119P   3070
1.,0.,1.;                                                           2119P   3071
126,16,2,1,0,1,0,0.,0.,0.,0.125,0.125,0.25,0.25,0.375,0.375,        2121P   3072
0.5,0.5,0.625,0.625,0.75,0.75,0.875,0.875,1.,1.,1.,1.,1.,1.,1.,     2121P   3073
1.,1.,1.,1.,1.,1.,1.,1.,1.,1.,1.,1.,1.,0.994035785,0.5,0.,          2121P   3074
0.99403352,0.545884098,0.,0.989107555,0.590981526,0.,               2121P   3075
0.983884823,0.638795865,0.,0.973309397,0.684047355,0.,              2121P   3076
0.962299386,0.731158396,0.,0.945917104,0.773604877,0.,              2121P   3077
0.929197906,0.816924305,0.,0.907574145,0.853553391,0.,              2121P   3078
0.885969026,0.890150897,0.,0.860372781,0.918497756,0.,              2121P   3079
0.83533557,0.946225505,0.,0.807498288,0.964894151,0.,               2121P   3080
0.780805903,0.982794988,0.,0.752552501,0.991652684,0.,              2121P   3081
0.725939302,0.999996162,0.,0.698837279,1.,0.,0.,1.,0.,0.,-1.;       2121P   3082
126,3,3,1,0,0,0,0.,0.,0.,0.,1.,1.,1.,1.,0.956578302289154,          2123P   3083
0.769794770286102,0.769794770286102,0.956578302289154,-25.,         2123P   3084
44.25,12.5,-25.,44.25,19.675883861,-25.,39.175883861,24.75,         2123P   3085
-25.,32.,24.75,0.,1.,-1.,0.,0.;                                     2123P   3086
126,1,1,1,0,1,0,0.,0.,1.,1.,1.,1.,0.698837279,1.,0.,0.,1.,0.,       2125P   3087
0.,1.,0.,0.,1.;                                                     2125P   3088
110,-25.,31.999999985,24.75,-25.,3.,24.75;                          2127P   3089
126,1,1,1,0,1,0,0.,0.,1.,1.,1.,1.,0.,1.,0.,0.,0.,0.,0.,1.,0.,       2129P   3090
0.,1.;                                                              2129P   3091
110,-25.,3.,24.75,-25.,3.,0.25;                                     2131P   3092
126,1,1,1,0,1,0,0.,0.,1.,1.,1.,1.,0.,0.,0.,0.698837279,0.,0.,       2133P   3093
0.,1.,0.,0.,1.;                                                     2133P   3094
110,-25.,3.,0.25,-25.,31.999999985,0.25;                            2135P   3095
126,16,2,1,0,1,0,0.,0.,0.,0.125,0.125,0.25,0.25,0.375,0.375,        2137P   3096
0.5,0.5,0.625,0.625,0.75,0.75,0.875,0.875,1.,1.,1.,1.,1.,1.,1.,     2137P   3097
1.,1.,1.,1.,1.,1.,1.,1.,1.,1.,1.,1.,1.,0.698837279,0.,0.,           2137P   3098
0.725927113,3.837E-006,0.,0.752552501,0.008347316,0.,               2137P   3099
0.780781943,0.017193451,0.,0.807498288,0.035105849,0.,              2137P   3100
0.835312506,0.053754335,0.,0.860372781,0.081502244,0.,              2137P   3101
0.885948442,0.109820813,0.,0.907574145,0.146446609,0.,              2137P   3102
0.929181203,0.18304083,0.,0.945917104,0.226395123,0.,               2137P   3103
0.962287484,0.268802538,0.,0.973309397,0.315952645,0.,              2137P   3104
0.983877998,0.361163552,0.,0.989107555,0.409018474,0.,              2137P   3105
0.994033519,0.454095257,0.,0.994035785,0.5,0.,0.,1.,0.,0.,-1.;      2137P   3106
126,3,3,1,0,0,0,0.,0.,0.,0.,1.,1.,1.,1.,0.956578302289151,          2139P   3107
0.7697947702861,0.7697947702861,0.956578302289151,-25.,32.,         2139P   3108
0.25,-25.,39.175883861,0.25,-25.,44.25,5.324116139,-25.,44.25,      2139P   3109
12.5,0.,1.,-1.,0.,0.;                                               2139P   3110
102,5,2121,2125,2129,2133,2137;                                     2141P   3111
102,5,2123,2127,2131,2135,2139;                                     2143P   3112
142,1,2119,2141,2143,1;                                             2145P   3113
126,32,2,1,0,1,0,0.,0.,0.,0.0625,0.0625,0.125,0.125,0.1875,         2147P   3114
0.1875,0.25,0.25,0.3125,0.3125,0.375,0.375,0.4375,0.4375,0.5,       2147P   3115
0.5,0.5625,0.5625,0.625,0.625,0.6875,0.6875,0.75,0.75,0.8125,       2147P   3116
0.8125,0.875,0.875,0.9375,0.9375,1.,1.,1.,1.,1.,1.,1.,1.,1.,1.,     2147P   3117
1.,1.,1.,1.,1.,1.,1.,1.,1.,1.,1.,1.,1.,1.,1.,1.,1.,1.,1.,1.,1.,     2147P   3118
1.,1.,1.,1.,1.,0.250617507,0.56122449,0.,0.254177652,               2147P   3119
0.56122449,0.,0.257669389,0.560048078,0.,0.261161127,               2147P   3120
0.558871667,0.,0.264450272,0.556564053,0.,0.267739416,              2147P   3121
0.554256439,0.,0.270699569,0.550906303,0.,0.273659721,              2147P   3122
0.547556167,0.,0.276177123,0.543292252,0.,0.278694526,              2147P   3123
0.539028337,0.,0.280672436,0.534014504,0.,0.282650347,              2147P   3124
0.529000671,0.,0.284012755,0.523429598,0.,0.285375163,              2147P   3125
0.517858525,0.,0.286069713,0.511944305,0.,0.286764263,              2147P   3126
0.506030086,0.,0.286764263,0.5,0.,0.286764263,0.493969914,0.,       2147P   3127
0.286069713,0.488055695,0.,0.285375163,0.482141475,0.,              2147P   3128
0.284012755,0.476570402,0.,0.282650347,0.470999329,0.,              2147P   3129
0.280672436,0.465985496,0.,0.278694526,0.460971663,0.,              2147P   3130
0.276177123,0.456707748,0.,0.273659721,0.452443833,0.,              2147P   3131
0.270699569,0.449093697,0.,0.267739416,0.445743561,0.,              2147P   3132
0.264450272,0.443435947,0.,0.261161127,0.441128333,0.,              2147P   3133
0.257669389,0.439951922,0.,0.254177652,0.43877551,0.,               2147P   3134
0.250617507,0.43877551,0.,0.,1.,0.,0.,1.;                           2147P   3135
124,6.12303176911189E-017,0.,-1.,-12.5,0.,1.,0.,0.,1.,0.,           2149P   3136
6.12303176911189E-017,37.5;                                         2149P   3137
100,12.5,-25.,13.4,-23.5,13.4,-26.5,13.4;                           2151P   3138
126,32,2,1,0,1,0,0.,0.,0.,0.0625,0.0625,0.125,0.125,0.1875,         2153P   3139
0.1875,0.25,0.25,0.3125,0.3125,0.375,0.375,0.4375,0.4375,0.5,       2153P   3140
0.5,0.5625,0.5625,0.625,0.625,0.6875,0.6875,0.75,0.75,0.8125,       2153P   3141
0.8125,0.875,0.875,0.9375,0.9375,1.,1.,1.,1.,1.,1.,1.,1.,1.,1.,     2153P   3142
1.,1.,1.,1.,1.,1.,1.,1.,1.,1.,1.,1.,1.,1.,1.,1.,1.,1.,1.,1.,1.,     2153P   3143
1.,1.,1.,1.,1.,0.250617507,0.43877551,0.,0.247057362,               2153P   3144
0.43877551,0.,0.243565625,0.439951922,0.,0.240073887,               2153P   3145
0.441128333,0.,0.236784742,0.443435947,0.,0.233495598,              2153P   3146
0.445743561,0.,0.230535446,0.449093697,0.,0.227575293,              2153P   3147
0.452443833,0.,0.225057891,0.456707748,0.,0.222540488,              2153P   3148
0.460971663,0.,0.220562578,0.465985496,0.,0.218584668,              2153P   3149
0.470999329,0.,0.217222259,0.476570402,0.,0.215859851,              2153P   3150
0.482141475,0.,0.215165301,0.488055695,0.,0.214470751,              2153P   3151
0.493969914,0.,0.214470751,0.5,0.,0.214470751,0.506030086,0.,       2153P   3152
0.215165301,0.511944305,0.,0.215859851,0.517858525,0.,              2153P   3153
0.217222259,0.523429598,0.,0.218584668,0.529000671,0.,              2153P   3154
0.220562578,0.534014504,0.,0.222540488,0.539028337,0.,              2153P   3155
0.225057891,0.543292252,0.,0.227575293,0.547556167,0.,              2153P   3156
0.230535446,0.550906303,0.,0.233495598,0.554256439,0.,              2153P   3157
0.236784742,0.556564053,0.,0.240073887,0.558871667,0.,              2153P   3158
0.243565625,0.560048078,0.,0.247057362,0.56122449,0.,               2153P   3159
0.250617507,0.56122449,0.,0.,1.,0.,0.,1.;                           2153P   3160
124,-6.12303176911189E-017,4.27569270827966E-031,-1.,-12.5,         2155P   3161
-6.98296672221876E-015,-1.,0.,26.7999999999998,-1.,                 2155P   3162
6.98296672221876E-015,6.12303176911189E-017,-12.5000000000001;      2155P   3163
100,12.5,-25.,13.4,-23.5,13.4,-26.5,13.4;                           2157P   3164
102,2,2147,2153;                                                    2159P   3165
102,2,2151,2157;                                                    2161P   3166
142,1,2119,2159,2161,1;                                             2163P   3167
126,32,2,1,0,1,0,0.,0.,0.,0.0625,0.0625,0.125,0.125,0.1875,         2165P   3168
0.1875,0.25,0.25,0.3125,0.3125,0.375,0.375,0.4375,0.4375,0.5,       2165P   3169
0.5,0.5625,0.5625,0.625,0.625,0.6875,0.6875,0.75,0.75,0.8125,       2165P   3170
0.8125,0.875,0.875,0.9375,0.9375,1.,1.,1.,1.,1.,1.,1.,1.,1.,1.,     2165P   3171
1.,1.,1.,1.,1.,1.,1.,1.,1.,1.,1.,1.,1.,1.,1.,1.,1.,1.,1.,1.,1.,     2165P   3172
1.,1.,1.,1.,1.,0.86752214,0.56122449,0.,0.871082285,0.56122449,     2165P   3173
0.,0.874574022,0.560048078,0.,0.87806576,0.558871667,0.,            2165P   3174
0.881354904,0.556564053,0.,0.884644049,0.554256439,0.,              2165P   3175
0.887604201,0.550906303,0.,0.890564354,0.547556167,0.,              2165P   3176
0.893081756,0.543292252,0.,0.895599159,0.539028337,0.,              2165P   3177
0.897577069,0.534014504,0.,0.899554979,0.529000671,0.,              2165P   3178
0.900917388,0.523429598,0.,0.902279796,0.517858525,0.,              2165P   3179
0.902974346,0.511944305,0.,0.903668896,0.506030086,0.,              2165P   3180
0.903668896,0.5,0.,0.903668896,0.493969914,0.,0.902974346,          2165P   3181
0.488055695,0.,0.902279796,0.482141475,0.,0.900917388,              2165P   3182
0.476570402,0.,0.899554979,0.470999329,0.,0.897577069,              2165P   3183
0.465985496,0.,0.895599159,0.460971663,0.,0.893081756,              2165P   3184
0.456707748,0.,0.890564354,0.452443833,0.,0.887604201,              2165P   3185
0.449093697,0.,0.884644049,0.445743561,0.,0.881354904,              2165P   3186
0.443435947,0.,0.87806576,0.441128333,0.,0.874574022,               2165P   3187
0.439951922,0.,0.871082285,0.43877551,0.,0.86752214,0.43877551,     2165P   3188
0.,0.,1.,0.,0.,1.;                                                  2165P   3189
124,6.12303176911189E-017,0.,-1.,-12.5,0.,1.,0.,0.,1.,0.,           2167P   3190
6.12303176911189E-017,37.5;                                         2167P   3191
100,12.5,-25.,39.,-23.5,39.,-26.5,39.;                              2169P   3192
126,32,2,1,0,1,0,0.,0.,0.,0.0625,0.0625,0.125,0.125,0.1875,         2171P   3193
0.1875,0.25,0.25,0.3125,0.3125,0.375,0.375,0.4375,0.4375,0.5,       2171P   3194
0.5,0.5625,0.5625,0.625,0.625,0.6875,0.6875,0.75,0.75,0.8125,       2171P   3195
0.8125,0.875,0.875,0.9375,0.9375,1.,1.,1.,1.,1.,1.,1.,1.,1.,1.,     2171P   3196
1.,1.,1.,1.,1.,1.,1.,1.,1.,1.,1.,1.,1.,1.,1.,1.,1.,1.,1.,1.,1.,     2171P   3197
1.,1.,1.,1.,1.,0.86752214,0.43877551,0.,0.863961995,0.43877551,     2171P   3198
0.,0.860470258,0.439951922,0.,0.85697852,0.441128333,0.,            2171P   3199
0.853689375,0.443435947,0.,0.85040023,0.445743561,0.,               2171P   3200
0.847440078,0.449093697,0.,0.844479926,0.452443833,0.,              2171P   3201
0.841962524,0.456707748,0.,0.839445121,0.460971663,0.,              2171P   3202
0.837467211,0.465985496,0.,0.8354893,0.470999329,0.,                2171P   3203
0.834126892,0.476570402,0.,0.832764484,0.482141475,0.,              2171P   3204
0.832069934,0.488055695,0.,0.831375384,0.493969914,0.,              2171P   3205
0.831375384,0.5,0.,0.831375384,0.506030086,0.,0.832069934,          2171P   3206
0.511944305,0.,0.832764484,0.517858525,0.,0.834126892,              2171P   3207
0.523429598,0.,0.8354893,0.529000671,0.,0.837467211,                2171P   3208
0.534014504,0.,0.839445121,0.539028337,0.,0.841962524,              2171P   3209
0.543292252,0.,0.844479926,0.547556167,0.,0.847440078,              2171P   3210
0.550906303,0.,0.85040023,0.554256439,0.,0.853689375,               2171P   3211
0.556564053,0.,0.85697852,0.558871667,0.,0.860470258,               2171P   3212
0.560048078,0.,0.863961995,0.56122449,0.,0.86752214,0.56122449,     2171P   3213
0.,0.,1.,0.,0.,1.;                                                  2171P   3214
124,-6.12303176911189E-017,4.27569270827966E-031,-1.,-12.5,         2173P   3215
-6.98296672221876E-015,-1.,0.,77.9999999999998,-1.,                 2173P   3216
6.98296672221876E-015,6.12303176911189E-017,-12.5000000000003;      2173P   3217
100,12.5,-25.,39.,-23.5,39.,-26.5,39.;                              2175P   3218
102,2,2165,2171;                                                    2177P   3219
102,2,2169,2175;                                                    2179P   3220
142,1,2119,2177,2179,1;                                             2181P   3221
126,32,2,1,0,1,0,0.,0.,0.,0.0625,0.0625,0.125,0.125,0.1875,         2183P   3222
0.1875,0.25,0.25,0.3125,0.3125,0.375,0.375,0.4375,0.4375,0.5,       2183P   3223
0.5,0.5625,0.5625,0.625,0.625,0.6875,0.6875,0.75,0.75,0.8125,       2183P   3224
0.8125,0.875,0.875,0.9375,0.9375,1.,1.,1.,1.,1.,1.,1.,1.,1.,1.,     2183P   3225
1.,1.,1.,1.,1.,1.,1.,1.,1.,1.,1.,1.,1.,1.,1.,1.,1.,1.,1.,1.,1.,     2183P   3226
1.,1.,1.,1.,1.,0.698837279,0.846938776,0.,0.702397424,              2183P   3227
0.846938776,0.,0.705889162,0.845762364,0.,0.709380899,              2183P   3228
0.844585953,0.,0.712670044,0.842278339,0.,0.715959189,              2183P   3229
0.839970725,0.,0.718919341,0.836620589,0.,0.721879493,              2183P   3230
0.833270452,0.,0.724396896,0.829006538,0.,0.726914298,              2183P   3231
0.824742623,0.,0.728892208,0.81972879,0.,0.730870119,               2183P   3232
0.814714957,0.,0.732232527,0.809143884,0.,0.733594936,              2183P   3233
0.803572811,0.,0.734289485,0.797658591,0.,0.734984035,              2183P   3234
0.791744372,0.,0.734984035,0.785714286,0.,0.734984035,              2183P   3235
0.7796842,0.,0.734289485,0.77376998,0.,0.733594936,0.767855761,     2183P   3236
0.,0.732232527,0.762284688,0.,0.730870119,0.756713615,0.,           2183P   3237
0.728892208,0.751699782,0.,0.726914298,0.746685948,0.,              2183P   3238
0.724396896,0.742422034,0.,0.721879493,0.738158119,0.,              2183P   3239
0.718919341,0.734807983,0.,0.715959189,0.731457847,0.,              2183P   3240
0.712670044,0.729150233,0.,0.709380899,0.726842619,0.,              2183P   3241
0.705889162,0.725666207,0.,0.702397424,0.724489796,0.,              2183P   3242
0.698837279,0.724489796,0.,0.,1.,0.,0.,1.;                          2183P   3243
124,6.12303176911189E-017,0.,-1.,-5.5,0.,1.,0.,0.,1.,0.,            2185P   3244
6.12303176911189E-017,44.5;                                         2185P   3245
100,19.5,-25.,32.,-23.5,32.,-26.5,32.;                              2187P   3246
126,32,2,1,0,1,0,0.,0.,0.,0.0625,0.0625,0.125,0.125,0.1875,         2189P   3247
0.1875,0.25,0.25,0.3125,0.3125,0.375,0.375,0.4375,0.4375,0.5,       2189P   3248
0.5,0.5625,0.5625,0.625,0.625,0.6875,0.6875,0.75,0.75,0.8125,       2189P   3249
0.8125,0.875,0.875,0.9375,0.9375,1.,1.,1.,1.,1.,1.,1.,1.,1.,1.,     2189P   3250
1.,1.,1.,1.,1.,1.,1.,1.,1.,1.,1.,1.,1.,1.,1.,1.,1.,1.,1.,1.,1.,     2189P   3251
1.,1.,1.,1.,1.,0.698837279,0.724489796,0.,0.695277135,              2189P   3252
0.724489796,0.,0.691785397,0.725666207,0.,0.68829366,               2189P   3253
0.726842619,0.,0.685004515,0.729150233,0.,0.68171537,               2189P   3254
0.731457847,0.,0.678755218,0.734807983,0.,0.675795066,              2189P   3255
0.738158119,0.,0.673277663,0.742422034,0.,0.670760261,              2189P   3256
0.746685948,0.,0.66878235,0.751699782,0.,0.66680444,                2189P   3257
0.756713615,0.,0.665442031,0.762284688,0.,0.664079623,              2189P   3258
0.767855761,0.,0.663385073,0.77376998,0.,0.662690524,0.7796842,     2189P   3259
0.,0.662690524,0.785714286,0.,0.662690524,0.791744372,0.,           2189P   3260
0.663385073,0.797658591,0.,0.664079623,0.803572811,0.,              2189P   3261
0.665442031,0.809143884,0.,0.66680444,0.814714957,0.,               2189P   3262
0.66878235,0.81972879,0.,0.670760261,0.824742623,0.,                2189P   3263
0.673277663,0.829006538,0.,0.675795066,0.833270452,0.,              2189P   3264
0.678755218,0.836620589,0.,0.68171537,0.839970725,0.,               2189P   3265
0.685004515,0.842278339,0.,0.68829366,0.844585953,0.,               2189P   3266
0.691785397,0.845762364,0.,0.695277135,0.846938776,0.,              2189P   3267
0.698837279,0.846938776,0.,0.,1.,0.,0.,1.;                          2189P   3268
124,-6.12303176911189E-017,4.27569270827966E-031,-1.,               2191P   3269
-5.50000000000001,-6.98296672221876E-015,-1.,0.,                    2191P   3270
63.9999999999998,-1.,6.98296672221876E-015,                         2191P   3271
6.12303176911189E-017,-5.50000000000023;                            2191P   3272
100,19.5,-25.,32.,-23.5,32.,-26.5,32.;                              2193P   3273
102,2,2183,2189;                                                    2195P   3274
102,2,2187,2193;                                                    2197P   3275
142,1,2119,2195,2197,1;                                             2199P   3276
126,32,2,1,0,1,0,0.,0.,0.,0.0625,0.0625,0.125,0.125,0.1875,         2201P   3277
0.1875,0.25,0.25,0.3125,0.3125,0.375,0.375,0.4375,0.4375,0.5,       2201P   3278
0.5,0.5625,0.5625,0.625,0.625,0.6875,0.6875,0.75,0.75,0.8125,       2201P   3279
0.8125,0.875,0.875,0.9375,0.9375,1.,1.,1.,1.,1.,1.,1.,1.,1.,1.,     2201P   3280
1.,1.,1.,1.,1.,1.,1.,1.,1.,1.,1.,1.,1.,1.,1.,1.,1.,1.,1.,1.,1.,     2201P   3281
1.,1.,1.,1.,1.,0.698837279,0.275510204,0.,0.702397424,              2201P   3282
0.275510204,0.,0.705889162,0.274333793,0.,0.709380899,              2201P   3283
0.273157381,0.,0.712670044,0.270849767,0.,0.715959189,              2201P   3284
0.268542153,0.,0.718919341,0.265192017,0.,0.721879493,              2201P   3285
0.261841881,0.,0.724396896,0.257577966,0.,0.726914298,              2201P   3286
0.253314052,0.,0.728892208,0.248300218,0.,0.730870119,              2201P   3287
0.243286385,0.,0.732232527,0.237715312,0.,0.733594936,              2201P   3288
0.232144239,0.,0.734289485,0.22623002,0.,0.734984035,0.2203158,     2201P   3289
0.,0.734984035,0.214285714,0.,0.734984035,0.208255628,0.,           2201P   3290
0.734289485,0.202341409,0.,0.733594936,0.196427189,0.,              2201P   3291
0.732232527,0.190856116,0.,0.730870119,0.185285043,0.,              2201P   3292
0.728892208,0.18027121,0.,0.726914298,0.175257377,0.,               2201P   3293
0.724396896,0.170993462,0.,0.721879493,0.166729548,0.,              2201P   3294
0.718919341,0.163379411,0.,0.715959189,0.160029275,0.,              2201P   3295
0.712670044,0.157721661,0.,0.709380899,0.155414047,0.,              2201P   3296
0.705889162,0.154237636,0.,0.702397424,0.153061224,0.,              2201P   3297
0.698837279,0.153061224,0.,0.,1.,0.,0.,1.;                          2201P   3298
124,6.12303176911189E-017,0.,-1.,-19.5,0.,1.,0.,0.,1.,0.,           2203P   3299
6.12303176911189E-017,30.5;                                         2203P   3300
100,5.5,-25.,32.,-23.5,32.,-26.5,32.;                               2205P   3301
126,32,2,1,0,1,0,0.,0.,0.,0.0625,0.0625,0.125,0.125,0.1875,         2207P   3302
0.1875,0.25,0.25,0.3125,0.3125,0.375,0.375,0.4375,0.4375,0.5,       2207P   3303
0.5,0.5625,0.5625,0.625,0.625,0.6875,0.6875,0.75,0.75,0.8125,       2207P   3304
0.8125,0.875,0.875,0.9375,0.9375,1.,1.,1.,1.,1.,1.,1.,1.,1.,1.,     2207P   3305
1.,1.,1.,1.,1.,1.,1.,1.,1.,1.,1.,1.,1.,1.,1.,1.,1.,1.,1.,1.,1.,     2207P   3306
1.,1.,1.,1.,1.,0.698837279,0.153061224,0.,0.695277135,              2207P   3307
0.153061224,0.,0.691785397,0.154237636,0.,0.68829366,               2207P   3308
0.155414047,0.,0.685004515,0.157721661,0.,0.68171537,               2207P   3309
0.160029275,0.,0.678755218,0.163379411,0.,0.675795066,              2207P   3310
0.166729548,0.,0.673277663,0.170993462,0.,0.670760261,              2207P   3311
0.175257377,0.,0.66878235,0.18027121,0.,0.66680444,0.185285043,     2207P   3312
0.,0.665442031,0.190856116,0.,0.664079623,0.196427189,0.,           2207P   3313
0.663385073,0.202341409,0.,0.662690524,0.208255628,0.,              2207P   3314
0.662690524,0.214285714,0.,0.662690524,0.2203158,0.,                2207P   3315
0.663385073,0.22623002,0.,0.664079623,0.232144239,0.,               2207P   3316
0.665442031,0.237715312,0.,0.66680444,0.243286385,0.,               2207P   3317
0.66878235,0.248300218,0.,0.670760261,0.253314052,0.,               2207P   3318
0.673277663,0.257577966,0.,0.675795066,0.261841881,0.,              2207P   3319
0.678755218,0.265192017,0.,0.68171537,0.268542153,0.,               2207P   3320
0.685004515,0.270849767,0.,0.68829366,0.273157381,0.,               2207P   3321
0.691785397,0.274333793,0.,0.695277135,0.275510204,0.,              2207P   3322
0.698837279,0.275510204,0.,0.,1.,0.,0.,1.;                          2207P   3323
124,-6.12303176911189E-017,4.27569270827966E-031,-1.,-19.5,         2209P   3324
-6.98296672221876E-015,-1.,0.,63.9999999999998,-1.,                 2209P   3325
6.98296672221876E-015,6.12303176911189E-017,-19.5000000000002;      2209P   3326
100,5.5,-25.,32.,-23.5,32.,-26.5,32.;                               2211P   3327
102,2,2201,2207;                                                    2213P   3328
102,2,2205,2211;                                                    2215P   3329
142,1,2119,2213,2215,1;                                             2217P   3330
126,32,2,1,0,1,0,0.,0.,0.,0.0625,0.0625,0.125,0.125,0.1875,         2219P   3331
0.1875,0.25,0.25,0.3125,0.3125,0.375,0.375,0.4375,0.4375,0.5,       2219P   3332
0.5,0.5625,0.5625,0.625,0.625,0.6875,0.6875,0.75,0.75,0.8125,       2219P   3333
0.8125,0.875,0.875,0.9375,0.9375,1.,1.,1.,1.,1.,1.,1.,1.,1.,1.,     2219P   3334
1.,1.,1.,1.,1.,1.,1.,1.,1.,1.,1.,1.,1.,1.,1.,1.,1.,1.,1.,1.,1.,     2219P   3335
1.,1.,1.,1.,1.,0.530152419,0.56122449,0.,0.533712564,               2219P   3336
0.56122449,0.,0.537204301,0.560048078,0.,0.540696039,               2219P   3337
0.558871667,0.,0.543985183,0.556564053,0.,0.547274328,              2219P   3338
0.554256439,0.,0.55023448,0.550906303,0.,0.553194633,               2219P   3339
0.547556167,0.,0.555712035,0.543292252,0.,0.558229437,              2219P   3340
0.539028337,0.,0.560207348,0.534014504,0.,0.562185258,              2219P   3341
0.529000671,0.,0.563547667,0.523429598,0.,0.564910075,              2219P   3342
0.517858525,0.,0.565604625,0.511944305,0.,0.566299175,              2219P   3343
0.506030086,0.,0.566299175,0.5,0.,0.566299175,0.493969914,0.,       2219P   3344
0.565604625,0.488055695,0.,0.564910075,0.482141475,0.,              2219P   3345
0.563547667,0.476570402,0.,0.562185258,0.470999329,0.,              2219P   3346
0.560207348,0.465985496,0.,0.558229437,0.460971663,0.,              2219P   3347
0.555712035,0.456707748,0.,0.553194633,0.452443833,0.,              2219P   3348
0.55023448,0.449093697,0.,0.547274328,0.445743561,0.,               2219P   3349
0.543985183,0.443435947,0.,0.540696039,0.441128333,0.,              2219P   3350
0.537204301,0.439951922,0.,0.533712564,0.43877551,0.,               2219P   3351
0.530152419,0.43877551,0.,0.,1.,0.,0.,1.;                           2219P   3352
124,6.12303176911189E-017,0.,-1.,-12.5,0.,1.,0.,0.,1.,0.,           2221P   3353
6.12303176911189E-017,37.5;                                         2221P   3354
100,12.5,-25.,25.,-23.5,25.,-26.5,25.;                              2223P   3355
126,32,2,1,0,1,0,0.,0.,0.,0.0625,0.0625,0.125,0.125,0.1875,         2225P   3356
0.1875,0.25,0.25,0.3125,0.3125,0.375,0.375,0.4375,0.4375,0.5,       2225P   3357
0.5,0.5625,0.5625,0.625,0.625,0.6875,0.6875,0.75,0.75,0.8125,       2225P   3358
0.8125,0.875,0.875,0.9375,0.9375,1.,1.,1.,1.,1.,1.,1.,1.,1.,1.,     2225P   3359
1.,1.,1.,1.,1.,1.,1.,1.,1.,1.,1.,1.,1.,1.,1.,1.,1.,1.,1.,1.,1.,     2225P   3360
1.,1.,1.,1.,1.,0.530152419,0.43877551,0.,0.526592274,               2225P   3361
0.43877551,0.,0.523100537,0.439951922,0.,0.519608799,               2225P   3362
0.441128333,0.,0.516319654,0.443435947,0.,0.513030509,              2225P   3363
0.445743561,0.,0.510070357,0.449093697,0.,0.507110205,              2225P   3364
0.452443833,0.,0.504592803,0.456707748,0.,0.5020754,                2225P   3365
0.460971663,0.,0.50009749,0.465985496,0.,0.498119579,               2225P   3366
0.470999329,0.,0.496757171,0.476570402,0.,0.495394763,              2225P   3367
0.482141475,0.,0.494700213,0.488055695,0.,0.494005663,              2225P   3368
0.493969914,0.,0.494005663,0.5,0.,0.494005663,0.506030086,0.,       2225P   3369
0.494700213,0.511944305,0.,0.495394763,0.517858525,0.,              2225P   3370
0.496757171,0.523429598,0.,0.498119579,0.529000671,0.,              2225P   3371
0.50009749,0.534014504,0.,0.5020754,0.539028337,0.,0.504592803,     2225P   3372
0.543292252,0.,0.507110205,0.547556167,0.,0.510070357,              2225P   3373
0.550906303,0.,0.513030509,0.554256439,0.,0.516319654,              2225P   3374
0.556564053,0.,0.519608799,0.558871667,0.,0.523100537,              2225P   3375
0.560048078,0.,0.526592274,0.56122449,0.,0.530152419,               2225P   3376
0.56122449,0.,0.,1.,0.,0.,1.;                                       2225P   3377
124,-6.12303176911189E-017,4.27569270827966E-031,-1.,-12.5,         2227P   3378
-6.98296672221876E-015,-1.,0.,49.9999999999998,-1.,                 2227P   3379
6.98296672221876E-015,6.12303176911189E-017,-12.5000000000002;      2227P   3380
100,12.5,-25.,25.,-23.5,25.,-26.5,25.;                              2229P   3381
102,2,2219,2225;                                                    2231P   3382
102,2,2223,2229;                                                    2233P   3383
142,1,2119,2231,2233,1;                                             2235P   3384
126,32,2,1,0,1,0,0.,0.,0.,0.0625,0.0625,0.125,0.125,0.1875,         2237P   3385
0.1875,0.25,0.25,0.3125,0.3125,0.375,0.375,0.4375,0.4375,0.5,       2237P   3386
0.5,0.5625,0.5625,0.625,0.625,0.6875,0.6875,0.75,0.75,0.8125,       2237P   3387
0.8125,0.875,0.875,0.9375,0.9375,1.,1.,1.,1.,1.,1.,1.,1.,1.,1.,     2237P   3388
1.,1.,1.,1.,1.,1.,1.,1.,1.,1.,1.,1.,1.,1.,1.,1.,1.,1.,1.,1.,1.,     2237P   3389
1.,1.,1.,1.,1.,0.698837279,0.663265306,0.,0.708330999,              2237P   3390
0.663265306,0.,0.717642299,0.660128209,0.,0.726953599,              2237P   3391
0.656991112,0.,0.735724652,0.650837475,0.,0.744495704,              2237P   3392
0.644683837,0.,0.752389444,0.635750141,0.,0.760283183,              2237P   3393
0.626816444,0.,0.766996256,0.615446005,0.,0.773709329,              2237P   3394
0.604075566,0.,0.778983757,0.590705344,0.,0.784258185,              2237P   3395
0.577335122,0.,0.787891274,0.562478928,0.,0.791524363,              2237P   3396
0.547622733,0.,0.793376495,0.531851481,0.,0.795228628,              2237P   3397
0.516080229,0.,0.795228628,0.5,0.,0.795228628,0.483919771,0.,       2237P   3398
0.793376495,0.468148519,0.,0.791524363,0.452377267,0.,              2237P   3399
0.787891274,0.437521072,0.,0.784258185,0.422664878,0.,              2237P   3400
0.778983757,0.409294656,0.,0.773709329,0.395924434,0.,              2237P   3401
0.766996256,0.384553995,0.,0.760283183,0.373183556,0.,              2237P   3402
0.752389444,0.364249859,0.,0.744495704,0.355316163,0.,              2237P   3403
0.735724652,0.349162525,0.,0.726953599,0.343008888,0.,              2237P   3404
0.717642299,0.339871791,0.,0.708330999,0.336734694,0.,              2237P   3405
0.698837279,0.336734694,0.,0.,1.,0.,0.,1.;                          2237P   3406
124,6.12303176911189E-017,0.,-1.,-12.5,0.,1.,0.,0.,1.,0.,           2239P   3407
6.12303176911189E-017,37.5;                                         2239P   3408
100,12.5,-25.,32.,-21.,32.,-29.,32.;                                2241P   3409
126,32,2,1,0,1,0,0.,0.,0.,0.0625,0.0625,0.125,0.125,0.1875,         2243P   3410
0.1875,0.25,0.25,0.3125,0.3125,0.375,0.375,0.4375,0.4375,0.5,       2243P   3411
0.5,0.5625,0.5625,0.625,0.625,0.6875,0.6875,0.75,0.75,0.8125,       2243P   3412
0.8125,0.875,0.875,0.9375,0.9375,1.,1.,1.,1.,1.,1.,1.,1.,1.,1.,     2243P   3413
1.,1.,1.,1.,1.,1.,1.,1.,1.,1.,1.,1.,1.,1.,1.,1.,1.,1.,1.,1.,1.,     2243P   3414
1.,1.,1.,1.,1.,0.698837279,0.336734694,0.,0.68934356,               2243P   3415
0.336734694,0.,0.68003226,0.339871791,0.,0.67072096,                2243P   3416
0.343008888,0.,0.661949907,0.349162525,0.,0.653178854,              2243P   3417
0.355316163,0.,0.645285115,0.364249859,0.,0.637391376,              2243P   3418
0.373183556,0.,0.630678303,0.384553995,0.,0.62396523,               2243P   3419
0.395924434,0.,0.618690802,0.409294656,0.,0.613416374,              2243P   3420
0.422664878,0.,0.609783285,0.437521072,0.,0.606150196,              2243P   3421
0.452377267,0.,0.604298063,0.468148519,0.,0.60244593,               2243P   3422
0.483919771,0.,0.60244593,0.5,0.,0.60244593,0.516080229,0.,         2243P   3423
0.604298063,0.531851481,0.,0.606150196,0.547622733,0.,              2243P   3424
0.609783285,0.562478928,0.,0.613416374,0.577335122,0.,              2243P   3425
0.618690802,0.590705344,0.,0.62396523,0.604075566,0.,               2243P   3426
0.630678303,0.615446005,0.,0.637391376,0.626816444,0.,              2243P   3427
0.645285115,0.635750141,0.,0.653178854,0.644683837,0.,              2243P   3428
0.661949907,0.650837475,0.,0.67072096,0.656991112,0.,               2243P   3429
0.68003226,0.660128209,0.,0.68934356,0.663265306,0.,                2243P   3430
0.698837279,0.663265306,0.,0.,1.,0.,0.,1.;                          2243P   3431
124,-6.12303176911189E-017,4.27569270827966E-031,-1.,-12.5,         2245P   3432
-6.98296672221876E-015,-1.,0.,63.9999999999998,-1.,                 2245P   3433
6.98296672221876E-015,6.12303176911189E-017,-12.5000000000002;      2245P   3434
100,12.5,-25.,32.,-21.,32.,-29.,32.;                                2247P   3435
102,2,2237,2243;                                                    2249P   3436
102,2,2241,2247;                                                    2251P   3437
142,1,2119,2249,2251,1;                                             2253P   3438
144,2119,1,6,2145,2163,2181,2199,2217,2235,2253;                    2255P   3439
110,-26.75,2.,24.75,-26.75,1002.,24.75;                             2257P   3440
110,-26.75,2.,25.,-26.75,32.,25.;                                   2259P   3441
120,2257,2259,0.,6.28318530717959;                                  2261P   3442
126,1,1,1,0,1,0,0.,0.,1.,1.,1.,1.,1.,4.71238898,0.,0.,              2263P   3443
4.71238898,0.,0.,1.,0.,0.,1.;                                       2263P   3444
110,-27.,31.99999999,24.75,-27.,2.,24.75;                           2265P   3445
126,1,1,1,0,1,0,0.,0.,1.,1.,1.,1.,0.,4.71238898,0.,0.,              2267P   3446
6.283185307,0.,0.,1.,0.,0.,1.;                                      2267P   3447
124,-1.,6.98296672221876E-015,0.,-53.5,-4.27569270827966E-031,      2269P   3448
-6.12303176911189E-017,1.,-22.75,6.98296672221876E-015,1.,          2269P   3449
6.12303176911189E-017,22.7500000000002;                             2269P   3450
100,24.75,-26.75,2.,-26.5,2.,-26.75,2.25;                           2271P   3451
126,1,1,1,0,1,0,0.,0.,1.,1.,1.,1.,0.,6.283185307,0.,1.,             2273P   3452
6.283185307,0.,0.,1.,0.,0.,1.;                                      2273P   3453
110,-26.75,2.,25.,-26.75,32.,25.;                                   2275P   3454
126,1,1,1,0,1,0,0.,0.,1.,1.,1.,1.,1.,6.283185307,0.,1.,             2277P   3455
4.71238898,0.,0.,1.,0.,0.,1.;                                       2277P   3456
124,1.02542924319956E-010,-1.,0.,5.25000000274302,                  2279P   3457
6.12303176911189E-017,6.27873583308728E-027,-1.,56.75,1.,           2279P   3458
1.02542924319956E-010,6.12303176911189E-017,51.4999999967186;       2279P   3459
100,24.75,-26.75,32.,-26.5,32.,-26.75,32.25;                        2281P   3460
102,4,2263,2267,2273,2277;                                          2283P   3461
102,4,2265,2271,2275,2281;                                          2285P   3462
142,1,2261,2283,2285,1;                                             2287P   3463
144,2261,1,0,2287;                                                  2289P   3464
110,-25.,2.,0.25,-25.,2.,1000.25;                                   2291P   3465
110,-23.,2.,0.25,-23.,2.,24.75;                                     2293P   3466
120,2291,2293,0.,6.28318530717959;                                  2295P   3467
126,1,1,1,0,1,0,0.,0.,1.,1.,1.,1.,0.,3.141592654,0.,0.,             2297P   3468
4.71238898,0.,0.,1.,0.,0.,1.;                                       2297P   3469
100,0.25,-25.,2.,-27.,2.,-25.,0.;                                   2299P   3470
126,1,1,1,0,1,0,0.,0.,1.,1.,1.,1.,0.,4.71238898,0.,1.,              2301P   3471
4.71238898,0.,0.,1.,0.,0.,1.;                                       2301P   3472
110,-25.,0.,0.25,-25.,0.,24.75;                                     2303P   3473
126,1,1,1,0,1,0,0.,0.,1.,1.,1.,1.,1.,4.71238898,0.,1.,              2305P   3474
3.141592654,0.,0.,1.,0.,0.,1.;                                      2305P   3475
124,-1.45833052665051E-014,-1.,1.51418953812471E-030,               2307P   3476
-23.0000000000004,-1.,1.45833052665051E-014,                        2307P   3477
6.98296672221876E-015,-23.0000000000002,-6.98296672221876E-015,     2307P   3478
1.00320545837838E-028,-1.,49.4999999999998;                         2307P   3479
100,24.75,-25.,2.,-23.,2.,-25.,4.;                                  2309P   3480
126,1,1,1,0,1,0,0.,0.,1.,1.,1.,1.,1.,3.141592654,0.,0.,             2311P   3481
3.141592654,0.,0.,1.,0.,0.,1.;                                      2311P   3482
110,-27.,2.,24.75,-27.,2.,0.25;                                     2313P   3483
102,4,2297,2301,2305,2311;                                          2315P   3484
102,4,2299,2303,2309,2313;                                          2317P   3485
142,1,2295,2315,2317,1;                                             2319P   3486
144,2295,1,0,2319;                                                  2321P   3487
110,-26.75,32.,0.25,-26.75,-968.,0.25;                              2323P   3488
110,-26.75,32.,0.,-26.75,2.,0.;                                     2325P   3489
120,2323,2325,0.,6.28318530717959;                                  2327P   3490
126,1,1,1,0,1,0,0.,0.,1.,1.,1.,1.,1.,4.71238898,0.,0.,              2329P   3491
4.71238898,0.,0.,1.,0.,0.,1.;                                       2329P   3492
110,-27.,2.,0.25,-27.,31.99999999,0.25;                             2331P   3493
126,1,1,1,0,1,0,0.,0.,1.,1.,1.,1.,0.,4.712388981,0.,0.,             2333P   3494
6.283185307,0.,0.,1.,0.,0.,1.;                                      2333P   3495
124,-1.,1.40883940798198E-014,0.,-53.5000000000004,                 2335P   3496
-8.62636845265042E-031,-6.12303176911189E-017,-1.,32.25,            2335P   3497
-1.40883940798198E-014,-1.,6.12303176911189E-017,                   2335P   3498
32.2499999999996;                                                   2335P   3499
100,0.25,-26.75,32.,-26.5,32.,-26.75,32.25;                         2337P   3500
126,1,1,1,0,1,0,0.,0.,1.,1.,1.,1.,0.,6.283185307,0.,1.,             2339P   3501
6.283185307,0.,0.,1.,0.,0.,1.;                                      2339P   3502
110,-26.75,32.000000001,0.,-26.75,2.,0.;                            2341P   3503
126,1,1,1,0,1,0,0.,0.,1.,1.,1.,1.,1.,6.283185307,0.,1.,             2343P   3504
4.71238898,0.,0.,1.,0.,0.,1.;                                       2343P   3505
124,-3.84692216802299E-010,-1.,0.,-24.7500000102905,                2345P   3506
6.12303176911189E-017,-2.35548266481055E-026,1.,1.75,-1.,           2345P   3507
3.84692216802299E-010,6.12303176911189E-017,-26.5000000007694;      2345P   3508
100,0.25,-26.75,2.,-26.5,2.,-26.75,2.25;                            2347P   3509
102,4,2329,2333,2339,2343;                                          2349P   3510
102,4,2331,2337,2341,2347;                                          2351P   3511
142,1,2327,2349,2351,1;                                             2353P   3512
144,2327,1,0,2353;                                                  2355P   3513
128,3,3,3,3,0,0,0,0,0,0.0631414563992069,0.0631414563992069,        2357P   3514
0.0631414563992069,0.0631414563992069,0.936858543537434,            2357P   3515
0.936858543537434,0.936858543537434,0.936858543537434,0.,0.,0.,     2357P   3516
0.,1.,1.,1.,1.,0.956578302551308,0.769794770281092,                 2357P   3517
0.769794770267547,0.956578302510674,0.769794770497067,              2357P   3518
0.619482991552164,0.619482991541264,0.769794770464367,              2357P   3519
0.769794770497067,0.619482991552164,0.619482991541264,              2357P   3520
0.769794770464367,0.956578302551308,0.769794770281092,              2357P   3521
0.769794770267547,0.956578302510674,-26.75,44.5,12.5,               2357P   3522
-26.896446609,44.5,12.5,-27.,44.396446609,12.5,-27.,44.25,12.5,     2357P   3523
-26.75,44.5,19.82233047,-26.896446609,44.5,19.82233047,-27.,        2357P   3524
44.396446609,19.761670299,-27.,44.25,19.675883861,-26.75,           2357P   3525
39.32233047,25.,-26.896446609,39.32233047,25.,-27.,                 2357P   3526
39.261670299,24.896446609,-27.,39.175883861,24.75,-26.75,32.,       2357P   3527
25.,-26.896446609,32.,25.,-27.,32.,24.896446609,-27.,32.,24.75,     2357P   3528
0.0631414563992069,0.936858543537434,0.,1.;                         2357P   3529
126,1,1,1,0,1,0,0.,0.,1.,1.,1.,1.,0.936858544,1.,0.,                2359P   3530
0.063141456,1.,0.,0.,1.,0.,0.,1.;                                   2359P   3531
124,-1.,6.98296672221876E-015,0.,-53.5000000000002,                 2361P   3532
-4.27569270827966E-031,-6.12303176911189E-017,1.,7.25,              2361P   3533
6.98296672221876E-015,1.,6.12303176911189E-017,                     2361P   3534
-7.24999999999981;                                                  2361P   3535
100,24.75,-26.75,32.,-26.5,32.,-26.75,32.25;                        2363P   3536
126,1,1,1,0,1,0,0.,0.,1.,1.,1.,1.,0.063141456,1.,0.,                2365P   3537
0.063141456,0.,0.,0.,1.,0.,0.,1.;                                   2365P   3538
124,6.12303176911189E-017,0.,-1.,-14.25,0.,1.,0.,0.,1.,0.,          2367P   3539
6.12303176911189E-017,39.25;                                        2367P   3540
100,12.5,-26.75,32.,-14.25,32.,-26.750000001,44.5;                  2369P   3541
126,1,1,1,0,1,0,0.,0.,1.,1.,1.,1.,0.063141456,0.,0.,                2371P   3542
0.936858544,0.,0.,0.,1.,0.,0.,1.;                                   2371P   3543
126,3,3,1,0,0,0,0.0631414568655991,0.0631414568655991,              2373P   3544
0.0631414568655991,0.0631414568655991,0.936858542999993,            2373P   3545
0.936858542999993,0.936858542999993,0.936858542999993,              2373P   3546
0.956578302252192,0.769794770395986,0.769794770367252,              2373P   3547
0.95657830216599,-26.75,44.5,12.5,-26.896446609,44.5,12.5,-27.,     2373P   3548
44.396446609,12.5,-27.,44.25,12.5,0.0631414568655991,               2373P   3549
0.936858542999993,0.,0.,-1.;                                        2373P   3550
126,1,1,1,0,1,0,0.,0.,1.,1.,1.,1.,0.936858544,0.,0.,                2375P   3551
0.936858544,1.,0.,0.,1.,0.,0.,1.;                                   2375P   3552
126,3,3,1,0,0,0,0.,0.,0.,0.,1.,1.,1.,1.,0.956578302289157,          2377P   3553
0.769794770286104,0.769794770286104,0.956578302289157,-27.,         2377P   3554
44.25,12.5,-27.,44.25,19.675883861,-27.,39.175883861,24.75,         2377P   3555
-27.,32.,24.75,0.,1.,-1.,0.,0.;                                     2377P   3556
102,4,2359,2365,2371,2375;                                          2379P   3557
102,4,2363,2369,2373,2377;                                          2381P   3558
142,1,2357,2379,2381,1;                                             2383P   3559
144,2357,1,0,2383;                                                  2385P   3560
128,3,3,3,3,0,0,0,0,0,0.0631414567159952,0.0631414567159952,        2387P   3561
0.0631414567159952,0.0631414567159952,0.936858543537478,            2387P   3562
0.936858543537478,0.936858543537478,0.936858543537478,0.,0.,0.,     2387P   3563
0.,1.,1.,1.,1.,0.956578302348136,0.769794770281068,                 2387P   3564
0.769794770335256,0.956578302510699,0.769794770333567,              2387P   3565
0.619482991552145,0.619482991595752,0.769794770464388,              2387P   3566
0.769794770333567,0.619482991552145,0.619482991595752,              2387P   3567
0.769794770464388,0.956578302348136,0.769794770281068,              2387P   3568
0.769794770335256,0.956578302510699,-25.,32.,0.25,-25.,32.,         2387P   3569
0.103553391,-25.103553391,32.,0.,-25.25,32.,0.,-25.,                2387P   3570
39.175883861,0.25,-25.,39.261670299,0.103553391,-25.103553391,      2387P   3571
39.32233047,0.,-25.25,39.32233047,0.,-25.,44.25,5.324116139,        2387P   3572
-25.,44.396446609,5.238329701,-25.103553391,44.5,5.17766953,        2387P   3573
-25.25,44.5,5.17766953,-25.,44.25,12.5,-25.,44.396446609,12.5,      2387P   3574
-25.103553391,44.5,12.5,-25.25,44.5,12.5,0.0631414567159952,        2387P   3575
0.936858543537478,0.,1.;                                            2387P   3576
126,1,1,1,0,1,0,0.,0.,1.,1.,1.,1.,0.063141457,1.,0.,                2389P   3577
0.063141457,0.,0.,0.,1.,0.,0.,1.;                                   2389P   3578
126,3,3,1,0,0,0,0.,0.,0.,0.,1.,1.,1.,1.,0.956578302289151,          2391P   3579
0.7697947702861,0.7697947702861,0.956578302289151,-25.,44.25,       2391P   3580
12.5,-25.,44.25,5.324116139,-25.,39.175883861,0.25,-25.,32.,        2391P   3581
0.25,0.,1.,1.,0.,0.;                                                2391P   3582
126,1,1,1,0,1,0,0.,0.,1.,1.,1.,1.,0.063141457,0.,0.,                2393P   3583
0.936858544,0.,0.,0.,1.,0.,0.,1.;                                   2393P   3584
124,1.,0.,0.,0.,0.,6.12303176911189E-017,1.,31.75,0.,-1.,           2395P   3585
6.12303176911189E-017,32.25;                                        2395P   3586
100,0.25,-25.25,32.,-25.,32.,-25.25,32.25;                          2397P   3587
126,1,1,1,0,1,0,0.,0.,1.,1.,1.,1.,0.936858544,0.,0.,                2399P   3588
0.936858544,1.,0.,0.,1.,0.,0.,1.;                                   2399P   3589
124,6.12303176911189E-017,0.,1.,-37.75,0.,1.,0.,0.,-1.,0.,          2401P   3590
6.12303176911189E-017,-12.75;                                       2401P   3591
100,12.5,-25.25,32.,-12.75,32.000000002,-25.25,44.5;                2403P   3592
126,1,1,1,0,1,0,0.,0.,1.,1.,1.,1.,0.936858544,1.,0.,                2405P   3593
0.063141457,1.,0.,0.,1.,0.,0.,1.;                                   2405P   3594
126,3,3,1,0,0,0,0.0631414568656216,0.0631414568656216,              2407P   3595
0.0631414568656216,0.0631414568656216,0.936858543000013,            2407P   3596
0.936858543000013,0.936858543000013,0.936858543000013,              2407P   3597
0.956578302252177,0.769794770395978,0.769794770367254,              2407P   3598
0.956578302166003,-25.25,44.5,12.5,-25.103553391,44.5,12.5,         2407P   3599
-25.,44.396446609,12.5,-25.,44.25,12.5,0.0631414568656216,          2407P   3600
0.936858543000013,0.,0.,1.;                                         2407P   3601
102,4,2389,2393,2399,2405;                                          2409P   3602
102,4,2391,2397,2403,2407;                                          2411P   3603
142,1,2387,2409,2411,1;                                             2413P   3604
144,2387,1,0,2413;                                                  2415P   3605
128,3,3,3,3,0,0,0,0,0,0.0631414564625667,0.0631414564625667,        2417P   3606
0.0631414564625667,0.0631414564625667,0.936858543664154,            2417P   3607
0.936858543664154,0.936858543664154,0.936858543664154,0.,0.,0.,     2417P   3608
0.,1.,1.,1.,1.,0.956578302510672,0.769794770253998,                 2417P   3609
0.769794770281088,0.956578302591943,0.769794770464366,              2417P   3610
0.619482991530362,0.619482991552162,0.769794770529768,              2417P   3611
0.769794770464366,0.619482991530362,0.619482991552162,              2417P   3612
0.769794770529768,0.956578302510672,0.769794770253998,              2417P   3613
0.769794770281088,0.956578302591943,-25.,44.25,12.5,-25.,           2417P   3614
44.396446609,12.5,-25.103553391,44.5,12.5,-25.25,44.5,12.5,         2417P   3615
-25.,44.25,19.675883861,-25.,44.396446609,19.761670299,             2417P   3616
-25.103553391,44.5,19.82233047,-25.25,44.5,19.82233047,-25.,        2417P   3617
39.175883861,24.75,-25.,39.261670299,24.896446609,                  2417P   3618
-25.103553391,39.32233047,25.,-25.25,39.32233047,25.,-25.,32.,      2417P   3619
24.75,-25.,32.,24.896446609,-25.103553391,32.,25.,-25.25,32.,       2417P   3620
25.,0.0631414564625667,0.936858543664154,0.,1.;                     2417P   3621
126,1,1,1,0,1,0,0.,0.,1.,1.,1.,1.,0.936858544,1.,0.,                2419P   3622
0.063141456,1.,0.,0.,1.,0.,0.,1.;                                   2419P   3623
124,-2.05100120724945E-010,1.,0.,-57.2500000051788,                 2421P   3624
-6.12303176911189E-017,-1.25583455504752E-026,1.,7.25,1.,           2421P   3625
2.05100120724945E-010,6.12303176911189E-017,49.9999999934368;       2421P   3626
100,24.75,-25.25,32.,-25.,32.,-25.25,32.25;                         2423P   3627
126,1,1,1,0,1,0,0.,0.,1.,1.,1.,1.,0.063141456,1.,0.,                2425P   3628
0.063141456,0.,0.,0.,1.,0.,0.,1.;                                   2425P   3629
126,3,3,1,0,0,0,0.,0.,0.,0.,1.,1.,1.,1.,0.956578302289154,          2427P   3630
0.769794770286102,0.769794770286102,0.956578302289154,-25.,32.,     2427P   3631
24.75,-25.,39.175883861,24.75,-25.,44.25,19.675883861,-25.,         2427P   3632
44.25,12.5,0.,1.,1.,0.,0.;                                          2427P   3633
126,1,1,1,0,1,0,0.,0.,1.,1.,1.,1.,0.063141456,0.,0.,                2429P   3634
0.936858544,0.,0.,0.,1.,0.,0.,1.;                                   2429P   3635
126,3,3,1,0,0,0,0.0631414569999919,0.0631414569999919,              2431P   3636
0.0631414569999919,0.0631414569999919,0.936858543134393,            2431P   3637
0.936858543134393,0.936858543134393,0.936858543134393,              2431P   3638
0.956578302165999,0.76979477036725,0.769794770395979,               2431P   3639
0.956578302252186,-25.,44.25,12.5,-25.,44.396446609,12.5,           2431P   3640
-25.103553391,44.5,12.5,-25.25,44.5,12.5,0.0631414569999919,        2431P   3641
0.936858543134393,0.,0.,-1.;                                        2431P   3642
126,1,1,1,0,1,0,0.,0.,1.,1.,1.,1.,0.936858544,0.,0.,                2433P   3643
0.936858544,1.,0.,0.,1.,0.,0.,1.;                                   2433P   3644
124,3.74915180455534E-033,-6.12303176911189E-017,1.,-37.75,1.,      2435P   3645
6.12303176911189E-017,0.,57.25,-6.12303176911189E-017,1.,           2435P   3646
6.12303176911189E-017,-19.5;                                        2435P   3647
100,12.5,-25.25,32.,-12.75,32.,-25.249999999,44.5;                  2437P   3648
102,4,2419,2425,2429,2433;                                          2439P   3649
102,4,2423,2427,2431,2437;                                          2441P   3650
142,1,2417,2439,2441,1;                                             2443P   3651
144,2417,1,0,2443;                                                  2445P   3652
128,1,1,1,1,0,0,1,0,0,0.,0.,1.,1.,0.,0.,1.,1.,1.,1.,1.,1.,-27.,     2447P   3653
2.,0.25,-27.,44.5035,0.25,-27.,2.,24.75,-27.,44.5035,24.75,0.,      2447P   3654
1.,0.,1.;                                                           2447P   3655
126,16,2,1,0,1,0,0.,0.,0.,0.125,0.125,0.25,0.25,0.375,0.375,        2449P   3656
0.5,0.5,0.625,0.625,0.75,0.75,0.875,0.875,1.,1.,1.,1.,1.,1.,1.,     2449P   3657
1.,1.,1.,1.,1.,1.,1.,1.,1.,1.,1.,1.,1.,0.994035785,0.5,0.,          2449P   3658
0.994033573,0.545904743,0.,0.989224199,0.590981526,0.,              2449P   3659
0.984118419,0.638836448,0.,0.973799962,0.684047355,0.,              2449P   3660
0.963038923,0.731197462,0.,0.947056007,0.773604877,0.,              2449P   3661
0.930716223,0.81695917,0.,0.909620574,0.853553391,0.,               2449P   3662
0.888506722,0.890179187,0.,0.863536402,0.918497756,0.,              2449P   3663
0.83906927,0.946245665,0.,0.811913376,0.964894151,0.,               2449P   3664
0.785829372,0.982806549,0.,0.758268081,0.991652684,0.,              2449P   3665
0.732272881,0.999996163,0.,0.705824226,1.,0.,0.,1.,0.,0.,-1.;       2449P   3666
126,3,3,1,0,0,0,0.,0.,0.,0.,1.,1.,1.,1.,0.956578302289157,          2451P   3667
0.769794770286104,0.769794770286104,0.956578302289157,-27.,         2451P   3668
44.25,12.5,-27.,44.25,19.675883861,-27.,39.175883861,24.75,         2451P   3669
-27.,32.,24.75,0.,1.,-1.,0.,0.;                                     2451P   3670
126,1,1,1,0,1,0,0.,0.,1.,1.,1.,1.,0.705824226,1.,0.,0.,1.,0.,       2453P   3671
0.,1.,0.,0.,1.;                                                     2453P   3672
110,-27.,31.99999999,24.75,-27.,2.,24.75;                           2455P   3673
126,1,1,1,0,1,0,0.,0.,1.,1.,1.,1.,0.,1.,0.,0.,0.,0.,0.,1.,0.,       2457P   3674
0.,1.;                                                              2457P   3675
110,-27.,2.,24.75,-27.,2.,0.25;                                     2459P   3676
126,1,1,1,0,1,0,0.,0.,1.,1.,1.,1.,0.,0.,0.,0.705824226,0.,0.,       2461P   3677
0.,1.,0.,0.,1.;                                                     2461P   3678
110,-27.,2.,0.25,-27.,31.99999999,0.25;                             2463P   3679
126,16,2,1,0,1,0,0.,0.,0.,0.125,0.125,0.25,0.25,0.375,0.375,        2465P   3680
0.5,0.5,0.625,0.625,0.75,0.75,0.875,0.875,1.,1.,1.,1.,1.,1.,1.,     2465P   3681
1.,1.,1.,1.,1.,1.,1.,1.,1.,1.,1.,1.,1.,0.705824226,0.,0.,           2465P   3682
0.732284781,3.838E-006,0.,0.758268081,0.008347316,0.,               2465P   3683
0.785852764,0.017205012,0.,0.811913376,0.035105849,0.,              2465P   3684
0.839091788,0.053774495,0.,0.863536402,0.081502244,0.,              2465P   3685
0.888526819,0.109849103,0.,0.909620574,0.146446609,0.,              2465P   3686
0.93073253,0.183075695,0.,0.947056007,0.226395123,0.,               2465P   3687
0.963050544,0.268841604,0.,0.973799962,0.315952645,0.,              2465P   3688
0.984125083,0.361204135,0.,0.989224199,0.409018474,0.,              2465P   3689
0.994033574,0.454115902,0.,0.994035785,0.5,0.,0.,1.,0.,0.,-1.;      2465P   3690
126,3,3,1,0,0,0,0.,0.,0.,0.,1.,1.,1.,1.,0.956578302289143,          2467P   3691
0.769794770286093,0.769794770286093,0.956578302289143,-27.,32.,     2467P   3692
0.25,-27.,39.175883861,0.25,-27.,44.25,5.324116139,-27.,44.25,      2467P   3693
12.5,0.,1.,-1.,0.,0.;                                               2467P   3694
102,5,2449,2453,2457,2461,2465;                                     2469P   3695
102,5,2451,2455,2459,2463,2467;                                     2471P   3696
142,1,2447,2469,2471,1;                                             2473P   3697
126,32,2,1,0,1,0,0.,0.,0.,0.0625,0.0625,0.125,0.125,0.1875,         2475P   3698
0.1875,0.25,0.25,0.3125,0.3125,0.375,0.375,0.4375,0.4375,0.5,       2475P   3699
0.5,0.5625,0.5625,0.625,0.625,0.6875,0.6875,0.75,0.75,0.8125,       2475P   3700
0.8125,0.875,0.875,0.9375,0.9375,1.,1.,1.,1.,1.,1.,1.,1.,1.,1.,     2475P   3701
1.,1.,1.,1.,1.,1.,1.,1.,1.,1.,1.,1.,1.,1.,1.,1.,1.,1.,1.,1.,1.,     2475P   3702
1.,1.,1.,1.,1.,0.268213206,0.43877551,0.,0.264737325,               2475P   3703
0.43877551,0.,0.261328232,0.439951922,0.,0.257919139,               2475P   3704
0.441128333,0.,0.254707844,0.443435947,0.,0.251496549,              2475P   3705
0.445743561,0.,0.248606459,0.449093697,0.,0.24571637,               2475P   3706
0.452443833,0.,0.243258551,0.456707748,0.,0.240800732,              2475P   3707
0.460971663,0.,0.238869636,0.465985496,0.,0.23693854,               2475P   3708
0.470999329,0.,0.235608378,0.476570402,0.,0.234278216,              2475P   3709
0.482141475,0.,0.233600105,0.488055695,0.,0.232921995,              2475P   3710
0.493969914,0.,0.232921995,0.5,0.,0.232921995,0.506030086,0.,       2475P   3711
0.233600105,0.511944305,0.,0.234278216,0.517858525,0.,              2475P   3712
0.235608378,0.523429598,0.,0.23693854,0.529000671,0.,               2475P   3713
0.238869636,0.534014504,0.,0.240800732,0.539028337,0.,              2475P   3714
0.243258551,0.543292252,0.,0.24571637,0.547556167,0.,               2475P   3715
0.248606459,0.550906303,0.,0.251496549,0.554256439,0.,              2475P   3716
0.254707844,0.556564053,0.,0.257919139,0.558871667,0.,              2475P   3717
0.261328232,0.560048078,0.,0.264737325,0.56122449,0.,               2475P   3718
0.268213206,0.56122449,0.,0.,1.,0.,0.,1.;                           2475P   3719
124,-6.12303176911189E-017,4.27569270827966E-031,-1.,-14.5,         2477P   3720
-6.98296672221876E-015,-1.,0.,26.7999999999998,-1.,                 2477P   3721
6.98296672221876E-015,6.12303176911189E-017,-14.5000000000001;      2477P   3722
100,12.5,-27.,13.4,-25.5,13.4,-28.5,13.4;                           2479P   3723
126,32,2,1,0,1,0,0.,0.,0.,0.0625,0.0625,0.125,0.125,0.1875,         2481P   3724
0.1875,0.25,0.25,0.3125,0.3125,0.375,0.375,0.4375,0.4375,0.5,       2481P   3725
0.5,0.5625,0.5625,0.625,0.625,0.6875,0.6875,0.75,0.75,0.8125,       2481P   3726
0.8125,0.875,0.875,0.9375,0.9375,1.,1.,1.,1.,1.,1.,1.,1.,1.,1.,     2481P   3727
1.,1.,1.,1.,1.,1.,1.,1.,1.,1.,1.,1.,1.,1.,1.,1.,1.,1.,1.,1.,1.,     2481P   3728
1.,1.,1.,1.,1.,0.268213206,0.56122449,0.,0.271689087,               2481P   3729
0.56122449,0.,0.27509818,0.560048078,0.,0.278507273,                2481P   3730
0.558871667,0.,0.281718568,0.556564053,0.,0.284929863,              2481P   3731
0.554256439,0.,0.287819952,0.550906303,0.,0.290710042,              2481P   3732
0.547556167,0.,0.293167861,0.543292252,0.,0.29562568,               2481P   3733
0.539028337,0.,0.297556776,0.534014504,0.,0.299487872,              2481P   3734
0.529000671,0.,0.300818034,0.523429598,0.,0.302148196,              2481P   3735
0.517858525,0.,0.302826307,0.511944305,0.,0.303504417,              2481P   3736
0.506030086,0.,0.303504417,0.5,0.,0.303504417,0.493969914,0.,       2481P   3737
0.302826307,0.488055695,0.,0.302148196,0.482141475,0.,              2481P   3738
0.300818034,0.476570402,0.,0.299487872,0.470999329,0.,              2481P   3739
0.297556776,0.465985496,0.,0.29562568,0.460971663,0.,               2481P   3740
0.293167861,0.456707748,0.,0.290710042,0.452443833,0.,              2481P   3741
0.287819952,0.449093697,0.,0.284929863,0.445743561,0.,              2481P   3742
0.281718568,0.443435947,0.,0.278507273,0.441128333,0.,              2481P   3743
0.27509818,0.439951922,0.,0.271689087,0.43877551,0.,                2481P   3744
0.268213206,0.43877551,0.,0.,1.,0.,0.,1.;                           2481P   3745
124,6.12303176911189E-017,0.,-1.,-14.5,0.,1.,0.,0.,1.,0.,           2483P   3746
6.12303176911189E-017,39.5;                                         2483P   3747
100,12.5,-27.,13.4,-25.5,13.4,-28.5,13.4;                           2485P   3748
102,2,2475,2481;                                                    2487P   3749
102,2,2479,2485;                                                    2489P   3750
142,1,2447,2487,2489,1;                                             2491P   3751
126,32,2,1,0,1,0,0.,0.,0.,0.0625,0.0625,0.125,0.125,0.1875,         2493P   3752
0.1875,0.25,0.25,0.3125,0.3125,0.375,0.375,0.4375,0.4375,0.5,       2493P   3753
0.5,0.5625,0.5625,0.625,0.625,0.6875,0.6875,0.75,0.75,0.8125,       2493P   3754
0.8125,0.875,0.875,0.9375,0.9375,1.,1.,1.,1.,1.,1.,1.,1.,1.,1.,     2493P   3755
1.,1.,1.,1.,1.,1.,1.,1.,1.,1.,1.,1.,1.,1.,1.,1.,1.,1.,1.,1.,1.,     2493P   3756
1.,1.,1.,1.,1.,0.870516546,0.43877551,0.,0.867040665,               2493P   3757
0.43877551,0.,0.863631572,0.439951922,0.,0.860222479,               2493P   3758
0.441128333,0.,0.857011184,0.443435947,0.,0.853799889,              2493P   3759
0.445743561,0.,0.850909799,0.449093697,0.,0.84801971,               2493P   3760
0.452443833,0.,0.845561891,0.456707748,0.,0.843104072,              2493P   3761
0.460971663,0.,0.841172976,0.465985496,0.,0.83924188,               2493P   3762
0.470999329,0.,0.837911718,0.476570402,0.,0.836581556,              2493P   3763
0.482141475,0.,0.835903445,0.488055695,0.,0.835225334,              2493P   3764
0.493969914,0.,0.835225334,0.5,0.,0.835225334,0.506030086,0.,       2493P   3765
0.835903445,0.511944305,0.,0.836581556,0.517858525,0.,              2493P   3766
0.837911718,0.523429598,0.,0.83924188,0.529000671,0.,               2493P   3767
0.841172976,0.534014504,0.,0.843104072,0.539028337,0.,              2493P   3768
0.845561891,0.543292252,0.,0.84801971,0.547556167,0.,               2493P   3769
0.850909799,0.550906303,0.,0.853799889,0.554256439,0.,              2493P   3770
0.857011184,0.556564053,0.,0.860222479,0.558871667,0.,              2493P   3771
0.863631572,0.560048078,0.,0.867040665,0.56122449,0.,               2493P   3772
0.870516546,0.56122449,0.,0.,1.,0.,0.,1.;                           2493P   3773
124,-6.12303176911189E-017,4.27569270827966E-031,-1.,-14.5,         2495P   3774
-6.98296672221876E-015,-1.,0.,77.9999999999998,-1.,                 2495P   3775
6.98296672221876E-015,6.12303176911189E-017,-14.5000000000003;      2495P   3776
100,12.5,-27.,39.,-25.5,39.,-28.5,39.;                              2497P   3777
126,32,2,1,0,1,0,0.,0.,0.,0.0625,0.0625,0.125,0.125,0.1875,         2499P   3778
0.1875,0.25,0.25,0.3125,0.3125,0.375,0.375,0.4375,0.4375,0.5,       2499P   3779
0.5,0.5625,0.5625,0.625,0.625,0.6875,0.6875,0.75,0.75,0.8125,       2499P   3780
0.8125,0.875,0.875,0.9375,0.9375,1.,1.,1.,1.,1.,1.,1.,1.,1.,1.,     2499P   3781
1.,1.,1.,1.,1.,1.,1.,1.,1.,1.,1.,1.,1.,1.,1.,1.,1.,1.,1.,1.,1.,     2499P   3782
1.,1.,1.,1.,1.,0.870516546,0.56122449,0.,0.873992427,               2499P   3783
0.56122449,0.,0.877401519,0.560048078,0.,0.880810612,               2499P   3784
0.558871667,0.,0.884021908,0.556564053,0.,0.887233203,              2499P   3785
0.554256439,0.,0.890123292,0.550906303,0.,0.893013382,              2499P   3786
0.547556167,0.,0.895471201,0.543292252,0.,0.89792902,               2499P   3787
0.539028337,0.,0.899860115,0.534014504,0.,0.901791211,              2499P   3788
0.529000671,0.,0.903121374,0.523429598,0.,0.904451536,              2499P   3789
0.517858525,0.,0.905129646,0.511944305,0.,0.905807757,              2499P   3790
0.506030086,0.,0.905807757,0.5,0.,0.905807757,0.493969914,0.,       2499P   3791
0.905129646,0.488055695,0.,0.904451536,0.482141475,0.,              2499P   3792
0.903121374,0.476570402,0.,0.901791211,0.470999329,0.,              2499P   3793
0.899860115,0.465985496,0.,0.89792902,0.460971663,0.,               2499P   3794
0.895471201,0.456707748,0.,0.893013382,0.452443833,0.,              2499P   3795
0.890123292,0.449093697,0.,0.887233203,0.445743561,0.,              2499P   3796
0.884021908,0.443435947,0.,0.880810612,0.441128333,0.,              2499P   3797
0.877401519,0.439951922,0.,0.873992427,0.43877551,0.,               2499P   3798
0.870516546,0.43877551,0.,0.,1.,0.,0.,1.;                           2499P   3799
124,6.12303176911189E-017,0.,-1.,-14.5,0.,1.,0.,0.,1.,0.,           2501P   3800
6.12303176911189E-017,39.5;                                         2501P   3801
100,12.5,-27.,39.,-25.5,39.,-28.5,39.;                              2503P   3802
102,2,2493,2499;                                                    2505P   3803
102,2,2497,2503;                                                    2507P   3804
142,1,2447,2505,2507,1;                                             2509P   3805
126,32,2,1,0,1,0,0.,0.,0.,0.0625,0.0625,0.125,0.125,0.1875,         2511P   3806
0.1875,0.25,0.25,0.3125,0.3125,0.375,0.375,0.4375,0.4375,0.5,       2511P   3807
0.5,0.5625,0.5625,0.625,0.625,0.6875,0.6875,0.75,0.75,0.8125,       2511P   3808
0.8125,0.875,0.875,0.9375,0.9375,1.,1.,1.,1.,1.,1.,1.,1.,1.,1.,     2511P   3809
1.,1.,1.,1.,1.,1.,1.,1.,1.,1.,1.,1.,1.,1.,1.,1.,1.,1.,1.,1.,1.,     2511P   3810
1.,1.,1.,1.,1.,0.705824226,0.724489796,0.,0.702348345,              2511P   3811
0.724489796,0.,0.698939252,0.725666207,0.,0.69553016,               2511P   3812
0.726842619,0.,0.692318864,0.729150233,0.,0.689107569,              2511P   3813
0.731457847,0.,0.68621748,0.734807983,0.,0.68332739,                2511P   3814
0.738158119,0.,0.680869571,0.742422034,0.,0.678411752,              2511P   3815
0.746685948,0.,0.676480656,0.751699782,0.,0.67454956,               2511P   3816
0.756713615,0.,0.673219398,0.762284688,0.,0.671889236,              2511P   3817
0.767855761,0.,0.671211126,0.77376998,0.,0.670533015,0.7796842,     2511P   3818
0.,0.670533015,0.785714286,0.,0.670533015,0.791744372,0.,           2511P   3819
0.671211126,0.797658591,0.,0.671889236,0.803572811,0.,              2511P   3820
0.673219398,0.809143884,0.,0.67454956,0.814714957,0.,               2511P   3821
0.676480656,0.81972879,0.,0.678411752,0.824742623,0.,               2511P   3822
0.680869571,0.829006538,0.,0.68332739,0.833270452,0.,               2511P   3823
0.68621748,0.836620589,0.,0.689107569,0.839970725,0.,               2511P   3824
0.692318864,0.842278339,0.,0.69553016,0.844585953,0.,               2511P   3825
0.698939252,0.845762364,0.,0.702348345,0.846938776,0.,              2511P   3826
0.705824226,0.846938776,0.,0.,1.,0.,0.,1.;                          2511P   3827
124,-6.12303176911189E-017,4.27569270827966E-031,-1.,-7.5,          2513P   3828
-6.98296672221876E-015,-1.,0.,63.9999999999998,-1.,                 2513P   3829
6.98296672221876E-015,6.12303176911189E-017,-7.50000000000023;      2513P   3830
100,19.5,-27.,32.,-25.5,32.,-28.5,32.;                              2515P   3831
126,32,2,1,0,1,0,0.,0.,0.,0.0625,0.0625,0.125,0.125,0.1875,         2517P   3832
0.1875,0.25,0.25,0.3125,0.3125,0.375,0.375,0.4375,0.4375,0.5,       2517P   3833
0.5,0.5625,0.5625,0.625,0.625,0.6875,0.6875,0.75,0.75,0.8125,       2517P   3834
0.8125,0.875,0.875,0.9375,0.9375,1.,1.,1.,1.,1.,1.,1.,1.,1.,1.,     2517P   3835
1.,1.,1.,1.,1.,1.,1.,1.,1.,1.,1.,1.,1.,1.,1.,1.,1.,1.,1.,1.,1.,     2517P   3836
1.,1.,1.,1.,1.,0.705824226,0.846938776,0.,0.709300107,              2517P   3837
0.846938776,0.,0.7127092,0.845762364,0.,0.716118293,                2517P   3838
0.844585953,0.,0.719329588,0.842278339,0.,0.722540883,              2517P   3839
0.839970725,0.,0.725430973,0.836620589,0.,0.728321062,              2517P   3840
0.833270452,0.,0.730778881,0.829006538,0.,0.7332367,                2517P   3841
0.824742623,0.,0.735167796,0.81972879,0.,0.737098892,               2517P   3842
0.814714957,0.,0.738429054,0.809143884,0.,0.739759216,              2517P   3843
0.803572811,0.,0.740437327,0.797658591,0.,0.741115438,              2517P   3844
0.791744372,0.,0.741115438,0.785714286,0.,0.741115438,              2517P   3845
0.7796842,0.,0.740437327,0.77376998,0.,0.739759216,0.767855761,     2517P   3846
0.,0.738429054,0.762284688,0.,0.737098892,0.756713615,0.,           2517P   3847
0.735167796,0.751699782,0.,0.7332367,0.746685948,0.,                2517P   3848
0.730778881,0.742422034,0.,0.728321062,0.738158119,0.,              2517P   3849
0.725430973,0.734807983,0.,0.722540883,0.731457847,0.,              2517P   3850
0.719329588,0.729150233,0.,0.716118293,0.726842619,0.,              2517P   3851
0.7127092,0.725666207,0.,0.709300107,0.724489796,0.,                2517P   3852
0.705824226,0.724489796,0.,0.,1.,0.,0.,1.;                          2517P   3853
124,6.12303176911189E-017,0.,-1.,-7.5,0.,1.,0.,0.,1.,0.,            2519P   3854
6.12303176911189E-017,46.5;                                         2519P   3855
100,19.5,-27.,32.,-25.5,32.,-28.5,32.;                              2521P   3856
102,2,2511,2517;                                                    2523P   3857
102,2,2515,2521;                                                    2525P   3858
142,1,2447,2523,2525,1;                                             2527P   3859
126,32,2,1,0,1,0,0.,0.,0.,0.0625,0.0625,0.125,0.125,0.1875,         2529P   3860
0.1875,0.25,0.25,0.3125,0.3125,0.375,0.375,0.4375,0.4375,0.5,       2529P   3861
0.5,0.5625,0.5625,0.625,0.625,0.6875,0.6875,0.75,0.75,0.8125,       2529P   3862
0.8125,0.875,0.875,0.9375,0.9375,1.,1.,1.,1.,1.,1.,1.,1.,1.,1.,     2529P   3863
1.,1.,1.,1.,1.,1.,1.,1.,1.,1.,1.,1.,1.,1.,1.,1.,1.,1.,1.,1.,1.,     2529P   3864
1.,1.,1.,1.,1.,0.705824226,0.153061224,0.,0.702348345,              2529P   3865
0.153061224,0.,0.698939252,0.154237636,0.,0.69553016,               2529P   3866
0.155414047,0.,0.692318864,0.157721661,0.,0.689107569,              2529P   3867
0.160029275,0.,0.68621748,0.163379411,0.,0.68332739,                2529P   3868
0.166729548,0.,0.680869571,0.170993462,0.,0.678411752,              2529P   3869
0.175257377,0.,0.676480656,0.18027121,0.,0.67454956,                2529P   3870
0.185285043,0.,0.673219398,0.190856116,0.,0.671889236,              2529P   3871
0.196427189,0.,0.671211126,0.202341409,0.,0.670533015,              2529P   3872
0.208255628,0.,0.670533015,0.214285714,0.,0.670533015,              2529P   3873
0.2203158,0.,0.671211126,0.22623002,0.,0.671889236,0.232144239,     2529P   3874
0.,0.673219398,0.237715312,0.,0.67454956,0.243286385,0.,            2529P   3875
0.676480656,0.248300218,0.,0.678411752,0.253314052,0.,              2529P   3876
0.680869571,0.257577966,0.,0.68332739,0.261841881,0.,               2529P   3877
0.68621748,0.265192017,0.,0.689107569,0.268542153,0.,               2529P   3878
0.692318864,0.270849767,0.,0.69553016,0.273157381,0.,               2529P   3879
0.698939252,0.274333793,0.,0.702348345,0.275510204,0.,              2529P   3880
0.705824226,0.275510204,0.,0.,1.,0.,0.,1.;                          2529P   3881
124,-6.12303176911189E-017,4.27569270827966E-031,-1.,-21.5,         2531P   3882
-6.98296672221876E-015,-1.,0.,63.9999999999998,-1.,                 2531P   3883
6.98296672221876E-015,6.12303176911189E-017,-21.5000000000002;      2531P   3884
100,5.5,-27.,32.,-25.5,32.,-28.5,32.;                               2533P   3885
126,32,2,1,0,1,0,0.,0.,0.,0.0625,0.0625,0.125,0.125,0.1875,         2535P   3886
0.1875,0.25,0.25,0.3125,0.3125,0.375,0.375,0.4375,0.4375,0.5,       2535P   3887
0.5,0.5625,0.5625,0.625,0.625,0.6875,0.6875,0.75,0.75,0.8125,       2535P   3888
0.8125,0.875,0.875,0.9375,0.9375,1.,1.,1.,1.,1.,1.,1.,1.,1.,1.,     2535P   3889
1.,1.,1.,1.,1.,1.,1.,1.,1.,1.,1.,1.,1.,1.,1.,1.,1.,1.,1.,1.,1.,     2535P   3890
1.,1.,1.,1.,1.,0.705824226,0.275510204,0.,0.709300107,              2535P   3891
0.275510204,0.,0.7127092,0.274333793,0.,0.716118293,                2535P   3892
0.273157381,0.,0.719329588,0.270849767,0.,0.722540883,              2535P   3893
0.268542153,0.,0.725430973,0.265192017,0.,0.728321062,              2535P   3894
0.261841881,0.,0.730778881,0.257577966,0.,0.7332367,                2535P   3895
0.253314052,0.,0.735167796,0.248300218,0.,0.737098892,              2535P   3896
0.243286385,0.,0.738429054,0.237715312,0.,0.739759216,              2535P   3897
0.232144239,0.,0.740437327,0.22623002,0.,0.741115438,0.2203158,     2535P   3898
0.,0.741115438,0.214285714,0.,0.741115438,0.208255628,0.,           2535P   3899
0.740437327,0.202341409,0.,0.739759216,0.196427189,0.,              2535P   3900
0.738429054,0.190856116,0.,0.737098892,0.185285043,0.,              2535P   3901
0.735167796,0.18027121,0.,0.7332367,0.175257377,0.,0.730778881,     2535P   3902
0.170993462,0.,0.728321062,0.166729548,0.,0.725430973,              2535P   3903
0.163379411,0.,0.722540883,0.160029275,0.,0.719329588,              2535P   3904
0.157721661,0.,0.716118293,0.155414047,0.,0.7127092,                2535P   3905
0.154237636,0.,0.709300107,0.153061224,0.,0.705824226,              2535P   3906
0.153061224,0.,0.,1.,0.,0.,1.;                                      2535P   3907
124,6.12303176911189E-017,0.,-1.,-21.5,0.,1.,0.,0.,1.,0.,           2537P   3908
6.12303176911189E-017,32.5;                                         2537P   3909
100,5.5,-27.,32.,-25.5,32.,-28.5,32.;                               2539P   3910
102,2,2529,2535;                                                    2541P   3911
102,2,2533,2539;                                                    2543P   3912
142,1,2447,2541,2543,1;                                             2545P   3913
126,32,2,1,0,1,0,0.,0.,0.,0.0625,0.0625,0.125,0.125,0.1875,         2547P   3914
0.1875,0.25,0.25,0.3125,0.3125,0.375,0.375,0.4375,0.4375,0.5,       2547P   3915
0.5,0.5625,0.5625,0.625,0.625,0.6875,0.6875,0.75,0.75,0.8125,       2547P   3916
0.8125,0.875,0.875,0.9375,0.9375,1.,1.,1.,1.,1.,1.,1.,1.,1.,1.,     2547P   3917
1.,1.,1.,1.,1.,1.,1.,1.,1.,1.,1.,1.,1.,1.,1.,1.,1.,1.,1.,1.,1.,     2547P   3918
1.,1.,1.,1.,1.,0.541131907,0.43877551,0.,0.537656026,               2547P   3919
0.43877551,0.,0.534246933,0.439951922,0.,0.53083784,                2547P   3920
0.441128333,0.,0.527626545,0.443435947,0.,0.52441525,               2547P   3921
0.445743561,0.,0.52152516,0.449093697,0.,0.518635071,               2547P   3922
0.452443833,0.,0.516177252,0.456707748,0.,0.513719433,              2547P   3923
0.460971663,0.,0.511788337,0.465985496,0.,0.509857241,              2547P   3924
0.470999329,0.,0.508527079,0.476570402,0.,0.507196917,              2547P   3925
0.482141475,0.,0.506518806,0.488055695,0.,0.505840695,              2547P   3926
0.493969914,0.,0.505840695,0.5,0.,0.505840695,0.506030086,0.,       2547P   3927
0.506518806,0.511944305,0.,0.507196917,0.517858525,0.,              2547P   3928
0.508527079,0.523429598,0.,0.509857241,0.529000671,0.,              2547P   3929
0.511788337,0.534014504,0.,0.513719433,0.539028337,0.,              2547P   3930
0.516177252,0.543292252,0.,0.518635071,0.547556167,0.,              2547P   3931
0.52152516,0.550906303,0.,0.52441525,0.554256439,0.,                2547P   3932
0.527626545,0.556564053,0.,0.53083784,0.558871667,0.,               2547P   3933
0.534246933,0.560048078,0.,0.537656026,0.56122449,0.,               2547P   3934
0.541131907,0.56122449,0.,0.,1.,0.,0.,1.;                           2547P   3935
124,-6.12303176911189E-017,4.27569270827966E-031,-1.,-14.5,         2549P   3936
-6.98296672221876E-015,-1.,0.,49.9999999999998,-1.,                 2549P   3937
6.98296672221876E-015,6.12303176911189E-017,-14.5000000000002;      2549P   3938
100,12.5,-27.,25.,-25.5,25.,-28.5,25.;                              2551P   3939
126,32,2,1,0,1,0,0.,0.,0.,0.0625,0.0625,0.125,0.125,0.1875,         2553P   3940
0.1875,0.25,0.25,0.3125,0.3125,0.375,0.375,0.4375,0.4375,0.5,       2553P   3941
0.5,0.5625,0.5625,0.625,0.625,0.6875,0.6875,0.75,0.75,0.8125,       2553P   3942
0.8125,0.875,0.875,0.9375,0.9375,1.,1.,1.,1.,1.,1.,1.,1.,1.,1.,     2553P   3943
1.,1.,1.,1.,1.,1.,1.,1.,1.,1.,1.,1.,1.,1.,1.,1.,1.,1.,1.,1.,1.,     2553P   3944
1.,1.,1.,1.,1.,0.541131907,0.56122449,0.,0.544607788,               2553P   3945
0.56122449,0.,0.548016881,0.560048078,0.,0.551425973,               2553P   3946
0.558871667,0.,0.554637269,0.556564053,0.,0.557848564,              2553P   3947
0.554256439,0.,0.560738653,0.550906303,0.,0.563628743,              2553P   3948
0.547556167,0.,0.566086562,0.543292252,0.,0.568544381,              2553P   3949
0.539028337,0.,0.570475477,0.534014504,0.,0.572406573,              2553P   3950
0.529000671,0.,0.573736735,0.523429598,0.,0.575066897,              2553P   3951
0.517858525,0.,0.575745007,0.511944305,0.,0.576423118,              2553P   3952
0.506030086,0.,0.576423118,0.5,0.,0.576423118,0.493969914,0.,       2553P   3953
0.575745007,0.488055695,0.,0.575066897,0.482141475,0.,              2553P   3954
0.573736735,0.476570402,0.,0.572406573,0.470999329,0.,              2553P   3955
0.570475477,0.465985496,0.,0.568544381,0.460971663,0.,              2553P   3956
0.566086562,0.456707748,0.,0.563628743,0.452443833,0.,              2553P   3957
0.560738653,0.449093697,0.,0.557848564,0.445743561,0.,              2553P   3958
0.554637269,0.443435947,0.,0.551425973,0.441128333,0.,              2553P   3959
0.548016881,0.439951922,0.,0.544607788,0.43877551,0.,               2553P   3960
0.541131907,0.43877551,0.,0.,1.,0.,0.,1.;                           2553P   3961
124,6.12303176911189E-017,0.,-1.,-14.5,0.,1.,0.,0.,1.,0.,           2555P   3962
6.12303176911189E-017,39.5;                                         2555P   3963
100,12.5,-27.,25.,-25.5,25.,-28.5,25.;                              2557P   3964
102,2,2547,2553;                                                    2559P   3965
102,2,2551,2557;                                                    2561P   3966
142,1,2447,2559,2561,1;                                             2563P   3967
126,32,2,1,0,1,0,0.,0.,0.,0.0625,0.0625,0.125,0.125,0.1875,         2565P   3968
0.1875,0.25,0.25,0.3125,0.3125,0.375,0.375,0.4375,0.4375,0.5,       2565P   3969
0.5,0.5625,0.5625,0.625,0.625,0.6875,0.6875,0.75,0.75,0.8125,       2565P   3970
0.8125,0.875,0.875,0.9375,0.9375,1.,1.,1.,1.,1.,1.,1.,1.,1.,1.,     2565P   3971
1.,1.,1.,1.,1.,1.,1.,1.,1.,1.,1.,1.,1.,1.,1.,1.,1.,1.,1.,1.,1.,     2565P   3972
1.,1.,1.,1.,1.,0.705824226,0.336734694,0.,0.69655521,               2565P   3973
0.336734694,0.,0.687464296,0.339871791,0.,0.678373382,              2565P   3974
0.343008888,0.,0.669809928,0.349162525,0.,0.661246474,              2565P   3975
0.355316163,0.,0.653539569,0.364249859,0.,0.645832664,              2565P   3976
0.373183556,0.,0.63927848,0.384553995,0.,0.632724296,               2565P   3977
0.395924434,0.,0.627574707,0.409294656,0.,0.622425118,              2565P   3978
0.422664878,0.,0.618878019,0.437521072,0.,0.61533092,               2565P   3979
0.452377267,0.,0.613522625,0.468148519,0.,0.611714329,              2565P   3980
0.483919771,0.,0.611714329,0.5,0.,0.611714329,0.516080229,0.,       2565P   3981
0.613522625,0.531851481,0.,0.61533092,0.547622733,0.,               2565P   3982
0.618878019,0.562478928,0.,0.622425118,0.577335122,0.,              2565P   3983
0.627574707,0.590705344,0.,0.632724296,0.604075566,0.,              2565P   3984
0.63927848,0.615446005,0.,0.645832664,0.626816444,0.,               2565P   3985
0.653539569,0.635750141,0.,0.661246474,0.644683837,0.,              2565P   3986
0.669809928,0.650837475,0.,0.678373382,0.656991112,0.,              2565P   3987
0.687464296,0.660128209,0.,0.69655521,0.663265306,0.,               2565P   3988
0.705824226,0.663265306,0.,0.,1.,0.,0.,1.;                          2565P   3989
124,-6.12303176911189E-017,4.27569270827966E-031,-1.,-14.5,         2567P   3990
-6.98296672221876E-015,-1.,0.,63.9999999999998,-1.,                 2567P   3991
6.98296672221876E-015,6.12303176911189E-017,-14.5000000000002;      2567P   3992
100,12.5,-27.,32.,-23.,32.,-31.,32.;                                2569P   3993
126,32,2,1,0,1,0,0.,0.,0.,0.0625,0.0625,0.125,0.125,0.1875,         2571P   3994
0.1875,0.25,0.25,0.3125,0.3125,0.375,0.375,0.4375,0.4375,0.5,       2571P   3995
0.5,0.5625,0.5625,0.625,0.625,0.6875,0.6875,0.75,0.75,0.8125,       2571P   3996
0.8125,0.875,0.875,0.9375,0.9375,1.,1.,1.,1.,1.,1.,1.,1.,1.,1.,     2571P   3997
1.,1.,1.,1.,1.,1.,1.,1.,1.,1.,1.,1.,1.,1.,1.,1.,1.,1.,1.,1.,1.,     2571P   3998
1.,1.,1.,1.,1.,0.705824226,0.663265306,0.,0.715093242,              2571P   3999
0.663265306,0.,0.724184156,0.660128209,0.,0.733275071,              2571P   4000
0.656991112,0.,0.741838525,0.650837475,0.,0.750401979,              2571P   4001
0.644683837,0.,0.758108884,0.635750141,0.,0.765815789,              2571P   4002
0.626816444,0.,0.772369972,0.615446005,0.,0.778924156,              2571P   4003
0.604075566,0.,0.784073746,0.590705344,0.,0.789223335,              2571P   4004
0.577335122,0.,0.792770434,0.562478928,0.,0.796317533,              2571P   4005
0.547622733,0.,0.798125828,0.531851481,0.,0.799934123,              2571P   4006
0.516080229,0.,0.799934123,0.5,0.,0.799934123,0.483919771,0.,       2571P   4007
0.798125828,0.468148519,0.,0.796317533,0.452377267,0.,              2571P   4008
0.792770434,0.437521072,0.,0.789223335,0.422664878,0.,              2571P   4009
0.784073746,0.409294656,0.,0.778924156,0.395924434,0.,              2571P   4010
0.772369972,0.384553995,0.,0.765815789,0.373183556,0.,              2571P   4011
0.758108884,0.364249859,0.,0.750401979,0.355316163,0.,              2571P   4012
0.741838525,0.349162525,0.,0.733275071,0.343008888,0.,              2571P   4013
0.724184156,0.339871791,0.,0.715093242,0.336734694,0.,              2571P   4014
0.705824226,0.336734694,0.,0.,1.,0.,0.,1.;                          2571P   4015
124,6.12303176911189E-017,0.,-1.,-14.5,0.,1.,0.,0.,1.,0.,           2573P   4016
6.12303176911189E-017,39.5;                                         2573P   4017
100,12.5,-27.,32.,-23.,32.,-31.,32.;                                2575P   4018
102,2,2565,2571;                                                    2577P   4019
102,2,2569,2575;                                                    2579P   4020
142,1,2447,2577,2579,1;                                             2581P   4021
144,2447,1,6,2473,2491,2509,2527,2545,2563,2581;                    2583P   4022
110,-25.25,32.,12.5,-1025.25,32.,12.5;                              2585P   4023
110,-25.25,32.,25.,-26.75,32.,25.;                                  2587P   4024
120,2585,2587,0.,6.28318530717959;                                  2589P   4025
126,1,1,1,0,1,0,0.,0.,1.,1.,1.,1.,0.,0.,0.,0.,1.570796327,0.,       2591P   4026
0.,1.,0.,0.,1.;                                                     2591P   4027
124,6.12303176911189E-017,0.,-1.,-12.75,0.,1.,0.,0.,1.,0.,          2593P   4028
6.12303176911189E-017,37.75;                                        2593P   4029
100,12.5,-25.25,32.,-12.75,32.000000001,-25.25,44.5;                2595P   4030
126,1,1,1,0,1,0,0.,0.,1.,1.,1.,1.,0.,1.570796327,0.,0.,             2597P   4031
3.141592653,0.,0.,1.,0.,0.,1.;                                      2597P   4032
124,3.74915180455534E-033,-6.12303176911189E-017,-1.,-12.75,1.,     2599P   4033
6.12303176911189E-017,0.,57.25,6.12303176911189E-017,-1.,           2599P   4034
6.12303176911189E-017,44.5;                                         2599P   4035
100,12.5,-25.25,32.,-12.75,32.,-25.249999998,44.5;                  2601P   4036
126,1,1,1,0,1,0,0.,0.,1.,1.,1.,1.,6E-009,3.141592654,0.,1.,         2603P   4037
3.141592654,0.,0.,1.,0.,0.,1.;                                      2603P   4038
110,-25.250000009,32.,0.,-26.75,32.,0.;                             2605P   4039
126,1,1,1,0,1,0,0.,0.,1.,1.,1.,1.,1.,3.141592653,0.,1.,             2607P   4040
1.570796327,0.,0.,1.,0.,0.,1.;                                      2607P   4041
124,-7.04419703990988E-015,-2.36908656753235E-015,1.,               2609P   4042
-39.2500000002176,-2.36908656753235E-015,1.,                        2609P   4043
2.36908656753234E-015,-9.20516618444748E-014,-1.,                   2609P   4044
-2.36908656753234E-015,-7.04419703990988E-015,                      2609P   4045
-14.2500000002173;                                                  2609P   4046
100,12.5,-26.75,32.,-14.25,32.000000002,-26.75,44.5;                2611P   4047
126,1,1,1,0,1,0,0.,0.,1.,1.,1.,1.,1.,1.570796327,0.,1.,0.,0.,       2613P   4048
0.,1.,0.,0.,1.;                                                     2613P   4049
124,6.27926607169363E-027,-6.12303176911189E-017,1.,-39.25,1.,      2615P   4050
1.02551584059548E-010,0.,58.7499999967184,                          2615P   4051
-1.02551584059548E-010,1.,6.12303176911189E-017,                    2615P   4052
-19.5000000027433;                                                  2615P   4053
100,12.5,-26.75,32.,-14.25,32.,-26.750000001,44.5;                  2617P   4054
126,1,1,1,0,1,0,0.,0.,1.,1.,1.,1.,1.,0.,0.,6E-009,0.,0.,0.,1.,      2619P   4055
0.,0.,1.;                                                           2619P   4056
110,-26.75,32.,25.,-25.250000009,32.,25.;                           2621P   4057
102,6,2591,2597,2603,2607,2613,2619;                                2623P   4058
102,6,2595,2601,2605,2611,2617,2621;                                2625P   4059
142,1,2589,2623,2625,1;                                             2627P   4060
144,2589,1,0,2627;                                                  2629P   4061
128,3,3,3,3,0,0,0,0,0,0.0631414567002454,0.0631414567002454,        2631P   4062
0.0631414567002454,0.0631414567002454,0.936858543284005,            2631P   4063
0.936858543284005,0.936858543284005,0.936858543284005,0.,0.,0.,     2631P   4064
0.,1.,1.,1.,1.,0.956578302358238,0.76979477033526,                  2631P   4065
0.769794770331893,0.956578302348137,0.769794770341697,              2631P   4066
0.619482991595755,0.619482991593045,0.769794770333568,              2631P   4067
0.769794770341697,0.619482991595755,0.619482991593045,              2631P   4068
0.769794770333568,0.956578302358238,0.76979477033526,               2631P   4069
0.769794770331893,0.956578302348137,-26.75,32.,0.,                  2631P   4070
-26.896446609,32.,0.,-27.,32.,0.103553391,-27.,32.,0.25,-26.75,     2631P   4071
39.32233047,0.,-26.896446609,39.32233047,0.,-27.,39.261670299,      2631P   4072
0.103553391,-27.,39.175883861,0.25,-26.75,44.5,5.17766953,          2631P   4073
-26.896446609,44.5,5.17766953,-27.,44.396446609,5.238329701,        2631P   4074
-27.,44.25,5.324116139,-26.75,44.5,12.5,-26.896446609,44.5,         2631P   4075
12.5,-27.,44.396446609,12.5,-27.,44.25,12.5,0.0631414567002454,     2631P   4076
0.936858543284005,0.,1.;                                            2631P   4077
126,1,1,1,0,1,0,0.,0.,1.,1.,1.,1.,0.063141457,1.,0.,                2633P   4078
0.063141457,0.,0.,0.,1.,0.,0.,1.;                                   2633P   4079
124,-2.36908656753548E-015,-6.12303175696419E-017,-1.,              2635P   4080
-14.2500000002175,1.,-5.12758846106867E-011,                        2635P   4081
-2.36908656753234E-015,58.7500000018583,-5.12758846106867E-011,     2635P   4082
-1.,6.12303176911189E-017,44.4999999986284;                         2635P   4083
100,12.5,-26.75,32.,-14.25,32.,-26.749999997,44.5;                  2637P   4084
126,1,1,1,0,1,0,0.,0.,1.,1.,1.,1.,0.063141457,0.,0.,                2639P   4085
0.936858543,0.,0.,0.,1.,0.,0.,1.;                                   2639P   4086
124,-3.84692216802299E-010,-1.,0.,5.24999998970948,                 2641P   4087
6.12303176911189E-017,-2.35548266481055E-026,1.,31.75,-1.,          2641P   4088
3.84692216802299E-010,6.12303176911189E-017,-26.5000000123101;      2641P   4089
100,0.25,-26.75,32.,-26.5,32.,-26.75,32.25;                         2643P   4090
126,1,1,1,0,1,0,0.,0.,1.,1.,1.,1.,0.936858543,0.,0.,                2645P   4091
0.936858543,1.,0.,0.,1.,0.,0.,1.;                                   2645P   4092
126,3,3,1,0,0,0,0.,0.,0.,0.,1.,1.,1.,1.,0.956578302289143,          2647P   4093
0.769794770286093,0.769794770286093,0.956578302289143,-27.,32.,     2647P   4094
0.25,-27.,39.175883861,0.25,-27.,44.25,5.324116139,-27.,44.25,      2647P   4095
12.5,0.,1.,-1.,0.,0.;                                               2647P   4096
126,1,1,1,0,1,0,0.,0.,1.,1.,1.,1.,0.936858543,1.,0.,                2649P   4097
0.063141457,1.,0.,0.,1.,0.,0.,1.;                                   2649P   4098
126,3,3,1,0,0,0,0.0631414569999504,0.0631414569999504,              2651P   4099
0.0631414569999504,0.0631414569999504,0.936858543134423,            2651P   4100
0.936858543134423,0.936858543134423,0.936858543134423,              2651P   4101
0.956578302166027,0.769794770367248,0.769794770395974,              2651P   4102
0.956578302252206,-27.,44.25,12.5,-27.,44.396446609,12.5,           2651P   4103
-26.896446609,44.5,12.5,-26.75,44.5,12.5,0.0631414569999504,        2651P   4104
0.936858543134423,0.,0.,1.;                                         2651P   4105
102,4,2633,2639,2645,2649;                                          2653P   4106
102,4,2637,2643,2647,2651;                                          2655P   4107
142,1,2631,2653,2655,1;                                             2657P   4108
144,2631,1,0,2657;                                                  2659P   4109
110,-25.,32.,12.5,975.,32.,12.5;                                    2661P   4110
110,-27.,32.,8.5,-25.,32.,8.5;                                      2663P   4111
120,2661,2663,0.,6.28318530717959;                                  2665P   4112
126,1,1,1,0,1,0,0.,0.,1.,1.,1.,1.,1.,3.141592654,0.,1.,0.,0.,       2667P   4113
0.,1.,0.,0.,1.;                                                     2667P   4114
124,6.12303176911189E-017,0.,-1.,-12.5,0.,1.,0.,0.,1.,0.,           2669P   4115
6.12303176911189E-017,37.5;                                         2669P   4116
100,12.5,-25.,32.,-21.,32.,-29.,32.;                                2671P   4117
126,1,1,1,0,1,0,0.,0.,1.,1.,1.,1.,1.,0.,0.,0.,0.,0.,0.,1.,0.,       2673P   4118
0.,1.;                                                              2673P   4119
110,-25.,32.,8.5,-27.,32.,8.5;                                      2675P   4120
126,1,1,1,0,1,0,0.,0.,1.,1.,1.,1.,0.,0.,0.,0.,3.141592654,0.,       2677P   4121
0.,1.,0.,0.,1.;                                                     2677P   4122
124,6.12303176911189E-017,0.,1.,-39.5,0.,1.,0.,0.,-1.,0.,           2679P   4123
6.12303176911189E-017,-14.5;                                        2679P   4124
100,12.5,-27.,32.,-23.,32.,-31.,32.;                                2681P   4125
126,1,1,1,0,1,0,0.,0.,1.,1.,1.,1.,0.,3.141592654,0.,1.,             2683P   4126
3.141592654,0.,0.,1.,0.,0.,1.;                                      2683P   4127
110,-27.,32.,16.5,-25.,32.,16.5;                                    2685P   4128
102,4,2667,2673,2677,2683;                                          2687P   4129
102,4,2671,2675,2681,2685;                                          2689P   4130
142,1,2665,2687,2689,1;                                             2691P   4131
144,2665,1,0,2691;                                                  2693P   4132
110,-25.,25.,12.5,975.,25.,12.5;                                    2695P   4133
110,-27.,25.,11.,-25.,25.,11.;                                      2697P   4134
120,2695,2697,0.,6.28318530717959;                                  2699P   4135
126,1,1,1,0,1,0,0.,0.,1.,1.,1.,1.,1.,3.141592654,0.,1.,0.,0.,       2701P   4136
0.,1.,0.,0.,1.;                                                     2701P   4137
124,6.12303176911189E-017,0.,-1.,-12.5,0.,1.,0.,0.,1.,0.,           2703P   4138
6.12303176911189E-017,37.5;                                         2703P   4139
100,12.5,-25.,25.,-23.5,25.,-26.5,25.;                              2705P   4140
126,1,1,1,0,1,0,0.,0.,1.,1.,1.,1.,1.,0.,0.,0.,0.,0.,0.,1.,0.,       2707P   4141
0.,1.;                                                              2707P   4142
110,-25.,25.,11.,-27.,25.,11.;                                      2709P   4143
126,1,1,1,0,1,0,0.,0.,1.,1.,1.,1.,0.,0.,0.,0.,3.141592654,0.,       2711P   4144
0.,1.,0.,0.,1.;                                                     2711P   4145
124,6.12303176911189E-017,0.,1.,-39.5,0.,1.,0.,0.,-1.,0.,           2713P   4146
6.12303176911189E-017,-14.5;                                        2713P   4147
100,12.5,-27.,25.,-25.5,25.,-28.5,25.;                              2715P   4148
126,1,1,1,0,1,0,0.,0.,1.,1.,1.,1.,0.,3.141592654,0.,1.,             2717P   4149
3.141592654,0.,0.,1.,0.,0.,1.;                                      2717P   4150
110,-27.,25.,14.,-25.,25.,14.;                                      2719P   4151
102,4,2701,2707,2711,2717;                                          2721P   4152
102,4,2705,2709,2715,2719;                                          2723P   4153
142,1,2699,2721,2723,1;                                             2725P   4154
144,2699,1,0,2725;                                                  2727P   4155
110,-25.,32.,5.5,975.,32.,5.5;                                      2729P   4156
110,-27.,32.,4.,-25.,32.,4.;                                        2731P   4157
120,2729,2731,0.,6.28318530717959;                                  2733P   4158
126,1,1,1,0,1,0,0.,0.,1.,1.,1.,1.,1.,3.141592654,0.,1.,0.,0.,       2735P   4159
0.,1.,0.,0.,1.;                                                     2735P   4160
124,6.12303176911189E-017,0.,-1.,-19.5,0.,1.,0.,0.,1.,0.,           2737P   4161
6.12303176911189E-017,30.5;                                         2737P   4162
100,5.5,-25.,32.,-23.5,32.,-26.5,32.;                               2739P   4163
126,1,1,1,0,1,0,0.,0.,1.,1.,1.,1.,1.,0.,0.,0.,0.,0.,0.,1.,0.,       2741P   4164
0.,1.;                                                              2741P   4165
110,-25.,32.,4.,-27.,32.,4.;                                        2743P   4166
126,1,1,1,0,1,0,0.,0.,1.,1.,1.,1.,0.,0.,0.,0.,3.141592654,0.,       2745P   4167
0.,1.,0.,0.,1.;                                                     2745P   4168
124,6.12303176911189E-017,0.,1.,-32.5,0.,1.,0.,0.,-1.,0.,           2747P   4169
6.12303176911189E-017,-21.5;                                        2747P   4170
100,5.5,-27.,32.,-25.5,32.,-28.5,32.;                               2749P   4171
126,1,1,1,0,1,0,0.,0.,1.,1.,1.,1.,0.,3.141592654,0.,1.,             2751P   4172
3.141592654,0.,0.,1.,0.,0.,1.;                                      2751P   4173
110,-27.,32.,7.,-25.,32.,7.;                                        2753P   4174
102,4,2735,2741,2745,2751;                                          2755P   4175
102,4,2739,2743,2749,2753;                                          2757P   4176
142,1,2733,2755,2757,1;                                             2759P   4177
144,2733,1,0,2759;                                                  2761P   4178
110,-25.,32.,19.5,975.,32.,19.5;                                    2763P   4179
110,-27.,32.,18.,-25.,32.,18.;                                      2765P   4180
120,2763,2765,0.,6.28318530717959;                                  2767P   4181
126,1,1,1,0,1,0,0.,0.,1.,1.,1.,1.,1.,3.141592654,0.,1.,0.,0.,       2769P   4182
0.,1.,0.,0.,1.;                                                     2769P   4183
124,6.12303176911189E-017,0.,-1.,-5.5,0.,1.,0.,0.,1.,0.,            2771P   4184
6.12303176911189E-017,44.5;                                         2771P   4185
100,19.5,-25.,32.,-23.5,32.,-26.5,32.;                              2773P   4186
126,1,1,1,0,1,0,0.,0.,1.,1.,1.,1.,1.,0.,0.,0.,0.,0.,0.,1.,0.,       2775P   4187
0.,1.;                                                              2775P   4188
110,-25.,32.,18.,-27.,32.,18.;                                      2777P   4189
126,1,1,1,0,1,0,0.,0.,1.,1.,1.,1.,0.,0.,0.,0.,3.141592654,0.,       2779P   4190
0.,1.,0.,0.,1.;                                                     2779P   4191
124,6.12303176911189E-017,0.,1.,-46.5,0.,1.,0.,0.,-1.,0.,           2781P   4192
6.12303176911189E-017,-7.50000000000001;                            2781P   4193
100,19.5,-27.,32.,-25.5,32.,-28.5,32.;                              2783P   4194
126,1,1,1,0,1,0,0.,0.,1.,1.,1.,1.,0.,3.141592654,0.,1.,             2785P   4195
3.141592654,0.,0.,1.,0.,0.,1.;                                      2785P   4196
110,-27.,32.,21.,-25.,32.,21.;                                      2787P   4197
102,4,2769,2775,2779,2785;                                          2789P   4198
102,4,2773,2777,2783,2787;                                          2791P   4199
142,1,2767,2789,2791,1;                                             2793P   4200
144,2767,1,0,2793;                                                  2795P   4201
110,-25.,39.,12.5,975.,39.,12.5;                                    2797P   4202
110,-27.,39.,11.,-25.,39.,11.;                                      2799P   4203
120,2797,2799,0.,6.28318530717959;                                  2801P   4204
126,1,1,1,0,1,0,0.,0.,1.,1.,1.,1.,1.,3.141592654,0.,1.,0.,0.,       2803P   4205
0.,1.,0.,0.,1.;                                                     2803P   4206
124,6.12303176911189E-017,0.,-1.,-12.5,0.,1.,0.,0.,1.,0.,           2805P   4207
6.12303176911189E-017,37.5;                                         2805P   4208
100,12.5,-25.,39.,-23.5,39.,-26.5,39.;                              2807P   4209
126,1,1,1,0,1,0,0.,0.,1.,1.,1.,1.,1.,0.,0.,0.,0.,0.,0.,1.,0.,       2809P   4210
0.,1.;                                                              2809P   4211
110,-25.,39.,11.,-27.,39.,11.;                                      2811P   4212
126,1,1,1,0,1,0,0.,0.,1.,1.,1.,1.,0.,0.,0.,0.,3.141592654,0.,       2813P   4213
0.,1.,0.,0.,1.;                                                     2813P   4214
124,6.12303176911189E-017,0.,1.,-39.5,0.,1.,0.,0.,-1.,0.,           2815P   4215
6.12303176911189E-017,-14.5;                                        2815P   4216
100,12.5,-27.,39.,-25.5,39.,-28.5,39.;                              2817P   4217
126,1,1,1,0,1,0,0.,0.,1.,1.,1.,1.,0.,3.141592654,0.,1.,             2819P   4218
3.141592654,0.,0.,1.,0.,0.,1.;                                      2819P   4219
110,-27.,39.,14.,-25.,39.,14.;                                      2821P   4220
102,4,2803,2809,2813,2819;                                          2823P   4221
102,4,2807,2811,2817,2821;                                          2825P   4222
142,1,2801,2823,2825,1;                                             2827P   4223
144,2801,1,0,2827;                                                  2829P   4224
110,-25.,13.4,12.5,975.,13.4,12.5;                                  2831P   4225
110,-27.,13.4,11.,-25.,13.4,11.;                                    2833P   4226
120,2831,2833,0.,6.28318530717959;                                  2835P   4227
126,1,1,1,0,1,0,0.,0.,1.,1.,1.,1.,1.,3.141592654,0.,1.,0.,0.,       2837P   4228
0.,1.,0.,0.,1.;                                                     2837P   4229
124,6.12303176911189E-017,0.,-1.,-12.5,0.,1.,0.,0.,1.,0.,           2839P   4230
6.12303176911189E-017,37.5;                                         2839P   4231
100,12.5,-25.,13.4,-23.5,13.4,-26.5,13.4;                           2841P   4232
126,1,1,1,0,1,0,0.,0.,1.,1.,1.,1.,1.,0.,0.,0.,0.,0.,0.,1.,0.,       2843P   4233
0.,1.;                                                              2843P   4234
110,-25.,13.4,11.,-27.,13.4,11.;                                    2845P   4235
126,1,1,1,0,1,0,0.,0.,1.,1.,1.,1.,0.,0.,0.,0.,3.141592654,0.,       2847P   4236
0.,1.,0.,0.,1.;                                                     2847P   4237
124,6.12303176911189E-017,0.,1.,-39.5,0.,1.,0.,0.,-1.,0.,           2849P   4238
6.12303176911189E-017,-14.5;                                        2849P   4239
100,12.5,-27.,13.4,-25.5,13.4,-28.5,13.4;                           2851P   4240
126,1,1,1,0,1,0,0.,0.,1.,1.,1.,1.,0.,3.141592654,0.,1.,             2853P   4241
3.141592654,0.,0.,1.,0.,0.,1.;                                      2853P   4242
110,-27.,13.4,14.,-25.,13.4,14.;                                    2855P   4243
102,4,2837,2843,2847,2853;                                          2857P   4244
102,4,2841,2845,2851,2855;                                          2859P   4245
142,1,2835,2857,2859,1;                                             2861P   4246
144,2835,1,0,2861;                                                  2863P   4247
110,0.,2.,12.5,0.,1002.,12.5;                                       2865P   4248
110,0.,0.,16.5,0.,2.,16.5;                                          2867P   4249
120,2865,2867,0.,6.28318530717959;                                  2869P   4250
126,1,1,1,0,1,0,0.,0.,1.,1.,1.,1.,1.,3.141592654,0.,1.,0.,0.,       2871P   4251
0.,1.,0.,0.,1.;                                                     2871P   4252
124,1.40271637621286E-014,1.,0.,-2.,-6.12303176911189E-017,         2873P   4253
8.58887693460487E-031,-1.,14.5,-1.,1.40271637621286E-014,           2873P   4254
6.12303176911189E-017,12.5;                                         2873P   4255
100,12.5,0.,2.,4.,2.,-4.,2.;                                        2875P   4256
126,1,1,1,0,1,0,0.,0.,1.,1.,1.,1.,1.,0.,0.,0.,0.,0.,0.,1.,0.,       2877P   4257
0.,1.;                                                              2877P   4258
110,0.,2.,16.5,0.,0.,16.5;                                          2879P   4259
126,1,1,1,0,1,0,0.,0.,1.,1.,1.,1.,0.,0.,0.,0.,3.141592654,0.,       2881P   4260
0.,1.,0.,0.,1.;                                                     2881P   4261
124,1.40271637621286E-014,1.,0.,0.,-6.12303176911189E-017,          2883P   4262
8.58887693460487E-031,1.,-12.5,1.,-1.40271637621286E-014,           2883P   4263
6.12303176911189E-017,12.5;                                         2883P   4264
100,12.5,0.,0.,4.,0.,-4.,0.;                                        2885P   4265
126,1,1,1,0,1,0,0.,0.,1.,1.,1.,1.,0.,3.141592654,0.,1.,             2887P   4266
3.141592654,0.,0.,1.,0.,0.,1.;                                      2887P   4267
110,0.,0.,8.5,0.,2.,8.5;                                            2889P   4268
102,4,2871,2877,2881,2887;                                          2891P   4269
102,4,2875,2879,2885,2889;                                          2893P   4270
142,1,2869,2891,2893,1;                                             2895P   4271
144,2869,1,0,2895;                                                  2897P   4272
110,-7.,2.,12.5,-7.,1002.,12.5;                                     2899P   4273
110,-7.,0.,14.,-7.,2.,14.;                                          2901P   4274
120,2899,2901,0.,6.28318530717959;                                  2903P   4275
126,1,1,1,0,1,0,0.,0.,1.,1.,1.,1.,1.,3.141592654,0.,1.,0.,0.,       2905P   4276
0.,1.,0.,0.,1.;                                                     2905P   4277
124,1.40271637621286E-014,1.,0.,-8.9999999999999,                   2907P   4278
-6.12303176911189E-017,8.58887693460487E-031,-1.,14.5,-1.,          2907P   4279
1.40271637621286E-014,6.12303176911189E-017,5.49999999999997;       2907P   4280
100,12.5,-7.,2.,-5.5,2.,-8.5,2.;                                    2909P   4281
126,1,1,1,0,1,0,0.,0.,1.,1.,1.,1.,1.,0.,0.,0.,0.,0.,0.,1.,0.,       2911P   4282
0.,1.;                                                              2911P   4283
110,-7.,2.,14.,-7.,0.,14.;                                          2913P   4284
126,1,1,1,0,1,0,0.,0.,1.,1.,1.,1.,0.,0.,0.,0.,3.141592654,0.,       2915P   4285
0.,1.,0.,0.,1.;                                                     2915P   4286
124,1.40271637621286E-014,1.,0.,-6.9999999999999,                   2917P   4287
-6.12303176911189E-017,8.58887693460487E-031,1.,-12.5,1.,           2917P   4288
-1.40271637621286E-014,6.12303176911189E-017,19.5;                  2917P   4289
100,12.5,-7.,0.,-5.5,0.,-8.5,0.;                                    2919P   4290
126,1,1,1,0,1,0,0.,0.,1.,1.,1.,1.,0.,3.141592654,0.,1.,             2921P   4291
3.141592654,0.,0.,1.,0.,0.,1.;                                      2921P   4292
110,-7.,0.,11.,-7.,2.,11.;                                          2923P   4293
102,4,2905,2911,2915,2921;                                          2925P   4294
102,4,2909,2913,2919,2923;                                          2927P   4295
142,1,2903,2925,2927,1;                                             2929P   4296
144,2903,1,0,2929;                                                  2931P   4297
110,0.,2.,5.5,0.,1002.,5.5;                                         2933P   4298
110,0.,0.,7.,0.,2.,7.;                                              2935P   4299
120,2933,2935,0.,6.28318530717959;                                  2937P   4300
126,1,1,1,0,1,0,0.,0.,1.,1.,1.,1.,1.,3.141592654,0.,1.,0.,0.,       2939P   4301
0.,1.,0.,0.,1.;                                                     2939P   4302
124,1.40271637621286E-014,1.,0.,-2.,-6.12303176911189E-017,         2941P   4303
8.58887693460487E-031,-1.,7.5,-1.,1.40271637621286E-014,            2941P   4304
6.12303176911189E-017,5.49999999999997;                             2941P   4305
100,5.5,0.,2.,1.5,2.,-1.5,2.;                                       2943P   4306
126,1,1,1,0,1,0,0.,0.,1.,1.,1.,1.,1.,0.,0.,0.,0.,0.,0.,1.,0.,       2945P   4307
0.,1.;                                                              2945P   4308
110,0.,2.,7.,0.,0.,7.;                                              2947P   4309
126,1,1,1,0,1,0,0.,0.,1.,1.,1.,1.,0.,0.,0.,0.,3.141592654,0.,       2949P   4310
0.,1.,0.,0.,1.;                                                     2949P   4311
124,1.40271637621286E-014,1.,0.,0.,-6.12303176911189E-017,          2951P   4312
8.58887693460487E-031,1.,-5.5,1.,-1.40271637621286E-014,            2951P   4313
6.12303176911189E-017,5.5;                                          2951P   4314
100,5.5,0.,0.,1.5,0.,-1.5,0.;                                       2953P   4315
126,1,1,1,0,1,0,0.,0.,1.,1.,1.,1.,0.,3.141592654,0.,1.,             2955P   4316
3.141592654,0.,0.,1.,0.,0.,1.;                                      2955P   4317
110,0.,0.,4.,0.,2.,4.;                                              2957P   4318
102,4,2939,2945,2949,2955;                                          2959P   4319
102,4,2943,2947,2953,2957;                                          2961P   4320
142,1,2937,2959,2961,1;                                             2963P   4321
144,2937,1,0,2963;                                                  2965P   4322
110,0.,2.,19.5,0.,1002.,19.5;                                       2967P   4323
110,0.,0.,21.,0.,2.,21.;                                            2969P   4324
120,2967,2969,0.,6.28318530717959;                                  2971P   4325
126,1,1,1,0,1,0,0.,0.,1.,1.,1.,1.,1.,3.141592654,0.,1.,0.,0.,       2973P   4326
0.,1.,0.,0.,1.;                                                     2973P   4327
124,1.40271637621286E-014,1.,0.,-2.,-6.12303176911189E-017,         2975P   4328
8.58887693460487E-031,-1.,21.5,-1.,1.40271637621286E-014,           2975P   4329
6.12303176911189E-017,19.5;                                         2975P   4330
100,19.5,0.,2.,1.5,2.,-1.5,2.;                                      2977P   4331
126,1,1,1,0,1,0,0.,0.,1.,1.,1.,1.,1.,0.,0.,0.,0.,0.,0.,1.,0.,       2979P   4332
0.,1.;                                                              2979P   4333
110,0.,2.,21.,0.,0.,21.;                                            2981P   4334
126,1,1,1,0,1,0,0.,0.,1.,1.,1.,1.,0.,0.,0.,0.,3.141592654,0.,       2983P   4335
0.,1.,0.,0.,1.;                                                     2983P   4336
124,1.40271637621286E-014,1.,0.,0.,-6.12303176911189E-017,          2985P   4337
8.58887693460487E-031,1.,-19.5,1.,-1.40271637621286E-014,           2985P   4338
6.12303176911189E-017,19.5;                                         2985P   4339
100,19.5,0.,0.,1.5,0.,-1.5,0.;                                      2987P   4340
126,1,1,1,0,1,0,0.,0.,1.,1.,1.,1.,0.,3.141592654,0.,1.,             2989P   4341
3.141592654,0.,0.,1.,0.,0.,1.;                                      2989P   4342
110,0.,0.,18.,0.,2.,18.;                                            2991P   4343
102,4,2973,2979,2983,2989;                                          2993P   4344
102,4,2977,2981,2987,2991;                                          2995P   4345
142,1,2971,2993,2995,1;                                             2997P   4346
144,2971,1,0,2997;                                                  2999P   4347
110,7.,2.,12.5,7.,1002.,12.5;                                       3001P   4348
110,7.,0.,14.,7.,2.,14.;                                            3003P   4349
120,3001,3003,0.,6.28318530717959;                                  3005P   4350
126,1,1,1,0,1,0,0.,0.,1.,1.,1.,1.,1.,3.141592654,0.,1.,0.,0.,       3007P   4351
0.,1.,0.,0.,1.;                                                     3007P   4352
124,1.40271637621286E-014,1.,0.,4.9999999999999,                    3009P   4353
-6.12303176911189E-017,8.58887693460487E-031,-1.,14.5,-1.,          3009P   4354
1.40271637621286E-014,6.12303176911189E-017,19.5;                   3009P   4355
100,12.5,7.,2.,8.5,2.,5.5,2.;                                       3011P   4356
126,1,1,1,0,1,0,0.,0.,1.,1.,1.,1.,1.,0.,0.,0.,0.,0.,0.,1.,0.,       3013P   4357
0.,1.;                                                              3013P   4358
110,7.,2.,14.,7.,0.,14.;                                            3015P   4359
126,1,1,1,0,1,0,0.,0.,1.,1.,1.,1.,0.,0.,0.,0.,3.141592654,0.,       3017P   4360
0.,1.,0.,0.,1.;                                                     3017P   4361
124,1.40271637621286E-014,1.,0.,6.9999999999999,                    3019P   4362
-6.12303176911189E-017,8.58887693460487E-031,1.,-12.5,1.,           3019P   4363
-1.40271637621286E-014,6.12303176911189E-017,5.5;                   3019P   4364
100,12.5,7.,0.,8.5,0.,5.5,0.;                                       3021P   4365
126,1,1,1,0,1,0,0.,0.,1.,1.,1.,1.,0.,3.141592654,0.,1.,             3023P   4366
3.141592654,0.,0.,1.,0.,0.,1.;                                      3023P   4367
110,7.,0.,11.,7.,2.,11.;                                            3025P   4368
102,4,3007,3013,3017,3023;                                          3027P   4369
102,4,3011,3015,3021,3025;                                          3029P   4370
142,1,3005,3027,3029,1;                                             3031P   4371
144,3005,1,0,3031;                                                  3033P   4372
110,-20.,2.,12.5,-20.,1002.,12.5;                                   3035P   4373
110,-20.,0.,14.,-20.,2.,14.;                                        3037P   4374
120,3035,3037,0.,6.28318530717959;                                  3039P   4375
126,1,1,1,0,1,0,0.,0.,1.,1.,1.,1.,1.,3.141592654,0.,1.,0.,0.,       3041P   4376
0.,1.,0.,0.,1.;                                                     3041P   4377
124,1.40271637621286E-014,1.,0.,-21.9999999999997,                  3043P   4378
-6.12303176911189E-017,8.58887693460487E-031,-1.,14.5,-1.,          3043P   4379
1.40271637621286E-014,6.12303176911189E-017,-7.50000000000003;      3043P   4380
100,12.5,-20.,2.,-18.5,2.,-21.5,2.;                                 3045P   4381
126,1,1,1,0,1,0,0.,0.,1.,1.,1.,1.,1.,0.,0.,0.,0.,0.,0.,1.,0.,       3047P   4382
0.,1.;                                                              3047P   4383
110,-20.,2.,14.,-20.,0.,14.;                                        3049P   4384
126,1,1,1,0,1,0,0.,0.,1.,1.,1.,1.,0.,0.,0.,0.,3.141592654,0.,       3051P   4385
0.,1.,0.,0.,1.;                                                     3051P   4386
124,1.40271637621286E-014,1.,0.,-19.9999999999997,                  3053P   4387
-6.12303176911189E-017,8.58887693460487E-031,1.,-12.5,1.,           3053P   4388
-1.40271637621286E-014,6.12303176911189E-017,32.5;                  3053P   4389
100,12.5,-20.,0.,-18.5,0.,-21.5,0.;                                 3055P   4390
126,1,1,1,0,1,0,0.,0.,1.,1.,1.,1.,0.,3.141592654,0.,1.,             3057P   4391
3.141592654,0.,0.,1.,0.,0.,1.;                                      3057P   4392
110,-20.,0.,11.,-20.,2.,11.;                                        3059P   4393
102,4,3041,3047,3051,3057;                                          3061P   4394
102,4,3045,3049,3055,3059;                                          3063P   4395
142,1,3039,3061,3063,1;                                             3065P   4396
144,3039,1,0,3065;                                                  3067P   4397
110,20.,2.,12.5,20.,1002.,12.5;                                     3069P   4398
110,20.,0.,14.,20.,2.,14.;                                          3071P   4399
120,3069,3071,0.,6.28318530717959;                                  3073P   4400
126,1,1,1,0,1,0,0.,0.,1.,1.,1.,1.,1.,3.141592654,0.,1.,0.,0.,       3075P   4401
0.,1.,0.,0.,1.;                                                     3075P   4402
124,1.40271637621286E-014,1.,0.,17.9999999999997,                   3077P   4403
-6.12303176911189E-017,8.58887693460487E-031,-1.,14.5,-1.,          3077P   4404
1.40271637621286E-014,6.12303176911189E-017,32.5;                   3077P   4405
100,12.5,20.,2.,21.5,2.,18.5,2.;                                    3079P   4406
126,1,1,1,0,1,0,0.,0.,1.,1.,1.,1.,1.,0.,0.,0.,0.,0.,0.,1.,0.,       3081P   4407
0.,1.;                                                              3081P   4408
110,20.,2.,14.,20.,0.,14.;                                          3083P   4409
126,1,1,1,0,1,0,0.,0.,1.,1.,1.,1.,0.,0.,0.,0.,3.141592654,0.,       3085P   4410
0.,1.,0.,0.,1.;                                                     3085P   4411
124,1.40271637621286E-014,1.,0.,19.9999999999997,                   3087P   4412
-6.12303176911189E-017,8.58887693460487E-031,1.,-12.5,1.,           3087P   4413
-1.40271637621286E-014,6.12303176911189E-017,-7.5;                  3087P   4414
100,12.5,20.,0.,21.5,0.,18.5,0.;                                    3089P   4415
126,1,1,1,0,1,0,0.,0.,1.,1.,1.,1.,0.,3.141592654,0.,1.,             3091P   4416
3.141592654,0.,0.,1.,0.,0.,1.;                                      3091P   4417
110,20.,0.,11.,20.,2.,11.;                                          3093P   4418
102,4,3075,3081,3085,3091;                                          3095P   4419
102,4,3079,3083,3089,3093;                                          3097P   4420
142,1,3073,3095,3097,1;                                             3099P   4421
144,3073,1,0,3099;                                                  3101P   4422
110,25.,32.,12.5,-975.,32.,12.5;                                    3103P   4423
110,27.,32.,16.5,25.,32.,16.5;                                      3105P   4424
120,3103,3105,0.,6.28318530717959;                                  3107P   4425
126,1,1,1,0,1,0,0.,0.,1.,1.,1.,1.,1.,3.141592654,0.,1.,0.,0.,       3109P   4426
0.,1.,0.,0.,1.;                                                     3109P   4427
124,6.12303176911189E-017,0.,1.,12.5,0.,1.,0.,0.,-1.,0.,            3111P   4428
6.12303176911189E-017,37.5;                                         3111P   4429
100,12.5,25.,32.,29.,32.,21.,32.;                                   3113P   4430
126,1,1,1,0,1,0,0.,0.,1.,1.,1.,1.,1.,0.,0.,0.,0.,0.,0.,1.,0.,       3115P   4431
0.,1.;                                                              3115P   4432
110,25.,32.,16.5,27.,32.,16.5;                                      3117P   4433
126,1,1,1,0,1,0,0.,0.,1.,1.,1.,1.,0.,0.,0.,0.,3.141592654,0.,       3119P   4434
0.,1.,0.,0.,1.;                                                     3119P   4435
124,6.12303176911189E-017,0.,-1.,39.5,0.,1.,0.,0.,1.,0.,            3121P   4436
6.12303176911189E-017,-14.5;                                        3121P   4437
100,12.5,27.,32.,31.,32.,23.,32.;                                   3123P   4438
126,1,1,1,0,1,0,0.,0.,1.,1.,1.,1.,0.,3.141592654,0.,1.,             3125P   4439
3.141592654,0.,0.,1.,0.,0.,1.;                                      3125P   4440
110,27.,32.,8.5,25.,32.,8.5;                                        3127P   4441
102,4,3109,3115,3119,3125;                                          3129P   4442
102,4,3113,3117,3123,3127;                                          3131P   4443
142,1,3107,3129,3131,1;                                             3133P   4444
144,3107,1,0,3133;                                                  3135P   4445
110,25.,25.,12.5,-975.,25.,12.5;                                    3137P   4446
110,27.,25.,14.,25.,25.,14.;                                        3139P   4447
120,3137,3139,0.,6.28318530717959;                                  3141P   4448
126,1,1,1,0,1,0,0.,0.,1.,1.,1.,1.,1.,3.141592654,0.,1.,0.,0.,       3143P   4449
0.,1.,0.,0.,1.;                                                     3143P   4450
124,6.12303176911189E-017,0.,1.,12.5,0.,1.,0.,0.,-1.,0.,            3145P   4451
6.12303176911189E-017,37.5;                                         3145P   4452
100,12.5,25.,25.,26.5,25.,23.5,25.;                                 3147P   4453
126,1,1,1,0,1,0,0.,0.,1.,1.,1.,1.,1.,0.,0.,0.,0.,0.,0.,1.,0.,       3149P   4454
0.,1.;                                                              3149P   4455
110,25.,25.,14.,27.,25.,14.;                                        3151P   4456
126,1,1,1,0,1,0,0.,0.,1.,1.,1.,1.,0.,0.,0.,0.,3.141592654,0.,       3153P   4457
0.,1.,0.,0.,1.;                                                     3153P   4458
124,6.12303176911189E-017,0.,-1.,39.5,0.,1.,0.,0.,1.,0.,            3155P   4459
6.12303176911189E-017,-14.5;                                        3155P   4460
100,12.5,27.,25.,28.5,25.,25.5,25.;                                 3157P   4461
126,1,1,1,0,1,0,0.,0.,1.,1.,1.,1.,0.,3.141592654,0.,1.,             3159P   4462
3.141592654,0.,0.,1.,0.,0.,1.;                                      3159P   4463
110,27.,25.,11.,25.,25.,11.;                                        3161P   4464
102,4,3143,3149,3153,3159;                                          3163P   4465
102,4,3147,3151,3157,3161;                                          3165P   4466
142,1,3141,3163,3165,1;                                             3167P   4467
144,3141,1,0,3167;                                                  3169P   4468
110,25.,32.,5.5,-975.,32.,5.5;                                      3171P   4469
110,27.,32.,7.,25.,32.,7.;                                          3173P   4470
120,3171,3173,0.,6.28318530717959;                                  3175P   4471
126,1,1,1,0,1,0,0.,0.,1.,1.,1.,1.,1.,3.141592654,0.,1.,0.,0.,       3177P   4472
0.,1.,0.,0.,1.;                                                     3177P   4473
124,6.12303176911189E-017,0.,1.,19.5,0.,1.,0.,0.,-1.,0.,            3179P   4474
6.12303176911189E-017,30.5;                                         3179P   4475
100,5.5,25.,32.,26.5,32.,23.5,32.;                                  3181P   4476
126,1,1,1,0,1,0,0.,0.,1.,1.,1.,1.,1.,0.,0.,0.,0.,0.,0.,1.,0.,       3183P   4477
0.,1.;                                                              3183P   4478
110,25.,32.,7.,27.,32.,7.;                                          3185P   4479
126,1,1,1,0,1,0,0.,0.,1.,1.,1.,1.,0.,0.,0.,0.,3.141592654,0.,       3187P   4480
0.,1.,0.,0.,1.;                                                     3187P   4481
124,6.12303176911189E-017,0.,-1.,32.5,0.,1.,0.,0.,1.,0.,            3189P   4482
6.12303176911189E-017,-21.5;                                        3189P   4483
100,5.5,27.,32.,28.5,32.,25.5,32.;                                  3191P   4484
126,1,1,1,0,1,0,0.,0.,1.,1.,1.,1.,0.,3.141592654,0.,1.,             3193P   4485
3.141592654,0.,0.,1.,0.,0.,1.;                                      3193P   4486
110,27.,32.,4.,25.,32.,4.;                                          3195P   4487
102,4,3177,3183,3187,3193;                                          3197P   4488
102,4,3181,3185,3191,3195;                                          3199P   4489
142,1,3175,3197,3199,1;                                             3201P   4490
144,3175,1,0,3201;                                                  3203P   4491
110,25.,32.,19.5,-975.,32.,19.5;                                    3205P   4492
110,27.,32.,21.,25.,32.,21.;                                        3207P   4493
120,3205,3207,0.,6.28318530717959;                                  3209P   4494
126,1,1,1,0,1,0,0.,0.,1.,1.,1.,1.,1.,3.141592654,0.,1.,0.,0.,       3211P   4495
0.,1.,0.,0.,1.;                                                     3211P   4496
124,6.12303176911189E-017,0.,1.,5.5,0.,1.,0.,0.,-1.,0.,             3213P   4497
6.12303176911189E-017,44.5;                                         3213P   4498
100,19.5,25.,32.,26.5,32.,23.5,32.;                                 3215P   4499
126,1,1,1,0,1,0,0.,0.,1.,1.,1.,1.,1.,0.,0.,0.,0.,0.,0.,1.,0.,       3217P   4500
0.,1.;                                                              3217P   4501
110,25.,32.,21.,27.,32.,21.;                                        3219P   4502
126,1,1,1,0,1,0,0.,0.,1.,1.,1.,1.,0.,0.,0.,0.,3.141592654,0.,       3221P   4503
0.,1.,0.,0.,1.;                                                     3221P   4504
124,6.12303176911189E-017,0.,-1.,46.5,0.,1.,0.,0.,1.,0.,            3223P   4505
6.12303176911189E-017,-7.5;                                         3223P   4506
100,19.5,27.,32.,28.5,32.,25.5,32.;                                 3225P   4507
126,1,1,1,0,1,0,0.,0.,1.,1.,1.,1.,0.,3.141592654,0.,1.,             3227P   4508
3.141592654,0.,0.,1.,0.,0.,1.;                                      3227P   4509
110,27.,32.,18.,25.,32.,18.;                                        3229P   4510
102,4,3211,3217,3221,3227;                                          3231P   4511
102,4,3215,3219,3225,3229;                                          3233P   4512
142,1,3209,3231,3233,1;                                             3235P   4513
144,3209,1,0,3235;                                                  3237P   4514
110,25.,39.,12.5,-975.,39.,12.5;                                    3239P   4515
110,27.,39.,14.,25.,39.,14.;                                        3241P   4516
120,3239,3241,0.,6.28318530717959;                                  3243P   4517
126,1,1,1,0,1,0,0.,0.,1.,1.,1.,1.,1.,3.141592654,0.,1.,0.,0.,       3245P   4518
0.,1.,0.,0.,1.;                                                     3245P   4519
124,6.12303176911189E-017,0.,1.,12.5,0.,1.,0.,0.,-1.,0.,            3247P   4520
6.12303176911189E-017,37.5;                                         3247P   4521
100,12.5,25.,39.,26.5,39.,23.5,39.;                                 3249P   4522
126,1,1,1,0,1,0,0.,0.,1.,1.,1.,1.,1.,0.,0.,0.,0.,0.,0.,1.,0.,       3251P   4523
0.,1.;                                                              3251P   4524
110,25.,39.,14.,27.,39.,14.;                                        3253P   4525
126,1,1,1,0,1,0,0.,0.,1.,1.,1.,1.,0.,0.,0.,0.,3.141592654,0.,       3255P   4526
0.,1.,0.,0.,1.;                                                     3255P   4527
124,6.12303176911189E-017,0.,-1.,39.5,0.,1.,0.,0.,1.,0.,            3257P   4528
6.12303176911189E-017,-14.5;                                        3257P   4529
100,12.5,27.,39.,28.5,39.,25.5,39.;                                 3259P   4530
126,1,1,1,0,1,0,0.,0.,1.,1.,1.,1.,0.,3.141592654,0.,1.,             3261P   4531
3.141592654,0.,0.,1.,0.,0.,1.;                                      3261P   4532
110,27.,39.,11.,25.,39.,11.;                                        3263P   4533
102,4,3245,3251,3255,3261;                                          3265P   4534
102,4,3249,3253,3259,3263;                                          3267P   4535
142,1,3243,3265,3267,1;                                             3269P   4536
144,3243,1,0,3269;                                                  3271P   4537
110,25.,13.4,12.5,-975.,13.4,12.5;                                  3273P   4538
110,27.,13.4,14.,25.,13.4,14.;                                      3275P   4539
120,3273,3275,0.,6.28318530717959;                                  3277P   4540
126,1,1,1,0,1,0,0.,0.,1.,1.,1.,1.,1.,3.141592654,0.,1.,0.,0.,       3279P   4541
0.,1.,0.,0.,1.;                                                     3279P   4542
124,6.12303176911189E-017,0.,1.,12.5,0.,1.,0.,0.,-1.,0.,            3281P   4543
6.12303176911189E-017,37.5;                                         3281P   4544
100,12.5,25.,13.4,26.5,13.4,23.5,13.4;                              3283P   4545
126,1,1,1,0,1,0,0.,0.,1.,1.,1.,1.,1.,0.,0.,0.,0.,0.,0.,1.,0.,       3285P   4546
0.,1.;                                                              3285P   4547
110,25.,13.4,14.,27.,13.4,14.;                                      3287P   4548
126,1,1,1,0,1,0,0.,0.,1.,1.,1.,1.,0.,0.,0.,0.,3.141592654,0.,       3289P   4549
0.,1.,0.,0.,1.;                                                     3289P   4550
124,6.12303176911189E-017,0.,-1.,39.5,0.,1.,0.,0.,1.,0.,            3291P   4551
6.12303176911189E-017,-14.5;                                        3291P   4552
100,12.5,27.,13.4,28.5,13.4,25.5,13.4;                              3293P   4553
126,1,1,1,0,1,0,0.,0.,1.,1.,1.,1.,0.,3.141592654,0.,1.,             3295P   4554
3.141592654,0.,0.,1.,0.,0.,1.;                                      3295P   4555
110,27.,13.4,11.,25.,13.4,11.;                                      3297P   4556
102,4,3279,3285,3289,3295;                                          3299P   4557
102,4,3283,3287,3293,3297;                                          3301P   4558
142,1,3277,3299,3301,1;                                             3303P   4559
144,3277,1,0,3303;                                                  3305P   4560
S      1G      4D   3306P   4560                                        T      1
