SolidWorks IGES file using analytic representation for surfaces         S      1
1H,,1H;,14H长U支架.SLDPRT,62HE:\Solidworks_Project\支架配套资料\单轴支架G      1
\长U2.0\长U支架.IGS,15HSolidWorks 2010,15HSolidWorks 2010,32,308,15,    G      2
308,15,14H长U支架.SLDPRT,1.,2,2HMM,50,0.125,13H170620.162412,1E-008,    G      3
499990.,13HAdministrator,,11,0,13H170620.162412;                        G      4
     314       1       0       0       0                        00000200D      1
     314       0       3       1       0                               0D      2
     110       2       0       0       0                        01010000D      3
     110       0       0       1       0                               0D      4
     110       3       0       0       0                        01010000D      5
     110       0       0       1       0                               0D      6
     120       4       0       0       0                        01010000D      7
     120       0       0       1       0                               0D      8
     126       5       0       0       0                        01010500D      9
     126       0       0       2       0                               0D     10
     110       7       0       0       0                        01010000D     11
     110       0       0       1       0                               0D     12
     126       8       0       0       0                        01010500D     13
     126       0       0       2       0                               0D     14
     124      10       0       0       0                        00000000D     15
     124       0       0       3       0                               0D     16
     100      13       0       0       0              15        01010000D     17
     100       0       0       1       0                               0D     18
     126      14       0       0       0                        01010500D     19
     126       0       0       2       0                               0D     20
     110      16       0       0       0                        01010000D     21
     110       0       0       1       0                               0D     22
     126      17       0       0       0                        01010500D     23
     126       0       0       2       0                               0D     24
     124      19       0       0       0                        00000000D     25
     124       0       0       3       0                               0D     26
     100      22       0       0       0              25        01010000D     27
     100       0       0       1       0                               0D     28
     102      23       0       0       0                        01010500D     29
     102       0       0       1       0                               0D     30
     102      24       0       0       0                        01010000D     31
     102       0       0       1       0                               0D     32
     142      25       0       0       0                        00010500D     33
     142       0       0       1       0                               0D     34
     144      26       0       0       0                        00000000D     35
     144       0      -1       1       0                               0D     36
     110      27       0       0       0                        01010000D     37
     110       0       0       1       0                               0D     38
     110      28       0       0       0                        01010000D     39
     110       0       0       1       0                               0D     40
     120      29       0       0       0                        01010000D     41
     120       0       0       1       0                               0D     42
     126      30       0       0       0                        01010500D     43
     126       0       0       2       0                               0D     44
     110      32       0       0       0                        01010000D     45
     110       0       0       1       0                               0D     46
     126      33       0       0       0                        01010500D     47
     126       0       0       2       0                               0D     48
     124      35       0       0       0                        00000000D     49
     124       0       0       3       0                               0D     50
     100      38       0       0       0              49        01010000D     51
     100       0       0       1       0                               0D     52
     126      39       0       0       0                        01010500D     53
     126       0       0       2       0                               0D     54
     110      41       0       0       0                        01010000D     55
     110       0       0       1       0                               0D     56
     126      42       0       0       0                        01010500D     57
     126       0       0       2       0                               0D     58
     124      44       0       0       0                        00000000D     59
     124       0       0       3       0                               0D     60
     100      47       0       0       0              59        01010000D     61
     100       0       0       1       0                               0D     62
     102      48       0       0       0                        01010500D     63
     102       0       0       1       0                               0D     64
     102      49       0       0       0                        01010000D     65
     102       0       0       1       0                               0D     66
     142      50       0       0       0                        00010500D     67
     142       0       0       1       0                               0D     68
     144      51       0       0       0                        00000000D     69
     144       0      -1       1       0                               0D     70
     110      52       0       0       0                        01010000D     71
     110       0       0       1       0                               0D     72
     110      53       0       0       0                        01010000D     73
     110       0       0       1       0                               0D     74
     120      54       0       0       0                        01010000D     75
     120       0       0       1       0                               0D     76
     126      55       0       0       0                        01010500D     77
     126       0       0       2       0                               0D     78
     110      57       0       0       0                        01010000D     79
     110       0       0       1       0                               0D     80
     126      58       0       0       0                        01010500D     81
     126       0       0       2       0                               0D     82
     124      60       0       0       0                        00000000D     83
     124       0       0       3       0                               0D     84
     100      63       0       0       0              83        01010000D     85
     100       0       0       1       0                               0D     86
     126      64       0       0       0                        01010500D     87
     126       0       0       2       0                               0D     88
     110      66       0       0       0                        01010000D     89
     110       0       0       1       0                               0D     90
     126      67       0       0       0                        01010500D     91
     126       0       0       2       0                               0D     92
     124      69       0       0       0                        00000000D     93
     124       0       0       3       0                               0D     94
     100      72       0       0       0              93        01010000D     95
     100       0       0       1       0                               0D     96
     102      73       0       0       0                        01010500D     97
     102       0       0       1       0                               0D     98
     102      74       0       0       0                        01010000D     99
     102       0       0       1       0                               0D    100
     142      75       0       0       0                        00010500D    101
     142       0       0       1       0                               0D    102
     144      76       0       0       0                        00000000D    103
     144       0      -1       1       0                               0D    104
     110      77       0       0       0                        01010000D    105
     110       0       0       1       0                               0D    106
     110      78       0       0       0                        01010000D    107
     110       0       0       1       0                               0D    108
     120      79       0       0       0                        01010000D    109
     120       0       0       1       0                               0D    110
     126      80       0       0       0                        01010500D    111
     126       0       0       2       0                               0D    112
     110      82       0       0       0                        01010000D    113
     110       0       0       1       0                               0D    114
     126      83       0       0       0                        01010500D    115
     126       0       0       2       0                               0D    116
     124      85       0       0       0                        00000000D    117
     124       0       0       3       0                               0D    118
     100      88       0       0       0             117        01010000D    119
     100       0       0       1       0                               0D    120
     126      89       0       0       0                        01010500D    121
     126       0       0       2       0                               0D    122
     110      91       0       0       0                        01010000D    123
     110       0       0       1       0                               0D    124
     126      92       0       0       0                        01010500D    125
     126       0       0       2       0                               0D    126
     124      94       0       0       0                        00000000D    127
     124       0       0       3       0                               0D    128
     100      97       0       0       0             127        01010000D    129
     100       0       0       1       0                               0D    130
     102      98       0       0       0                        01010500D    131
     102       0       0       1       0                               0D    132
     102      99       0       0       0                        01010000D    133
     102       0       0       1       0                               0D    134
     142     100       0       0       0                        00010500D    135
     142       0       0       1       0                               0D    136
     144     101       0       0       0                        00000000D    137
     144       0      -1       1       0                               0D    138
     110     102       0       0       0                        01010000D    139
     110       0       0       1       0                               0D    140
     110     103       0       0       0                        01010000D    141
     110       0       0       1       0                               0D    142
     120     104       0       0       0                        01010000D    143
     120       0       0       1       0                               0D    144
     126     105       0       0       0                        01010500D    145
     126       0       0       2       0                               0D    146
     110     107       0       0       0                        01010000D    147
     110       0       0       1       0                               0D    148
     126     108       0       0       0                        01010500D    149
     126       0       0       2       0                               0D    150
     124     110       0       0       0                        00000000D    151
     124       0       0       3       0                               0D    152
     100     113       0       0       0             151        01010000D    153
     100       0       0       1       0                               0D    154
     126     114       0       0       0                        01010500D    155
     126       0       0       2       0                               0D    156
     110     116       0       0       0                        01010000D    157
     110       0       0       1       0                               0D    158
     126     117       0       0       0                        01010500D    159
     126       0       0       2       0                               0D    160
     124     119       0       0       0                        00000000D    161
     124       0       0       3       0                               0D    162
     100     122       0       0       0             161        01010000D    163
     100       0       0       1       0                               0D    164
     102     123       0       0       0                        01010500D    165
     102       0       0       1       0                               0D    166
     102     124       0       0       0                        01010000D    167
     102       0       0       1       0                               0D    168
     142     125       0       0       0                        00010500D    169
     142       0       0       1       0                               0D    170
     144     126       0       0       0                        00000000D    171
     144       0      -1       1       0                               0D    172
     110     127       0       0       0                        01010000D    173
     110       0       0       1       0                               0D    174
     110     128       0       0       0                        01010000D    175
     110       0       0       1       0                               0D    176
     120     129       0       0       0                        01010000D    177
     120       0       0       1       0                               0D    178
     126     130       0       0       0                        01010500D    179
     126       0       0       2       0                               0D    180
     110     132       0       0       0                        01010000D    181
     110       0       0       1       0                               0D    182
     126     133       0       0       0                        01010500D    183
     126       0       0       2       0                               0D    184
     124     135       0       0       0                        00000000D    185
     124       0       0       3       0                               0D    186
     100     138       0       0       0             185        01010000D    187
     100       0       0       1       0                               0D    188
     126     139       0       0       0                        01010500D    189
     126       0       0       2       0                               0D    190
     110     141       0       0       0                        01010000D    191
     110       0       0       1       0                               0D    192
     126     142       0       0       0                        01010500D    193
     126       0       0       2       0                               0D    194
     124     144       0       0       0                        00000000D    195
     124       0       0       3       0                               0D    196
     100     147       0       0       0             195        01010000D    197
     100       0       0       1       0                               0D    198
     102     148       0       0       0                        01010500D    199
     102       0       0       1       0                               0D    200
     102     149       0       0       0                        01010000D    201
     102       0       0       1       0                               0D    202
     142     150       0       0       0                        00010500D    203
     142       0       0       1       0                               0D    204
     144     151       0       0       0                        00000000D    205
     144       0      -1       1       0                               0D    206
     110     152       0       0       0                        01010000D    207
     110       0       0       1       0                               0D    208
     110     153       0       0       0                        01010000D    209
     110       0       0       1       0                               0D    210
     120     154       0       0       0                        01010000D    211
     120       0       0       1       0                               0D    212
     126     155       0       0       0                        01010500D    213
     126       0       0       2       0                               0D    214
     110     157       0       0       0                        01010000D    215
     110       0       0       1       0                               0D    216
     126     158       0       0       0                        01010500D    217
     126       0       0       2       0                               0D    218
     124     160       0       0       0                        00000000D    219
     124       0       0       3       0                               0D    220
     100     163       0       0       0             219        01010000D    221
     100       0       0       1       0                               0D    222
     126     164       0       0       0                        01010500D    223
     126       0       0       2       0                               0D    224
     110     166       0       0       0                        01010000D    225
     110       0       0       1       0                               0D    226
     126     167       0       0       0                        01010500D    227
     126       0       0       2       0                               0D    228
     124     169       0       0       0                        00000000D    229
     124       0       0       3       0                               0D    230
     100     172       0       0       0             229        01010000D    231
     100       0       0       1       0                               0D    232
     102     173       0       0       0                        01010500D    233
     102       0       0       1       0                               0D    234
     102     174       0       0       0                        01010000D    235
     102       0       0       1       0                               0D    236
     142     175       0       0       0                        00010500D    237
     142       0       0       1       0                               0D    238
     144     176       0       0       0                        00000000D    239
     144       0      -1       1       0                               0D    240
     110     177       0       0       0                        01010000D    241
     110       0       0       1       0                               0D    242
     110     178       0       0       0                        01010000D    243
     110       0       0       1       0                               0D    244
     120     179       0       0       0                        01010000D    245
     120       0       0       1       0                               0D    246
     126     180       0       0       0                        01010500D    247
     126       0       0       2       0                               0D    248
     110     182       0       0       0                        01010000D    249
     110       0       0       1       0                               0D    250
     126     183       0       0       0                        01010500D    251
     126       0       0       2       0                               0D    252
     124     185       0       0       0                        00000000D    253
     124       0       0       3       0                               0D    254
     100     188       0       0       0             253        01010000D    255
     100       0       0       1       0                               0D    256
     126     189       0       0       0                        01010500D    257
     126       0       0       2       0                               0D    258
     110     191       0       0       0                        01010000D    259
     110       0       0       1       0                               0D    260
     126     192       0       0       0                        01010500D    261
     126       0       0       2       0                               0D    262
     124     194       0       0       0                        00000000D    263
     124       0       0       3       0                               0D    264
     100     197       0       0       0             263        01010000D    265
     100       0       0       1       0                               0D    266
     102     198       0       0       0                        01010500D    267
     102       0       0       1       0                               0D    268
     102     199       0       0       0                        01010000D    269
     102       0       0       1       0                               0D    270
     142     200       0       0       0                        00010500D    271
     142       0       0       1       0                               0D    272
     144     201       0       0       0                        00000000D    273
     144       0      -1       1       0                               0D    274
     110     202       0       0       0                        01010000D    275
     110       0       0       1       0                               0D    276
     110     203       0       0       0                        01010000D    277
     110       0       0       1       0                               0D    278
     120     204       0       0       0                        01010000D    279
     120       0       0       1       0                               0D    280
     126     205       0       0       0                        01010500D    281
     126       0       0       2       0                               0D    282
     110     207       0       0       0                        01010000D    283
     110       0       0       1       0                               0D    284
     126     208       0       0       0                        01010500D    285
     126       0       0       2       0                               0D    286
     124     210       0       0       0                        00000000D    287
     124       0       0       3       0                               0D    288
     100     213       0       0       0             287        01010000D    289
     100       0       0       1       0                               0D    290
     126     214       0       0       0                        01010500D    291
     126       0       0       2       0                               0D    292
     110     216       0       0       0                        01010000D    293
     110       0       0       1       0                               0D    294
     126     217       0       0       0                        01010500D    295
     126       0       0       2       0                               0D    296
     124     219       0       0       0                        00000000D    297
     124       0       0       3       0                               0D    298
     100     222       0       0       0             297        01010000D    299
     100       0       0       1       0                               0D    300
     102     223       0       0       0                        01010500D    301
     102       0       0       1       0                               0D    302
     102     224       0       0       0                        01010000D    303
     102       0       0       1       0                               0D    304
     142     225       0       0       0                        00010500D    305
     142       0       0       1       0                               0D    306
     144     226       0       0       0                        00000000D    307
     144       0      -1       1       0                               0D    308
     110     227       0       0       0                        01010000D    309
     110       0       0       1       0                               0D    310
     110     228       0       0       0                        01010000D    311
     110       0       0       1       0                               0D    312
     120     229       0       0       0                        01010000D    313
     120       0       0       1       0                               0D    314
     126     230       0       0       0                        01010500D    315
     126       0       0       2       0                               0D    316
     110     232       0       0       0                        01010000D    317
     110       0       0       1       0                               0D    318
     126     233       0       0       0                        01010500D    319
     126       0       0       2       0                               0D    320
     124     235       0       0       0                        00000000D    321
     124       0       0       3       0                               0D    322
     100     238       0       0       0             321        01010000D    323
     100       0       0       1       0                               0D    324
     126     239       0       0       0                        01010500D    325
     126       0       0       2       0                               0D    326
     110     241       0       0       0                        01010000D    327
     110       0       0       1       0                               0D    328
     126     242       0       0       0                        01010500D    329
     126       0       0       2       0                               0D    330
     124     244       0       0       0                        00000000D    331
     124       0       0       3       0                               0D    332
     100     247       0       0       0             331        01010000D    333
     100       0       0       1       0                               0D    334
     102     248       0       0       0                        01010500D    335
     102       0       0       1       0                               0D    336
     102     249       0       0       0                        01010000D    337
     102       0       0       1       0                               0D    338
     142     250       0       0       0                        00010500D    339
     142       0       0       1       0                               0D    340
     144     251       0       0       0                        00000000D    341
     144       0      -1       1       0                               0D    342
     110     252       0       0       0                        01010000D    343
     110       0       0       1       0                               0D    344
     110     253       0       0       0                        01010000D    345
     110       0       0       1       0                               0D    346
     120     254       0       0       0                        01010000D    347
     120       0       0       1       0                               0D    348
     126     255       0       0       0                        01010500D    349
     126       0       0       2       0                               0D    350
     110     257       0       0       0                        01010000D    351
     110       0       0       1       0                               0D    352
     126     258       0       0       0                        01010500D    353
     126       0       0       2       0                               0D    354
     124     260       0       0       0                        00000000D    355
     124       0       0       3       0                               0D    356
     100     263       0       0       0             355        01010000D    357
     100       0       0       1       0                               0D    358
     126     264       0       0       0                        01010500D    359
     126       0       0       2       0                               0D    360
     110     266       0       0       0                        01010000D    361
     110       0       0       1       0                               0D    362
     126     267       0       0       0                        01010500D    363
     126       0       0       2       0                               0D    364
     124     269       0       0       0                        00000000D    365
     124       0       0       3       0                               0D    366
     100     272       0       0       0             365        01010000D    367
     100       0       0       1       0                               0D    368
     102     273       0       0       0                        01010500D    369
     102       0       0       1       0                               0D    370
     102     274       0       0       0                        01010000D    371
     102       0       0       1       0                               0D    372
     142     275       0       0       0                        00010500D    373
     142       0       0       1       0                               0D    374
     144     276       0       0       0                        00000000D    375
     144       0      -1       1       0                               0D    376
     110     277       0       0       0                        01010000D    377
     110       0       0       1       0                               0D    378
     110     278       0       0       0                        01010000D    379
     110       0       0       1       0                               0D    380
     120     279       0       0       0                        01010000D    381
     120       0       0       1       0                               0D    382
     126     280       0       0       0                        01010500D    383
     126       0       0       2       0                               0D    384
     110     282       0       0       0                        01010000D    385
     110       0       0       1       0                               0D    386
     126     283       0       0       0                        01010500D    387
     126       0       0       2       0                               0D    388
     124     285       0       0       0                        00000000D    389
     124       0       0       3       0                               0D    390
     100     288       0       0       0             389        01010000D    391
     100       0       0       1       0                               0D    392
     126     289       0       0       0                        01010500D    393
     126       0       0       2       0                               0D    394
     110     291       0       0       0                        01010000D    395
     110       0       0       1       0                               0D    396
     126     292       0       0       0                        01010500D    397
     126       0       0       2       0                               0D    398
     124     294       0       0       0                        00000000D    399
     124       0       0       3       0                               0D    400
     100     297       0       0       0             399        01010000D    401
     100       0       0       1       0                               0D    402
     102     298       0       0       0                        01010500D    403
     102       0       0       1       0                               0D    404
     102     299       0       0       0                        01010000D    405
     102       0       0       1       0                               0D    406
     142     300       0       0       0                        00010500D    407
     142       0       0       1       0                               0D    408
     144     301       0       0       0                        00000000D    409
     144       0      -1       1       0                               0D    410
     110     302       0       0       0                        01010000D    411
     110       0       0       1       0                               0D    412
     110     303       0       0       0                        01010000D    413
     110       0       0       1       0                               0D    414
     120     304       0       0       0                        01010000D    415
     120       0       0       1       0                               0D    416
     126     305       0       0       0                        01010500D    417
     126       0       0       2       0                               0D    418
     110     307       0       0       0                        01010000D    419
     110       0       0       1       0                               0D    420
     126     308       0       0       0                        01010500D    421
     126       0       0       2       0                               0D    422
     124     310       0       0       0                        00000000D    423
     124       0       0       3       0                               0D    424
     100     313       0       0       0             423        01010000D    425
     100       0       0       1       0                               0D    426
     126     314       0       0       0                        01010500D    427
     126       0       0       2       0                               0D    428
     110     316       0       0       0                        01010000D    429
     110       0       0       1       0                               0D    430
     126     317       0       0       0                        01010500D    431
     126       0       0       2       0                               0D    432
     124     319       0       0       0                        00000000D    433
     124       0       0       3       0                               0D    434
     100     322       0       0       0             433        01010000D    435
     100       0       0       1       0                               0D    436
     102     323       0       0       0                        01010500D    437
     102       0       0       1       0                               0D    438
     102     324       0       0       0                        01010000D    439
     102       0       0       1       0                               0D    440
     142     325       0       0       0                        00010500D    441
     142       0       0       1       0                               0D    442
     144     326       0       0       0                        00000000D    443
     144       0      -1       1       0                               0D    444
     110     327       0       0       0                        01010000D    445
     110       0       0       1       0                               0D    446
     110     328       0       0       0                        01010000D    447
     110       0       0       1       0                               0D    448
     120     329       0       0       0                        01010000D    449
     120       0       0       1       0                               0D    450
     126     330       0       0       0                        01010500D    451
     126       0       0       2       0                               0D    452
     110     332       0       0       0                        01010000D    453
     110       0       0       1       0                               0D    454
     126     333       0       0       0                        01010500D    455
     126       0       0       2       0                               0D    456
     124     335       0       0       0                        00000000D    457
     124       0       0       3       0                               0D    458
     100     338       0       0       0             457        01010000D    459
     100       0       0       1       0                               0D    460
     126     339       0       0       0                        01010500D    461
     126       0       0       2       0                               0D    462
     110     341       0       0       0                        01010000D    463
     110       0       0       1       0                               0D    464
     126     342       0       0       0                        01010500D    465
     126       0       0       2       0                               0D    466
     124     344       0       0       0                        00000000D    467
     124       0       0       3       0                               0D    468
     100     347       0       0       0             467        01010000D    469
     100       0       0       1       0                               0D    470
     102     348       0       0       0                        01010500D    471
     102       0       0       1       0                               0D    472
     102     349       0       0       0                        01010000D    473
     102       0       0       1       0                               0D    474
     142     350       0       0       0                        00010500D    475
     142       0       0       1       0                               0D    476
     144     351       0       0       0                        00000000D    477
     144       0      -1       1       0                               0D    478
     110     352       0       0       0                        01010000D    479
     110       0       0       1       0                               0D    480
     110     353       0       0       0                        01010000D    481
     110       0       0       1       0                               0D    482
     120     354       0       0       0                        01010000D    483
     120       0       0       1       0                               0D    484
     126     355       0       0       0                        01010500D    485
     126       0       0       2       0                               0D    486
     110     357       0       0       0                        01010000D    487
     110       0       0       1       0                               0D    488
     126     358       0       0       0                        01010500D    489
     126       0       0       2       0                               0D    490
     124     360       0       0       0                        00000000D    491
     124       0       0       3       0                               0D    492
     100     363       0       0       0             491        01010000D    493
     100       0       0       1       0                               0D    494
     126     364       0       0       0                        01010500D    495
     126       0       0       2       0                               0D    496
     110     366       0       0       0                        01010000D    497
     110       0       0       1       0                               0D    498
     126     367       0       0       0                        01010500D    499
     126       0       0       2       0                               0D    500
     124     369       0       0       0                        00000000D    501
     124       0       0       3       0                               0D    502
     100     372       0       0       0             501        01010000D    503
     100       0       0       1       0                               0D    504
     102     373       0       0       0                        01010500D    505
     102       0       0       1       0                               0D    506
     102     374       0       0       0                        01010000D    507
     102       0       0       1       0                               0D    508
     142     375       0       0       0                        00010500D    509
     142       0       0       1       0                               0D    510
     144     376       0       0       0                        00000000D    511
     144       0      -1       1       0                               0D    512
     110     377       0       0       0                        01010000D    513
     110       0       0       1       0                               0D    514
     110     378       0       0       0                        01010000D    515
     110       0       0       1       0                               0D    516
     120     379       0       0       0                        01010000D    517
     120       0       0       1       0                               0D    518
     126     380       0       0       0                        01010500D    519
     126       0       0       2       0                               0D    520
     110     382       0       0       0                        01010000D    521
     110       0       0       1       0                               0D    522
     126     383       0       0       0                        01010500D    523
     126       0       0       2       0                               0D    524
     124     385       0       0       0                        00000000D    525
     124       0       0       3       0                               0D    526
     100     388       0       0       0             525        01010000D    527
     100       0       0       1       0                               0D    528
     126     389       0       0       0                        01010500D    529
     126       0       0       2       0                               0D    530
     110     391       0       0       0                        01010000D    531
     110       0       0       1       0                               0D    532
     126     392       0       0       0                        01010500D    533
     126       0       0       2       0                               0D    534
     124     394       0       0       0                        00000000D    535
     124       0       0       3       0                               0D    536
     100     397       0       0       0             535        01010000D    537
     100       0       0       1       0                               0D    538
     102     398       0       0       0                        01010500D    539
     102       0       0       1       0                               0D    540
     102     399       0       0       0                        01010000D    541
     102       0       0       1       0                               0D    542
     142     400       0       0       0                        00010500D    543
     142       0       0       1       0                               0D    544
     144     401       0       0       0                        00000000D    545
     144       0      -1       1       0                               0D    546
     110     402       0       0       0                        01010000D    547
     110       0       0       1       0                               0D    548
     110     403       0       0       0                        01010000D    549
     110       0       0       1       0                               0D    550
     120     404       0       0       0                        01010000D    551
     120       0       0       1       0                               0D    552
     126     405       0       0       0                        01010500D    553
     126       0       0       2       0                               0D    554
     110     407       0       0       0                        01010000D    555
     110       0       0       1       0                               0D    556
     126     408       0       0       0                        01010500D    557
     126       0       0       2       0                               0D    558
     124     410       0       0       0                        00000000D    559
     124       0       0       3       0                               0D    560
     100     413       0       0       0             559        01010000D    561
     100       0       0       1       0                               0D    562
     126     414       0       0       0                        01010500D    563
     126       0       0       2       0                               0D    564
     110     416       0       0       0                        01010000D    565
     110       0       0       1       0                               0D    566
     126     417       0       0       0                        01010500D    567
     126       0       0       2       0                               0D    568
     124     419       0       0       0                        00000000D    569
     124       0       0       3       0                               0D    570
     100     422       0       0       0             569        01010000D    571
     100       0       0       1       0                               0D    572
     102     423       0       0       0                        01010500D    573
     102       0       0       1       0                               0D    574
     102     424       0       0       0                        01010000D    575
     102       0       0       1       0                               0D    576
     142     425       0       0       0                        00010500D    577
     142       0       0       1       0                               0D    578
     144     426       0       0       0                        00000000D    579
     144       0      -1       1       0                               0D    580
     110     427       0       0       0                        01010000D    581
     110       0       0       1       0                               0D    582
     110     428       0       0       0                        01010000D    583
     110       0       0       1       0                               0D    584
     120     429       0       0       0                        01010000D    585
     120       0       0       1       0                               0D    586
     126     430       0       0       0                        01010500D    587
     126       0       0       2       0                               0D    588
     110     432       0       0       0                        01010000D    589
     110       0       0       1       0                               0D    590
     126     433       0       0       0                        01010500D    591
     126       0       0       2       0                               0D    592
     124     435       0       0       0                        00000000D    593
     124       0       0       3       0                               0D    594
     100     438       0       0       0             593        01010000D    595
     100       0       0       1       0                               0D    596
     126     439       0       0       0                        01010500D    597
     126       0       0       2       0                               0D    598
     110     441       0       0       0                        01010000D    599
     110       0       0       1       0                               0D    600
     126     442       0       0       0                        01010500D    601
     126       0       0       2       0                               0D    602
     124     444       0       0       0                        00000000D    603
     124       0       0       3       0                               0D    604
     100     447       0       0       0             603        01010000D    605
     100       0       0       1       0                               0D    606
     102     448       0       0       0                        01010500D    607
     102       0       0       1       0                               0D    608
     102     449       0       0       0                        01010000D    609
     102       0       0       1       0                               0D    610
     142     450       0       0       0                        00010500D    611
     142       0       0       1       0                               0D    612
     144     451       0       0       0                        00000000D    613
     144       0      -1       1       0                               0D    614
     110     452       0       0       0                        01010000D    615
     110       0       0       1       0                               0D    616
     110     453       0       0       0                        01010000D    617
     110       0       0       1       0                               0D    618
     120     454       0       0       0                        01010000D    619
     120       0       0       1       0                               0D    620
     126     455       0       0       0                        01010500D    621
     126       0       0       2       0                               0D    622
     110     457       0       0       0                        01010000D    623
     110       0       0       1       0                               0D    624
     126     458       0       0       0                        01010500D    625
     126       0       0       2       0                               0D    626
     124     460       0       0       0                        00000000D    627
     124       0       0       3       0                               0D    628
     100     463       0       0       0             627        01010000D    629
     100       0       0       1       0                               0D    630
     126     464       0       0       0                        01010500D    631
     126       0       0       2       0                               0D    632
     110     466       0       0       0                        01010000D    633
     110       0       0       1       0                               0D    634
     126     467       0       0       0                        01010500D    635
     126       0       0       2       0                               0D    636
     124     469       0       0       0                        00000000D    637
     124       0       0       3       0                               0D    638
     100     472       0       0       0             637        01010000D    639
     100       0       0       1       0                               0D    640
     102     473       0       0       0                        01010500D    641
     102       0       0       1       0                               0D    642
     102     474       0       0       0                        01010000D    643
     102       0       0       1       0                               0D    644
     142     475       0       0       0                        00010500D    645
     142       0       0       1       0                               0D    646
     144     476       0       0       0                        00000000D    647
     144       0      -1       1       0                               0D    648
     110     477       0       0       0                        01010000D    649
     110       0       0       1       0                               0D    650
     110     478       0       0       0                        01010000D    651
     110       0       0       1       0                               0D    652
     120     479       0       0       0                        01010000D    653
     120       0       0       1       0                               0D    654
     126     480       0       0       0                        01010500D    655
     126       0       0       2       0                               0D    656
     110     482       0       0       0                        01010000D    657
     110       0       0       1       0                               0D    658
     126     483       0       0       0                        01010500D    659
     126       0       0       2       0                               0D    660
     124     485       0       0       0                        00000000D    661
     124       0       0       3       0                               0D    662
     100     488       0       0       0             661        01010000D    663
     100       0       0       1       0                               0D    664
     126     489       0       0       0                        01010500D    665
     126       0       0       2       0                               0D    666
     110     491       0       0       0                        01010000D    667
     110       0       0       1       0                               0D    668
     126     492       0       0       0                        01010500D    669
     126       0       0       2       0                               0D    670
     124     494       0       0       0                        00000000D    671
     124       0       0       3       0                               0D    672
     100     497       0       0       0             671        01010000D    673
     100       0       0       1       0                               0D    674
     102     498       0       0       0                        01010500D    675
     102       0       0       1       0                               0D    676
     102     499       0       0       0                        01010000D    677
     102       0       0       1       0                               0D    678
     142     500       0       0       0                        00010500D    679
     142       0       0       1       0                               0D    680
     144     501       0       0       0                        00000000D    681
     144       0      -1       1       0                               0D    682
     110     502       0       0       0                        01010000D    683
     110       0       0       1       0                               0D    684
     110     503       0       0       0                        01010000D    685
     110       0       0       1       0                               0D    686
     120     504       0       0       0                        01010000D    687
     120       0       0       1       0                               0D    688
     126     505       0       0       0                        01010500D    689
     126       0       0       2       0                               0D    690
     110     507       0       0       0                        01010000D    691
     110       0       0       1       0                               0D    692
     126     508       0       0       0                        01010500D    693
     126       0       0       2       0                               0D    694
     124     510       0       0       0                        00000000D    695
     124       0       0       3       0                               0D    696
     100     513       0       0       0             695        01010000D    697
     100       0       0       1       0                               0D    698
     126     514       0       0       0                        01010500D    699
     126       0       0       2       0                               0D    700
     110     516       0       0       0                        01010000D    701
     110       0       0       1       0                               0D    702
     126     517       0       0       0                        01010500D    703
     126       0       0       2       0                               0D    704
     124     519       0       0       0                        00000000D    705
     124       0       0       3       0                               0D    706
     100     522       0       0       0             705        01010000D    707
     100       0       0       1       0                               0D    708
     102     523       0       0       0                        01010500D    709
     102       0       0       1       0                               0D    710
     102     524       0       0       0                        01010000D    711
     102       0       0       1       0                               0D    712
     142     525       0       0       0                        00010500D    713
     142       0       0       1       0                               0D    714
     144     526       0       0       0                        00000000D    715
     144       0      -1       1       0                               0D    716
     128     527       0       0       0                        01010000D    717
     128       0       0       3       0                               0D    718
     126     530       0       0       0                        01010500D    719
     126       0       0       2       0                               0D    720
     110     532       0       0       0                        01010000D    721
     110       0       0       1       0                               0D    722
     126     533       0       0       0                        01010500D    723
     126       0       0      21       0                               0D    724
     124     554       0       0       0                        00000000D    725
     124       0       0       2       0                               0D    726
     100     556       0       0       0             725        01010000D    727
     100       0       0       1       0                               0D    728
     126     557       0       0       0                        01010500D    729
     126       0       0       2       0                               0D    730
     110     559       0       0       0                        01010000D    731
     110       0       0       1       0                               0D    732
     126     560       0       0       0                        01010500D    733
     126       0       0       2       0                               0D    734
     110     562       0       0       0                        01010000D    735
     110       0       0       1       0                               0D    736
     102     563       0       0       0                        01010500D    737
     102       0       0       1       0                               0D    738
     102     564       0       0       0                        01010000D    739
     102       0       0       1       0                               0D    740
     142     565       0       0       0                        00010500D    741
     142       0       0       1       0                               0D    742
     126     566       0       0       0                        01010500D    743
     126       0       0      22       0                               0D    744
     124     588       0       0       0                        00000000D    745
     124       0       0       3       0                               0D    746
     100     591       0       0       0             745        01010000D    747
     100       0       0       1       0                               0D    748
     126     592       0       0       0                        01010500D    749
     126       0       0      22       0                               0D    750
     124     614       0       0       0                        00000000D    751
     124       0       0       2       0                               0D    752
     100     616       0       0       0             751        01010000D    753
     100       0       0       1       0                               0D    754
     102     617       0       0       0                        01010500D    755
     102       0       0       1       0                               0D    756
     102     618       0       0       0                        01010000D    757
     102       0       0       1       0                               0D    758
     142     619       0       0       0                        00010500D    759
     142       0       0       1       0                               0D    760
     126     620       0       0       0                        01010500D    761
     126       0       0      22       0                               0D    762
     124     642       0       0       0                        00000000D    763
     124       0       0       3       0                               0D    764
     100     645       0       0       0             763        01010000D    765
     100       0       0       1       0                               0D    766
     126     646       0       0       0                        01010500D    767
     126       0       0      22       0                               0D    768
     124     668       0       0       0                        00000000D    769
     124       0       0       2       0                               0D    770
     100     670       0       0       0             769        01010000D    771
     100       0       0       1       0                               0D    772
     102     671       0       0       0                        01010500D    773
     102       0       0       1       0                               0D    774
     102     672       0       0       0                        01010000D    775
     102       0       0       1       0                               0D    776
     142     673       0       0       0                        00010500D    777
     142       0       0       1       0                               0D    778
     126     674       0       0       0                        01010500D    779
     126       0       0      22       0                               0D    780
     124     696       0       0       0                        00000000D    781
     124       0       0       3       0                               0D    782
     100     699       0       0       0             781        01010000D    783
     100       0       0       1       0                               0D    784
     126     700       0       0       0                        01010500D    785
     126       0       0      22       0                               0D    786
     124     722       0       0       0                        00000000D    787
     124       0       0       2       0                               0D    788
     100     724       0       0       0             787        01010000D    789
     100       0       0       1       0                               0D    790
     102     725       0       0       0                        01010500D    791
     102       0       0       1       0                               0D    792
     102     726       0       0       0                        01010000D    793
     102       0       0       1       0                               0D    794
     142     727       0       0       0                        00010500D    795
     142       0       0       1       0                               0D    796
     126     728       0       0       0                        01010500D    797
     126       0       0      22       0                               0D    798
     124     750       0       0       0                        00000000D    799
     124       0       0       3       0                               0D    800
     100     753       0       0       0             799        01010000D    801
     100       0       0       1       0                               0D    802
     126     754       0       0       0                        01010500D    803
     126       0       0      22       0                               0D    804
     124     776       0       0       0                        00000000D    805
     124       0       0       2       0                               0D    806
     100     778       0       0       0             805        01010000D    807
     100       0       0       1       0                               0D    808
     102     779       0       0       0                        01010500D    809
     102       0       0       1       0                               0D    810
     102     780       0       0       0                        01010000D    811
     102       0       0       1       0                               0D    812
     142     781       0       0       0                        00010500D    813
     142       0       0       1       0                               0D    814
     126     782       0       0       0                        01010500D    815
     126       0       0      22       0                               0D    816
     124     804       0       0       0                        00000000D    817
     124       0       0       3       0                               0D    818
     100     807       0       0       0             817        01010000D    819
     100       0       0       1       0                               0D    820
     126     808       0       0       0                        01010500D    821
     126       0       0      22       0                               0D    822
     124     830       0       0       0                        00000000D    823
     124       0       0       2       0                               0D    824
     100     832       0       0       0             823        01010000D    825
     100       0       0       1       0                               0D    826
     102     833       0       0       0                        01010500D    827
     102       0       0       1       0                               0D    828
     102     834       0       0       0                        01010000D    829
     102       0       0       1       0                               0D    830
     142     835       0       0       0                        00010500D    831
     142       0       0       1       0                               0D    832
     126     836       0       0       0                        01010500D    833
     126       0       0      22       0                               0D    834
     124     858       0       0       0                        00000000D    835
     124       0       0       3       0                               0D    836
     100     861       0       0       0             835        01010000D    837
     100       0       0       1       0                               0D    838
     126     862       0       0       0                        01010500D    839
     126       0       0      22       0                               0D    840
     124     884       0       0       0                        00000000D    841
     124       0       0       2       0                               0D    842
     100     886       0       0       0             841        01010000D    843
     100       0       0       1       0                               0D    844
     102     887       0       0       0                        01010500D    845
     102       0       0       1       0                               0D    846
     102     888       0       0       0                        01010000D    847
     102       0       0       1       0                               0D    848
     142     889       0       0       0                        00010500D    849
     142       0       0       1       0                               0D    850
     126     890       0       0       0                        01010500D    851
     126       0       0      22       0                               0D    852
     124     912       0       0       0                        00000000D    853
     124       0       0       3       0                               0D    854
     100     915       0       0       0             853        01010000D    855
     100       0       0       1       0                               0D    856
     126     916       0       0       0                        01010500D    857
     126       0       0      22       0                               0D    858
     124     938       0       0       0                        00000000D    859
     124       0       0       2       0                               0D    860
     100     940       0       0       0             859        01010000D    861
     100       0       0       1       0                               0D    862
     102     941       0       0       0                        01010500D    863
     102       0       0       1       0                               0D    864
     102     942       0       0       0                        01010000D    865
     102       0       0       1       0                               0D    866
     142     943       0       0       0                        00010500D    867
     142       0       0       1       0                               0D    868
     144     944       0       0       0                        00000000D    869
     144       0      -1       1       0                               0D    870
     110     945       0       0       0                        01010000D    871
     110       0       0       1       0                               0D    872
     110     946       0       0       0                        01010000D    873
     110       0       0       1       0                               0D    874
     120     947       0       0       0                        01010000D    875
     120       0       0       1       0                               0D    876
     126     948       0       0       0                        01010500D    877
     126       0       0       2       0                               0D    878
     110     950       0       0       0                        01010000D    879
     110       0       0       1       0                               0D    880
     126     951       0       0       0                        01010500D    881
     126       0       0       2       0                               0D    882
     124     953       0       0       0                        00000000D    883
     124       0       0       4       0                               0D    884
     100     957       0       0       0             883        01010000D    885
     100       0       0       1       0                               0D    886
     126     958       0       0       0                        01010500D    887
     126       0       0       2       0                               0D    888
     110     960       0       0       0                        01010000D    889
     110       0       0       1       0                               0D    890
     126     961       0       0       0                        01010500D    891
     126       0       0       2       0                               0D    892
     100     963       0       0       0                        01010000D    893
     100       0       0       1       0                               0D    894
     102     964       0       0       0                        01010500D    895
     102       0       0       1       0                               0D    896
     102     965       0       0       0                        01010000D    897
     102       0       0       1       0                               0D    898
     142     966       0       0       0                        00010500D    899
     142       0       0       1       0                               0D    900
     144     967       0       0       0                        00000000D    901
     144       0      -1       1       0                               0D    902
     128     968       0       0       0                        01010000D    903
     128       0       0       3       0                               0D    904
     126     971       0       0       0                        01010500D    905
     126       0       0       2       0                               0D    906
     110     973       0       0       0                        01010000D    907
     110       0       0       1       0                               0D    908
     126     974       0       0       0                        01010500D    909
     126       0       0       2       0                               0D    910
     110     976       0       0       0                        01010000D    911
     110       0       0       1       0                               0D    912
     126     977       0       0       0                        01010500D    913
     126       0       0       2       0                               0D    914
     110     979       0       0       0                        01010000D    915
     110       0       0       1       0                               0D    916
     126     980       0       0       0                        01010500D    917
     126       0       0       2       0                               0D    918
     110     982       0       0       0                        01010000D    919
     110       0       0       1       0                               0D    920
     102     983       0       0       0                        01010500D    921
     102       0       0       1       0                               0D    922
     102     984       0       0       0                        01010000D    923
     102       0       0       1       0                               0D    924
     142     985       0       0       0                        00010500D    925
     142       0       0       1       0                               0D    926
     126     986       0       0       0                        01010500D    927
     126       0       0      21       0                               0D    928
     124    1007       0       0       0                        00000000D    929
     124       0       0       3       0                               0D    930
     100    1010       0       0       0             929        01010000D    931
     100       0       0       1       0                               0D    932
     126    1011       0       0       0                        01010500D    933
     126       0       0      21       0                               0D    934
     124    1032       0       0       0                        00000000D    935
     124       0       0       3       0                               0D    936
     100    1035       0       0       0             935        01010000D    937
     100       0       0       1       0                               0D    938
     102    1036       0       0       0                        01010500D    939
     102       0       0       1       0                               0D    940
     102    1037       0       0       0                        01010000D    941
     102       0       0       1       0                               0D    942
     142    1038       0       0       0                        00010500D    943
     142       0       0       1       0                               0D    944
     126    1039       0       0       0                        01010500D    945
     126       0       0      21       0                               0D    946
     124    1060       0       0       0                        00000000D    947
     124       0       0       3       0                               0D    948
     100    1063       0       0       0             947        01010000D    949
     100       0       0       1       0                               0D    950
     126    1064       0       0       0                        01010500D    951
     126       0       0      21       0                               0D    952
     124    1085       0       0       0                        00000000D    953
     124       0       0       3       0                               0D    954
     100    1088       0       0       0             953        01010000D    955
     100       0       0       1       0                               0D    956
     102    1089       0       0       0                        01010500D    957
     102       0       0       1       0                               0D    958
     102    1090       0       0       0                        01010000D    959
     102       0       0       1       0                               0D    960
     142    1091       0       0       0                        00010500D    961
     142       0       0       1       0                               0D    962
     126    1092       0       0       0                        01010500D    963
     126       0       0      21       0                               0D    964
     124    1113       0       0       0                        00000000D    965
     124       0       0       3       0                               0D    966
     100    1116       0       0       0             965        01010000D    967
     100       0       0       1       0                               0D    968
     126    1117       0       0       0                        01010500D    969
     126       0       0      21       0                               0D    970
     124    1138       0       0       0                        00000000D    971
     124       0       0       3       0                               0D    972
     100    1141       0       0       0             971        01010000D    973
     100       0       0       1       0                               0D    974
     102    1142       0       0       0                        01010500D    975
     102       0       0       1       0                               0D    976
     102    1143       0       0       0                        01010000D    977
     102       0       0       1       0                               0D    978
     142    1144       0       0       0                        00010500D    979
     142       0       0       1       0                               0D    980
     126    1145       0       0       0                        01010500D    981
     126       0       0      21       0                               0D    982
     124    1166       0       0       0                        00000000D    983
     124       0       0       3       0                               0D    984
     100    1169       0       0       0             983        01010000D    985
     100       0       0       1       0                               0D    986
     126    1170       0       0       0                        01010500D    987
     126       0       0      21       0                               0D    988
     124    1191       0       0       0                        00000000D    989
     124       0       0       3       0                               0D    990
     100    1194       0       0       0             989        01010000D    991
     100       0       0       1       0                               0D    992
     102    1195       0       0       0                        01010500D    993
     102       0       0       1       0                               0D    994
     102    1196       0       0       0                        01010000D    995
     102       0       0       1       0                               0D    996
     142    1197       0       0       0                        00010500D    997
     142       0       0       1       0                               0D    998
     126    1198       0       0       0                        01010500D    999
     126       0       0      21       0                               0D   1000
     124    1219       0       0       0                        00000000D   1001
     124       0       0       3       0                               0D   1002
     100    1222       0       0       0            1001        01010000D   1003
     100       0       0       1       0                               0D   1004
     126    1223       0       0       0                        01010500D   1005
     126       0       0      21       0                               0D   1006
     124    1244       0       0       0                        00000000D   1007
     124       0       0       3       0                               0D   1008
     100    1247       0       0       0            1007        01010000D   1009
     100       0       0       1       0                               0D   1010
     102    1248       0       0       0                        01010500D   1011
     102       0       0       1       0                               0D   1012
     102    1249       0       0       0                        01010000D   1013
     102       0       0       1       0                               0D   1014
     142    1250       0       0       0                        00010500D   1015
     142       0       0       1       0                               0D   1016
     126    1251       0       0       0                        01010500D   1017
     126       0       0      21       0                               0D   1018
     124    1272       0       0       0                        00000000D   1019
     124       0       0       3       0                               0D   1020
     100    1275       0       0       0            1019        01010000D   1021
     100       0       0       1       0                               0D   1022
     126    1276       0       0       0                        01010500D   1023
     126       0       0      21       0                               0D   1024
     124    1297       0       0       0                        00000000D   1025
     124       0       0       3       0                               0D   1026
     100    1300       0       0       0            1025        01010000D   1027
     100       0       0       1       0                               0D   1028
     102    1301       0       0       0                        01010500D   1029
     102       0       0       1       0                               0D   1030
     102    1302       0       0       0                        01010000D   1031
     102       0       0       1       0                               0D   1032
     142    1303       0       0       0                        00010500D   1033
     142       0       0       1       0                               0D   1034
     126    1304       0       0       0                        01010500D   1035
     126       0       0      21       0                               0D   1036
     124    1325       0       0       0                        00000000D   1037
     124       0       0       3       0                               0D   1038
     100    1328       0       0       0            1037        01010000D   1039
     100       0       0       1       0                               0D   1040
     126    1329       0       0       0                        01010500D   1041
     126       0       0      21       0                               0D   1042
     124    1350       0       0       0                        00000000D   1043
     124       0       0       3       0                               0D   1044
     100    1353       0       0       0            1043        01010000D   1045
     100       0       0       1       0                               0D   1046
     102    1354       0       0       0                        01010500D   1047
     102       0       0       1       0                               0D   1048
     102    1355       0       0       0                        01010000D   1049
     102       0       0       1       0                               0D   1050
     142    1356       0       0       0                        00010500D   1051
     142       0       0       1       0                               0D   1052
     144    1357       0       0       0                        00000000D   1053
     144       0      -1       1       0                               0D   1054
     110    1358       0       0       0                        01010000D   1055
     110       0       0       1       0                               0D   1056
     110    1359       0       0       0                        01010000D   1057
     110       0       0       1       0                               0D   1058
     120    1360       0       0       0                        01010000D   1059
     120       0       0       1       0                               0D   1060
     126    1361       0       0       0                        01010500D   1061
     126       0       0       2       0                               0D   1062
     110    1363       0       0       0                        01010000D   1063
     110       0       0       1       0                               0D   1064
     126    1364       0       0       0                        01010500D   1065
     126       0       0       2       0                               0D   1066
     124    1366       0       0       0                        00000000D   1067
     124       0       0       4       0                               0D   1068
     100    1370       0       0       0            1067        01010000D   1069
     100       0       0       1       0                               0D   1070
     126    1371       0       0       0                        01010500D   1071
     126       0       0       2       0                               0D   1072
     110    1373       0       0       0                        01010000D   1073
     110       0       0       1       0                               0D   1074
     126    1374       0       0       0                        01010500D   1075
     126       0       0       2       0                               0D   1076
     100    1376       0       0       0                        01010000D   1077
     100       0       0       1       0                               0D   1078
     102    1377       0       0       0                        01010500D   1079
     102       0       0       1       0                               0D   1080
     102    1378       0       0       0                        01010000D   1081
     102       0       0       1       0                               0D   1082
     142    1379       0       0       0                        00010500D   1083
     142       0       0       1       0                               0D   1084
     144    1380       0       0       0                        00000000D   1085
     144       0      -1       1       0                               0D   1086
     128    1381       0       0       0                        01010000D   1087
     128       0       0       3       0                               0D   1088
     126    1384       0       0       0                        01010500D   1089
     126       0       0       2       0                               0D   1090
     110    1386       0       0       0                        01010000D   1091
     110       0       0       1       0                               0D   1092
     126    1387       0       0       0                        01010500D   1093
     126       0       0       2       0                               0D   1094
     110    1389       0       0       0                        01010000D   1095
     110       0       0       1       0                               0D   1096
     126    1390       0       0       0                        01010500D   1097
     126       0       0       2       0                               0D   1098
     110    1392       0       0       0                        01010000D   1099
     110       0       0       1       0                               0D   1100
     126    1393       0       0       0                        01010500D   1101
     126       0       0      21       0                               0D   1102
     124    1414       0       0       0                        00000000D   1103
     124       0       0       2       0                               0D   1104
     100    1416       0       0       0            1103        01010000D   1105
     100       0       0       1       0                               0D   1106
     102    1417       0       0       0                        01010500D   1107
     102       0       0       1       0                               0D   1108
     102    1418       0       0       0                        01010000D   1109
     102       0       0       1       0                               0D   1110
     142    1419       0       0       0                        00010500D   1111
     142       0       0       1       0                               0D   1112
     126    1420       0       0       0                        01010500D   1113
     126       0       0      22       0                               0D   1114
     124    1442       0       0       0                        00000000D   1115
     124       0       0       3       0                               0D   1116
     100    1445       0       0       0            1115        01010000D   1117
     100       0       0       1       0                               0D   1118
     126    1446       0       0       0                        01010500D   1119
     126       0       0      22       0                               0D   1120
     124    1468       0       0       0                        00000000D   1121
     124       0       0       2       0                               0D   1122
     100    1470       0       0       0            1121        01010000D   1123
     100       0       0       1       0                               0D   1124
     102    1471       0       0       0                        01010500D   1125
     102       0       0       1       0                               0D   1126
     102    1472       0       0       0                        01010000D   1127
     102       0       0       1       0                               0D   1128
     142    1473       0       0       0                        00010500D   1129
     142       0       0       1       0                               0D   1130
     126    1474       0       0       0                        01010500D   1131
     126       0       0      22       0                               0D   1132
     124    1496       0       0       0                        00000000D   1133
     124       0       0       3       0                               0D   1134
     100    1499       0       0       0            1133        01010000D   1135
     100       0       0       1       0                               0D   1136
     126    1500       0       0       0                        01010500D   1137
     126       0       0      22       0                               0D   1138
     124    1522       0       0       0                        00000000D   1139
     124       0       0       2       0                               0D   1140
     100    1524       0       0       0            1139        01010000D   1141
     100       0       0       1       0                               0D   1142
     102    1525       0       0       0                        01010500D   1143
     102       0       0       1       0                               0D   1144
     102    1526       0       0       0                        01010000D   1145
     102       0       0       1       0                               0D   1146
     142    1527       0       0       0                        00010500D   1147
     142       0       0       1       0                               0D   1148
     126    1528       0       0       0                        01010500D   1149
     126       0       0      22       0                               0D   1150
     124    1550       0       0       0                        00000000D   1151
     124       0       0       3       0                               0D   1152
     100    1553       0       0       0            1151        01010000D   1153
     100       0       0       1       0                               0D   1154
     126    1554       0       0       0                        01010500D   1155
     126       0       0      22       0                               0D   1156
     124    1576       0       0       0                        00000000D   1157
     124       0       0       2       0                               0D   1158
     100    1578       0       0       0            1157        01010000D   1159
     100       0       0       1       0                               0D   1160
     102    1579       0       0       0                        01010500D   1161
     102       0       0       1       0                               0D   1162
     102    1580       0       0       0                        01010000D   1163
     102       0       0       1       0                               0D   1164
     142    1581       0       0       0                        00010500D   1165
     142       0       0       1       0                               0D   1166
     126    1582       0       0       0                        01010500D   1167
     126       0       0      22       0                               0D   1168
     124    1604       0       0       0                        00000000D   1169
     124       0       0       3       0                               0D   1170
     100    1607       0       0       0            1169        01010000D   1171
     100       0       0       1       0                               0D   1172
     126    1608       0       0       0                        01010500D   1173
     126       0       0      22       0                               0D   1174
     124    1630       0       0       0                        00000000D   1175
     124       0       0       2       0                               0D   1176
     100    1632       0       0       0            1175        01010000D   1177
     100       0       0       1       0                               0D   1178
     102    1633       0       0       0                        01010500D   1179
     102       0       0       1       0                               0D   1180
     102    1634       0       0       0                        01010000D   1181
     102       0       0       1       0                               0D   1182
     142    1635       0       0       0                        00010500D   1183
     142       0       0       1       0                               0D   1184
     126    1636       0       0       0                        01010500D   1185
     126       0       0      22       0                               0D   1186
     124    1658       0       0       0                        00000000D   1187
     124       0       0       3       0                               0D   1188
     100    1661       0       0       0            1187        01010000D   1189
     100       0       0       1       0                               0D   1190
     126    1662       0       0       0                        01010500D   1191
     126       0       0      22       0                               0D   1192
     124    1684       0       0       0                        00000000D   1193
     124       0       0       2       0                               0D   1194
     100    1686       0       0       0            1193        01010000D   1195
     100       0       0       1       0                               0D   1196
     102    1687       0       0       0                        01010500D   1197
     102       0       0       1       0                               0D   1198
     102    1688       0       0       0                        01010000D   1199
     102       0       0       1       0                               0D   1200
     142    1689       0       0       0                        00010500D   1201
     142       0       0       1       0                               0D   1202
     126    1690       0       0       0                        01010500D   1203
     126       0       0      22       0                               0D   1204
     124    1712       0       0       0                        00000000D   1205
     124       0       0       3       0                               0D   1206
     100    1715       0       0       0            1205        01010000D   1207
     100       0       0       1       0                               0D   1208
     126    1716       0       0       0                        01010500D   1209
     126       0       0      22       0                               0D   1210
     124    1738       0       0       0                        00000000D   1211
     124       0       0       2       0                               0D   1212
     100    1740       0       0       0            1211        01010000D   1213
     100       0       0       1       0                               0D   1214
     102    1741       0       0       0                        01010500D   1215
     102       0       0       1       0                               0D   1216
     102    1742       0       0       0                        01010000D   1217
     102       0       0       1       0                               0D   1218
     142    1743       0       0       0                        00010500D   1219
     142       0       0       1       0                               0D   1220
     126    1744       0       0       0                        01010500D   1221
     126       0       0      22       0                               0D   1222
     124    1766       0       0       0                        00000000D   1223
     124       0       0       3       0                               0D   1224
     100    1769       0       0       0            1223        01010000D   1225
     100       0       0       1       0                               0D   1226
     126    1770       0       0       0                        01010500D   1227
     126       0       0      22       0                               0D   1228
     124    1792       0       0       0                        00000000D   1229
     124       0       0       2       0                               0D   1230
     100    1794       0       0       0            1229        01010000D   1231
     100       0       0       1       0                               0D   1232
     102    1795       0       0       0                        01010500D   1233
     102       0       0       1       0                               0D   1234
     102    1796       0       0       0                        01010000D   1235
     102       0       0       1       0                               0D   1236
     142    1797       0       0       0                        00010500D   1237
     142       0       0       1       0                               0D   1238
     144    1798       0       0       0                        00000000D   1239
     144       0      -1       1       0                               0D   1240
     110    1799       0       0       0                        01010000D   1241
     110       0       0       1       0                               0D   1242
     110    1800       0       0       0                        01010000D   1243
     110       0       0       1       0                               0D   1244
     120    1801       0       0       0                        01010000D   1245
     120       0       0       1       0                               0D   1246
     126    1802       0       0       0                        01010500D   1247
     126       0       0       2       0                               0D   1248
     110    1804       0       0       0                        01010000D   1249
     110       0       0       1       0                               0D   1250
     126    1805       0       0       0                        01010500D   1251
     126       0       0       2       0                               0D   1252
     124    1807       0       0       0                        00000000D   1253
     124       0       0       2       0                               0D   1254
     100    1809       0       0       0            1253        01010000D   1255
     100       0       0       1       0                               0D   1256
     126    1810       0       0       0                        01010500D   1257
     126       0       0       2       0                               0D   1258
     110    1812       0       0       0                        01010000D   1259
     110       0       0       1       0                               0D   1260
     126    1813       0       0       0                        01010500D   1261
     126       0       0       2       0                               0D   1262
     124    1815       0       0       0                        00000000D   1263
     124       0       0       4       0                               0D   1264
     100    1819       0       0       0            1263        01010000D   1265
     100       0       0       1       0                               0D   1266
     102    1820       0       0       0                        01010500D   1267
     102       0       0       1       0                               0D   1268
     102    1821       0       0       0                        01010000D   1269
     102       0       0       1       0                               0D   1270
     142    1822       0       0       0                        00010500D   1271
     142       0       0       1       0                               0D   1272
     144    1823       0       0       0                        00000000D   1273
     144       0      -1       1       0                               0D   1274
     128    1824       0       0       0                        01010000D   1275
     128       0       0      17       0                               0D   1276
     126    1841       0       0       0                        01010500D   1277
     126       0       0       2       0                               0D   1278
     124    1843       0       0       0                        00000000D   1279
     124       0       0       4       0                               0D   1280
     100    1847       0       0       0            1279        01010000D   1281
     100       0       0       1       0                               0D   1282
     126    1848       0       0       0                        01010500D   1283
     126       0       0       2       0                               0D   1284
     124    1850       0       0       0                        00000000D   1285
     124       0       0       4       0                               0D   1286
     100    1854       0       0       0            1285        01010000D   1287
     100       0       0       1       0                               0D   1288
     126    1855       0       0       0                        01010500D   1289
     126       0       0       2       0                               0D   1290
     124    1857       0       0       0                        00000000D   1291
     124       0       0       4       0                               0D   1292
     100    1861       0       0       0            1291        01010000D   1293
     100       0       0       1       0                               0D   1294
     126    1862       0       0       0                        01010500D   1295
     126       0       0       2       0                               0D   1296
     126    1864       0       0       0                        01010000D   1297
     126       0       0      55       0                               0D   1298
     102    1919       0       0       0                        01010500D   1299
     102       0       0       1       0                               0D   1300
     102    1920       0       0       0                        01010000D   1301
     102       0       0       1       0                               0D   1302
     142    1921       0       0       0                        00010500D   1303
     142       0       0       1       0                               0D   1304
     144    1922       0       0       0                        00000000D   1305
     144       0      -1       1       0                               0D   1306
     128    1923       0       0       0                        01010000D   1307
     128       0       0       3       0                               0D   1308
     126    1926       0       0       0                        01010500D   1309
     126       0       0      29       0                               0D   1310
     126    1955       0       0       0                        01010000D   1311
     126       0       0      57       0                               0D   1312
     126    2012       0       0       0                        01010500D   1313
     126       0       0       2       0                               0D   1314
     110    2014       0       0       0                        01010000D   1315
     110       0       0       1       0                               0D   1316
     126    2015       0       0       0                        01010500D   1317
     126       0       0       2       0                               0D   1318
     110    2017       0       0       0                        01010000D   1319
     110       0       0       1       0                               0D   1320
     126    2018       0       0       0                        01010500D   1321
     126       0       0       2       0                               0D   1322
     110    2020       0       0       0                        01010000D   1323
     110       0       0       1       0                               0D   1324
     102    2021       0       0       0                        01010500D   1325
     102       0       0       1       0                               0D   1326
     102    2022       0       0       0                        01010000D   1327
     102       0       0       1       0                               0D   1328
     142    2023       0       0       0                        00010500D   1329
     142       0       0       1       0                               0D   1330
     126    2024       0       0       0                        01010500D   1331
     126       0       0      22       0                               0D   1332
     124    2046       0       0       0                        00000000D   1333
     124       0       0       2       0                               0D   1334
     100    2048       0       0       0            1333        01010000D   1335
     100       0       0       1       0                               0D   1336
     126    2049       0       0       0                        01010500D   1337
     126       0       0      22       0                               0D   1338
     124    2071       0       0       0                        00000000D   1339
     124       0       0       3       0                               0D   1340
     100    2074       0       0       0            1339        01010000D   1341
     100       0       0       1       0                               0D   1342
     102    2075       0       0       0                        01010500D   1343
     102       0       0       1       0                               0D   1344
     102    2076       0       0       0                        01010000D   1345
     102       0       0       1       0                               0D   1346
     142    2077       0       0       0                        00010500D   1347
     142       0       0       1       0                               0D   1348
     126    2078       0       0       0                        01010500D   1349
     126       0       0      22       0                               0D   1350
     124    2100       0       0       0                        00000000D   1351
     124       0       0       2       0                               0D   1352
     100    2102       0       0       0            1351        01010000D   1353
     100       0       0       1       0                               0D   1354
     126    2103       0       0       0                        01010500D   1355
     126       0       0      22       0                               0D   1356
     124    2125       0       0       0                        00000000D   1357
     124       0       0       3       0                               0D   1358
     100    2128       0       0       0            1357        01010000D   1359
     100       0       0       1       0                               0D   1360
     102    2129       0       0       0                        01010500D   1361
     102       0       0       1       0                               0D   1362
     102    2130       0       0       0                        01010000D   1363
     102       0       0       1       0                               0D   1364
     142    2131       0       0       0                        00010500D   1365
     142       0       0       1       0                               0D   1366
     126    2132       0       0       0                        01010500D   1367
     126       0       0      22       0                               0D   1368
     124    2154       0       0       0                        00000000D   1369
     124       0       0       2       0                               0D   1370
     100    2156       0       0       0            1369        01010000D   1371
     100       0       0       1       0                               0D   1372
     126    2157       0       0       0                        01010500D   1373
     126       0       0      22       0                               0D   1374
     124    2179       0       0       0                        00000000D   1375
     124       0       0       3       0                               0D   1376
     100    2182       0       0       0            1375        01010000D   1377
     100       0       0       1       0                               0D   1378
     102    2183       0       0       0                        01010500D   1379
     102       0       0       1       0                               0D   1380
     102    2184       0       0       0                        01010000D   1381
     102       0       0       1       0                               0D   1382
     142    2185       0       0       0                        00010500D   1383
     142       0       0       1       0                               0D   1384
     126    2186       0       0       0                        01010500D   1385
     126       0       0      22       0                               0D   1386
     124    2208       0       0       0                        00000000D   1387
     124       0       0       2       0                               0D   1388
     100    2210       0       0       0            1387        01010000D   1389
     100       0       0       1       0                               0D   1390
     126    2211       0       0       0                        01010500D   1391
     126       0       0      22       0                               0D   1392
     124    2233       0       0       0                        00000000D   1393
     124       0       0       3       0                               0D   1394
     100    2236       0       0       0            1393        01010000D   1395
     100       0       0       1       0                               0D   1396
     102    2237       0       0       0                        01010500D   1397
     102       0       0       1       0                               0D   1398
     102    2238       0       0       0                        01010000D   1399
     102       0       0       1       0                               0D   1400
     142    2239       0       0       0                        00010500D   1401
     142       0       0       1       0                               0D   1402
     126    2240       0       0       0                        01010500D   1403
     126       0       0      22       0                               0D   1404
     124    2262       0       0       0                        00000000D   1405
     124       0       0       2       0                               0D   1406
     100    2264       0       0       0            1405        01010000D   1407
     100       0       0       1       0                               0D   1408
     126    2265       0       0       0                        01010500D   1409
     126       0       0      22       0                               0D   1410
     124    2287       0       0       0                        00000000D   1411
     124       0       0       3       0                               0D   1412
     100    2290       0       0       0            1411        01010000D   1413
     100       0       0       1       0                               0D   1414
     102    2291       0       0       0                        01010500D   1415
     102       0       0       1       0                               0D   1416
     102    2292       0       0       0                        01010000D   1417
     102       0       0       1       0                               0D   1418
     142    2293       0       0       0                        00010500D   1419
     142       0       0       1       0                               0D   1420
     126    2294       0       0       0                        01010500D   1421
     126       0       0      22       0                               0D   1422
     124    2316       0       0       0                        00000000D   1423
     124       0       0       2       0                               0D   1424
     100    2318       0       0       0            1423        01010000D   1425
     100       0       0       1       0                               0D   1426
     126    2319       0       0       0                        01010500D   1427
     126       0       0      22       0                               0D   1428
     124    2341       0       0       0                        00000000D   1429
     124       0       0       3       0                               0D   1430
     100    2344       0       0       0            1429        01010000D   1431
     100       0       0       1       0                               0D   1432
     102    2345       0       0       0                        01010500D   1433
     102       0       0       1       0                               0D   1434
     102    2346       0       0       0                        01010000D   1435
     102       0       0       1       0                               0D   1436
     142    2347       0       0       0                        00010500D   1437
     142       0       0       1       0                               0D   1438
     126    2348       0       0       0                        01010500D   1439
     126       0       0      22       0                               0D   1440
     124    2370       0       0       0                        00000000D   1441
     124       0       0       2       0                               0D   1442
     100    2372       0       0       0            1441        01010000D   1443
     100       0       0       1       0                               0D   1444
     126    2373       0       0       0                        01010500D   1445
     126       0       0      22       0                               0D   1446
     124    2395       0       0       0                        00000000D   1447
     124       0       0       3       0                               0D   1448
     100    2398       0       0       0            1447        01010000D   1449
     100       0       0       1       0                               0D   1450
     102    2399       0       0       0                        01010500D   1451
     102       0       0       1       0                               0D   1452
     102    2400       0       0       0                        01010000D   1453
     102       0       0       1       0                               0D   1454
     142    2401       0       0       0                        00010500D   1455
     142       0       0       1       0                               0D   1456
     144    2402       0       0       0                        00000000D   1457
     144       0      -1       1       0                               0D   1458
     110    2403       0       0       0                        01010000D   1459
     110       0       0       1       0                               0D   1460
     110    2404       0       0       0                        01010000D   1461
     110       0       0       1       0                               0D   1462
     120    2405       0       0       0                        01010000D   1463
     120       0       0       1       0                               0D   1464
     126    2406       0       0       0                        01010500D   1465
     126       0       0       2       0                               0D   1466
     124    2408       0       0       0                        00000000D   1467
     124       0       0       4       0                               0D   1468
     100    2412       0       0       0            1467        01010000D   1469
     100       0       0       1       0                               0D   1470
     126    2413       0       0       0                        01010500D   1471
     126       0       0       2       0                               0D   1472
     110    2415       0       0       0                        01010000D   1473
     110       0       0       1       0                               0D   1474
     126    2416       0       0       0                        01010500D   1475
     126       0       0       2       0                               0D   1476
     100    2418       0       0       0                        01010000D   1477
     100       0       0       1       0                               0D   1478
     126    2419       0       0       0                        01010500D   1479
     126       0       0       2       0                               0D   1480
     110    2421       0       0       0                        01010000D   1481
     110       0       0       1       0                               0D   1482
     102    2422       0       0       0                        01010500D   1483
     102       0       0       1       0                               0D   1484
     102    2423       0       0       0                        01010000D   1485
     102       0       0       1       0                               0D   1486
     142    2424       0       0       0                        00010500D   1487
     142       0       0       1       0                               0D   1488
     144    2425       0       0       0                        00000000D   1489
     144       0      -1       1       0                               0D   1490
     128    2426       0       0       0                        01010000D   1491
     128       0       0      17       0                               0D   1492
     126    2443       0       0       0                        01010500D   1493
     126       0       0       2       0                               0D   1494
     124    2445       0       0       0                        00000000D   1495
     124       0       0       4       0                               0D   1496
     100    2449       0       0       0            1495        01010000D   1497
     100       0       0       1       0                               0D   1498
     126    2450       0       0       0                        01010500D   1499
     126       0       0       2       0                               0D   1500
     126    2452       0       0       0                        01010000D   1501
     126       0       0       7       0                               0D   1502
     126    2459       0       0       0                        01010500D   1503
     126       0       0       2       0                               0D   1504
     124    2461       0       0       0                        00000000D   1505
     124       0       0       3       0                               0D   1506
     100    2464       0       0       0            1505        01010000D   1507
     100       0       0       1       0                               0D   1508
     126    2465       0       0       0                        01010500D   1509
     126       0       0       2       0                               0D   1510
     100    2467       0       0       0                        01010000D   1511
     100       0       0       1       0                               0D   1512
     102    2468       0       0       0                        01010500D   1513
     102       0       0       1       0                               0D   1514
     102    2469       0       0       0                        01010000D   1515
     102       0       0       1       0                               0D   1516
     142    2470       0       0       0                        00010500D   1517
     142       0       0       1       0                               0D   1518
     144    2471       0       0       0                        00000000D   1519
     144       0      -1       1       0                               0D   1520
     110    2472       0       0       0                        01010000D   1521
     110       0       0       1       0                               0D   1522
     110    2473       0       0       0                        01010000D   1523
     110       0       0       1       0                               0D   1524
     120    2474       0       0       0                        01010000D   1525
     120       0       0       1       0                               0D   1526
     126    2475       0       0       0                        01010500D   1527
     126       0       0       2       0                               0D   1528
     110    2477       0       0       0                        01010000D   1529
     110       0       0       1       0                               0D   1530
     126    2478       0       0       0                        01010500D   1531
     126       0       0       2       0                               0D   1532
     124    2480       0       0       0                        00000000D   1533
     124       0       0       4       0                               0D   1534
     100    2484       0       0       0            1533        01010000D   1535
     100       0       0       1       0                               0D   1536
     126    2485       0       0       0                        01010500D   1537
     126       0       0       2       0                               0D   1538
     110    2487       0       0       0                        01010000D   1539
     110       0       0       1       0                               0D   1540
     126    2488       0       0       0                        01010500D   1541
     126       0       0       2       0                               0D   1542
     124    2490       0       0       0                        00000000D   1543
     124       0       0       3       0                               0D   1544
     100    2493       0       0       0            1543        01010000D   1545
     100       0       0       1       0                               0D   1546
     102    2494       0       0       0                        01010500D   1547
     102       0       0       1       0                               0D   1548
     102    2495       0       0       0                        01010000D   1549
     102       0       0       1       0                               0D   1550
     142    2496       0       0       0                        00010500D   1551
     142       0       0       1       0                               0D   1552
     144    2497       0       0       0                        00000000D   1553
     144       0      -1       1       0                               0D   1554
     128    2498       0       0       0                        01010000D   1555
     128       0       0      17       0                               0D   1556
     126    2515       0       0       0                        01010500D   1557
     126       0       0       2       0                               0D   1558
     124    2517       0       0       0                        00000000D   1559
     124       0       0       3       0                               0D   1560
     100    2520       0       0       0            1559        01010000D   1561
     100       0       0       1       0                               0D   1562
     126    2521       0       0       0                        01010500D   1563
     126       0       0       2       0                               0D   1564
     126    2523       0       0       0                        01010000D   1565
     126       0       0       5       0                               0D   1566
     126    2528       0       0       0                        01010500D   1567
     126       0       0       2       0                               0D   1568
     124    2530       0       0       0                        00000000D   1569
     124       0       0       3       0                               0D   1570
     100    2533       0       0       0            1569        01010000D   1571
     100       0       0       1       0                               0D   1572
     126    2534       0       0       0                        01010500D   1573
     126       0       0       2       0                               0D   1574
     100    2536       0       0       0                        01010000D   1575
     100       0       0       1       0                               0D   1576
     102    2537       0       0       0                        01010500D   1577
     102       0       0       1       0                               0D   1578
     102    2538       0       0       0                        01010000D   1579
     102       0       0       1       0                               0D   1580
     142    2539       0       0       0                        00010500D   1581
     142       0       0       1       0                               0D   1582
     144    2540       0       0       0                        00000000D   1583
     144       0      -1       1       0                               0D   1584
     110    2541       0       0       0                        01010000D   1585
     110       0       0       1       0                               0D   1586
     110    2542       0       0       0                        01010000D   1587
     110       0       0       1       0                               0D   1588
     120    2543       0       0       0                        01010000D   1589
     120       0       0       1       0                               0D   1590
     126    2544       0       0       0                        01010500D   1591
     126       0       0       2       0                               0D   1592
     110    2546       0       0       0                        01010000D   1593
     110       0       0       1       0                               0D   1594
     126    2547       0       0       0                        01010500D   1595
     126       0       0       2       0                               0D   1596
     124    2549       0       0       0                        00000000D   1597
     124       0       0       4       0                               0D   1598
     100    2553       0       0       0            1597        01010000D   1599
     100       0       0       1       0                               0D   1600
     126    2554       0       0       0                        01010500D   1601
     126       0       0       2       0                               0D   1602
     110    2556       0       0       0                        01010000D   1603
     110       0       0       1       0                               0D   1604
     126    2557       0       0       0                        01010500D   1605
     126       0       0       2       0                               0D   1606
     124    2559       0       0       0                        00000000D   1607
     124       0       0       3       0                               0D   1608
     100    2562       0       0       0            1607        01010000D   1609
     100       0       0       1       0                               0D   1610
     102    2563       0       0       0                        01010500D   1611
     102       0       0       1       0                               0D   1612
     102    2564       0       0       0                        01010000D   1613
     102       0       0       1       0                               0D   1614
     142    2565       0       0       0                        00010500D   1615
     142       0       0       1       0                               0D   1616
     144    2566       0       0       0                        00000000D   1617
     144       0      -1       1       0                               0D   1618
     128    2567       0       0       0                        01010000D   1619
     128       0       0      18       0                               0D   1620
     126    2585       0       0       0                        01010500D   1621
     126       0       0       2       0                               0D   1622
     124    2587       0       0       0                        00000000D   1623
     124       0       0       3       0                               0D   1624
     100    2590       0       0       0            1623        01010000D   1625
     100       0       0       1       0                               0D   1626
     126    2591       0       0       0                        01010500D   1627
     126       0       0       2       0                               0D   1628
     124    2593       0       0       0                        00000000D   1629
     124       0       0       4       0                               0D   1630
     100    2597       0       0       0            1629        01010000D   1631
     100       0       0       1       0                               0D   1632
     126    2598       0       0       0                        01010500D   1633
     126       0       0       2       0                               0D   1634
     124    2600       0       0       0                        00000000D   1635
     124       0       0       2       0                               0D   1636
     100    2602       0       0       0            1635        01010000D   1637
     100       0       0       1       0                               0D   1638
     126    2603       0       0       0                        01010500D   1639
     126       0       0       2       0                               0D   1640
     126    2605       0       0       0                        01010000D   1641
     126       0       0       4       0                               0D   1642
     102    2609       0       0       0                        01010500D   1643
     102       0       0       1       0                               0D   1644
     102    2610       0       0       0                        01010000D   1645
     102       0       0       1       0                               0D   1646
     142    2611       0       0       0                        00010500D   1647
     142       0       0       1       0                               0D   1648
     144    2612       0       0       0                        00000000D   1649
     144       0      -1       1       0                               0D   1650
     110    2613       0       0       0                        01010000D   1651
     110       0       0       1       0                               0D   1652
     110    2614       0       0       0                        01010000D   1653
     110       0       0       1       0                               0D   1654
     120    2615       0       0       0                        01010000D   1655
     120       0       0       1       0                               0D   1656
     126    2616       0       0       0                        01010500D   1657
     126       0       0       2       0                               0D   1658
     110    2618       0       0       0                        01010000D   1659
     110       0       0       1       0                               0D   1660
     126    2619       0       0       0                        01010500D   1661
     126       0       0       2       0                               0D   1662
     124    2621       0       0       0                        00000000D   1663
     124       0       0       3       0                               0D   1664
     100    2624       0       0       0            1663        01010000D   1665
     100       0       0       1       0                               0D   1666
     126    2625       0       0       0                        01010500D   1667
     126       0       0       2       0                               0D   1668
     110    2627       0       0       0                        01010000D   1669
     110       0       0       1       0                               0D   1670
     126    2628       0       0       0                        01010500D   1671
     126       0       0       2       0                               0D   1672
     124    2630       0       0       0                        00000000D   1673
     124       0       0       4       0                               0D   1674
     100    2634       0       0       0            1673        01010000D   1675
     100       0       0       1       0                               0D   1676
     102    2635       0       0       0                        01010500D   1677
     102       0       0       1       0                               0D   1678
     102    2636       0       0       0                        01010000D   1679
     102       0       0       1       0                               0D   1680
     142    2637       0       0       0                        00010500D   1681
     142       0       0       1       0                               0D   1682
     144    2638       0       0       0                        00000000D   1683
     144       0      -1       1       0                               0D   1684
     128    2639       0       0       0                        01010000D   1685
     128       0       0      18       0                               0D   1686
     126    2657       0       0       0                        01010500D   1687
     126       0       0       2       0                               0D   1688
     124    2659       0       0       0                        00000000D   1689
     124       0       0       4       0                               0D   1690
     100    2663       0       0       0            1689        01010000D   1691
     100       0       0       1       0                               0D   1692
     126    2664       0       0       0                        01010500D   1693
     126       0       0       2       0                               0D   1694
     126    2666       0       0       0                        01010000D   1695
     126       0       0       4       0                               0D   1696
     126    2670       0       0       0                        01010500D   1697
     126       0       0       2       0                               0D   1698
     124    2672       0       0       0                        00000000D   1699
     124       0       0       3       0                               0D   1700
     100    2675       0       0       0            1699        01010000D   1701
     100       0       0       1       0                               0D   1702
     126    2676       0       0       0                        01010500D   1703
     126       0       0       2       0                               0D   1704
     124    2678       0       0       0                        00000000D   1705
     124       0       0       4       0                               0D   1706
     100    2682       0       0       0            1705        01010000D   1707
     100       0       0       1       0                               0D   1708
     102    2683       0       0       0                        01010500D   1709
     102       0       0       1       0                               0D   1710
     102    2684       0       0       0                        01010000D   1711
     102       0       0       1       0                               0D   1712
     142    2685       0       0       0                        00010500D   1713
     142       0       0       1       0                               0D   1714
     144    2686       0       0       0                        00000000D   1715
     144       0      -1       1       0                               0D   1716
     110    2687       0       0       0                        01010000D   1717
     110       0       0       1       0                               0D   1718
     110    2688       0       0       0                        01010000D   1719
     110       0       0       1       0                               0D   1720
     120    2689       0       0       0                        01010000D   1721
     120       0       0       1       0                               0D   1722
     126    2690       0       0       0                        01010500D   1723
     126       0       0       2       0                               0D   1724
     110    2692       0       0       0                        01010000D   1725
     110       0       0       1       0                               0D   1726
     126    2693       0       0       0                        01010500D   1727
     126       0       0       2       0                               0D   1728
     124    2695       0       0       0                        00000000D   1729
     124       0       0       3       0                               0D   1730
     100    2698       0       0       0            1729        01010000D   1731
     100       0       0       1       0                               0D   1732
     126    2699       0       0       0                        01010500D   1733
     126       0       0       2       0                               0D   1734
     110    2701       0       0       0                        01010000D   1735
     110       0       0       1       0                               0D   1736
     126    2702       0       0       0                        01010500D   1737
     126       0       0       2       0                               0D   1738
     124    2704       0       0       0                        00000000D   1739
     124       0       0       3       0                               0D   1740
     100    2707       0       0       0            1739        01010000D   1741
     100       0       0       1       0                               0D   1742
     102    2708       0       0       0                        01010500D   1743
     102       0       0       1       0                               0D   1744
     102    2709       0       0       0                        01010000D   1745
     102       0       0       1       0                               0D   1746
     142    2710       0       0       0                        00010500D   1747
     142       0       0       1       0                               0D   1748
     144    2711       0       0       0                        00000000D   1749
     144       0      -1       1       0                               0D   1750
     128    2712       0       0       0                        01010000D   1751
     128       0       0       2       0                               0D   1752
     126    2714       0       0       0                        01010500D   1753
     126       0       0       2       0                               0D   1754
     110    2716       0       0       0                        01010000D   1755
     110       0       0       1       0                               0D   1756
     126    2717       0       0       0                        01010500D   1757
     126       0       0       2       0                               0D   1758
     110    2719       0       0       0                        01010000D   1759
     110       0       0       1       0                               0D   1760
     126    2720       0       0       0                        01010500D   1761
     126       0       0       2       0                               0D   1762
     110    2722       0       0       0                        01010000D   1763
     110       0       0       1       0                               0D   1764
     126    2723       0       0       0                        01010500D   1765
     126       0       0       2       0                               0D   1766
     110    2725       0       0       0                        01010000D   1767
     110       0       0       1       0                               0D   1768
     102    2726       0       0       0                        01010500D   1769
     102       0       0       1       0                               0D   1770
     102    2727       0       0       0                        01010000D   1771
     102       0       0       1       0                               0D   1772
     142    2728       0       0       0                        00010500D   1773
     142       0       0       1       0                               0D   1774
     126    2729       0       0       0                        01010500D   1775
     126       0       0      22       0                               0D   1776
     124    2751       0       0       0                        00000000D   1777
     124       0       0       3       0                               0D   1778
     100    2754       0       0       0            1777        01010000D   1779
     100       0       0       1       0                               0D   1780
     126    2755       0       0       0                        01010500D   1781
     126       0       0      22       0                               0D   1782
     124    2777       0       0       0                        00000000D   1783
     124       0       0       3       0                               0D   1784
     100    2780       0       0       0            1783        01010000D   1785
     100       0       0       1       0                               0D   1786
     102    2781       0       0       0                        01010500D   1787
     102       0       0       1       0                               0D   1788
     102    2782       0       0       0                        01010000D   1789
     102       0       0       1       0                               0D   1790
     142    2783       0       0       0                        00010500D   1791
     142       0       0       1       0                               0D   1792
     126    2784       0       0       0                        01010500D   1793
     126       0       0      22       0                               0D   1794
     124    2806       0       0       0                        00000000D   1795
     124       0       0       3       0                               0D   1796
     100    2809       0       0       0            1795        01010000D   1797
     100       0       0       1       0                               0D   1798
     126    2810       0       0       0                        01010500D   1799
     126       0       0      22       0                               0D   1800
     124    2832       0       0       0                        00000000D   1801
     124       0       0       3       0                               0D   1802
     100    2835       0       0       0            1801        01010000D   1803
     100       0       0       1       0                               0D   1804
     102    2836       0       0       0                        01010500D   1805
     102       0       0       1       0                               0D   1806
     102    2837       0       0       0                        01010000D   1807
     102       0       0       1       0                               0D   1808
     142    2838       0       0       0                        00010500D   1809
     142       0       0       1       0                               0D   1810
     126    2839       0       0       0                        01010500D   1811
     126       0       0      22       0                               0D   1812
     124    2861       0       0       0                        00000000D   1813
     124       0       0       3       0                               0D   1814
     100    2864       0       0       0            1813        01010000D   1815
     100       0       0       1       0                               0D   1816
     126    2865       0       0       0                        01010500D   1817
     126       0       0      22       0                               0D   1818
     124    2887       0       0       0                        00000000D   1819
     124       0       0       3       0                               0D   1820
     100    2890       0       0       0            1819        01010000D   1821
     100       0       0       1       0                               0D   1822
     102    2891       0       0       0                        01010500D   1823
     102       0       0       1       0                               0D   1824
     102    2892       0       0       0                        01010000D   1825
     102       0       0       1       0                               0D   1826
     142    2893       0       0       0                        00010500D   1827
     142       0       0       1       0                               0D   1828
     126    2894       0       0       0                        01010500D   1829
     126       0       0      21       0                               0D   1830
     124    2915       0       0       0                        00000000D   1831
     124       0       0       3       0                               0D   1832
     100    2918       0       0       0            1831        01010000D   1833
     100       0       0       1       0                               0D   1834
     126    2919       0       0       0                        01010500D   1835
     126       0       0      21       0                               0D   1836
     124    2940       0       0       0                        00000000D   1837
     124       0       0       3       0                               0D   1838
     100    2943       0       0       0            1837        01010000D   1839
     100       0       0       1       0                               0D   1840
     102    2944       0       0       0                        01010500D   1841
     102       0       0       1       0                               0D   1842
     102    2945       0       0       0                        01010000D   1843
     102       0       0       1       0                               0D   1844
     142    2946       0       0       0                        00010500D   1845
     142       0       0       1       0                               0D   1846
     126    2947       0       0       0                        01010500D   1847
     126       0       0      21       0                               0D   1848
     124    2968       0       0       0                        00000000D   1849
     124       0       0       3       0                               0D   1850
     100    2971       0       0       0            1849        01010000D   1851
     100       0       0       1       0                               0D   1852
     126    2972       0       0       0                        01010500D   1853
     126       0       0      21       0                               0D   1854
     124    2993       0       0       0                        00000000D   1855
     124       0       0       3       0                               0D   1856
     100    2996       0       0       0            1855        01010000D   1857
     100       0       0       1       0                               0D   1858
     102    2997       0       0       0                        01010500D   1859
     102       0       0       1       0                               0D   1860
     102    2998       0       0       0                        01010000D   1861
     102       0       0       1       0                               0D   1862
     142    2999       0       0       0                        00010500D   1863
     142       0       0       1       0                               0D   1864
     126    3000       0       0       0                        01010500D   1865
     126       0       0      22       0                               0D   1866
     124    3022       0       0       0                        00000000D   1867
     124       0       0       3       0                               0D   1868
     100    3025       0       0       0            1867        01010000D   1869
     100       0       0       1       0                               0D   1870
     126    3026       0       0       0                        01010500D   1871
     126       0       0      22       0                               0D   1872
     124    3048       0       0       0                        00000000D   1873
     124       0       0       3       0                               0D   1874
     100    3051       0       0       0            1873        01010000D   1875
     100       0       0       1       0                               0D   1876
     102    3052       0       0       0                        01010500D   1877
     102       0       0       1       0                               0D   1878
     102    3053       0       0       0                        01010000D   1879
     102       0       0       1       0                               0D   1880
     142    3054       0       0       0                        00010500D   1881
     142       0       0       1       0                               0D   1882
     126    3055       0       0       0                        01010500D   1883
     126       0       0      22       0                               0D   1884
     124    3077       0       0       0                        00000000D   1885
     124       0       0       3       0                               0D   1886
     100    3080       0       0       0            1885        01010000D   1887
     100       0       0       1       0                               0D   1888
     126    3081       0       0       0                        01010500D   1889
     126       0       0      22       0                               0D   1890
     124    3103       0       0       0                        00000000D   1891
     124       0       0       3       0                               0D   1892
     100    3106       0       0       0            1891        01010000D   1893
     100       0       0       1       0                               0D   1894
     102    3107       0       0       0                        01010500D   1895
     102       0       0       1       0                               0D   1896
     102    3108       0       0       0                        01010000D   1897
     102       0       0       1       0                               0D   1898
     142    3109       0       0       0                        00010500D   1899
     142       0       0       1       0                               0D   1900
     144    3110       0       0       0                        00000000D   1901
     144       0      -1       1       0                               0D   1902
     128    3111       0       0       0                        01010000D   1903
     128       0       0       3       0                               0D   1904
     126    3114       0       0       0                        01010500D   1905
     126       0       0      11       0                               0D   1906
     124    3125       0       0       0                        00000000D   1907
     124       0       0       4       0                               0D   1908
     100    3129       0       0       0            1907        01010000D   1909
     100       0       0       1       0                               0D   1910
     126    3130       0       0       0                        01010500D   1911
     126       0       0       2       0                               0D   1912
     110    3132       0       0       0                        01010000D   1913
     110       0       0       1       0                               0D   1914
     126    3133       0       0       0                        01010500D   1915
     126       0       0       2       0                               0D   1916
     110    3135       0       0       0                        01010000D   1917
     110       0       0       1       0                               0D   1918
     126    3136       0       0       0                        01010500D   1919
     126       0       0       2       0                               0D   1920
     110    3138       0       0       0                        01010000D   1921
     110       0       0       1       0                               0D   1922
     126    3139       0       0       0                        01010500D   1923
     126       0       0       9       0                               0D   1924
     126    3148       0       0       0                        01010000D   1925
     126       0       0       7       0                               0D   1926
     126    3155       0       0       0                        01010500D   1927
     126       0       0       2       0                               0D   1928
     110    3157       0       0       0                        01010000D   1929
     110       0       0       1       0                               0D   1930
     126    3158       0       0       0                        01010500D   1931
     126       0       0       9       0                               0D   1932
     126    3167       0       0       0                        01010000D   1933
     126       0       0       7       0                               0D   1934
     126    3174       0       0       0                        01010500D   1935
     126       0       0       2       0                               0D   1936
     110    3176       0       0       0                        01010000D   1937
     110       0       0       1       0                               0D   1938
     126    3177       0       0       0                        01010500D   1939
     126       0       0       2       0                               0D   1940
     110    3179       0       0       0                        01010000D   1941
     110       0       0       1       0                               0D   1942
     126    3180       0       0       0                        01010500D   1943
     126       0       0       2       0                               0D   1944
     110    3182       0       0       0                        01010000D   1945
     110       0       0       1       0                               0D   1946
     126    3183       0       0       0                        01010500D   1947
     126       0       0      11       0                               0D   1948
     124    3194       0       0       0                        00000000D   1949
     124       0       0       4       0                               0D   1950
     100    3198       0       0       0            1949        01010000D   1951
     100       0       0       1       0                               0D   1952
     126    3199       0       0       0                        01010500D   1953
     126       0       0       2       0                               0D   1954
     110    3201       0       0       0                        01010000D   1955
     110       0       0       1       0                               0D   1956
     102    3202       0       0       0                        01010500D   1957
     102       0       0       2       0                               0D   1958
     102    3204       0       0       0                        01010000D   1959
     102       0       0       2       0                               0D   1960
     142    3206       0       0       0                        00010500D   1961
     142       0       0       1       0                               0D   1962
     144    3207       0       0       0                        00000000D   1963
     144       0      -1       1       0                               0D   1964
     128    3208       0       0       0                        01010000D   1965
     128       0       0       3       0                               0D   1966
     126    3211       0       0       0                        01010500D   1967
     126       0       0       2       0                               0D   1968
     110    3213       0       0       0                        01010000D   1969
     110       0       0       1       0                               0D   1970
     126    3214       0       0       0                        01010500D   1971
     126       0       0       9       0                               0D   1972
     126    3223       0       0       0                        01010000D   1973
     126       0       0       4       0                               0D   1974
     126    3227       0       0       0                        01010500D   1975
     126       0       0       2       0                               0D   1976
     110    3229       0       0       0                        01010000D   1977
     110       0       0       1       0                               0D   1978
     126    3230       0       0       0                        01010500D   1979
     126       0       0       9       0                               0D   1980
     126    3239       0       0       0                        01010000D   1981
     126       0       0       4       0                               0D   1982
     126    3243       0       0       0                        01010500D   1983
     126       0       0       2       0                               0D   1984
     110    3245       0       0       0                        01010000D   1985
     110       0       0       1       0                               0D   1986
     126    3246       0       0       0                        01010500D   1987
     126       0       0       2       0                               0D   1988
     110    3248       0       0       0                        01010000D   1989
     110       0       0       1       0                               0D   1990
     126    3249       0       0       0                        01010500D   1991
     126       0       0       2       0                               0D   1992
     110    3251       0       0       0                        01010000D   1993
     110       0       0       1       0                               0D   1994
     126    3252       0       0       0                        01010500D   1995
     126       0       0      11       0                               0D   1996
     124    3263       0       0       0                        00000000D   1997
     124       0       0       4       0                               0D   1998
     100    3267       0       0       0            1997        01010000D   1999
     100       0       0       1       0                               0D   2000
     126    3268       0       0       0                        01010500D   2001
     126       0       0       2       0                               0D   2002
     110    3270       0       0       0                        01010000D   2003
     110       0       0       1       0                               0D   2004
     126    3271       0       0       0                        01010500D   2005
     126       0       0      11       0                               0D   2006
     124    3282       0       0       0                        00000000D   2007
     124       0       0       4       0                               0D   2008
     100    3286       0       0       0            2007        01010000D   2009
     100       0       0       1       0                               0D   2010
     126    3287       0       0       0                        01010500D   2011
     126       0       0       2       0                               0D   2012
     110    3289       0       0       0                        01010000D   2013
     110       0       0       1       0                               0D   2014
     126    3290       0       0       0                        01010500D   2015
     126       0       0       2       0                               0D   2016
     110    3292       0       0       0                        01010000D   2017
     110       0       0       1       0                               0D   2018
     102    3293       0       0       0                        01010500D   2019
     102       0       0       2       0                               0D   2020
     102    3295       0       0       0                        01010000D   2021
     102       0       0       2       0                               0D   2022
     142    3297       0       0       0                        00010500D   2023
     142       0       0       1       0                               0D   2024
     144    3298       0       0       0                        00000000D   2025
     144       0      -1       1       0                               0D   2026
     110    3299       0       0       0                        01010000D   2027
     110       0       0       1       0                               0D   2028
     110    3300       0       0       0                        01010000D   2029
     110       0       0       1       0                               0D   2030
     120    3301       0       0       0                        01010000D   2031
     120       0       0       1       0                               0D   2032
     126    3302       0       0       0                        01010500D   2033
     126       0       0       2       0                               0D   2034
     100    3304       0       0       0                        01010000D   2035
     100       0       0       1       0                               0D   2036
     126    3305       0       0       0                        01010500D   2037
     126       0       0       2       0                               0D   2038
     110    3307       0       0       0                        01010000D   2039
     110       0       0       1       0                               0D   2040
     126    3308       0       0       0                        01010500D   2041
     126       0       0       2       0                               0D   2042
     124    3310       0       0       0                        00000000D   2043
     124       0       0       4       0                               0D   2044
     100    3314       0       0       0            2043        01010000D   2045
     100       0       0       1       0                               0D   2046
     126    3315       0       0       0                        01010500D   2047
     126       0       0       2       0                               0D   2048
     110    3317       0       0       0                        01010000D   2049
     110       0       0       1       0                               0D   2050
     102    3318       0       0       0                        01010500D   2051
     102       0       0       1       0                               0D   2052
     102    3319       0       0       0                        01010000D   2053
     102       0       0       1       0                               0D   2054
     142    3320       0       0       0                        00010500D   2055
     142       0       0       1       0                               0D   2056
     144    3321       0       0       0                        00000000D   2057
     144       0      -1       1       0                               0D   2058
     110    3322       0       0       0                        01010000D   2059
     110       0       0       1       0                               0D   2060
     110    3323       0       0       0                        01010000D   2061
     110       0       0       1       0                               0D   2062
     120    3324       0       0       0                        01010000D   2063
     120       0       0       1       0                               0D   2064
     126    3325       0       0       0                        01010500D   2065
     126       0       0       2       0                               0D   2066
     110    3327       0       0       0                        01010000D   2067
     110       0       0       1       0                               0D   2068
     126    3328       0       0       0                        01010500D   2069
     126       0       0       2       0                               0D   2070
     124    3330       0       0       0                        00000000D   2071
     124       0       0       3       0                               0D   2072
     100    3333       0       0       0            2071        01010000D   2073
     100       0       0       1       0                               0D   2074
     126    3334       0       0       0                        01010500D   2075
     126       0       0       2       0                               0D   2076
     110    3336       0       0       0                        01010000D   2077
     110       0       0       1       0                               0D   2078
     126    3337       0       0       0                        01010500D   2079
     126       0       0       2       0                               0D   2080
     124    3339       0       0       0                        00000000D   2081
     124       0       0       2       0                               0D   2082
     100    3341       0       0       0            2081        01010000D   2083
     100       0       0       1       0                               0D   2084
     102    3342       0       0       0                        01010500D   2085
     102       0       0       1       0                               0D   2086
     102    3343       0       0       0                        01010000D   2087
     102       0       0       1       0                               0D   2088
     142    3344       0       0       0                        00010500D   2089
     142       0       0       1       0                               0D   2090
     144    3345       0       0       0                        00000000D   2091
     144       0      -1       1       0                               0D   2092
     128    3346       0       0       0                        01010000D   2093
     128       0       0      19       0                               0D   2094
     126    3365       0       0       0                        01010500D   2095
     126       0       0       2       0                               0D   2096
     124    3367       0       0       0                        00000000D   2097
     124       0       0       3       0                               0D   2098
     100    3370       0       0       0            2097        01010000D   2099
     100       0       0       1       0                               0D   2100
     126    3371       0       0       0                        01010500D   2101
     126       0       0       2       0                               0D   2102
     126    3373       0       0       0                        01010000D   2103
     126       0       0      24       0                               0D   2104
     126    3397       0       0       0                        01010500D   2105
     126       0       0       2       0                               0D   2106
     126    3399       0       0       0                        01010000D   2107
     126       0       0       7       0                               0D   2108
     126    3406       0       0       0                        01010500D   2109
     126       0       0       2       0                               0D   2110
     124    3408       0       0       0                        00000000D   2111
     124       0       0       4       0                               0D   2112
     100    3412       0       0       0            2111        01010000D   2113
     100       0       0       1       0                               0D   2114
     102    3413       0       0       0                        01010500D   2115
     102       0       0       1       0                               0D   2116
     102    3414       0       0       0                        01010000D   2117
     102       0       0       1       0                               0D   2118
     142    3415       0       0       0                        00010500D   2119
     142       0       0       1       0                               0D   2120
     144    3416       0       0       0                        00000000D   2121
     144       0      -1       1       0                               0D   2122
     110    3417       0       0       0                        01010000D   2123
     110       0       0       1       0                               0D   2124
     110    3418       0       0       0                        01010000D   2125
     110       0       0       1       0                               0D   2126
     120    3419       0       0       0                        01010000D   2127
     120       0       0       1       0                               0D   2128
     126    3420       0       0       0                        01010500D   2129
     126       0       0       2       0                               0D   2130
     110    3422       0       0       0                        01010000D   2131
     110       0       0       1       0                               0D   2132
     126    3423       0       0       0                        01010500D   2133
     126       0       0       2       0                               0D   2134
     124    3425       0       0       0                        00000000D   2135
     124       0       0       4       0                               0D   2136
     100    3429       0       0       0            2135        01010000D   2137
     100       0       0       1       0                               0D   2138
     126    3430       0       0       0                        01010500D   2139
     126       0       0       2       0                               0D   2140
     110    3432       0       0       0                        01010000D   2141
     110       0       0       1       0                               0D   2142
     126    3433       0       0       0                        01010500D   2143
     126       0       0       2       0                               0D   2144
     124    3435       0       0       0                        00000000D   2145
     124       0       0       2       0                               0D   2146
     100    3437       0       0       0            2145        01010000D   2147
     100       0       0       1       0                               0D   2148
     102    3438       0       0       0                        01010500D   2149
     102       0       0       1       0                               0D   2150
     102    3439       0       0       0                        01010000D   2151
     102       0       0       1       0                               0D   2152
     142    3440       0       0       0                        00010500D   2153
     142       0       0       1       0                               0D   2154
     144    3441       0       0       0                        00000000D   2155
     144       0      -1       1       0                               0D   2156
     110    3442       0       0       0                        01010000D   2157
     110       0       0       1       0                               0D   2158
     110    3443       0       0       0                        01010000D   2159
     110       0       0       1       0                               0D   2160
     120    3444       0       0       0                        01010000D   2161
     120       0       0       1       0                               0D   2162
     126    3445       0       0       0                        01010500D   2163
     126       0       0       2       0                               0D   2164
     110    3447       0       0       0                        01010000D   2165
     110       0       0       1       0                               0D   2166
     126    3448       0       0       0                        01010500D   2167
     126       0       0       2       0                               0D   2168
     124    3450       0       0       0                        00000000D   2169
     124       0       0       2       0                               0D   2170
     100    3452       0       0       0            2169        01010000D   2171
     100       0       0       1       0                               0D   2172
     126    3453       0       0       0                        01010500D   2173
     126       0       0       2       0                               0D   2174
     110    3455       0       0       0                        01010000D   2175
     110       0       0       1       0                               0D   2176
     126    3456       0       0       0                        01010500D   2177
     126       0       0       2       0                               0D   2178
     124    3458       0       0       0                        00000000D   2179
     124       0       0       2       0                               0D   2180
     100    3460       0       0       0            2179        01010000D   2181
     100       0       0       1       0                               0D   2182
     126    3461       0       0       0                        01010500D   2183
     126       0       0       2       0                               0D   2184
     124    3463       0       0       0                        00000000D   2185
     124       0       0       4       0                               0D   2186
     100    3467       0       0       0            2185        01010000D   2187
     100       0       0       1       0                               0D   2188
     102    3468       0       0       0                        01010500D   2189
     102       0       0       1       0                               0D   2190
     102    3469       0       0       0                        01010000D   2191
     102       0       0       1       0                               0D   2192
     142    3470       0       0       0                        00010500D   2193
     142       0       0       1       0                               0D   2194
     144    3471       0       0       0                        00000000D   2195
     144       0      -1       1       0                               0D   2196
     128    3472       0       0       0                        01010000D   2197
     128       0       0       3       0                               0D   2198
     126    3475       0       0       0                        01010500D   2199
     126       0       0      11       0                               0D   2200
     126    3486       0       0       0                        01010000D   2201
     126       0       0      24       0                               0D   2202
     126    3510       0       0       0                        01010500D   2203
     126       0       0       2       0                               0D   2204
     110    3512       0       0       0                        01010000D   2205
     110       0       0       1       0                               0D   2206
     126    3513       0       0       0                        01010500D   2207
     126       0       0       2       0                               0D   2208
     110    3515       0       0       0                        01010000D   2209
     110       0       0       1       0                               0D   2210
     126    3516       0       0       0                        01010500D   2211
     126       0       0       2       0                               0D   2212
     110    3518       0       0       0                        01010000D   2213
     110       0       0       1       0                               0D   2214
     126    3519       0       0       0                        01010500D   2215
     126       0       0      11       0                               0D   2216
     126    3530       0       0       0                        01010000D   2217
     126       0       0       4       0                               0D   2218
     102    3534       0       0       0                        01010500D   2219
     102       0       0       1       0                               0D   2220
     102    3535       0       0       0                        01010000D   2221
     102       0       0       1       0                               0D   2222
     142    3536       0       0       0                        00010500D   2223
     142       0       0       1       0                               0D   2224
     126    3537       0       0       0                        01010500D   2225
     126       0       0      22       0                               0D   2226
     124    3559       0       0       0                        00000000D   2227
     124       0       0       3       0                               0D   2228
     100    3562       0       0       0            2227        01010000D   2229
     100       0       0       1       0                               0D   2230
     126    3563       0       0       0                        01010500D   2231
     126       0       0      22       0                               0D   2232
     124    3585       0       0       0                        00000000D   2233
     124       0       0       2       0                               0D   2234
     100    3587       0       0       0            2233        01010000D   2235
     100       0       0       1       0                               0D   2236
     102    3588       0       0       0                        01010500D   2237
     102       0       0       1       0                               0D   2238
     102    3589       0       0       0                        01010000D   2239
     102       0       0       1       0                               0D   2240
     142    3590       0       0       0                        00010500D   2241
     142       0       0       1       0                               0D   2242
     126    3591       0       0       0                        01010500D   2243
     126       0       0      22       0                               0D   2244
     124    3613       0       0       0                        00000000D   2245
     124       0       0       3       0                               0D   2246
     100    3616       0       0       0            2245        01010000D   2247
     100       0       0       1       0                               0D   2248
     126    3617       0       0       0                        01010500D   2249
     126       0       0      22       0                               0D   2250
     124    3639       0       0       0                        00000000D   2251
     124       0       0       2       0                               0D   2252
     100    3641       0       0       0            2251        01010000D   2253
     100       0       0       1       0                               0D   2254
     102    3642       0       0       0                        01010500D   2255
     102       0       0       1       0                               0D   2256
     102    3643       0       0       0                        01010000D   2257
     102       0       0       1       0                               0D   2258
     142    3644       0       0       0                        00010500D   2259
     142       0       0       1       0                               0D   2260
     126    3645       0       0       0                        01010500D   2261
     126       0       0      22       0                               0D   2262
     124    3667       0       0       0                        00000000D   2263
     124       0       0       3       0                               0D   2264
     100    3670       0       0       0            2263        01010000D   2265
     100       0       0       1       0                               0D   2266
     126    3671       0       0       0                        01010500D   2267
     126       0       0      22       0                               0D   2268
     124    3693       0       0       0                        00000000D   2269
     124       0       0       2       0                               0D   2270
     100    3695       0       0       0            2269        01010000D   2271
     100       0       0       1       0                               0D   2272
     102    3696       0       0       0                        01010500D   2273
     102       0       0       1       0                               0D   2274
     102    3697       0       0       0                        01010000D   2275
     102       0       0       1       0                               0D   2276
     142    3698       0       0       0                        00010500D   2277
     142       0       0       1       0                               0D   2278
     126    3699       0       0       0                        01010500D   2279
     126       0       0      22       0                               0D   2280
     124    3721       0       0       0                        00000000D   2281
     124       0       0       3       0                               0D   2282
     100    3724       0       0       0            2281        01010000D   2283
     100       0       0       1       0                               0D   2284
     126    3725       0       0       0                        01010500D   2285
     126       0       0      22       0                               0D   2286
     124    3747       0       0       0                        00000000D   2287
     124       0       0       2       0                               0D   2288
     100    3749       0       0       0            2287        01010000D   2289
     100       0       0       1       0                               0D   2290
     102    3750       0       0       0                        01010500D   2291
     102       0       0       1       0                               0D   2292
     102    3751       0       0       0                        01010000D   2293
     102       0       0       1       0                               0D   2294
     142    3752       0       0       0                        00010500D   2295
     142       0       0       1       0                               0D   2296
     126    3753       0       0       0                        01010500D   2297
     126       0       0      22       0                               0D   2298
     124    3775       0       0       0                        00000000D   2299
     124       0       0       3       0                               0D   2300
     100    3778       0       0       0            2299        01010000D   2301
     100       0       0       1       0                               0D   2302
     126    3779       0       0       0                        01010500D   2303
     126       0       0      22       0                               0D   2304
     124    3801       0       0       0                        00000000D   2305
     124       0       0       2       0                               0D   2306
     100    3803       0       0       0            2305        01010000D   2307
     100       0       0       1       0                               0D   2308
     102    3804       0       0       0                        01010500D   2309
     102       0       0       1       0                               0D   2310
     102    3805       0       0       0                        01010000D   2311
     102       0       0       1       0                               0D   2312
     142    3806       0       0       0                        00010500D   2313
     142       0       0       1       0                               0D   2314
     126    3807       0       0       0                        01010500D   2315
     126       0       0      22       0                               0D   2316
     124    3829       0       0       0                        00000000D   2317
     124       0       0       3       0                               0D   2318
     100    3832       0       0       0            2317        01010000D   2319
     100       0       0       1       0                               0D   2320
     126    3833       0       0       0                        01010500D   2321
     126       0       0      22       0                               0D   2322
     124    3855       0       0       0                        00000000D   2323
     124       0       0       2       0                               0D   2324
     100    3857       0       0       0            2323        01010000D   2325
     100       0       0       1       0                               0D   2326
     102    3858       0       0       0                        01010500D   2327
     102       0       0       1       0                               0D   2328
     102    3859       0       0       0                        01010000D   2329
     102       0       0       1       0                               0D   2330
     142    3860       0       0       0                        00010500D   2331
     142       0       0       1       0                               0D   2332
     126    3861       0       0       0                        01010500D   2333
     126       0       0      22       0                               0D   2334
     124    3883       0       0       0                        00000000D   2335
     124       0       0       3       0                               0D   2336
     100    3886       0       0       0            2335        01010000D   2337
     100       0       0       1       0                               0D   2338
     126    3887       0       0       0                        01010500D   2339
     126       0       0      22       0                               0D   2340
     124    3909       0       0       0                        00000000D   2341
     124       0       0       2       0                               0D   2342
     100    3911       0       0       0            2341        01010000D   2343
     100       0       0       1       0                               0D   2344
     102    3912       0       0       0                        01010500D   2345
     102       0       0       1       0                               0D   2346
     102    3913       0       0       0                        01010000D   2347
     102       0       0       1       0                               0D   2348
     142    3914       0       0       0                        00010500D   2349
     142       0       0       1       0                               0D   2350
     144    3915       0       0       0                        00000000D   2351
     144       0      -1       1       0                               0D   2352
     128    3916       0       0       0                        01010000D   2353
     128       0       0      18       0                               0D   2354
     126    3934       0       0       0                        01010500D   2355
     126       0       0       2       0                               0D   2356
     126    3936       0       0       0                        01010000D   2357
     126       0       0       4       0                               0D   2358
     126    3940       0       0       0                        01010500D   2359
     126       0       0       2       0                               0D   2360
     124    3942       0       0       0                        00000000D   2361
     124       0       0       2       0                               0D   2362
     100    3944       0       0       0            2361        01010000D   2363
     100       0       0       1       0                               0D   2364
     126    3945       0       0       0                        01010500D   2365
     126       0       0       2       0                               0D   2366
     124    3947       0       0       0                        00000000D   2367
     124       0       0       4       0                               0D   2368
     100    3951       0       0       0            2367        01010000D   2369
     100       0       0       1       0                               0D   2370
     126    3952       0       0       0                        01010500D   2371
     126       0       0       2       0                               0D   2372
     126    3954       0       0       0                        01010000D   2373
     126       0       0       7       0                               0D   2374
     102    3961       0       0       0                        01010500D   2375
     102       0       0       1       0                               0D   2376
     102    3962       0       0       0                        01010000D   2377
     102       0       0       1       0                               0D   2378
     142    3963       0       0       0                        00010500D   2379
     142       0       0       1       0                               0D   2380
     144    3964       0       0       0                        00000000D   2381
     144       0      -1       1       0                               0D   2382
     110    3965       0       0       0                        01010000D   2383
     110       0       0       1       0                               0D   2384
     110    3966       0       0       0                        01010000D   2385
     110       0       0       1       0                               0D   2386
     120    3967       0       0       0                        01010000D   2387
     120       0       0       1       0                               0D   2388
     126    3968       0       0       0                        01010500D   2389
     126       0       0       2       0                               0D   2390
     124    3970       0       0       0                        00000000D   2391
     124       0       0       2       0                               0D   2392
     100    3972       0       0       0            2391        01010000D   2393
     100       0       0       1       0                               0D   2394
     126    3973       0       0       0                        01010500D   2395
     126       0       0       2       0                               0D   2396
     110    3975       0       0       0                        01010000D   2397
     110       0       0       1       0                               0D   2398
     126    3976       0       0       0                        01010500D   2399
     126       0       0       2       0                               0D   2400
     124    3978       0       0       0                        00000000D   2401
     124       0       0       2       0                               0D   2402
     100    3980       0       0       0            2401        01010000D   2403
     100       0       0       1       0                               0D   2404
     126    3981       0       0       0                        01010500D   2405
     126       0       0       2       0                               0D   2406
     110    3983       0       0       0                        01010000D   2407
     110       0       0       1       0                               0D   2408
     102    3984       0       0       0                        01010500D   2409
     102       0       0       1       0                               0D   2410
     102    3985       0       0       0                        01010000D   2411
     102       0       0       1       0                               0D   2412
     142    3986       0       0       0                        00010500D   2413
     142       0       0       1       0                               0D   2414
     144    3987       0       0       0                        00000000D   2415
     144       0      -1       1       0                               0D   2416
     110    3988       0       0       0                        01010000D   2417
     110       0       0       1       0                               0D   2418
     110    3989       0       0       0                        01010000D   2419
     110       0       0       1       0                               0D   2420
     120    3990       0       0       0                        01010000D   2421
     120       0       0       1       0                               0D   2422
     126    3991       0       0       0                        01010500D   2423
     126       0       0       2       0                               0D   2424
     124    3993       0       0       0                        00000000D   2425
     124       0       0       2       0                               0D   2426
     100    3995       0       0       0            2425        01010000D   2427
     100       0       0       1       0                               0D   2428
     126    3996       0       0       0                        01010500D   2429
     126       0       0       2       0                               0D   2430
     110    3998       0       0       0                        01010000D   2431
     110       0       0       1       0                               0D   2432
     126    3999       0       0       0                        01010500D   2433
     126       0       0       2       0                               0D   2434
     124    4001       0       0       0                        00000000D   2435
     124       0       0       2       0                               0D   2436
     100    4003       0       0       0            2435        01010000D   2437
     100       0       0       1       0                               0D   2438
     126    4004       0       0       0                        01010500D   2439
     126       0       0       2       0                               0D   2440
     110    4006       0       0       0                        01010000D   2441
     110       0       0       1       0                               0D   2442
     102    4007       0       0       0                        01010500D   2443
     102       0       0       1       0                               0D   2444
     102    4008       0       0       0                        01010000D   2445
     102       0       0       1       0                               0D   2446
     142    4009       0       0       0                        00010500D   2447
     142       0       0       1       0                               0D   2448
     144    4010       0       0       0                        00000000D   2449
     144       0      -1       1       0                               0D   2450
     110    4011       0       0       0                        01010000D   2451
     110       0       0       1       0                               0D   2452
     110    4012       0       0       0                        01010000D   2453
     110       0       0       1       0                               0D   2454
     120    4013       0       0       0                        01010000D   2455
     120       0       0       1       0                               0D   2456
     126    4014       0       0       0                        01010500D   2457
     126       0       0       2       0                               0D   2458
     124    4016       0       0       0                        00000000D   2459
     124       0       0       2       0                               0D   2460
     100    4018       0       0       0            2459        01010000D   2461
     100       0       0       1       0                               0D   2462
     126    4019       0       0       0                        01010500D   2463
     126       0       0       2       0                               0D   2464
     110    4021       0       0       0                        01010000D   2465
     110       0       0       1       0                               0D   2466
     126    4022       0       0       0                        01010500D   2467
     126       0       0       2       0                               0D   2468
     124    4024       0       0       0                        00000000D   2469
     124       0       0       2       0                               0D   2470
     100    4026       0       0       0            2469        01010000D   2471
     100       0       0       1       0                               0D   2472
     126    4027       0       0       0                        01010500D   2473
     126       0       0       2       0                               0D   2474
     110    4029       0       0       0                        01010000D   2475
     110       0       0       1       0                               0D   2476
     102    4030       0       0       0                        01010500D   2477
     102       0       0       1       0                               0D   2478
     102    4031       0       0       0                        01010000D   2479
     102       0       0       1       0                               0D   2480
     142    4032       0       0       0                        00010500D   2481
     142       0       0       1       0                               0D   2482
     144    4033       0       0       0                        00000000D   2483
     144       0      -1       1       0                               0D   2484
     110    4034       0       0       0                        01010000D   2485
     110       0       0       1       0                               0D   2486
     110    4035       0       0       0                        01010000D   2487
     110       0       0       1       0                               0D   2488
     120    4036       0       0       0                        01010000D   2489
     120       0       0       1       0                               0D   2490
     126    4037       0       0       0                        01010500D   2491
     126       0       0       2       0                               0D   2492
     124    4039       0       0       0                        00000000D   2493
     124       0       0       2       0                               0D   2494
     100    4041       0       0       0            2493        01010000D   2495
     100       0       0       1       0                               0D   2496
     126    4042       0       0       0                        01010500D   2497
     126       0       0       2       0                               0D   2498
     110    4044       0       0       0                        01010000D   2499
     110       0       0       1       0                               0D   2500
     126    4045       0       0       0                        01010500D   2501
     126       0       0       2       0                               0D   2502
     124    4047       0       0       0                        00000000D   2503
     124       0       0       2       0                               0D   2504
     100    4049       0       0       0            2503        01010000D   2505
     100       0       0       1       0                               0D   2506
     126    4050       0       0       0                        01010500D   2507
     126       0       0       2       0                               0D   2508
     110    4052       0       0       0                        01010000D   2509
     110       0       0       1       0                               0D   2510
     102    4053       0       0       0                        01010500D   2511
     102       0       0       1       0                               0D   2512
     102    4054       0       0       0                        01010000D   2513
     102       0       0       1       0                               0D   2514
     142    4055       0       0       0                        00010500D   2515
     142       0       0       1       0                               0D   2516
     144    4056       0       0       0                        00000000D   2517
     144       0      -1       1       0                               0D   2518
     110    4057       0       0       0                        01010000D   2519
     110       0       0       1       0                               0D   2520
     110    4058       0       0       0                        01010000D   2521
     110       0       0       1       0                               0D   2522
     120    4059       0       0       0                        01010000D   2523
     120       0       0       1       0                               0D   2524
     126    4060       0       0       0                        01010500D   2525
     126       0       0       2       0                               0D   2526
     124    4062       0       0       0                        00000000D   2527
     124       0       0       2       0                               0D   2528
     100    4064       0       0       0            2527        01010000D   2529
     100       0       0       1       0                               0D   2530
     126    4065       0       0       0                        01010500D   2531
     126       0       0       2       0                               0D   2532
     110    4067       0       0       0                        01010000D   2533
     110       0       0       1       0                               0D   2534
     126    4068       0       0       0                        01010500D   2535
     126       0       0       2       0                               0D   2536
     124    4070       0       0       0                        00000000D   2537
     124       0       0       2       0                               0D   2538
     100    4072       0       0       0            2537        01010000D   2539
     100       0       0       1       0                               0D   2540
     126    4073       0       0       0                        01010500D   2541
     126       0       0       2       0                               0D   2542
     110    4075       0       0       0                        01010000D   2543
     110       0       0       1       0                               0D   2544
     102    4076       0       0       0                        01010500D   2545
     102       0       0       1       0                               0D   2546
     102    4077       0       0       0                        01010000D   2547
     102       0       0       1       0                               0D   2548
     142    4078       0       0       0                        00010500D   2549
     142       0       0       1       0                               0D   2550
     144    4079       0       0       0                        00000000D   2551
     144       0      -1       1       0                               0D   2552
     110    4080       0       0       0                        01010000D   2553
     110       0       0       1       0                               0D   2554
     110    4081       0       0       0                        01010000D   2555
     110       0       0       1       0                               0D   2556
     120    4082       0       0       0                        01010000D   2557
     120       0       0       1       0                               0D   2558
     126    4083       0       0       0                        01010500D   2559
     126       0       0       2       0                               0D   2560
     124    4085       0       0       0                        00000000D   2561
     124       0       0       2       0                               0D   2562
     100    4087       0       0       0            2561        01010000D   2563
     100       0       0       1       0                               0D   2564
     126    4088       0       0       0                        01010500D   2565
     126       0       0       2       0                               0D   2566
     110    4090       0       0       0                        01010000D   2567
     110       0       0       1       0                               0D   2568
     126    4091       0       0       0                        01010500D   2569
     126       0       0       2       0                               0D   2570
     124    4093       0       0       0                        00000000D   2571
     124       0       0       2       0                               0D   2572
     100    4095       0       0       0            2571        01010000D   2573
     100       0       0       1       0                               0D   2574
     126    4096       0       0       0                        01010500D   2575
     126       0       0       2       0                               0D   2576
     110    4098       0       0       0                        01010000D   2577
     110       0       0       1       0                               0D   2578
     102    4099       0       0       0                        01010500D   2579
     102       0       0       1       0                               0D   2580
     102    4100       0       0       0                        01010000D   2581
     102       0       0       1       0                               0D   2582
     142    4101       0       0       0                        00010500D   2583
     142       0       0       1       0                               0D   2584
     144    4102       0       0       0                        00000000D   2585
     144       0      -1       1       0                               0D   2586
     110    4103       0       0       0                        01010000D   2587
     110       0       0       1       0                               0D   2588
     110    4104       0       0       0                        01010000D   2589
     110       0       0       1       0                               0D   2590
     120    4105       0       0       0                        01010000D   2591
     120       0       0       1       0                               0D   2592
     126    4106       0       0       0                        01010500D   2593
     126       0       0       2       0                               0D   2594
     124    4108       0       0       0                        00000000D   2595
     124       0       0       2       0                               0D   2596
     100    4110       0       0       0            2595        01010000D   2597
     100       0       0       1       0                               0D   2598
     126    4111       0       0       0                        01010500D   2599
     126       0       0       2       0                               0D   2600
     110    4113       0       0       0                        01010000D   2601
     110       0       0       1       0                               0D   2602
     126    4114       0       0       0                        01010500D   2603
     126       0       0       2       0                               0D   2604
     124    4116       0       0       0                        00000000D   2605
     124       0       0       2       0                               0D   2606
     100    4118       0       0       0            2605        01010000D   2607
     100       0       0       1       0                               0D   2608
     126    4119       0       0       0                        01010500D   2609
     126       0       0       2       0                               0D   2610
     110    4121       0       0       0                        01010000D   2611
     110       0       0       1       0                               0D   2612
     102    4122       0       0       0                        01010500D   2613
     102       0       0       1       0                               0D   2614
     102    4123       0       0       0                        01010000D   2615
     102       0       0       1       0                               0D   2616
     142    4124       0       0       0                        00010500D   2617
     142       0       0       1       0                               0D   2618
     144    4125       0       0       0                        00000000D   2619
     144       0      -1       1       0                               0D   2620
     110    4126       0       0       0                        01010000D   2621
     110       0       0       1       0                               0D   2622
     110    4127       0       0       0                        01010000D   2623
     110       0       0       1       0                               0D   2624
     120    4128       0       0       0                        01010000D   2625
     120       0       0       1       0                               0D   2626
     126    4129       0       0       0                        01010500D   2627
     126       0       0       2       0                               0D   2628
     124    4131       0       0       0                        00000000D   2629
     124       0       0       3       0                               0D   2630
     100    4134       0       0       0            2629        01010000D   2631
     100       0       0       1       0                               0D   2632
     126    4135       0       0       0                        01010500D   2633
     126       0       0       2       0                               0D   2634
     110    4137       0       0       0                        01010000D   2635
     110       0       0       1       0                               0D   2636
     126    4138       0       0       0                        01010500D   2637
     126       0       0       2       0                               0D   2638
     124    4140       0       0       0                        00000000D   2639
     124       0       0       3       0                               0D   2640
     100    4143       0       0       0            2639        01010000D   2641
     100       0       0       1       0                               0D   2642
     126    4144       0       0       0                        01010500D   2643
     126       0       0       2       0                               0D   2644
     110    4146       0       0       0                        01010000D   2645
     110       0       0       1       0                               0D   2646
     102    4147       0       0       0                        01010500D   2647
     102       0       0       1       0                               0D   2648
     102    4148       0       0       0                        01010000D   2649
     102       0       0       1       0                               0D   2650
     142    4149       0       0       0                        00010500D   2651
     142       0       0       1       0                               0D   2652
     144    4150       0       0       0                        00000000D   2653
     144       0      -1       1       0                               0D   2654
     110    4151       0       0       0                        01010000D   2655
     110       0       0       1       0                               0D   2656
     110    4152       0       0       0                        01010000D   2657
     110       0       0       1       0                               0D   2658
     120    4153       0       0       0                        01010000D   2659
     120       0       0       1       0                               0D   2660
     126    4154       0       0       0                        01010500D   2661
     126       0       0       2       0                               0D   2662
     124    4156       0       0       0                        00000000D   2663
     124       0       0       3       0                               0D   2664
     100    4159       0       0       0            2663        01010000D   2665
     100       0       0       1       0                               0D   2666
     126    4160       0       0       0                        01010500D   2667
     126       0       0       2       0                               0D   2668
     110    4162       0       0       0                        01010000D   2669
     110       0       0       1       0                               0D   2670
     126    4163       0       0       0                        01010500D   2671
     126       0       0       2       0                               0D   2672
     124    4165       0       0       0                        00000000D   2673
     124       0       0       3       0                               0D   2674
     100    4168       0       0       0            2673        01010000D   2675
     100       0       0       1       0                               0D   2676
     126    4169       0       0       0                        01010500D   2677
     126       0       0       2       0                               0D   2678
     110    4171       0       0       0                        01010000D   2679
     110       0       0       1       0                               0D   2680
     102    4172       0       0       0                        01010500D   2681
     102       0       0       1       0                               0D   2682
     102    4173       0       0       0                        01010000D   2683
     102       0       0       1       0                               0D   2684
     142    4174       0       0       0                        00010500D   2685
     142       0       0       1       0                               0D   2686
     144    4175       0       0       0                        00000000D   2687
     144       0      -1       1       0                               0D   2688
     110    4176       0       0       0                        01010000D   2689
     110       0       0       1       0                               0D   2690
     110    4177       0       0       0                        01010000D   2691
     110       0       0       1       0                               0D   2692
     120    4178       0       0       0                        01010000D   2693
     120       0       0       1       0                               0D   2694
     126    4179       0       0       0                        01010500D   2695
     126       0       0       2       0                               0D   2696
     124    4181       0       0       0                        00000000D   2697
     124       0       0       3       0                               0D   2698
     100    4184       0       0       0            2697        01010000D   2699
     100       0       0       1       0                               0D   2700
     126    4185       0       0       0                        01010500D   2701
     126       0       0       2       0                               0D   2702
     110    4187       0       0       0                        01010000D   2703
     110       0       0       1       0                               0D   2704
     126    4188       0       0       0                        01010500D   2705
     126       0       0       2       0                               0D   2706
     124    4190       0       0       0                        00000000D   2707
     124       0       0       3       0                               0D   2708
     100    4193       0       0       0            2707        01010000D   2709
     100       0       0       1       0                               0D   2710
     126    4194       0       0       0                        01010500D   2711
     126       0       0       2       0                               0D   2712
     110    4196       0       0       0                        01010000D   2713
     110       0       0       1       0                               0D   2714
     102    4197       0       0       0                        01010500D   2715
     102       0       0       1       0                               0D   2716
     102    4198       0       0       0                        01010000D   2717
     102       0       0       1       0                               0D   2718
     142    4199       0       0       0                        00010500D   2719
     142       0       0       1       0                               0D   2720
     144    4200       0       0       0                        00000000D   2721
     144       0      -1       1       0                               0D   2722
     110    4201       0       0       0                        01010000D   2723
     110       0       0       1       0                               0D   2724
     110    4202       0       0       0                        01010000D   2725
     110       0       0       1       0                               0D   2726
     120    4203       0       0       0                        01010000D   2727
     120       0       0       1       0                               0D   2728
     126    4204       0       0       0                        01010500D   2729
     126       0       0       2       0                               0D   2730
     124    4206       0       0       0                        00000000D   2731
     124       0       0       3       0                               0D   2732
     100    4209       0       0       0            2731        01010000D   2733
     100       0       0       1       0                               0D   2734
     126    4210       0       0       0                        01010500D   2735
     126       0       0       2       0                               0D   2736
     110    4212       0       0       0                        01010000D   2737
     110       0       0       1       0                               0D   2738
     126    4213       0       0       0                        01010500D   2739
     126       0       0       2       0                               0D   2740
     124    4215       0       0       0                        00000000D   2741
     124       0       0       3       0                               0D   2742
     100    4218       0       0       0            2741        01010000D   2743
     100       0       0       1       0                               0D   2744
     126    4219       0       0       0                        01010500D   2745
     126       0       0       2       0                               0D   2746
     110    4221       0       0       0                        01010000D   2747
     110       0       0       1       0                               0D   2748
     102    4222       0       0       0                        01010500D   2749
     102       0       0       1       0                               0D   2750
     102    4223       0       0       0                        01010000D   2751
     102       0       0       1       0                               0D   2752
     142    4224       0       0       0                        00010500D   2753
     142       0       0       1       0                               0D   2754
     144    4225       0       0       0                        00000000D   2755
     144       0      -1       1       0                               0D   2756
     110    4226       0       0       0                        01010000D   2757
     110       0       0       1       0                               0D   2758
     110    4227       0       0       0                        01010000D   2759
     110       0       0       1       0                               0D   2760
     120    4228       0       0       0                        01010000D   2761
     120       0       0       1       0                               0D   2762
     126    4229       0       0       0                        01010500D   2763
     126       0       0       2       0                               0D   2764
     124    4231       0       0       0                        00000000D   2765
     124       0       0       3       0                               0D   2766
     100    4234       0       0       0            2765        01010000D   2767
     100       0       0       1       0                               0D   2768
     126    4235       0       0       0                        01010500D   2769
     126       0       0       2       0                               0D   2770
     110    4237       0       0       0                        01010000D   2771
     110       0       0       1       0                               0D   2772
     126    4238       0       0       0                        01010500D   2773
     126       0       0       2       0                               0D   2774
     124    4240       0       0       0                        00000000D   2775
     124       0       0       3       0                               0D   2776
     100    4243       0       0       0            2775        01010000D   2777
     100       0       0       1       0                               0D   2778
     126    4244       0       0       0                        01010500D   2779
     126       0       0       2       0                               0D   2780
     110    4246       0       0       0                        01010000D   2781
     110       0       0       1       0                               0D   2782
     102    4247       0       0       0                        01010500D   2783
     102       0       0       1       0                               0D   2784
     102    4248       0       0       0                        01010000D   2785
     102       0       0       1       0                               0D   2786
     142    4249       0       0       0                        00010500D   2787
     142       0       0       1       0                               0D   2788
     144    4250       0       0       0                        00000000D   2789
     144       0      -1       1       0                               0D   2790
     110    4251       0       0       0                        01010000D   2791
     110       0       0       1       0                               0D   2792
     110    4252       0       0       0                        01010000D   2793
     110       0       0       1       0                               0D   2794
     120    4253       0       0       0                        01010000D   2795
     120       0       0       1       0                               0D   2796
     126    4254       0       0       0                        01010500D   2797
     126       0       0       2       0                               0D   2798
     124    4256       0       0       0                        00000000D   2799
     124       0       0       3       0                               0D   2800
     100    4259       0       0       0            2799        01010000D   2801
     100       0       0       1       0                               0D   2802
     126    4260       0       0       0                        01010500D   2803
     126       0       0       2       0                               0D   2804
     110    4262       0       0       0                        01010000D   2805
     110       0       0       1       0                               0D   2806
     126    4263       0       0       0                        01010500D   2807
     126       0       0       2       0                               0D   2808
     124    4265       0       0       0                        00000000D   2809
     124       0       0       3       0                               0D   2810
     100    4268       0       0       0            2809        01010000D   2811
     100       0       0       1       0                               0D   2812
     126    4269       0       0       0                        01010500D   2813
     126       0       0       2       0                               0D   2814
     110    4271       0       0       0                        01010000D   2815
     110       0       0       1       0                               0D   2816
     102    4272       0       0       0                        01010500D   2817
     102       0       0       1       0                               0D   2818
     102    4273       0       0       0                        01010000D   2819
     102       0       0       1       0                               0D   2820
     142    4274       0       0       0                        00010500D   2821
     142       0       0       1       0                               0D   2822
     144    4275       0       0       0                        00000000D   2823
     144       0      -1       1       0                               0D   2824
     110    4276       0       0       0                        01010000D   2825
     110       0       0       1       0                               0D   2826
     110    4277       0       0       0                        01010000D   2827
     110       0       0       1       0                               0D   2828
     120    4278       0       0       0                        01010000D   2829
     120       0       0       1       0                               0D   2830
     126    4279       0       0       0                        01010500D   2831
     126       0       0       2       0                               0D   2832
     124    4281       0       0       0                        00000000D   2833
     124       0       0       3       0                               0D   2834
     100    4284       0       0       0            2833        01010000D   2835
     100       0       0       1       0                               0D   2836
     126    4285       0       0       0                        01010500D   2837
     126       0       0       2       0                               0D   2838
     110    4287       0       0       0                        01010000D   2839
     110       0       0       1       0                               0D   2840
     126    4288       0       0       0                        01010500D   2841
     126       0       0       2       0                               0D   2842
     124    4290       0       0       0                        00000000D   2843
     124       0       0       3       0                               0D   2844
     100    4293       0       0       0            2843        01010000D   2845
     100       0       0       1       0                               0D   2846
     126    4294       0       0       0                        01010500D   2847
     126       0       0       2       0                               0D   2848
     110    4296       0       0       0                        01010000D   2849
     110       0       0       1       0                               0D   2850
     102    4297       0       0       0                        01010500D   2851
     102       0       0       1       0                               0D   2852
     102    4298       0       0       0                        01010000D   2853
     102       0       0       1       0                               0D   2854
     142    4299       0       0       0                        00010500D   2855
     142       0       0       1       0                               0D   2856
     144    4300       0       0       0                        00000000D   2857
     144       0      -1       1       0                               0D   2858
     110    4301       0       0       0                        01010000D   2859
     110       0       0       1       0                               0D   2860
     110    4302       0       0       0                        01010000D   2861
     110       0       0       1       0                               0D   2862
     120    4303       0       0       0                        01010000D   2863
     120       0       0       1       0                               0D   2864
     126    4304       0       0       0                        01010500D   2865
     126       0       0       2       0                               0D   2866
     124    4306       0       0       0                        00000000D   2867
     124       0       0       2       0                               0D   2868
     100    4308       0       0       0            2867        01010000D   2869
     100       0       0       1       0                               0D   2870
     126    4309       0       0       0                        01010500D   2871
     126       0       0       2       0                               0D   2872
     110    4311       0       0       0                        01010000D   2873
     110       0       0       1       0                               0D   2874
     126    4312       0       0       0                        01010500D   2875
     126       0       0       2       0                               0D   2876
     124    4314       0       0       0                        00000000D   2877
     124       0       0       2       0                               0D   2878
     100    4316       0       0       0            2877        01010000D   2879
     100       0       0       1       0                               0D   2880
     126    4317       0       0       0                        01010500D   2881
     126       0       0       2       0                               0D   2882
     110    4319       0       0       0                        01010000D   2883
     110       0       0       1       0                               0D   2884
     102    4320       0       0       0                        01010500D   2885
     102       0       0       1       0                               0D   2886
     102    4321       0       0       0                        01010000D   2887
     102       0       0       1       0                               0D   2888
     142    4322       0       0       0                        00010500D   2889
     142       0       0       1       0                               0D   2890
     144    4323       0       0       0                        00000000D   2891
     144       0      -1       1       0                               0D   2892
     110    4324       0       0       0                        01010000D   2893
     110       0       0       1       0                               0D   2894
     110    4325       0       0       0                        01010000D   2895
     110       0       0       1       0                               0D   2896
     120    4326       0       0       0                        01010000D   2897
     120       0       0       1       0                               0D   2898
     126    4327       0       0       0                        01010500D   2899
     126       0       0       2       0                               0D   2900
     124    4329       0       0       0                        00000000D   2901
     124       0       0       2       0                               0D   2902
     100    4331       0       0       0            2901        01010000D   2903
     100       0       0       1       0                               0D   2904
     126    4332       0       0       0                        01010500D   2905
     126       0       0       2       0                               0D   2906
     110    4334       0       0       0                        01010000D   2907
     110       0       0       1       0                               0D   2908
     126    4335       0       0       0                        01010500D   2909
     126       0       0       2       0                               0D   2910
     124    4337       0       0       0                        00000000D   2911
     124       0       0       2       0                               0D   2912
     100    4339       0       0       0            2911        01010000D   2913
     100       0       0       1       0                               0D   2914
     126    4340       0       0       0                        01010500D   2915
     126       0       0       2       0                               0D   2916
     110    4342       0       0       0                        01010000D   2917
     110       0       0       1       0                               0D   2918
     102    4343       0       0       0                        01010500D   2919
     102       0       0       1       0                               0D   2920
     102    4344       0       0       0                        01010000D   2921
     102       0       0       1       0                               0D   2922
     142    4345       0       0       0                        00010500D   2923
     142       0       0       1       0                               0D   2924
     144    4346       0       0       0                        00000000D   2925
     144       0      -1       1       0                               0D   2926
     110    4347       0       0       0                        01010000D   2927
     110       0       0       1       0                               0D   2928
     110    4348       0       0       0                        01010000D   2929
     110       0       0       1       0                               0D   2930
     120    4349       0       0       0                        01010000D   2931
     120       0       0       1       0                               0D   2932
     126    4350       0       0       0                        01010500D   2933
     126       0       0       2       0                               0D   2934
     124    4352       0       0       0                        00000000D   2935
     124       0       0       2       0                               0D   2936
     100    4354       0       0       0            2935        01010000D   2937
     100       0       0       1       0                               0D   2938
     126    4355       0       0       0                        01010500D   2939
     126       0       0       2       0                               0D   2940
     110    4357       0       0       0                        01010000D   2941
     110       0       0       1       0                               0D   2942
     126    4358       0       0       0                        01010500D   2943
     126       0       0       2       0                               0D   2944
     124    4360       0       0       0                        00000000D   2945
     124       0       0       2       0                               0D   2946
     100    4362       0       0       0            2945        01010000D   2947
     100       0       0       1       0                               0D   2948
     126    4363       0       0       0                        01010500D   2949
     126       0       0       2       0                               0D   2950
     110    4365       0       0       0                        01010000D   2951
     110       0       0       1       0                               0D   2952
     102    4366       0       0       0                        01010500D   2953
     102       0       0       1       0                               0D   2954
     102    4367       0       0       0                        01010000D   2955
     102       0       0       1       0                               0D   2956
     142    4368       0       0       0                        00010500D   2957
     142       0       0       1       0                               0D   2958
     144    4369       0       0       0                        00000000D   2959
     144       0      -1       1       0                               0D   2960
     110    4370       0       0       0                        01010000D   2961
     110       0       0       1       0                               0D   2962
     110    4371       0       0       0                        01010000D   2963
     110       0       0       1       0                               0D   2964
     120    4372       0       0       0                        01010000D   2965
     120       0       0       1       0                               0D   2966
     126    4373       0       0       0                        01010500D   2967
     126       0       0       2       0                               0D   2968
     124    4375       0       0       0                        00000000D   2969
     124       0       0       2       0                               0D   2970
     100    4377       0       0       0            2969        01010000D   2971
     100       0       0       1       0                               0D   2972
     126    4378       0       0       0                        01010500D   2973
     126       0       0       2       0                               0D   2974
     110    4380       0       0       0                        01010000D   2975
     110       0       0       1       0                               0D   2976
     126    4381       0       0       0                        01010500D   2977
     126       0       0       2       0                               0D   2978
     124    4383       0       0       0                        00000000D   2979
     124       0       0       2       0                               0D   2980
     100    4385       0       0       0            2979        01010000D   2981
     100       0       0       1       0                               0D   2982
     126    4386       0       0       0                        01010500D   2983
     126       0       0       2       0                               0D   2984
     110    4388       0       0       0                        01010000D   2985
     110       0       0       1       0                               0D   2986
     102    4389       0       0       0                        01010500D   2987
     102       0       0       1       0                               0D   2988
     102    4390       0       0       0                        01010000D   2989
     102       0       0       1       0                               0D   2990
     142    4391       0       0       0                        00010500D   2991
     142       0       0       1       0                               0D   2992
     144    4392       0       0       0                        00000000D   2993
     144       0      -1       1       0                               0D   2994
     110    4393       0       0       0                        01010000D   2995
     110       0       0       1       0                               0D   2996
     110    4394       0       0       0                        01010000D   2997
     110       0       0       1       0                               0D   2998
     120    4395       0       0       0                        01010000D   2999
     120       0       0       1       0                               0D   3000
     126    4396       0       0       0                        01010500D   3001
     126       0       0       2       0                               0D   3002
     124    4398       0       0       0                        00000000D   3003
     124       0       0       2       0                               0D   3004
     100    4400       0       0       0            3003        01010000D   3005
     100       0       0       1       0                               0D   3006
     126    4401       0       0       0                        01010500D   3007
     126       0       0       2       0                               0D   3008
     110    4403       0       0       0                        01010000D   3009
     110       0       0       1       0                               0D   3010
     126    4404       0       0       0                        01010500D   3011
     126       0       0       2       0                               0D   3012
     124    4406       0       0       0                        00000000D   3013
     124       0       0       2       0                               0D   3014
     100    4408       0       0       0            3013        01010000D   3015
     100       0       0       1       0                               0D   3016
     126    4409       0       0       0                        01010500D   3017
     126       0       0       2       0                               0D   3018
     110    4411       0       0       0                        01010000D   3019
     110       0       0       1       0                               0D   3020
     102    4412       0       0       0                        01010500D   3021
     102       0       0       1       0                               0D   3022
     102    4413       0       0       0                        01010000D   3023
     102       0       0       1       0                               0D   3024
     142    4414       0       0       0                        00010500D   3025
     142       0       0       1       0                               0D   3026
     144    4415       0       0       0                        00000000D   3027
     144       0      -1       1       0                               0D   3028
     110    4416       0       0       0                        01010000D   3029
     110       0       0       1       0                               0D   3030
     110    4417       0       0       0                        01010000D   3031
     110       0       0       1       0                               0D   3032
     120    4418       0       0       0                        01010000D   3033
     120       0       0       1       0                               0D   3034
     126    4419       0       0       0                        01010500D   3035
     126       0       0       2       0                               0D   3036
     124    4421       0       0       0                        00000000D   3037
     124       0       0       2       0                               0D   3038
     100    4423       0       0       0            3037        01010000D   3039
     100       0       0       1       0                               0D   3040
     126    4424       0       0       0                        01010500D   3041
     126       0       0       2       0                               0D   3042
     110    4426       0       0       0                        01010000D   3043
     110       0       0       1       0                               0D   3044
     126    4427       0       0       0                        01010500D   3045
     126       0       0       2       0                               0D   3046
     124    4429       0       0       0                        00000000D   3047
     124       0       0       2       0                               0D   3048
     100    4431       0       0       0            3047        01010000D   3049
     100       0       0       1       0                               0D   3050
     126    4432       0       0       0                        01010500D   3051
     126       0       0       2       0                               0D   3052
     110    4434       0       0       0                        01010000D   3053
     110       0       0       1       0                               0D   3054
     102    4435       0       0       0                        01010500D   3055
     102       0       0       1       0                               0D   3056
     102    4436       0       0       0                        01010000D   3057
     102       0       0       1       0                               0D   3058
     142    4437       0       0       0                        00010500D   3059
     142       0       0       1       0                               0D   3060
     144    4438       0       0       0                        00000000D   3061
     144       0      -1       1       0                               0D   3062
     110    4439       0       0       0                        01010000D   3063
     110       0       0       1       0                               0D   3064
     110    4440       0       0       0                        01010000D   3065
     110       0       0       1       0                               0D   3066
     120    4441       0       0       0                        01010000D   3067
     120       0       0       1       0                               0D   3068
     126    4442       0       0       0                        01010500D   3069
     126       0       0       2       0                               0D   3070
     124    4444       0       0       0                        00000000D   3071
     124       0       0       2       0                               0D   3072
     100    4446       0       0       0            3071        01010000D   3073
     100       0       0       1       0                               0D   3074
     126    4447       0       0       0                        01010500D   3075
     126       0       0       2       0                               0D   3076
     110    4449       0       0       0                        01010000D   3077
     110       0       0       1       0                               0D   3078
     126    4450       0       0       0                        01010500D   3079
     126       0       0       2       0                               0D   3080
     124    4452       0       0       0                        00000000D   3081
     124       0       0       2       0                               0D   3082
     100    4454       0       0       0            3081        01010000D   3083
     100       0       0       1       0                               0D   3084
     126    4455       0       0       0                        01010500D   3085
     126       0       0       2       0                               0D   3086
     110    4457       0       0       0                        01010000D   3087
     110       0       0       1       0                               0D   3088
     102    4458       0       0       0                        01010500D   3089
     102       0       0       1       0                               0D   3090
     102    4459       0       0       0                        01010000D   3091
     102       0       0       1       0                               0D   3092
     142    4460       0       0       0                        00010500D   3093
     142       0       0       1       0                               0D   3094
     144    4461       0       0       0                        00000000D   3095
     144       0      -1       1       0                               0D   3096
     110    4462       0       0       0                        01010000D   3097
     110       0       0       1       0                               0D   3098
     110    4463       0       0       0                        01010000D   3099
     110       0       0       1       0                               0D   3100
     120    4464       0       0       0                        01010000D   3101
     120       0       0       1       0                               0D   3102
     126    4465       0       0       0                        01010500D   3103
     126       0       0       2       0                               0D   3104
     124    4467       0       0       0                        00000000D   3105
     124       0       0       4       0                               0D   3106
     100    4471       0       0       0            3105        01010000D   3107
     100       0       0       2       0                               0D   3108
     126    4473       0       0       0                        01010500D   3109
     126       0       0       2       0                               0D   3110
     110    4475       0       0       0                        01010000D   3111
     110       0       0       1       0                               0D   3112
     126    4476       0       0       0                        01010500D   3113
     126       0       0       2       0                               0D   3114
     124    4478       0       0       0                        00000000D   3115
     124       0       0       5       0                               0D   3116
     100    4483       0       0       0            3115        01010000D   3117
     100       0       0       1       0                               0D   3118
     126    4484       0       0       0                        01010500D   3119
     126       0       0       2       0                               0D   3120
     110    4486       0       0       0                        01010000D   3121
     110       0       0       1       0                               0D   3122
     102    4487       0       0       0                        01010500D   3123
     102       0       0       1       0                               0D   3124
     102    4488       0       0       0                        01010000D   3125
     102       0       0       1       0                               0D   3126
     142    4489       0       0       0                        00010500D   3127
     142       0       0       1       0                               0D   3128
     144    4490       0       0       0                        00000000D   3129
     144       0      -1       1       0                               0D   3130
     128    4491       0       0       0                        01010000D   3131
     128       0       0      15       0                               0D   3132
     126    4506       0       0       0                        01010500D   3133
     126       0       0       2       0                               0D   3134
     124    4508       0       0       0                        00000000D   3135
     124       0       0       4       0                               0D   3136
     100    4512       0       0       0            3135        01010000D   3137
     100       0       0       1       0                               0D   3138
     126    4513       0       0       0                        01010500D   3139
     126       0       0       2       0                               0D   3140
     124    4515       0       0       0                        00000000D   3141
     124       0       0       4       0                               0D   3142
     100    4519       0       0       0            3141        01010000D   3143
     100       0       0       1       0                               0D   3144
     126    4520       0       0       0                        01010500D   3145
     126       0       0       2       0                               0D   3146
     124    4522       0       0       0                        00000000D   3147
     124       0       0       3       0                               0D   3148
     100    4525       0       0       0            3147        01010000D   3149
     100       0       0       1       0                               0D   3150
     126    4526       0       0       0                        01010500D   3151
     126       0       0       2       0                               0D   3152
     100    4528       0       0       0                        01010000D   3153
     100       0       0       1       0                               0D   3154
     102    4529       0       0       0                        01010500D   3155
     102       0       0       1       0                               0D   3156
     102    4530       0       0       0                        01010000D   3157
     102       0       0       1       0                               0D   3158
     142    4531       0       0       0                        00010500D   3159
     142       0       0       1       0                               0D   3160
     144    4532       0       0       0                        00000000D   3161
     144       0      -1       1       0                               0D   3162
     128    4533       0       0       0                        01010000D   3163
     128       0       0      28       0                               0D   3164
     126    4561       0       0       0                        01010500D   3165
     126       0       0       2       0                               0D   3166
     124    4563       0       0       0                        00000000D   3167
     124       0       0       2       0                               0D   3168
     100    4565       0       0       0            3167        01010000D   3169
     100       0       0       2       0                               0D   3170
     126    4567       0       0       0                        01010500D   3171
     126       0       0       2       0                               0D   3172
     124    4569       0       0       0                        00000000D   3173
     124       0       0       3       0                               0D   3174
     100    4572       0       0       0            3173        01010000D   3175
     100       0       0       1       0                               0D   3176
     126    4573       0       0       0                        01010500D   3177
     126       0       0       2       0                               0D   3178
     124    4575       0       0       0                        00000000D   3179
     124       0       0       3       0                               0D   3180
     100    4578       0       0       0            3179        01010000D   3181
     100       0       0       1       0                               0D   3182
     126    4579       0       0       0                        01010500D   3183
     126       0       0       2       0                               0D   3184
     124    4581       0       0       0                        00000000D   3185
     124       0       0       2       0                               0D   3186
     100    4583       0       0       0            3185        01010000D   3187
     100       0       0       1       0                               0D   3188
     102    4584       0       0       0                        01010500D   3189
     102       0       0       1       0                               0D   3190
     102    4585       0       0       0                        01010000D   3191
     102       0       0       1       0                               0D   3192
     142    4586       0       0       0                        00010500D   3193
     142       0       0       1       0                               0D   3194
     144    4587       0       0       0                        00000000D   3195
     144       0      -1       1       0                               0D   3196
     110    4588       0       0       0                        01010000D   3197
     110       0       0       1       0                               0D   3198
     110    4589       0       0       0                        01010000D   3199
     110       0       0       1       0                               0D   3200
     120    4590       0       0       0                        01010000D   3201
     120       0       0       1       0                               0D   3202
     126    4591       0       0       0                        01010500D   3203
     126       0       0       2       0                               0D   3204
     124    4593       0       0       0                        00000000D   3205
     124       0       0       3       0                               0D   3206
     100    4596       0       0       0            3205        01010000D   3207
     100       0       0       1       0                               0D   3208
     126    4597       0       0       0                        01010500D   3209
     126       0       0       2       0                               0D   3210
     110    4599       0       0       0                        01010000D   3211
     110       0       0       1       0                               0D   3212
     126    4600       0       0       0                        01010500D   3213
     126       0       0       2       0                               0D   3214
     124    4602       0       0       0                        00000000D   3215
     124       0       0       4       0                               0D   3216
     100    4606       0       0       0            3215        01010000D   3217
     100       0       0       2       0                               0D   3218
     126    4608       0       0       0                        01010500D   3219
     126       0       0       2       0                               0D   3220
     110    4610       0       0       0                        01010000D   3221
     110       0       0       1       0                               0D   3222
     102    4611       0       0       0                        01010500D   3223
     102       0       0       1       0                               0D   3224
     102    4612       0       0       0                        01010000D   3225
     102       0       0       1       0                               0D   3226
     142    4613       0       0       0                        00010500D   3227
     142       0       0       1       0                               0D   3228
     144    4614       0       0       0                        00000000D   3229
     144       0      -1       1       0                               0D   3230
     110    4615       0       0       0                        01010000D   3231
     110       0       0       1       0                               0D   3232
     110    4616       0       0       0                        01010000D   3233
     110       0       0       1       0                               0D   3234
     120    4617       0       0       0                        01010000D   3235
     120       0       0       1       0                               0D   3236
     126    4618       0       0       0                        01010500D   3237
     126       0       0       2       0                               0D   3238
     124    4620       0       0       0                        00000000D   3239
     124       0       0       2       0                               0D   3240
     100    4622       0       0       0            3239        01010000D   3241
     100       0       0       1       0                               0D   3242
     126    4623       0       0       0                        01010500D   3243
     126       0       0       2       0                               0D   3244
     110    4625       0       0       0                        01010000D   3245
     110       0       0       1       0                               0D   3246
     126    4626       0       0       0                        01010500D   3247
     126       0       0       2       0                               0D   3248
     124    4628       0       0       0                        00000000D   3249
     124       0       0       4       0                               0D   3250
     100    4632       0       0       0            3249        01010000D   3251
     100       0       0       1       0                               0D   3252
     126    4633       0       0       0                        01010500D   3253
     126       0       0       2       0                               0D   3254
     110    4635       0       0       0                        01010000D   3255
     110       0       0       1       0                               0D   3256
     102    4636       0       0       0                        01010500D   3257
     102       0       0       1       0                               0D   3258
     102    4637       0       0       0                        01010000D   3259
     102       0       0       1       0                               0D   3260
     142    4638       0       0       0                        00010500D   3261
     142       0       0       1       0                               0D   3262
     144    4639       0       0       0                        00000000D   3263
     144       0      -1       1       0                               0D   3264
     128    4640       0       0       0                        01010000D   3265
     128       0       0      16       0                               0D   3266
     126    4656       0       0       0                        01010500D   3267
     126       0       0       2       0                               0D   3268
     124    4658       0       0       0                        00000000D   3269
     124       0       0       4       0                               0D   3270
     100    4662       0       0       0            3269        01010000D   3271
     100       0       0       2       0                               0D   3272
     126    4664       0       0       0                        01010500D   3273
     126       0       0       2       0                               0D   3274
     124    4666       0       0       0                        00000000D   3275
     124       0       0       4       0                               0D   3276
     100    4670       0       0       0            3275        01010000D   3277
     100       0       0       1       0                               0D   3278
     126    4671       0       0       0                        01010500D   3279
     126       0       0       2       0                               0D   3280
     124    4673       0       0       0                        00000000D   3281
     124       0       0       3       0                               0D   3282
     100    4676       0       0       0            3281        01010000D   3283
     100       0       0       1       0                               0D   3284
     126    4677       0       0       0                        01010500D   3285
     126       0       0       2       0                               0D   3286
     100    4679       0       0       0                        01010000D   3287
     100       0       0       1       0                               0D   3288
     102    4680       0       0       0                        01010500D   3289
     102       0       0       1       0                               0D   3290
     102    4681       0       0       0                        01010000D   3291
     102       0       0       1       0                               0D   3292
     142    4682       0       0       0                        00010500D   3293
     142       0       0       1       0                               0D   3294
     144    4683       0       0       0                        00000000D   3295
     144       0      -1       1       0                               0D   3296
     128    4684       0       0       0                        01010000D   3297
     128       0       0      16       0                               0D   3298
     126    4700       0       0       0                        01010500D   3299
     126       0       0       2       0                               0D   3300
     124    4702       0       0       0                        00000000D   3301
     124       0       0       2       0                               0D   3302
     100    4704       0       0       0            3301        01010000D   3303
     100       0       0       1       0                               0D   3304
     126    4705       0       0       0                        01010500D   3305
     126       0       0       2       0                               0D   3306
     124    4707       0       0       0                        00000000D   3307
     124       0       0       4       0                               0D   3308
     100    4711       0       0       0            3307        01010000D   3309
     100       0       0       1       0                               0D   3310
     126    4712       0       0       0                        01010500D   3311
     126       0       0       2       0                               0D   3312
     124    4714       0       0       0                        00000000D   3313
     124       0       0       3       0                               0D   3314
     100    4717       0       0       0            3313        01010000D   3315
     100       0       0       1       0                               0D   3316
     126    4718       0       0       0                        01010500D   3317
     126       0       0       2       0                               0D   3318
     100    4720       0       0       0                        01010000D   3319
     100       0       0       1       0                               0D   3320
     102    4721       0       0       0                        01010500D   3321
     102       0       0       1       0                               0D   3322
     102    4722       0       0       0                        01010000D   3323
     102       0       0       1       0                               0D   3324
     142    4723       0       0       0                        00010500D   3325
     142       0       0       1       0                               0D   3326
     144    4724       0       0       0                        00000000D   3327
     144       0      -1       1       0                               0D   3328
     110    4725       0       0       0                        01010000D   3329
     110       0       0       1       0                               0D   3330
     110    4726       0       0       0                        01010000D   3331
     110       0       0       1       0                               0D   3332
     120    4727       0       0       0                        01010000D   3333
     120       0       0       1       0                               0D   3334
     126    4728       0       0       0                        01010500D   3335
     126       0       0       2       0                               0D   3336
     124    4730       0       0       0                        00000000D   3337
     124       0       0       3       0                               0D   3338
     100    4733       0       0       0            3337        01010000D   3339
     100       0       0       1       0                               0D   3340
     126    4734       0       0       0                        01010500D   3341
     126       0       0       2       0                               0D   3342
     110    4736       0       0       0                        01010000D   3343
     110       0       0       1       0                               0D   3344
     126    4737       0       0       0                        01010500D   3345
     126       0       0       2       0                               0D   3346
     124    4739       0       0       0                        00000000D   3347
     124       0       0       4       0                               0D   3348
     100    4743       0       0       0            3347        01010000D   3349
     100       0       0       1       0                               0D   3350
     126    4744       0       0       0                        01010500D   3351
     126       0       0       2       0                               0D   3352
     110    4746       0       0       0                        01010000D   3353
     110       0       0       1       0                               0D   3354
     102    4747       0       0       0                        01010500D   3355
     102       0       0       1       0                               0D   3356
     102    4748       0       0       0                        01010000D   3357
     102       0       0       1       0                               0D   3358
     142    4749       0       0       0                        00010500D   3359
     142       0       0       1       0                               0D   3360
     144    4750       0       0       0                        00000000D   3361
     144       0      -1       1       0                               0D   3362
     110    4751       0       0       0                        01010000D   3363
     110       0       0       1       0                               0D   3364
     110    4752       0       0       0                        01010000D   3365
     110       0       0       1       0                               0D   3366
     120    4753       0       0       0                        01010000D   3367
     120       0       0       1       0                               0D   3368
     126    4754       0       0       0                        01010500D   3369
     126       0       0       2       0                               0D   3370
     124    4756       0       0       0                        00000000D   3371
     124       0       0       3       0                               0D   3372
     100    4759       0       0       0            3371        01010000D   3373
     100       0       0       1       0                               0D   3374
     126    4760       0       0       0                        01010500D   3375
     126       0       0       2       0                               0D   3376
     110    4762       0       0       0                        01010000D   3377
     110       0       0       1       0                               0D   3378
     126    4763       0       0       0                        01010500D   3379
     126       0       0       2       0                               0D   3380
     124    4765       0       0       0                        00000000D   3381
     124       0       0       4       0                               0D   3382
     100    4769       0       0       0            3381        01010000D   3383
     100       0       0       2       0                               0D   3384
     126    4771       0       0       0                        01010500D   3385
     126       0       0       2       0                               0D   3386
     110    4773       0       0       0                        01010000D   3387
     110       0       0       1       0                               0D   3388
     102    4774       0       0       0                        01010500D   3389
     102       0       0       1       0                               0D   3390
     102    4775       0       0       0                        01010000D   3391
     102       0       0       1       0                               0D   3392
     142    4776       0       0       0                        00010500D   3393
     142       0       0       1       0                               0D   3394
     144    4777       0       0       0                        00000000D   3395
     144       0      -1       1       0                               0D   3396
     128    4778       0       0       0                        01010000D   3397
     128       0       0      16       0                               0D   3398
     126    4794       0       0       0                        01010500D   3399
     126       0       0       2       0                               0D   3400
     124    4796       0       0       0                        00000000D   3401
     124       0       0       3       0                               0D   3402
     100    4799       0       0       0            3401        01010000D   3403
     100       0       0       1       0                               0D   3404
     126    4800       0       0       0                        01010500D   3405
     126       0       0       2       0                               0D   3406
     124    4802       0       0       0                        00000000D   3407
     124       0       0       2       0                               0D   3408
     100    4804       0       0       0            3407        01010000D   3409
     100       0       0       1       0                               0D   3410
     126    4805       0       0       0                        01010500D   3411
     126       0       0       2       0                               0D   3412
     124    4807       0       0       0                        00000000D   3413
     124       0       0       4       0                               0D   3414
     100    4811       0       0       0            3413        01010000D   3415
     100       0       0       1       0                               0D   3416
     126    4812       0       0       0                        01010500D   3417
     126       0       0       2       0                               0D   3418
     124    4814       0       0       0                        00000000D   3419
     124       0       0       2       0                               0D   3420
     100    4816       0       0       0            3419        01010000D   3421
     100       0       0       1       0                               0D   3422
     102    4817       0       0       0                        01010500D   3423
     102       0       0       1       0                               0D   3424
     102    4818       0       0       0                        01010000D   3425
     102       0       0       1       0                               0D   3426
     142    4819       0       0       0                        00010500D   3427
     142       0       0       1       0                               0D   3428
     144    4820       0       0       0                        00000000D   3429
     144       0      -1       1       0                               0D   3430
     128    4821       0       0       0                        01010000D   3431
     128       0       0      16       0                               0D   3432
     126    4837       0       0       0                        01010500D   3433
     126       0       0       2       0                               0D   3434
     124    4839       0       0       0                        00000000D   3435
     124       0       0       4       0                               0D   3436
     100    4843       0       0       0            3435        01010000D   3437
     100       0       0       2       0                               0D   3438
     126    4845       0       0       0                        01010500D   3439
     126       0       0       2       0                               0D   3440
     124    4847       0       0       0                        00000000D   3441
     124       0       0       4       0                               0D   3442
     100    4851       0       0       0            3441        01010000D   3443
     100       0       0       1       0                               0D   3444
     126    4852       0       0       0                        01010500D   3445
     126       0       0       2       0                               0D   3446
     124    4854       0       0       0                        00000000D   3447
     124       0       0       3       0                               0D   3448
     100    4857       0       0       0            3447        01010000D   3449
     100       0       0       1       0                               0D   3450
     126    4858       0       0       0                        01010500D   3451
     126       0       0       2       0                               0D   3452
     100    4860       0       0       0                        01010000D   3453
     100       0       0       1       0                               0D   3454
     102    4861       0       0       0                        01010500D   3455
     102       0       0       1       0                               0D   3456
     102    4862       0       0       0                        01010000D   3457
     102       0       0       1       0                               0D   3458
     142    4863       0       0       0                        00010500D   3459
     142       0       0       1       0                               0D   3460
     144    4864       0       0       0                        00000000D   3461
     144       0      -1       1       0                               0D   3462
     110    4865       0       0       0                        01010000D   3463
     110       0       0       1       0                               0D   3464
     110    4866       0       0       0                        01010000D   3465
     110       0       0       1       0                               0D   3466
     120    4867       0       0       0                        01010000D   3467
     120       0       0       1       0                               0D   3468
     126    4868       0       0       0                        01010500D   3469
     126       0       0       2       0                               0D   3470
     124    4870       0       0       0                        00000000D   3471
     124       0       0       3       0                               0D   3472
     100    4873       0       0       0            3471        01010000D   3473
     100       0       0       1       0                               0D   3474
     126    4874       0       0       0                        01010500D   3475
     126       0       0       2       0                               0D   3476
     110    4876       0       0       0                        01010000D   3477
     110       0       0       1       0                               0D   3478
     126    4877       0       0       0                        01010500D   3479
     126       0       0       2       0                               0D   3480
     124    4879       0       0       0                        00000000D   3481
     124       0       0       3       0                               0D   3482
     100    4882       0       0       0            3481        01010000D   3483
     100       0       0       1       0                               0D   3484
     126    4883       0       0       0                        01010500D   3485
     126       0       0       2       0                               0D   3486
     110    4885       0       0       0                        01010000D   3487
     110       0       0       1       0                               0D   3488
     102    4886       0       0       0                        01010500D   3489
     102       0       0       1       0                               0D   3490
     102    4887       0       0       0                        01010000D   3491
     102       0       0       1       0                               0D   3492
     142    4888       0       0       0                        00010500D   3493
     142       0       0       1       0                               0D   3494
     144    4889       0       0       0                        00000000D   3495
     144       0      -1       1       0                               0D   3496
314,25.0980392156863,25.0980392156863,25.0980392156863,;               1P      1
110,25.,16.53,12.5,-975.,16.53,12.5;                                   3P      2
110,27.,16.53,14.,25.,16.53,14.;                                       5P      3
120,3,5,0.,6.28318530717959;                                           7P      4
126,1,1,1,0,1,0,0.,0.,1.,1.,1.,1.,0.,6.283185307,0.,1.,                9P      5
6.283185307,0.,0.,1.,0.,0.,1.;                                         9P      6
110,27.,16.53,14.,25.,16.53,14.;                                      11P      7
126,1,1,1,0,1,0,0.,0.,1.,1.,1.,1.,1.,6.283185307,0.,1.,               13P      8
3.141592654,0.,0.,1.,0.,0.,1.;                                        13P      9
124,-6.12303176911189E-017,4.27569270827966E-031,1.,12.5,             15P     10
-6.98296672221876E-015,-1.,0.,33.0600000000002,1.,                    15P     11
-6.98296672221876E-015,6.12303176911189E-017,-12.4999999999999;       15P     12
100,12.5,25.,16.53,26.5,16.53,23.5,16.53;                             17P     13
126,1,1,1,0,1,0,0.,0.,1.,1.,1.,1.,1.,3.141592654,0.,0.,               19P     14
3.141592654,0.,0.,1.,0.,0.,1.;                                        19P     15
110,25.,16.53,11.,27.,16.53,11.;                                      21P     16
126,1,1,1,0,1,0,0.,0.,1.,1.,1.,1.,0.,3.141592654,0.,0.,               23P     17
6.283185307,0.,0.,1.,0.,0.,1.;                                        23P     18
124,-6.12303176911189E-017,4.27569270827966E-031,-1.,39.5,            25P     19
-6.98296672221876E-015,-1.,0.,33.0600000000002,-1.,                   25P     20
6.98296672221876E-015,6.12303176911189E-017,39.4999999999999;         25P     21
100,12.5,27.,16.53,28.5,16.53,25.5,16.53;                             27P     22
102,4,9,13,19,23;                                                     29P     23
102,4,11,17,21,27;                                                    31P     24
142,1,7,29,31,1;                                                      33P     25
144,7,1,0,33;                                                         35P     26
110,25.,33.4,12.5,-975.,33.4,12.5;                                    37P     27
110,27.,33.4,14.,25.,33.4,14.;                                        39P     28
120,37,39,0.,6.28318530717959;                                        41P     29
126,1,1,1,0,1,0,0.,0.,1.,1.,1.,1.,0.,6.283185307,0.,1.,               43P     30
6.283185307,0.,0.,1.,0.,0.,1.;                                        43P     31
110,27.,33.4,14.,25.,33.4,14.;                                        45P     32
126,1,1,1,0,1,0,0.,0.,1.,1.,1.,1.,1.,6.283185307,0.,1.,               47P     33
3.141592654,0.,0.,1.,0.,0.,1.;                                        47P     34
124,-6.12303176911189E-017,4.27569270827966E-031,1.,12.5,             49P     35
-6.98296672221876E-015,-1.,0.,66.8000000000002,1.,                    49P     36
-6.98296672221876E-015,6.12303176911189E-017,-12.4999999999998;       49P     37
100,12.5,25.,33.4,26.5,33.4,23.5,33.4;                                51P     38
126,1,1,1,0,1,0,0.,0.,1.,1.,1.,1.,1.,3.141592654,0.,0.,               53P     39
3.141592654,0.,0.,1.,0.,0.,1.;                                        53P     40
110,25.,33.4,11.,27.,33.4,11.;                                        55P     41
126,1,1,1,0,1,0,0.,0.,1.,1.,1.,1.,0.,3.141592654,0.,0.,               57P     42
6.283185307,0.,0.,1.,0.,0.,1.;                                        57P     43
124,-6.12303176911189E-017,4.27569270827966E-031,-1.,39.5,            59P     44
-6.98296672221876E-015,-1.,0.,66.8000000000002,-1.,                   59P     45
6.98296672221876E-015,6.12303176911189E-017,39.4999999999998;         59P     46
100,12.5,27.,33.4,28.5,33.4,25.5,33.4;                                61P     47
102,4,43,47,53,57;                                                    63P     48
102,4,45,51,55,61;                                                    65P     49
142,1,41,63,65,1;                                                     67P     50
144,41,1,0,67;                                                        69P     51
110,25.,59.,12.5,-975.,59.,12.5;                                      71P     52
110,27.,59.,14.,25.,59.,14.;                                          73P     53
120,71,73,0.,6.28318530717959;                                        75P     54
126,1,1,1,0,1,0,0.,0.,1.,1.,1.,1.,0.,6.283185307,0.,1.,               77P     55
6.283185307,0.,0.,1.,0.,0.,1.;                                        77P     56
110,27.,59.,14.,25.,59.,14.;                                          79P     57
126,1,1,1,0,1,0,0.,0.,1.,1.,1.,1.,1.,6.283185307,0.,1.,               81P     58
3.141592654,0.,0.,1.,0.,0.,1.;                                        81P     59
124,-6.12303176911189E-017,4.27569270827966E-031,1.,12.5,             83P     60
-6.98296672221876E-015,-1.,0.,118.,1.,-6.98296672221876E-015,         83P     61
6.12303176911189E-017,-12.4999999999996;                              83P     62
100,12.5,25.,59.,26.5,59.,23.5,59.;                                   85P     63
126,1,1,1,0,1,0,0.,0.,1.,1.,1.,1.,1.,3.141592654,0.,0.,               87P     64
3.141592654,0.,0.,1.,0.,0.,1.;                                        87P     65
110,25.,59.,11.,27.,59.,11.;                                          89P     66
126,1,1,1,0,1,0,0.,0.,1.,1.,1.,1.,0.,3.141592654,0.,0.,               91P     67
6.283185307,0.,0.,1.,0.,0.,1.;                                        91P     68
124,-6.12303176911189E-017,4.27569270827966E-031,-1.,39.5,            93P     69
-6.98296672221876E-015,-1.,0.,118.,-1.,6.98296672221876E-015,         93P     70
6.12303176911189E-017,39.4999999999996;                               93P     71
100,12.5,27.,59.,28.5,59.,25.5,59.;                                   95P     72
102,4,77,81,87,91;                                                    97P     73
102,4,79,85,89,95;                                                    99P     74
142,1,75,97,99,1;                                                    101P     75
144,75,1,0,101;                                                      103P     76
110,25.,52.,19.5,-975.,52.,19.5;                                     105P     77
110,27.,52.,21.,25.,52.,21.;                                         107P     78
120,105,107,0.,6.28318530717959;                                     109P     79
126,1,1,1,0,1,0,0.,0.,1.,1.,1.,1.,0.,6.283185307,0.,1.,              111P     80
6.283185307,0.,0.,1.,0.,0.,1.;                                       111P     81
110,27.,52.,21.,25.,52.,21.;                                         113P     82
126,1,1,1,0,1,0,0.,0.,1.,1.,1.,1.,1.,6.283185307,0.,1.,              115P     83
3.141592654,0.,0.,1.,0.,0.,1.;                                       115P     84
124,-6.12303176911189E-017,4.27569270827966E-031,1.,5.5,             117P     85
-6.98296672221876E-015,-1.,0.,104.,1.,-6.98296672221876E-015,        117P     86
6.12303176911189E-017,-5.49999999999964;                             117P     87
100,19.5,25.,52.,26.5,52.,23.5,52.;                                  119P     88
126,1,1,1,0,1,0,0.,0.,1.,1.,1.,1.,1.,3.141592654,0.,0.,              121P     89
3.141592654,0.,0.,1.,0.,0.,1.;                                       121P     90
110,25.,52.,18.,27.,52.,18.;                                         123P     91
126,1,1,1,0,1,0,0.,0.,1.,1.,1.,1.,0.,3.141592654,0.,0.,              125P     92
6.283185307,0.,0.,1.,0.,0.,1.;                                       125P     93
124,-6.12303176911189E-017,4.27569270827966E-031,-1.,46.5,           127P     94
-6.98296672221876E-015,-1.,0.,104.,-1.,6.98296672221876E-015,        127P     95
6.12303176911189E-017,46.4999999999996;                              127P     96
100,19.5,27.,52.,28.5,52.,25.5,52.;                                  129P     97
102,4,111,115,121,125;                                               131P     98
102,4,113,119,123,129;                                               133P     99
142,1,109,131,133,1;                                                 135P    100
144,109,1,0,135;                                                     137P    101
110,25.,52.,5.5,-975.,52.,5.5;                                       139P    102
110,27.,52.,7.,25.,52.,7.;                                           141P    103
120,139,141,0.,6.28318530717959;                                     143P    104
126,1,1,1,0,1,0,0.,0.,1.,1.,1.,1.,0.,6.283185307,0.,1.,              145P    105
6.283185307,0.,0.,1.,0.,0.,1.;                                       145P    106
110,27.,52.,7.,25.,52.,7.;                                           147P    107
126,1,1,1,0,1,0,0.,0.,1.,1.,1.,1.,1.,6.283185307,0.,1.,              149P    108
3.141592654,0.,0.,1.,0.,0.,1.;                                       149P    109
124,-6.12303176911189E-017,4.27569270827966E-031,1.,19.5,            151P    110
-6.98296672221876E-015,-1.,0.,104.,1.,-6.98296672221876E-015,        151P    111
6.12303176911189E-017,-19.4999999999996;                             151P    112
100,5.5,25.,52.,26.5,52.,23.5,52.;                                   153P    113
126,1,1,1,0,1,0,0.,0.,1.,1.,1.,1.,1.,3.141592654,0.,0.,              155P    114
3.141592654,0.,0.,1.,0.,0.,1.;                                       155P    115
110,25.,52.,4.,27.,52.,4.;                                           157P    116
126,1,1,1,0,1,0,0.,0.,1.,1.,1.,1.,0.,3.141592654,0.,0.,              159P    117
6.283185307,0.,0.,1.,0.,0.,1.;                                       159P    118
124,-6.12303176911189E-017,4.27569270827966E-031,-1.,32.5,           161P    119
-6.98296672221876E-015,-1.,0.,104.,-1.,6.98296672221876E-015,        161P    120
6.12303176911189E-017,32.4999999999996;                              161P    121
100,5.5,27.,52.,28.5,52.,25.5,52.;                                   163P    122
102,4,145,149,155,159;                                               165P    123
102,4,147,153,157,163;                                               167P    124
142,1,143,165,167,1;                                                 169P    125
144,143,1,0,169;                                                     171P    126
110,25.,45.,12.5,-975.,45.,12.5;                                     173P    127
110,27.,45.,14.,25.,45.,14.;                                         175P    128
120,173,175,0.,6.28318530717959;                                     177P    129
126,1,1,1,0,1,0,0.,0.,1.,1.,1.,1.,0.,6.283185307,0.,1.,              179P    130
6.283185307,0.,0.,1.,0.,0.,1.;                                       179P    131
110,27.,45.,14.,25.,45.,14.;                                         181P    132
126,1,1,1,0,1,0,0.,0.,1.,1.,1.,1.,1.,6.283185307,0.,1.,              183P    133
3.141592654,0.,0.,1.,0.,0.,1.;                                       183P    134
124,-6.12303176911189E-017,4.27569270827966E-031,1.,12.5,            185P    135
-6.98296672221876E-015,-1.,0.,90.0000000000002,1.,                   185P    136
-6.98296672221876E-015,6.12303176911189E-017,-12.4999999999997;      185P    137
100,12.5,25.,45.,26.5,45.,23.5,45.;                                  187P    138
126,1,1,1,0,1,0,0.,0.,1.,1.,1.,1.,1.,3.141592654,0.,0.,              189P    139
3.141592654,0.,0.,1.,0.,0.,1.;                                       189P    140
110,25.,45.,11.,27.,45.,11.;                                         191P    141
126,1,1,1,0,1,0,0.,0.,1.,1.,1.,1.,0.,3.141592654,0.,0.,              193P    142
6.283185307,0.,0.,1.,0.,0.,1.;                                       193P    143
124,-6.12303176911189E-017,4.27569270827966E-031,-1.,39.5,           195P    144
-6.98296672221876E-015,-1.,0.,90.0000000000002,-1.,                  195P    145
6.98296672221876E-015,6.12303176911189E-017,39.4999999999997;        195P    146
100,12.5,27.,45.,28.5,45.,25.5,45.;                                  197P    147
102,4,179,183,189,193;                                               199P    148
102,4,181,187,191,197;                                               201P    149
142,1,177,199,201,1;                                                 203P    150
144,177,1,0,203;                                                     205P    151
110,25.,52.,12.5,-975.,52.,12.5;                                     207P    152
110,27.,52.,16.5,25.,52.,16.5;                                       209P    153
120,207,209,0.,6.28318530717959;                                     211P    154
126,1,1,1,0,1,0,0.,0.,1.,1.,1.,1.,0.,6.283185307,0.,1.,              213P    155
6.283185307,0.,0.,1.,0.,0.,1.;                                       213P    156
110,27.,52.,16.5,25.,52.,16.5;                                       215P    157
126,1,1,1,0,1,0,0.,0.,1.,1.,1.,1.,1.,6.283185307,0.,1.,              217P    158
3.141592654,0.,0.,1.,0.,0.,1.;                                       217P    159
124,-6.12303176911189E-017,4.27569270827966E-031,1.,12.5,            219P    160
-6.98296672221876E-015,-1.,0.,104.,1.,-6.98296672221876E-015,        219P    161
6.12303176911189E-017,-12.4999999999996;                             219P    162
100,12.5,25.,52.,29.,52.,21.,52.;                                    221P    163
126,1,1,1,0,1,0,0.,0.,1.,1.,1.,1.,1.,3.141592654,0.,0.,              223P    164
3.141592654,0.,0.,1.,0.,0.,1.;                                       223P    165
110,25.,52.,8.5,27.,52.,8.5;                                         225P    166
126,1,1,1,0,1,0,0.,0.,1.,1.,1.,1.,0.,3.141592654,0.,0.,              227P    167
6.283185307,0.,0.,1.,0.,0.,1.;                                       227P    168
124,-6.12303176911189E-017,4.27569270827966E-031,-1.,39.5,           229P    169
-6.98296672221876E-015,-1.,0.,104.,-1.,6.98296672221876E-015,        229P    170
6.12303176911189E-017,39.4999999999996;                              229P    171
100,12.5,27.,52.,31.,52.,23.,52.;                                    231P    172
102,4,213,217,223,227;                                               233P    173
102,4,215,221,225,231;                                               235P    174
142,1,211,233,235,1;                                                 237P    175
144,211,1,0,237;                                                     239P    176
110,20.,2.,12.5,20.,1002.,12.5;                                      241P    177
110,20.,0.,14.,20.,2.,14.;                                           243P    178
120,241,243,0.,6.28318530717959;                                     245P    179
126,1,1,1,0,1,0,0.,0.,1.,1.,1.,1.,0.,6.283185307,0.,1.,              247P    180
6.283185307,0.,0.,1.,0.,0.,1.;                                       247P    181
110,20.,0.,14.,20.,2.,14.;                                           249P    182
126,1,1,1,0,1,0,0.,0.,1.,1.,1.,1.,1.,6.283185307,0.,1.,              251P    183
3.141592654,0.,0.,1.,0.,0.,1.;                                       251P    184
124,6.12303176911189E-017,-1.,0.,22.,6.12303176911189E-017,          253P    185
3.74915180455534E-033,-1.,14.5,1.,6.12303176911189E-017,             253P    186
6.12303176911189E-017,-7.5;                                          253P    187
100,12.5,20.,2.,21.5,2.,18.5,2.;                                     255P    188
126,1,1,1,0,1,0,0.,0.,1.,1.,1.,1.,1.,3.141592654,0.,0.,              257P    189
3.141592654,0.,0.,1.,0.,0.,1.;                                       257P    190
110,20.,2.,11.,20.,0.,11.;                                           259P    191
126,1,1,1,0,1,0,0.,0.,1.,1.,1.,1.,0.,3.141592654,0.,0.,              261P    192
6.283185307,0.,0.,1.,0.,0.,1.;                                       261P    193
124,6.12303176911189E-017,-1.,0.,20.,6.12303176911189E-017,          263P    194
3.74915180455534E-033,1.,-12.5,-1.,-6.12303176911189E-017,           263P    195
6.12303176911189E-017,32.5;                                          263P    196
100,12.5,20.,0.,21.5,0.,18.5,0.;                                     265P    197
102,4,247,251,257,261;                                               267P    198
102,4,249,255,259,265;                                               269P    199
142,1,245,267,269,1;                                                 271P    200
144,245,1,0,271;                                                     273P    201
110,-20.,2.,12.5,-20.,1002.,12.5;                                    275P    202
110,-20.,0.,14.,-20.,2.,14.;                                         277P    203
120,275,277,0.,6.28318530717959;                                     279P    204
126,1,1,1,0,1,0,0.,0.,1.,1.,1.,1.,0.,6.283185307,0.,1.,              281P    205
6.283185307,0.,0.,1.,0.,0.,1.;                                       281P    206
110,-20.,0.,14.,-20.,2.,14.;                                         283P    207
126,1,1,1,0,1,0,0.,0.,1.,1.,1.,1.,1.,6.283185307,0.,1.,              285P    208
3.141592654,0.,0.,1.,0.,0.,1.;                                       285P    209
124,6.12303176911189E-017,-1.,0.,-18.,6.12303176911189E-017,         287P    210
3.74915180455534E-033,-1.,14.5,1.,6.12303176911189E-017,             287P    211
6.12303176911189E-017,32.5;                                          287P    212
100,12.5,-20.,2.,-18.5,2.,-21.5,2.;                                  289P    213
126,1,1,1,0,1,0,0.,0.,1.,1.,1.,1.,1.,3.141592654,0.,0.,              291P    214
3.141592654,0.,0.,1.,0.,0.,1.;                                       291P    215
110,-20.,2.,11.,-20.,0.,11.;                                         293P    216
126,1,1,1,0,1,0,0.,0.,1.,1.,1.,1.,0.,3.141592654,0.,0.,              295P    217
6.283185307,0.,0.,1.,0.,0.,1.;                                       295P    218
124,6.12303176911189E-017,-1.,0.,-20.,6.12303176911189E-017,         297P    219
3.74915180455534E-033,1.,-12.5,-1.,-6.12303176911189E-017,           297P    220
6.12303176911189E-017,-7.5;                                          297P    221
100,12.5,-20.,0.,-18.5,0.,-21.5,0.;                                  299P    222
102,4,281,285,291,295;                                               301P    223
102,4,283,289,293,299;                                               303P    224
142,1,279,301,303,1;                                                 305P    225
144,279,1,0,305;                                                     307P    226
110,7.,2.,12.5,7.,1002.,12.5;                                        309P    227
110,7.,0.,14.,7.,2.,14.;                                             311P    228
120,309,311,0.,6.28318530717959;                                     313P    229
126,1,1,1,0,1,0,0.,0.,1.,1.,1.,1.,0.,6.283185307,0.,1.,              315P    230
6.283185307,0.,0.,1.,0.,0.,1.;                                       315P    231
110,7.,0.,14.,7.,2.,14.;                                             317P    232
126,1,1,1,0,1,0,0.,0.,1.,1.,1.,1.,1.,6.283185307,0.,1.,              319P    233
3.141592654,0.,0.,1.,0.,0.,1.;                                       319P    234
124,6.12303176911189E-017,-1.,0.,9.,6.12303176911189E-017,           321P    235
3.74915180455534E-033,-1.,14.5,1.,6.12303176911189E-017,             321P    236
6.12303176911189E-017,5.5;                                           321P    237
100,12.5,7.,2.,8.5,2.,5.5,2.;                                        323P    238
126,1,1,1,0,1,0,0.,0.,1.,1.,1.,1.,1.,3.141592654,0.,0.,              325P    239
3.141592654,0.,0.,1.,0.,0.,1.;                                       325P    240
110,7.,2.,11.,7.,0.,11.;                                             327P    241
126,1,1,1,0,1,0,0.,0.,1.,1.,1.,1.,0.,3.141592654,0.,0.,              329P    242
6.283185307,0.,0.,1.,0.,0.,1.;                                       329P    243
124,6.12303176911189E-017,-1.,0.,7.,6.12303176911189E-017,           331P    244
3.74915180455534E-033,1.,-12.5,-1.,-6.12303176911189E-017,           331P    245
6.12303176911189E-017,19.5;                                          331P    246
100,12.5,7.,0.,8.5,0.,5.5,0.;                                        333P    247
102,4,315,319,325,329;                                               335P    248
102,4,317,323,327,333;                                               337P    249
142,1,313,335,337,1;                                                 339P    250
144,313,1,0,339;                                                     341P    251
110,0.,2.,19.5,0.,1002.,19.5;                                        343P    252
110,0.,0.,21.,0.,2.,21.;                                             345P    253
120,343,345,0.,6.28318530717959;                                     347P    254
126,1,1,1,0,1,0,0.,0.,1.,1.,1.,1.,0.,6.283185307,0.,1.,              349P    255
6.283185307,0.,0.,1.,0.,0.,1.;                                       349P    256
110,0.,0.,21.,0.,2.,21.;                                             351P    257
126,1,1,1,0,1,0,0.,0.,1.,1.,1.,1.,1.,6.283185307,0.,1.,              353P    258
3.141592654,0.,0.,1.,0.,0.,1.;                                       353P    259
124,6.12303176911189E-017,-1.,0.,2.,6.12303176911189E-017,           355P    260
3.74915180455534E-033,-1.,21.5,1.,6.12303176911189E-017,             355P    261
6.12303176911189E-017,19.5;                                          355P    262
100,19.5,0.,2.,1.5,2.,-1.5,2.;                                       357P    263
126,1,1,1,0,1,0,0.,0.,1.,1.,1.,1.,1.,3.141592654,0.,0.,              359P    264
3.141592654,0.,0.,1.,0.,0.,1.;                                       359P    265
110,0.,2.,18.,0.,0.,18.;                                             361P    266
126,1,1,1,0,1,0,0.,0.,1.,1.,1.,1.,0.,3.141592654,0.,0.,              363P    267
6.283185307,0.,0.,1.,0.,0.,1.;                                       363P    268
124,6.12303176911189E-017,-1.,0.,-1.73472347597681E-015,             365P    269
6.12303176911189E-017,3.74915180455534E-033,1.,-19.5,-1.,            365P    270
-6.12303176911189E-017,6.12303176911189E-017,19.5;                   365P    271
100,19.5,0.,0.,1.5,0.,-1.5,0.;                                       367P    272
102,4,349,353,359,363;                                               369P    273
102,4,351,357,361,367;                                               371P    274
142,1,347,369,371,1;                                                 373P    275
144,347,1,0,373;                                                     375P    276
110,0.,2.,5.5,0.,1002.,5.5;                                          377P    277
110,0.,0.,7.,0.,2.,7.;                                               379P    278
120,377,379,0.,6.28318530717959;                                     381P    279
126,1,1,1,0,1,0,0.,0.,1.,1.,1.,1.,0.,6.283185307,0.,1.,              383P    280
6.283185307,0.,0.,1.,0.,0.,1.;                                       383P    281
110,0.,0.,7.,0.,2.,7.;                                               385P    282
126,1,1,1,0,1,0,0.,0.,1.,1.,1.,1.,1.,6.283185307,0.,1.,              387P    283
3.141592654,0.,0.,1.,0.,0.,1.;                                       387P    284
124,6.12303176911189E-017,-1.,0.,2.,6.12303176911189E-017,           389P    285
3.74915180455534E-033,-1.,7.5,1.,6.12303176911189E-017,              389P    286
6.12303176911189E-017,5.5;                                           389P    287
100,5.5,0.,2.,1.5,2.,-1.5,2.;                                        391P    288
126,1,1,1,0,1,0,0.,0.,1.,1.,1.,1.,1.,3.141592654,0.,0.,              393P    289
3.141592654,0.,0.,1.,0.,0.,1.;                                       393P    290
110,0.,2.,4.,0.,0.,4.;                                               395P    291
126,1,1,1,0,1,0,0.,0.,1.,1.,1.,1.,0.,3.141592654,0.,0.,              397P    292
6.283185307,0.,0.,1.,0.,0.,1.;                                       397P    293
124,6.12303176911189E-017,-1.,0.,-1.73472347597681E-015,             399P    294
6.12303176911189E-017,3.74915180455534E-033,1.,-5.5,-1.,             399P    295
-6.12303176911189E-017,6.12303176911189E-017,5.5;                    399P    296
100,5.5,0.,0.,1.5,0.,-1.5,0.;                                        401P    297
102,4,383,387,393,397;                                               403P    298
102,4,385,391,395,401;                                               405P    299
142,1,381,403,405,1;                                                 407P    300
144,381,1,0,407;                                                     409P    301
110,-7.,2.,12.5,-7.,1002.,12.5;                                      411P    302
110,-7.,0.,14.,-7.,2.,14.;                                           413P    303
120,411,413,0.,6.28318530717959;                                     415P    304
126,1,1,1,0,1,0,0.,0.,1.,1.,1.,1.,0.,6.283185307,0.,1.,              417P    305
6.283185307,0.,0.,1.,0.,0.,1.;                                       417P    306
110,-7.,0.,14.,-7.,2.,14.;                                           419P    307
126,1,1,1,0,1,0,0.,0.,1.,1.,1.,1.,1.,6.283185307,0.,1.,              421P    308
3.141592654,0.,0.,1.,0.,0.,1.;                                       421P    309
124,6.12303176911189E-017,-1.,0.,-5.,6.12303176911189E-017,          423P    310
3.74915180455534E-033,-1.,14.5,1.,6.12303176911189E-017,             423P    311
6.12303176911189E-017,19.5;                                          423P    312
100,12.5,-7.,2.,-5.5,2.,-8.5,2.;                                     425P    313
126,1,1,1,0,1,0,0.,0.,1.,1.,1.,1.,1.,3.141592654,0.,0.,              427P    314
3.141592654,0.,0.,1.,0.,0.,1.;                                       427P    315
110,-7.,2.,11.,-7.,0.,11.;                                           429P    316
126,1,1,1,0,1,0,0.,0.,1.,1.,1.,1.,0.,3.141592654,0.,0.,              431P    317
6.283185307,0.,0.,1.,0.,0.,1.;                                       431P    318
124,6.12303176911189E-017,-1.,0.,-7.,6.12303176911189E-017,          433P    319
3.74915180455534E-033,1.,-12.5,-1.,-6.12303176911189E-017,           433P    320
6.12303176911189E-017,5.5;                                           433P    321
100,12.5,-7.,0.,-5.5,0.,-8.5,0.;                                     435P    322
102,4,417,421,427,431;                                               437P    323
102,4,419,425,429,435;                                               439P    324
142,1,415,437,439,1;                                                 441P    325
144,415,1,0,441;                                                     443P    326
110,0.,2.,12.5,0.,1002.,12.5;                                        445P    327
110,0.,0.,16.5,0.,2.,16.5;                                           447P    328
120,445,447,0.,6.28318530717959;                                     449P    329
126,1,1,1,0,1,0,0.,0.,1.,1.,1.,1.,0.,6.283185307,0.,1.,              451P    330
6.283185307,0.,0.,1.,0.,0.,1.;                                       451P    331
110,0.,0.,16.5,0.,2.,16.5;                                           453P    332
126,1,1,1,0,1,0,0.,0.,1.,1.,1.,1.,1.,6.283185307,0.,1.,              455P    333
3.141592654,0.,0.,1.,0.,0.,1.;                                       455P    334
124,6.12303176911189E-017,-1.,0.,2.,6.12303176911189E-017,           457P    335
3.74915180455534E-033,-1.,14.5,1.,6.12303176911189E-017,             457P    336
6.12303176911189E-017,12.5;                                          457P    337
100,12.5,0.,2.,4.,2.,-4.,2.;                                         459P    338
126,1,1,1,0,1,0,0.,0.,1.,1.,1.,1.,1.,3.141592654,0.,0.,              461P    339
3.141592654,0.,0.,1.,0.,0.,1.;                                       461P    340
110,0.,2.,8.5,0.,0.,8.5;                                             463P    341
126,1,1,1,0,1,0,0.,0.,1.,1.,1.,1.,0.,3.141592654,0.,0.,              465P    342
6.283185307,0.,0.,1.,0.,0.,1.;                                       465P    343
124,6.12303176911189E-017,-1.,0.,-1.73472347597681E-015,             467P    344
6.12303176911189E-017,3.74915180455534E-033,1.,-12.5,-1.,            467P    345
-6.12303176911189E-017,6.12303176911189E-017,12.5;                   467P    346
100,12.5,0.,0.,4.,0.,-4.,0.;                                         469P    347
102,4,451,455,461,465;                                               471P    348
102,4,453,459,463,469;                                               473P    349
142,1,449,471,473,1;                                                 475P    350
144,449,1,0,475;                                                     477P    351
110,-27.,16.53,12.5,-1027.,16.53,12.5;                               479P    352
110,-25.,16.53,14.,-27.,16.53,14.;                                   481P    353
120,479,481,0.,6.28318530717959;                                     483P    354
126,1,1,1,0,1,0,0.,0.,1.,1.,1.,1.,0.,6.283185307,0.,1.,              485P    355
6.283185307,0.,0.,1.,0.,0.,1.;                                       485P    356
110,-25.,16.53,14.,-27.,16.53,14.;                                   487P    357
126,1,1,1,0,1,0,0.,0.,1.,1.,1.,1.,1.,6.283185307,0.,1.,              489P    358
3.141592654,0.,0.,1.,0.,0.,1.;                                       489P    359
124,-6.12303176911189E-017,4.27569270827966E-031,1.,-39.5,           491P    360
-6.98296672221876E-015,-1.,0.,33.0599999999998,1.,                   491P    361
-6.98296672221876E-015,6.12303176911189E-017,39.5000000000001;       491P    362
100,12.5,-27.,16.53,-25.5,16.53,-28.5,16.53;                         493P    363
126,1,1,1,0,1,0,0.,0.,1.,1.,1.,1.,1.,3.141592654,0.,0.,              495P    364
3.141592654,0.,0.,1.,0.,0.,1.;                                       495P    365
110,-27.,16.53,11.,-25.,16.53,11.;                                   497P    366
126,1,1,1,0,1,0,0.,0.,1.,1.,1.,1.,0.,3.141592654,0.,0.,              499P    367
6.283185307,0.,0.,1.,0.,0.,1.;                                       499P    368
124,-6.12303176911189E-017,4.27569270827966E-031,-1.,-12.5,          501P    369
-6.98296672221876E-015,-1.,0.,33.0599999999998,-1.,                  501P    370
6.98296672221876E-015,6.12303176911189E-017,-12.5000000000001;       501P    371
100,12.5,-25.,16.53,-23.5,16.53,-26.5,16.53;                         503P    372
102,4,485,489,495,499;                                               505P    373
102,4,487,493,497,503;                                               507P    374
142,1,483,505,507,1;                                                 509P    375
144,483,1,0,509;                                                     511P    376
110,-27.,33.4,12.5,-1027.,33.4,12.5;                                 513P    377
110,-25.,33.4,14.,-27.,33.4,14.;                                     515P    378
120,513,515,0.,6.28318530717959;                                     517P    379
126,1,1,1,0,1,0,0.,0.,1.,1.,1.,1.,0.,6.283185307,0.,1.,              519P    380
6.283185307,0.,0.,1.,0.,0.,1.;                                       519P    381
110,-25.,33.4,14.,-27.,33.4,14.;                                     521P    382
126,1,1,1,0,1,0,0.,0.,1.,1.,1.,1.,1.,6.283185307,0.,1.,              523P    383
3.141592654,0.,0.,1.,0.,0.,1.;                                       523P    384
124,-6.12303176911189E-017,4.27569270827966E-031,1.,-39.5,           525P    385
-6.98296672221876E-015,-1.,0.,66.7999999999998,1.,                   525P    386
-6.98296672221876E-015,6.12303176911189E-017,39.5000000000002;       525P    387
100,12.5,-27.,33.4,-25.5,33.4,-28.5,33.4;                            527P    388
126,1,1,1,0,1,0,0.,0.,1.,1.,1.,1.,1.,3.141592654,0.,0.,              529P    389
3.141592654,0.,0.,1.,0.,0.,1.;                                       529P    390
110,-27.,33.4,11.,-25.,33.4,11.;                                     531P    391
126,1,1,1,0,1,0,0.,0.,1.,1.,1.,1.,0.,3.141592654,0.,0.,              533P    392
6.283185307,0.,0.,1.,0.,0.,1.;                                       533P    393
124,-6.12303176911189E-017,4.27569270827966E-031,-1.,-12.5,          535P    394
-6.98296672221876E-015,-1.,0.,66.7999999999998,-1.,                  535P    395
6.98296672221876E-015,6.12303176911189E-017,-12.5000000000002;       535P    396
100,12.5,-25.,33.4,-23.5,33.4,-26.5,33.4;                            537P    397
102,4,519,523,529,533;                                               539P    398
102,4,521,527,531,537;                                               541P    399
142,1,517,539,541,1;                                                 543P    400
144,517,1,0,543;                                                     545P    401
110,-27.,59.,12.5,-1027.,59.,12.5;                                   547P    402
110,-25.,59.,14.,-27.,59.,14.;                                       549P    403
120,547,549,0.,6.28318530717959;                                     551P    404
126,1,1,1,0,1,0,0.,0.,1.,1.,1.,1.,0.,6.283185307,0.,1.,              553P    405
6.283185307,0.,0.,1.,0.,0.,1.;                                       553P    406
110,-25.,59.,14.,-27.,59.,14.;                                       555P    407
126,1,1,1,0,1,0,0.,0.,1.,1.,1.,1.,1.,6.283185307,0.,1.,              557P    408
3.141592654,0.,0.,1.,0.,0.,1.;                                       557P    409
124,-6.12303176911189E-017,4.27569270827966E-031,1.,-39.5,           559P    410
-6.98296672221876E-015,-1.,0.,118.,1.,-6.98296672221876E-015,        559P    411
6.12303176911189E-017,39.5000000000004;                              559P    412
100,12.5,-27.,59.,-25.5,59.,-28.5,59.;                               561P    413
126,1,1,1,0,1,0,0.,0.,1.,1.,1.,1.,1.,3.141592654,0.,0.,              563P    414
3.141592654,0.,0.,1.,0.,0.,1.;                                       563P    415
110,-27.,59.,11.,-25.,59.,11.;                                       565P    416
126,1,1,1,0,1,0,0.,0.,1.,1.,1.,1.,0.,3.141592654,0.,0.,              567P    417
6.283185307,0.,0.,1.,0.,0.,1.;                                       567P    418
124,-6.12303176911189E-017,4.27569270827966E-031,-1.,-12.5,          569P    419
-6.98296672221876E-015,-1.,0.,118.,-1.,6.98296672221876E-015,        569P    420
6.12303176911189E-017,-12.5000000000004;                             569P    421
100,12.5,-25.,59.,-23.5,59.,-26.5,59.;                               571P    422
102,4,553,557,563,567;                                               573P    423
102,4,555,561,565,571;                                               575P    424
142,1,551,573,575,1;                                                 577P    425
144,551,1,0,577;                                                     579P    426
110,-27.,52.,19.5,-1027.,52.,19.5;                                   581P    427
110,-25.,52.,21.,-27.,52.,21.;                                       583P    428
120,581,583,0.,6.28318530717959;                                     585P    429
126,1,1,1,0,1,0,0.,0.,1.,1.,1.,1.,0.,6.283185307,0.,1.,              587P    430
6.283185307,0.,0.,1.,0.,0.,1.;                                       587P    431
110,-25.,52.,21.,-27.,52.,21.;                                       589P    432
126,1,1,1,0,1,0,0.,0.,1.,1.,1.,1.,1.,6.283185307,0.,1.,              591P    433
3.141592654,0.,0.,1.,0.,0.,1.;                                       591P    434
124,-6.12303176911189E-017,4.27569270827966E-031,1.,-46.5,           593P    435
-6.98296672221876E-015,-1.,0.,104.,1.,-6.98296672221876E-015,        593P    436
6.12303176911189E-017,46.5000000000004;                              593P    437
100,19.5,-27.,52.,-25.5,52.,-28.5,52.;                               595P    438
126,1,1,1,0,1,0,0.,0.,1.,1.,1.,1.,1.,3.141592654,0.,0.,              597P    439
3.141592654,0.,0.,1.,0.,0.,1.;                                       597P    440
110,-27.,52.,18.,-25.,52.,18.;                                       599P    441
126,1,1,1,0,1,0,0.,0.,1.,1.,1.,1.,0.,3.141592654,0.,0.,              601P    442
6.283185307,0.,0.,1.,0.,0.,1.;                                       601P    443
124,-6.12303176911189E-017,4.27569270827966E-031,-1.,-5.5,           603P    444
-6.98296672221876E-015,-1.,0.,104.,-1.,6.98296672221876E-015,        603P    445
6.12303176911189E-017,-5.50000000000037;                             603P    446
100,19.5,-25.,52.,-23.5,52.,-26.5,52.;                               605P    447
102,4,587,591,597,601;                                               607P    448
102,4,589,595,599,605;                                               609P    449
142,1,585,607,609,1;                                                 611P    450
144,585,1,0,611;                                                     613P    451
110,-27.,52.,5.5,-1027.,52.,5.5;                                     615P    452
110,-25.,52.,7.,-27.,52.,7.;                                         617P    453
120,615,617,0.,6.28318530717959;                                     619P    454
126,1,1,1,0,1,0,0.,0.,1.,1.,1.,1.,0.,6.283185307,0.,1.,              621P    455
6.283185307,0.,0.,1.,0.,0.,1.;                                       621P    456
110,-25.,52.,7.,-27.,52.,7.;                                         623P    457
126,1,1,1,0,1,0,0.,0.,1.,1.,1.,1.,1.,6.283185307,0.,1.,              625P    458
3.141592654,0.,0.,1.,0.,0.,1.;                                       625P    459
124,-6.12303176911189E-017,4.27569270827966E-031,1.,-32.5,           627P    460
-6.98296672221876E-015,-1.,0.,104.,1.,-6.98296672221876E-015,        627P    461
6.12303176911189E-017,32.5000000000004;                              627P    462
100,5.5,-27.,52.,-25.5,52.,-28.5,52.;                                629P    463
126,1,1,1,0,1,0,0.,0.,1.,1.,1.,1.,1.,3.141592654,0.,0.,              631P    464
3.141592654,0.,0.,1.,0.,0.,1.;                                       631P    465
110,-27.,52.,4.,-25.,52.,4.;                                         633P    466
126,1,1,1,0,1,0,0.,0.,1.,1.,1.,1.,0.,3.141592654,0.,0.,              635P    467
6.283185307,0.,0.,1.,0.,0.,1.;                                       635P    468
124,-6.12303176911189E-017,4.27569270827966E-031,-1.,-19.5,          637P    469
-6.98296672221876E-015,-1.,0.,104.,-1.,6.98296672221876E-015,        637P    470
6.12303176911189E-017,-19.5000000000004;                             637P    471
100,5.5,-25.,52.,-23.5,52.,-26.5,52.;                                639P    472
102,4,621,625,631,635;                                               641P    473
102,4,623,629,633,639;                                               643P    474
142,1,619,641,643,1;                                                 645P    475
144,619,1,0,645;                                                     647P    476
110,-27.,45.,12.5,-1027.,45.,12.5;                                   649P    477
110,-25.,45.,14.,-27.,45.,14.;                                       651P    478
120,649,651,0.,6.28318530717959;                                     653P    479
126,1,1,1,0,1,0,0.,0.,1.,1.,1.,1.,0.,6.283185307,0.,1.,              655P    480
6.283185307,0.,0.,1.,0.,0.,1.;                                       655P    481
110,-25.,45.,14.,-27.,45.,14.;                                       657P    482
126,1,1,1,0,1,0,0.,0.,1.,1.,1.,1.,1.,6.283185307,0.,1.,              659P    483
3.141592654,0.,0.,1.,0.,0.,1.;                                       659P    484
124,-6.12303176911189E-017,4.27569270827966E-031,1.,-39.5,           661P    485
-6.98296672221876E-015,-1.,0.,89.9999999999998,1.,                   661P    486
-6.98296672221876E-015,6.12303176911189E-017,39.5000000000003;       661P    487
100,12.5,-27.,45.,-25.5,45.,-28.5,45.;                               663P    488
126,1,1,1,0,1,0,0.,0.,1.,1.,1.,1.,1.,3.141592654,0.,0.,              665P    489
3.141592654,0.,0.,1.,0.,0.,1.;                                       665P    490
110,-27.,45.,11.,-25.,45.,11.;                                       667P    491
126,1,1,1,0,1,0,0.,0.,1.,1.,1.,1.,0.,3.141592654,0.,0.,              669P    492
6.283185307,0.,0.,1.,0.,0.,1.;                                       669P    493
124,-6.12303176911189E-017,4.27569270827966E-031,-1.,-12.5,          671P    494
-6.98296672221876E-015,-1.,0.,89.9999999999998,-1.,                  671P    495
6.98296672221876E-015,6.12303176911189E-017,-12.5000000000003;       671P    496
100,12.5,-25.,45.,-23.5,45.,-26.5,45.;                               673P    497
102,4,655,659,665,669;                                               675P    498
102,4,657,663,667,673;                                               677P    499
142,1,653,675,677,1;                                                 679P    500
144,653,1,0,679;                                                     681P    501
110,-27.,52.,12.5,-1027.,52.,12.5;                                   683P    502
110,-25.,52.,16.5,-27.,52.,16.5;                                     685P    503
120,683,685,0.,6.28318530717959;                                     687P    504
126,1,1,1,0,1,0,0.,0.,1.,1.,1.,1.,0.,6.283185307,0.,1.,              689P    505
6.283185307,0.,0.,1.,0.,0.,1.;                                       689P    506
110,-25.,52.,16.5,-27.,52.,16.5;                                     691P    507
126,1,1,1,0,1,0,0.,0.,1.,1.,1.,1.,1.,6.283185307,0.,1.,              693P    508
3.141592654,0.,0.,1.,0.,0.,1.;                                       693P    509
124,-6.12303176911189E-017,4.27569270827966E-031,1.,-39.5,           695P    510
-6.98296672221876E-015,-1.,0.,104.,1.,-6.98296672221876E-015,        695P    511
6.12303176911189E-017,39.5000000000004;                              695P    512
100,12.5,-27.,52.,-23.,52.,-31.,52.;                                 697P    513
126,1,1,1,0,1,0,0.,0.,1.,1.,1.,1.,1.,3.141592654,0.,0.,              699P    514
3.141592654,0.,0.,1.,0.,0.,1.;                                       699P    515
110,-27.,52.,8.5,-25.,52.,8.5;                                       701P    516
126,1,1,1,0,1,0,0.,0.,1.,1.,1.,1.,0.,3.141592654,0.,0.,              703P    517
6.283185307,0.,0.,1.,0.,0.,1.;                                       703P    518
124,-6.12303176911189E-017,4.27569270827966E-031,-1.,-12.5,          705P    519
-6.98296672221876E-015,-1.,0.,104.,-1.,6.98296672221876E-015,        705P    520
6.12303176911189E-017,-12.5000000000004;                             705P    521
100,12.5,-25.,52.,-21.,52.,-29.,52.;                                 707P    522
102,4,689,693,699,703;                                               709P    523
102,4,691,697,701,707;                                               711P    524
142,1,687,709,711,1;                                                 713P    525
144,687,1,0,713;                                                     715P    526
128,1,1,1,1,0,0,1,0,0,0.,0.,1.,1.,0.,0.,1.,1.,1.,1.,1.,1.,-27.,      717P    527
2.,0.25,-27.,64.6235,0.25,-27.,2.,24.75,-27.,64.6235,24.75,0.,       717P    528
1.,0.,1.;                                                            717P    529
126,1,1,1,0,1,0,0.,0.,1.,1.,1.,1.,0.,0.,0.,0.798422318,0.,0.,        719P    530
0.,1.,0.,0.,1.;                                                      719P    531
110,-27.,2.,0.25,-27.,52.,0.25;                                      721P    532
126,32,2,1,0,1,0,0.,0.,0.,0.0625,0.0625,0.125,0.125,0.1875,          723P    533
0.1875,0.25,0.25,0.3125,0.3125,0.375,0.375,0.4375,0.4375,0.5,        723P    534
0.5,0.5625,0.5625,0.625,0.625,0.6875,0.6875,0.75,0.75,0.8125,        723P    535
0.8125,0.875,0.875,0.9375,0.9375,1.,1.,1.,1.,1.,1.,1.,1.,1.,1.,      723P    536
1.,1.,1.,1.,1.,1.,1.,1.,1.,1.,1.,1.,1.,1.,1.,1.,1.,1.,1.,1.,1.,      723P    537
1.,1.,1.,1.,1.,0.798422318,0.,0.,0.817688562,0.,0.,0.836584612,      723P    538
0.00960736,0.,0.855480661,0.01921472,0.,0.873280351,                 723P    539
0.038060234,0.,0.89108004,0.056905748,0.,0.907099337,                723P    540
0.084265194,0.,0.923118635,0.11162464,0.,0.936741927,                723P    541
0.146446609,0.,0.95036522,0.181268579,0.,0.961068972,                723P    542
0.222214883,0.,0.971772724,0.263161188,0.,0.979145597,               723P    543
0.308658284,0.,0.986518469,0.35415538,0.,0.990277127,                723P    544
0.402454839,0.,0.994035785,0.450754298,0.,0.994035785,0.5,0.,        723P    545
0.994035785,0.549245702,0.,0.990277127,0.597545161,0.,               723P    546
0.986518469,0.64584462,0.,0.979145597,0.691341716,0.,                723P    547
0.971772724,0.736838812,0.,0.961068972,0.777785117,0.,               723P    548
0.95036522,0.818731421,0.,0.936741927,0.853553391,0.,                723P    549
0.923118635,0.88837536,0.,0.907099337,0.915734806,0.,                723P    550
0.89108004,0.943094252,0.,0.873280351,0.961939766,0.,                723P    551
0.855480661,0.98078528,0.,0.836584612,0.99039264,0.,                 723P    552
0.817688562,1.,0.,0.798422318,1.,0.,0.,1.,0.,0.,-1.;                 723P    553
124,6.12303176911189E-017,0.,1.,-39.5,0.,1.,0.,0.,-1.,0.,            725P    554
6.12303176911189E-017,-14.5;                                         725P    555
100,12.5,-27.,52.,-14.75,52.,-39.25,52.;                             727P    556
126,1,1,1,0,1,0,0.,0.,1.,1.,1.,1.,0.798422318,1.,0.,0.,1.,0.,        729P    557
0.,1.,0.,0.,1.;                                                      729P    558
110,-27.,52.,24.75,-27.,2.,24.75;                                    731P    559
126,1,1,1,0,1,0,0.,0.,1.,1.,1.,1.,0.,1.,0.,0.,0.,0.,0.,1.,0.,        733P    560
0.,1.;                                                               733P    561
110,-27.,2.,24.75,-27.,2.,0.25;                                      735P    562
102,4,719,723,729,733;                                               737P    563
102,4,721,727,731,735;                                               739P    564
142,1,717,737,739,1;                                                 741P    565
126,32,2,1,0,1,0,0.,0.,0.,0.0625,0.0625,0.125,0.125,0.1875,          743P    566
0.1875,0.25,0.25,0.3125,0.3125,0.375,0.375,0.4375,0.4375,0.5,        743P    567
0.5,0.5625,0.5625,0.625,0.625,0.6875,0.6875,0.75,0.75,0.8125,        743P    568
0.8125,0.875,0.875,0.9375,0.9375,1.,1.,1.,1.,1.,1.,1.,1.,1.,1.,      743P    569
1.,1.,1.,1.,1.,1.,1.,1.,1.,1.,1.,1.,1.,1.,1.,1.,1.,1.,1.,1.,1.,      743P    570
1.,1.,1.,1.,1.,0.232021525,0.43877551,0.,0.229662393,                743P    571
0.43877551,0.,0.227348591,0.439951922,0.,0.225034789,                743P    572
0.441128333,0.,0.222855236,0.443435947,0.,0.220675682,               743P    573
0.445743561,0.,0.218714135,0.449093697,0.,0.216752589,               743P    574
0.452443833,0.,0.21508443,0.456707748,0.,0.213416272,                743P    575
0.460971663,0.,0.212105609,0.465985496,0.,0.210794945,               743P    576
0.470999329,0.,0.209892144,0.476570402,0.,0.208989344,               743P    577
0.482141475,0.,0.2085291,0.488055695,0.,0.208068856,                 743P    578
0.493969914,0.,0.208068856,0.5,0.,0.208068856,0.506030086,0.,        743P    579
0.2085291,0.511944305,0.,0.208989344,0.517858525,0.,                 743P    580
0.209892144,0.523429598,0.,0.210794945,0.529000671,0.,               743P    581
0.212105609,0.534014504,0.,0.213416272,0.539028337,0.,               743P    582
0.21508443,0.543292252,0.,0.216752589,0.547556167,0.,                743P    583
0.218714135,0.550906303,0.,0.220675682,0.554256439,0.,               743P    584
0.222855236,0.556564053,0.,0.225034789,0.558871667,0.,               743P    585
0.227348591,0.560048078,0.,0.229662393,0.56122449,0.,                743P    586
0.232021525,0.56122449,0.,0.,1.,0.,0.,1.;                            743P    587
124,-6.12303176911189E-017,4.27569270827966E-031,-1.,-14.5,          745P    588
-6.98296672221876E-015,-1.,0.,33.0599999999998,-1.,                  745P    589
6.98296672221876E-015,6.12303176911189E-017,-14.5000000000001;       745P    590
100,12.5,-27.,16.53,-25.5,16.53,-28.5,16.53;                         747P    591
126,32,2,1,0,1,0,0.,0.,0.,0.0625,0.0625,0.125,0.125,0.1875,          749P    592
0.1875,0.25,0.25,0.3125,0.3125,0.375,0.375,0.4375,0.4375,0.5,        749P    593
0.5,0.5625,0.5625,0.625,0.625,0.6875,0.6875,0.75,0.75,0.8125,        749P    594
0.8125,0.875,0.875,0.9375,0.9375,1.,1.,1.,1.,1.,1.,1.,1.,1.,1.,      749P    595
1.,1.,1.,1.,1.,1.,1.,1.,1.,1.,1.,1.,1.,1.,1.,1.,1.,1.,1.,1.,1.,      749P    596
1.,1.,1.,1.,1.,0.232021525,0.56122449,0.,0.234380658,                749P    597
0.56122449,0.,0.236694459,0.560048078,0.,0.239008261,                749P    598
0.558871667,0.,0.241187815,0.556564053,0.,0.243367369,               749P    599
0.554256439,0.,0.245328916,0.550906303,0.,0.247290462,               749P    600
0.547556167,0.,0.248958621,0.543292252,0.,0.250626779,               749P    601
0.539028337,0.,0.251937442,0.534014504,0.,0.253248106,               749P    602
0.529000671,0.,0.254150907,0.523429598,0.,0.255053707,               749P    603
0.517858525,0.,0.255513951,0.511944305,0.,0.255974195,               749P    604
0.506030086,0.,0.255974195,0.5,0.,0.255974195,0.493969914,0.,        749P    605
0.255513951,0.488055695,0.,0.255053707,0.482141475,0.,               749P    606
0.254150907,0.476570402,0.,0.253248106,0.470999329,0.,               749P    607
0.251937442,0.465985496,0.,0.250626779,0.460971663,0.,               749P    608
0.248958621,0.456707748,0.,0.247290462,0.452443833,0.,               749P    609
0.245328916,0.449093697,0.,0.243367369,0.445743561,0.,               749P    610
0.241187815,0.443435947,0.,0.239008261,0.441128333,0.,               749P    611
0.236694459,0.439951922,0.,0.234380658,0.43877551,0.,                749P    612
0.232021525,0.43877551,0.,0.,1.,0.,0.,1.;                            749P    613
124,6.12303176911189E-017,0.,-1.,-14.5,0.,1.,0.,0.,1.,0.,            751P    614
6.12303176911189E-017,39.5;                                          751P    615
100,12.5,-27.,16.53,-25.5,16.53,-28.5,16.53;                         753P    616
102,2,743,749;                                                       755P    617
102,2,747,753;                                                       757P    618
142,1,717,755,757,1;                                                 759P    619
126,32,2,1,0,1,0,0.,0.,0.,0.0625,0.0625,0.125,0.125,0.1875,          761P    620
0.1875,0.25,0.25,0.3125,0.3125,0.375,0.375,0.4375,0.4375,0.5,        761P    621
0.5,0.5625,0.5625,0.625,0.625,0.6875,0.6875,0.75,0.75,0.8125,        761P    622
0.8125,0.875,0.875,0.9375,0.9375,1.,1.,1.,1.,1.,1.,1.,1.,1.,1.,      761P    623
1.,1.,1.,1.,1.,1.,1.,1.,1.,1.,1.,1.,1.,1.,1.,1.,1.,1.,1.,1.,1.,      761P    624
1.,1.,1.,1.,1.,0.501409215,0.43877551,0.,0.499050083,                761P    625
0.43877551,0.,0.496736281,0.439951922,0.,0.494422479,                761P    626
0.441128333,0.,0.492242926,0.443435947,0.,0.490063372,               761P    627
0.445743561,0.,0.488101825,0.449093697,0.,0.486140279,               761P    628
0.452443833,0.,0.48447212,0.456707748,0.,0.482803962,                761P    629
0.460971663,0.,0.481493299,0.465985496,0.,0.480182635,               761P    630
0.470999329,0.,0.479279834,0.476570402,0.,0.478377034,               761P    631
0.482141475,0.,0.47791679,0.488055695,0.,0.477456546,                761P    632
0.493969914,0.,0.477456546,0.5,0.,0.477456546,0.506030086,0.,        761P    633
0.47791679,0.511944305,0.,0.478377034,0.517858525,0.,                761P    634
0.479279834,0.523429598,0.,0.480182635,0.529000671,0.,               761P    635
0.481493299,0.534014504,0.,0.482803962,0.539028337,0.,               761P    636
0.48447212,0.543292252,0.,0.486140279,0.547556167,0.,                761P    637
0.488101825,0.550906303,0.,0.490063372,0.554256439,0.,               761P    638
0.492242926,0.556564053,0.,0.494422479,0.558871667,0.,               761P    639
0.496736281,0.560048078,0.,0.499050083,0.56122449,0.,                761P    640
0.501409215,0.56122449,0.,0.,1.,0.,0.,1.;                            761P    641
124,-6.12303176911189E-017,4.27569270827966E-031,-1.,-14.5,          763P    642
-6.98296672221876E-015,-1.,0.,66.7999999999998,-1.,                  763P    643
6.98296672221876E-015,6.12303176911189E-017,-14.5000000000002;       763P    644
100,12.5,-27.,33.4,-25.5,33.4,-28.5,33.4;                            765P    645
126,32,2,1,0,1,0,0.,0.,0.,0.0625,0.0625,0.125,0.125,0.1875,          767P    646
0.1875,0.25,0.25,0.3125,0.3125,0.375,0.375,0.4375,0.4375,0.5,        767P    647
0.5,0.5625,0.5625,0.625,0.625,0.6875,0.6875,0.75,0.75,0.8125,        767P    648
0.8125,0.875,0.875,0.9375,0.9375,1.,1.,1.,1.,1.,1.,1.,1.,1.,1.,      767P    649
1.,1.,1.,1.,1.,1.,1.,1.,1.,1.,1.,1.,1.,1.,1.,1.,1.,1.,1.,1.,1.,      767P    650
1.,1.,1.,1.,1.,0.501409215,0.56122449,0.,0.503768347,                767P    651
0.56122449,0.,0.506082149,0.560048078,0.,0.508395951,                767P    652
0.558871667,0.,0.510575505,0.556564053,0.,0.512755059,               767P    653
0.554256439,0.,0.514716606,0.550906303,0.,0.516678152,               767P    654
0.547556167,0.,0.51834631,0.543292252,0.,0.520014469,                767P    655
0.539028337,0.,0.521325132,0.534014504,0.,0.522635796,               767P    656
0.529000671,0.,0.523538597,0.523429598,0.,0.524441397,               767P    657
0.517858525,0.,0.524901641,0.511944305,0.,0.525361885,               767P    658
0.506030086,0.,0.525361885,0.5,0.,0.525361885,0.493969914,0.,        767P    659
0.524901641,0.488055695,0.,0.524441397,0.482141475,0.,               767P    660
0.523538597,0.476570402,0.,0.522635796,0.470999329,0.,               767P    661
0.521325132,0.465985496,0.,0.520014469,0.460971663,0.,               767P    662
0.51834631,0.456707748,0.,0.516678152,0.452443833,0.,                767P    663
0.514716606,0.449093697,0.,0.512755059,0.445743561,0.,               767P    664
0.510575505,0.443435947,0.,0.508395951,0.441128333,0.,               767P    665
0.506082149,0.439951922,0.,0.503768347,0.43877551,0.,                767P    666
0.501409215,0.43877551,0.,0.,1.,0.,0.,1.;                            767P    667
124,6.12303176911189E-017,0.,-1.,-14.5,0.,1.,0.,0.,1.,0.,            769P    668
6.12303176911189E-017,39.5;                                          769P    669
100,12.5,-27.,33.4,-25.5,33.4,-28.5,33.4;                            771P    670
102,2,761,767;                                                       773P    671
102,2,765,771;                                                       775P    672
142,1,717,773,775,1;                                                 777P    673
126,32,2,1,0,1,0,0.,0.,0.,0.0625,0.0625,0.125,0.125,0.1875,          779P    674
0.1875,0.25,0.25,0.3125,0.3125,0.375,0.375,0.4375,0.4375,0.5,        779P    675
0.5,0.5625,0.5625,0.625,0.625,0.6875,0.6875,0.75,0.75,0.8125,        779P    676
0.8125,0.875,0.875,0.9375,0.9375,1.,1.,1.,1.,1.,1.,1.,1.,1.,1.,      779P    677
1.,1.,1.,1.,1.,1.,1.,1.,1.,1.,1.,1.,1.,1.,1.,1.,1.,1.,1.,1.,1.,      779P    678
1.,1.,1.,1.,1.,0.910201442,0.43877551,0.,0.90784231,0.43877551,      779P    679
0.,0.905528508,0.439951922,0.,0.903214706,0.441128333,0.,            779P    680
0.901035152,0.443435947,0.,0.898855598,0.445743561,0.,               779P    681
0.896894052,0.449093697,0.,0.894932505,0.452443833,0.,               779P    682
0.893264347,0.456707748,0.,0.891596189,0.460971663,0.,               779P    683
0.890285525,0.465985496,0.,0.888974862,0.470999329,0.,               779P    684
0.888072061,0.476570402,0.,0.88716926,0.482141475,0.,                779P    685
0.886709016,0.488055695,0.,0.886248772,0.493969914,0.,               779P    686
0.886248772,0.5,0.,0.886248772,0.506030086,0.,0.886709016,           779P    687
0.511944305,0.,0.88716926,0.517858525,0.,0.888072061,                779P    688
0.523429598,0.,0.888974862,0.529000671,0.,0.890285525,               779P    689
0.534014504,0.,0.891596189,0.539028337,0.,0.893264347,               779P    690
0.543292252,0.,0.894932505,0.547556167,0.,0.896894052,               779P    691
0.550906303,0.,0.898855598,0.554256439,0.,0.901035152,               779P    692
0.556564053,0.,0.903214706,0.558871667,0.,0.905528508,               779P    693
0.560048078,0.,0.90784231,0.56122449,0.,0.910201442,0.56122449,      779P    694
0.,0.,1.,0.,0.,1.;                                                   779P    695
124,-6.12303176911189E-017,4.27569270827966E-031,-1.,-14.5,          781P    696
-6.98296672221876E-015,-1.,0.,118.,-1.,6.98296672221876E-015,        781P    697
6.12303176911189E-017,-14.5000000000004;                             781P    698
100,12.5,-27.,59.,-25.5,59.,-28.5,59.;                               783P    699
126,32,2,1,0,1,0,0.,0.,0.,0.0625,0.0625,0.125,0.125,0.1875,          785P    700
0.1875,0.25,0.25,0.3125,0.3125,0.375,0.375,0.4375,0.4375,0.5,        785P    701
0.5,0.5625,0.5625,0.625,0.625,0.6875,0.6875,0.75,0.75,0.8125,        785P    702
0.8125,0.875,0.875,0.9375,0.9375,1.,1.,1.,1.,1.,1.,1.,1.,1.,1.,      785P    703
1.,1.,1.,1.,1.,1.,1.,1.,1.,1.,1.,1.,1.,1.,1.,1.,1.,1.,1.,1.,1.,      785P    704
1.,1.,1.,1.,1.,0.910201442,0.56122449,0.,0.912560574,                785P    705
0.56122449,0.,0.914874376,0.560048078,0.,0.917188178,                785P    706
0.558871667,0.,0.919367732,0.556564053,0.,0.921547286,               785P    707
0.554256439,0.,0.923508832,0.550906303,0.,0.925470379,               785P    708
0.547556167,0.,0.927138537,0.543292252,0.,0.928806695,               785P    709
0.539028337,0.,0.930117359,0.534014504,0.,0.931428022,               785P    710
0.529000671,0.,0.932330823,0.523429598,0.,0.933233624,               785P    711
0.517858525,0.,0.933693868,0.511944305,0.,0.934154111,               785P    712
0.506030086,0.,0.934154111,0.5,0.,0.934154111,0.493969914,0.,        785P    713
0.933693868,0.488055695,0.,0.933233624,0.482141475,0.,               785P    714
0.932330823,0.476570402,0.,0.931428022,0.470999329,0.,               785P    715
0.930117359,0.465985496,0.,0.928806695,0.460971663,0.,               785P    716
0.927138537,0.456707748,0.,0.925470379,0.452443833,0.,               785P    717
0.923508832,0.449093697,0.,0.921547286,0.445743561,0.,               785P    718
0.919367732,0.443435947,0.,0.917188178,0.441128333,0.,               785P    719
0.914874376,0.439951922,0.,0.912560574,0.43877551,0.,                785P    720
0.910201442,0.43877551,0.,0.,1.,0.,0.,1.;                            785P    721
124,6.12303176911189E-017,0.,-1.,-14.5,0.,1.,0.,0.,1.,0.,            787P    722
6.12303176911189E-017,39.5;                                          787P    723
100,12.5,-27.,59.,-25.5,59.,-28.5,59.;                               789P    724
102,2,779,785;                                                       791P    725
102,2,783,789;                                                       793P    726
142,1,717,791,793,1;                                                 795P    727
126,32,2,1,0,1,0,0.,0.,0.,0.0625,0.0625,0.125,0.125,0.1875,          797P    728
0.1875,0.25,0.25,0.3125,0.3125,0.375,0.375,0.4375,0.4375,0.5,        797P    729
0.5,0.5625,0.5625,0.625,0.625,0.6875,0.6875,0.75,0.75,0.8125,        797P    730
0.8125,0.875,0.875,0.9375,0.9375,1.,1.,1.,1.,1.,1.,1.,1.,1.,1.,      797P    731
1.,1.,1.,1.,1.,1.,1.,1.,1.,1.,1.,1.,1.,1.,1.,1.,1.,1.,1.,1.,1.,      797P    732
1.,1.,1.,1.,1.,0.798422318,0.724489796,0.,0.796063185,               797P    733
0.724489796,0.,0.793749383,0.725666207,0.,0.791435582,               797P    734
0.726842619,0.,0.789256028,0.729150233,0.,0.787076474,               797P    735
0.731457847,0.,0.785114927,0.734807983,0.,0.783153381,               797P    736
0.738158119,0.,0.781485222,0.742422034,0.,0.779817064,               797P    737
0.746685948,0.,0.778506401,0.751699782,0.,0.777195737,               797P    738
0.756713615,0.,0.776292936,0.762284688,0.,0.775390136,               797P    739
0.767855761,0.,0.774929892,0.77376998,0.,0.774469648,0.7796842,      797P    740
0.,0.774469648,0.785714286,0.,0.774469648,0.791744372,0.,            797P    741
0.774929892,0.797658591,0.,0.775390136,0.803572811,0.,               797P    742
0.776292936,0.809143884,0.,0.777195737,0.814714957,0.,               797P    743
0.778506401,0.81972879,0.,0.779817064,0.824742623,0.,                797P    744
0.781485222,0.829006538,0.,0.783153381,0.833270452,0.,               797P    745
0.785114927,0.836620589,0.,0.787076474,0.839970725,0.,               797P    746
0.789256028,0.842278339,0.,0.791435582,0.844585953,0.,               797P    747
0.793749383,0.845762364,0.,0.796063185,0.846938776,0.,               797P    748
0.798422318,0.846938776,0.,0.,1.,0.,0.,1.;                           797P    749
124,-6.12303176911189E-017,4.27569270827966E-031,-1.,-7.5,           799P    750
-6.98296672221876E-015,-1.,0.,104.,-1.,6.98296672221876E-015,        799P    751
6.12303176911189E-017,-7.50000000000036;                             799P    752
100,19.5,-27.,52.,-25.5,52.,-28.5,52.;                               801P    753
126,32,2,1,0,1,0,0.,0.,0.,0.0625,0.0625,0.125,0.125,0.1875,          803P    754
0.1875,0.25,0.25,0.3125,0.3125,0.375,0.375,0.4375,0.4375,0.5,        803P    755
0.5,0.5625,0.5625,0.625,0.625,0.6875,0.6875,0.75,0.75,0.8125,        803P    756
0.8125,0.875,0.875,0.9375,0.9375,1.,1.,1.,1.,1.,1.,1.,1.,1.,1.,      803P    757
1.,1.,1.,1.,1.,1.,1.,1.,1.,1.,1.,1.,1.,1.,1.,1.,1.,1.,1.,1.,1.,      803P    758
1.,1.,1.,1.,1.,0.798422318,0.846938776,0.,0.80078145,                803P    759
0.846938776,0.,0.803095252,0.845762364,0.,0.805409053,               803P    760
0.844585953,0.,0.807588607,0.842278339,0.,0.809768161,               803P    761
0.839970725,0.,0.811729708,0.836620589,0.,0.813691254,               803P    762
0.833270452,0.,0.815359413,0.829006538,0.,0.817027571,               803P    763
0.824742623,0.,0.818338234,0.81972879,0.,0.819648898,                803P    764
0.814714957,0.,0.820551699,0.809143884,0.,0.821454499,               803P    765
0.803572811,0.,0.821914743,0.797658591,0.,0.822374987,               803P    766
0.791744372,0.,0.822374987,0.785714286,0.,0.822374987,               803P    767
0.7796842,0.,0.821914743,0.77376998,0.,0.821454499,0.767855761,      803P    768
0.,0.820551699,0.762284688,0.,0.819648898,0.756713615,0.,            803P    769
0.818338234,0.751699782,0.,0.817027571,0.746685948,0.,               803P    770
0.815359413,0.742422034,0.,0.813691254,0.738158119,0.,               803P    771
0.811729708,0.734807983,0.,0.809768161,0.731457847,0.,               803P    772
0.807588607,0.729150233,0.,0.805409053,0.726842619,0.,               803P    773
0.803095252,0.725666207,0.,0.80078145,0.724489796,0.,                803P    774
0.798422318,0.724489796,0.,0.,1.,0.,0.,1.;                           803P    775
124,6.12303176911189E-017,0.,-1.,-7.5,0.,1.,0.,0.,1.,0.,             805P    776
6.12303176911189E-017,46.5;                                          805P    777
100,19.5,-27.,52.,-25.5,52.,-28.5,52.;                               807P    778
102,2,797,803;                                                       809P    779
102,2,801,807;                                                       811P    780
142,1,717,809,811,1;                                                 813P    781
126,32,2,1,0,1,0,0.,0.,0.,0.0625,0.0625,0.125,0.125,0.1875,          815P    782
0.1875,0.25,0.25,0.3125,0.3125,0.375,0.375,0.4375,0.4375,0.5,        815P    783
0.5,0.5625,0.5625,0.625,0.625,0.6875,0.6875,0.75,0.75,0.8125,        815P    784
0.8125,0.875,0.875,0.9375,0.9375,1.,1.,1.,1.,1.,1.,1.,1.,1.,1.,      815P    785
1.,1.,1.,1.,1.,1.,1.,1.,1.,1.,1.,1.,1.,1.,1.,1.,1.,1.,1.,1.,1.,      815P    786
1.,1.,1.,1.,1.,0.798422318,0.153061224,0.,0.796063185,               815P    787
0.153061224,0.,0.793749383,0.154237636,0.,0.791435582,               815P    788
0.155414047,0.,0.789256028,0.157721661,0.,0.787076474,               815P    789
0.160029275,0.,0.785114927,0.163379411,0.,0.783153381,               815P    790
0.166729548,0.,0.781485222,0.170993462,0.,0.779817064,               815P    791
0.175257377,0.,0.778506401,0.18027121,0.,0.777195737,                815P    792
0.185285043,0.,0.776292936,0.190856116,0.,0.775390136,               815P    793
0.196427189,0.,0.774929892,0.202341409,0.,0.774469648,               815P    794
0.208255628,0.,0.774469648,0.214285714,0.,0.774469648,               815P    795
0.2203158,0.,0.774929892,0.22623002,0.,0.775390136,0.232144239,      815P    796
0.,0.776292936,0.237715312,0.,0.777195737,0.243286385,0.,            815P    797
0.778506401,0.248300218,0.,0.779817064,0.253314052,0.,               815P    798
0.781485222,0.257577966,0.,0.783153381,0.261841881,0.,               815P    799
0.785114927,0.265192017,0.,0.787076474,0.268542153,0.,               815P    800
0.789256028,0.270849767,0.,0.791435582,0.273157381,0.,               815P    801
0.793749383,0.274333793,0.,0.796063185,0.275510204,0.,               815P    802
0.798422318,0.275510204,0.,0.,1.,0.,0.,1.;                           815P    803
124,-6.12303176911189E-017,4.27569270827966E-031,-1.,-21.5,          817P    804
-6.98296672221876E-015,-1.,0.,104.,-1.,6.98296672221876E-015,        817P    805
6.12303176911189E-017,-21.5000000000004;                             817P    806
100,5.5,-27.,52.,-25.5,52.,-28.5,52.;                                819P    807
126,32,2,1,0,1,0,0.,0.,0.,0.0625,0.0625,0.125,0.125,0.1875,          821P    808
0.1875,0.25,0.25,0.3125,0.3125,0.375,0.375,0.4375,0.4375,0.5,        821P    809
0.5,0.5625,0.5625,0.625,0.625,0.6875,0.6875,0.75,0.75,0.8125,        821P    810
0.8125,0.875,0.875,0.9375,0.9375,1.,1.,1.,1.,1.,1.,1.,1.,1.,1.,      821P    811
1.,1.,1.,1.,1.,1.,1.,1.,1.,1.,1.,1.,1.,1.,1.,1.,1.,1.,1.,1.,1.,      821P    812
1.,1.,1.,1.,1.,0.798422318,0.275510204,0.,0.80078145,                821P    813
0.275510204,0.,0.803095252,0.274333793,0.,0.805409053,               821P    814
0.273157381,0.,0.807588607,0.270849767,0.,0.809768161,               821P    815
0.268542153,0.,0.811729708,0.265192017,0.,0.813691254,               821P    816
0.261841881,0.,0.815359413,0.257577966,0.,0.817027571,               821P    817
0.253314052,0.,0.818338234,0.248300218,0.,0.819648898,               821P    818
0.243286385,0.,0.820551699,0.237715312,0.,0.821454499,               821P    819
0.232144239,0.,0.821914743,0.22623002,0.,0.822374987,0.2203158,      821P    820
0.,0.822374987,0.214285714,0.,0.822374987,0.208255628,0.,            821P    821
0.821914743,0.202341409,0.,0.821454499,0.196427189,0.,               821P    822
0.820551699,0.190856116,0.,0.819648898,0.185285043,0.,               821P    823
0.818338234,0.18027121,0.,0.817027571,0.175257377,0.,                821P    824
0.815359413,0.170993462,0.,0.813691254,0.166729548,0.,               821P    825
0.811729708,0.163379411,0.,0.809768161,0.160029275,0.,               821P    826
0.807588607,0.157721661,0.,0.805409053,0.155414047,0.,               821P    827
0.803095252,0.154237636,0.,0.80078145,0.153061224,0.,                821P    828
0.798422318,0.153061224,0.,0.,1.,0.,0.,1.;                           821P    829
124,6.12303176911189E-017,0.,-1.,-21.5,0.,1.,0.,0.,1.,0.,            823P    830
6.12303176911189E-017,32.5;                                          823P    831
100,5.5,-27.,52.,-25.5,52.,-28.5,52.;                                825P    832
102,2,815,821;                                                       827P    833
102,2,819,825;                                                       829P    834
142,1,717,827,829,1;                                                 831P    835
126,32,2,1,0,1,0,0.,0.,0.,0.0625,0.0625,0.125,0.125,0.1875,          833P    836
0.1875,0.25,0.25,0.3125,0.3125,0.375,0.375,0.4375,0.4375,0.5,        833P    837
0.5,0.5625,0.5625,0.625,0.625,0.6875,0.6875,0.75,0.75,0.8125,        833P    838
0.8125,0.875,0.875,0.9375,0.9375,1.,1.,1.,1.,1.,1.,1.,1.,1.,1.,      833P    839
1.,1.,1.,1.,1.,1.,1.,1.,1.,1.,1.,1.,1.,1.,1.,1.,1.,1.,1.,1.,1.,      833P    840
1.,1.,1.,1.,1.,0.686643193,0.43877551,0.,0.684284061,                833P    841
0.43877551,0.,0.681970259,0.439951922,0.,0.679656457,                833P    842
0.441128333,0.,0.677476903,0.443435947,0.,0.675297349,               833P    843
0.445743561,0.,0.673335803,0.449093697,0.,0.671374256,               833P    844
0.452443833,0.,0.669706098,0.456707748,0.,0.66803794,                833P    845
0.460971663,0.,0.666727276,0.465985496,0.,0.665416613,               833P    846
0.470999329,0.,0.664513812,0.476570402,0.,0.663611011,               833P    847
0.482141475,0.,0.663150767,0.488055695,0.,0.662690524,               833P    848
0.493969914,0.,0.662690524,0.5,0.,0.662690524,0.506030086,0.,        833P    849
0.663150767,0.511944305,0.,0.663611011,0.517858525,0.,               833P    850
0.664513812,0.523429598,0.,0.665416613,0.529000671,0.,               833P    851
0.666727276,0.534014504,0.,0.66803794,0.539028337,0.,                833P    852
0.669706098,0.543292252,0.,0.671374256,0.547556167,0.,               833P    853
0.673335803,0.550906303,0.,0.675297349,0.554256439,0.,               833P    854
0.677476903,0.556564053,0.,0.679656457,0.558871667,0.,               833P    855
0.681970259,0.560048078,0.,0.684284061,0.56122449,0.,                833P    856
0.686643193,0.56122449,0.,0.,1.,0.,0.,1.;                            833P    857
124,-6.12303176911189E-017,4.27569270827966E-031,-1.,-14.5,          835P    858
-6.98296672221876E-015,-1.,0.,89.9999999999998,-1.,                  835P    859
6.98296672221876E-015,6.12303176911189E-017,-14.5000000000003;       835P    860
100,12.5,-27.,45.,-25.5,45.,-28.5,45.;                               837P    861
126,32,2,1,0,1,0,0.,0.,0.,0.0625,0.0625,0.125,0.125,0.1875,          839P    862
0.1875,0.25,0.25,0.3125,0.3125,0.375,0.375,0.4375,0.4375,0.5,        839P    863
0.5,0.5625,0.5625,0.625,0.625,0.6875,0.6875,0.75,0.75,0.8125,        839P    864
0.8125,0.875,0.875,0.9375,0.9375,1.,1.,1.,1.,1.,1.,1.,1.,1.,1.,      839P    865
1.,1.,1.,1.,1.,1.,1.,1.,1.,1.,1.,1.,1.,1.,1.,1.,1.,1.,1.,1.,1.,      839P    866
1.,1.,1.,1.,1.,0.686643193,0.56122449,0.,0.689002325,                839P    867
0.56122449,0.,0.691316127,0.560048078,0.,0.693629929,                839P    868
0.558871667,0.,0.695809483,0.556564053,0.,0.697989037,               839P    869
0.554256439,0.,0.699950583,0.550906303,0.,0.70191213,                839P    870
0.547556167,0.,0.703580288,0.543292252,0.,0.705248446,               839P    871
0.539028337,0.,0.70655911,0.534014504,0.,0.707869773,                839P    872
0.529000671,0.,0.708772574,0.523429598,0.,0.709675375,               839P    873
0.517858525,0.,0.710135619,0.511944305,0.,0.710595863,               839P    874
0.506030086,0.,0.710595863,0.5,0.,0.710595863,0.493969914,0.,        839P    875
0.710135619,0.488055695,0.,0.709675375,0.482141475,0.,               839P    876
0.708772574,0.476570402,0.,0.707869773,0.470999329,0.,               839P    877
0.70655911,0.465985496,0.,0.705248446,0.460971663,0.,                839P    878
0.703580288,0.456707748,0.,0.70191213,0.452443833,0.,                839P    879
0.699950583,0.449093697,0.,0.697989037,0.445743561,0.,               839P    880
0.695809483,0.443435947,0.,0.693629929,0.441128333,0.,               839P    881
0.691316127,0.439951922,0.,0.689002325,0.43877551,0.,                839P    882
0.686643193,0.43877551,0.,0.,1.,0.,0.,1.;                            839P    883
124,6.12303176911189E-017,0.,-1.,-14.5,0.,1.,0.,0.,1.,0.,            841P    884
6.12303176911189E-017,39.5;                                          841P    885
100,12.5,-27.,45.,-25.5,45.,-28.5,45.;                               843P    886
102,2,833,839;                                                       845P    887
102,2,837,843;                                                       847P    888
142,1,717,845,847,1;                                                 849P    889
126,32,2,1,0,1,0,0.,0.,0.,0.0625,0.0625,0.125,0.125,0.1875,          851P    890
0.1875,0.25,0.25,0.3125,0.3125,0.375,0.375,0.4375,0.4375,0.5,        851P    891
0.5,0.5625,0.5625,0.625,0.625,0.6875,0.6875,0.75,0.75,0.8125,        851P    892
0.8125,0.875,0.875,0.9375,0.9375,1.,1.,1.,1.,1.,1.,1.,1.,1.,1.,      851P    893
1.,1.,1.,1.,1.,1.,1.,1.,1.,1.,1.,1.,1.,1.,1.,1.,1.,1.,1.,1.,1.,      851P    894
1.,1.,1.,1.,1.,0.798422318,0.336734694,0.,0.792131299,               851P    895
0.336734694,0.,0.78596116,0.339871791,0.,0.779791022,                851P    896
0.343008888,0.,0.773978878,0.349162525,0.,0.768166735,               851P    897
0.355316163,0.,0.762935944,0.364249859,0.,0.757705153,               851P    898
0.373183556,0.,0.753256731,0.384553995,0.,0.748808309,               851P    899
0.395924434,0.,0.745313206,0.409294656,0.,0.741818103,               851P    900
0.422664878,0.,0.739410635,0.437521072,0.,0.737003166,               851P    901
0.452377267,0.,0.735775849,0.468148519,0.,0.734548532,               851P    902
0.483919771,0.,0.734548532,0.5,0.,0.734548532,0.516080229,0.,        851P    903
0.735775849,0.531851481,0.,0.737003166,0.547622733,0.,               851P    904
0.739410635,0.562478928,0.,0.741818103,0.577335122,0.,               851P    905
0.745313206,0.590705344,0.,0.748808309,0.604075566,0.,               851P    906
0.753256731,0.615446005,0.,0.757705153,0.626816444,0.,               851P    907
0.762935944,0.635750141,0.,0.768166735,0.644683837,0.,               851P    908
0.773978878,0.650837475,0.,0.779791022,0.656991112,0.,               851P    909
0.78596116,0.660128209,0.,0.792131299,0.663265306,0.,                851P    910
0.798422318,0.663265306,0.,0.,1.,0.,0.,1.;                           851P    911
124,-6.12303176911189E-017,4.27569270827966E-031,-1.,-14.5,          853P    912
-6.98296672221876E-015,-1.,0.,104.,-1.,6.98296672221876E-015,        853P    913
6.12303176911189E-017,-14.5000000000004;                             853P    914
100,12.5,-27.,52.,-23.,52.,-31.,52.;                                 855P    915
126,32,2,1,0,1,0,0.,0.,0.,0.0625,0.0625,0.125,0.125,0.1875,          857P    916
0.1875,0.25,0.25,0.3125,0.3125,0.375,0.375,0.4375,0.4375,0.5,        857P    917
0.5,0.5625,0.5625,0.625,0.625,0.6875,0.6875,0.75,0.75,0.8125,        857P    918
0.8125,0.875,0.875,0.9375,0.9375,1.,1.,1.,1.,1.,1.,1.,1.,1.,1.,      857P    919
1.,1.,1.,1.,1.,1.,1.,1.,1.,1.,1.,1.,1.,1.,1.,1.,1.,1.,1.,1.,1.,      857P    920
1.,1.,1.,1.,1.,0.798422318,0.663265306,0.,0.804713336,               857P    921
0.663265306,0.,0.810883475,0.660128209,0.,0.817053613,               857P    922
0.656991112,0.,0.822865757,0.650837475,0.,0.8286779,                 857P    923
0.644683837,0.,0.833908691,0.635750141,0.,0.839139482,               857P    924
0.626816444,0.,0.843587904,0.615446005,0.,0.848036326,               857P    925
0.604075566,0.,0.851531429,0.590705344,0.,0.855026532,               857P    926
0.577335122,0.,0.857434,0.562478928,0.,0.859841469,0.547622733,      857P    927
0.,0.861068786,0.531851481,0.,0.862296103,0.516080229,0.,            857P    928
0.862296103,0.5,0.,0.862296103,0.483919771,0.,0.861068786,           857P    929
0.468148519,0.,0.859841469,0.452377267,0.,0.857434,0.437521072,      857P    930
0.,0.855026532,0.422664878,0.,0.851531429,0.409294656,0.,            857P    931
0.848036326,0.395924434,0.,0.843587904,0.384553995,0.,               857P    932
0.839139482,0.373183556,0.,0.833908691,0.364249859,0.,               857P    933
0.8286779,0.355316163,0.,0.822865757,0.349162525,0.,                 857P    934
0.817053613,0.343008888,0.,0.810883475,0.339871791,0.,               857P    935
0.804713336,0.336734694,0.,0.798422318,0.336734694,0.,0.,1.,0.,      857P    936
0.,1.;                                                               857P    937
124,6.12303176911189E-017,0.,-1.,-14.5,0.,1.,0.,0.,1.,0.,            859P    938
6.12303176911189E-017,39.5;                                          859P    939
100,12.5,-27.,52.,-23.,52.,-31.,52.;                                 861P    940
102,2,851,857;                                                       863P    941
102,2,855,861;                                                       865P    942
142,1,717,863,865,1;                                                 867P    943
144,717,1,7,741,759,777,795,813,831,849,867;                         869P    944
110,-25.,2.,0.25,-25.,2.,1000.25;                                    871P    945
110,-23.,2.,0.25,-23.,2.,24.75;                                      873P    946
120,871,873,0.,6.28318530717959;                                     875P    947
126,1,1,1,0,1,0,0.,0.,1.,1.,1.,1.,0.,4.71238898,0.,1.,               877P    948
4.71238898,0.,0.,1.,0.,0.,1.;                                        877P    949
110,-25.000000001,0.,0.25,-25.000000001,0.,24.75;                    879P    950
126,1,1,1,0,1,0,0.,0.,1.,1.,1.,1.,1.,4.71238898,0.,1.,               881P    951
3.141592654,0.,0.,1.,0.,0.,1.;                                       881P    952
124,-1.41496243975109E-014,-1.,0.,-23.0000000000004,-1.,             883P    953
1.41496243975109E-014,6.98296672221876E-015,-23.0000000000002,       883P    954
-6.98296672221876E-015,9.88063562997132E-029,-1.,                    883P    955
49.4999999999998;                                                    883P    956
100,24.75,-25.,2.,-23.,2.000000001,-25.,4.;                          885P    957
126,1,1,1,0,1,0,0.,0.,1.,1.,1.,1.,1.,3.141592654,0.,0.,              887P    958
3.141592654,0.,0.,1.,0.,0.,1.;                                       887P    959
110,-27.,2.,24.75,-27.,2.,0.25;                                      889P    960
126,1,1,1,0,1,0,0.,0.,1.,1.,1.,1.,0.,3.141592654,0.,0.,              891P    961
4.71238898,0.,0.,1.,0.,0.,1.;                                        891P    962
100,0.25,-25.,2.,-27.,2.,-25.000000001,0.;                           893P    963
102,4,877,881,887,891;                                               895P    964
102,4,879,885,889,893;                                               897P    965
142,1,875,895,897,1;                                                 899P    966
144,875,1,0,899;                                                     901P    967
128,1,1,1,1,0,0,1,0,0,0.,0.,1.,1.,0.,0.,1.,1.,1.,1.,1.,1.,25.,       903P    968
0.,0.25,-25.000000001,0.,0.25,25.,0.,24.75,-25.000000001,0.,         903P    969
24.75,0.,1.,0.,1.;                                                   903P    970
126,1,1,1,0,1,0,0.,0.,1.,1.,1.,1.,0.,0.,0.,1.,0.,0.,0.,1.,0.,        905P    971
0.,1.;                                                               905P    972
110,25.,0.,0.25,-25.000000001,0.,0.25;                               907P    973
126,1,1,1,0,1,0,0.,0.,1.,1.,1.,1.,1.,0.,0.,1.,1.,0.,0.,1.,0.,        909P    974
0.,1.;                                                               909P    975
110,-25.000000001,0.,0.25,-25.000000001,0.,24.75;                    911P    976
126,1,1,1,0,1,0,0.,0.,1.,1.,1.,1.,1.,1.,0.,0.,1.,0.,0.,1.,0.,        913P    977
0.,1.;                                                               913P    978
110,-25.000000001,0.,24.75,25.,0.,24.75;                             915P    979
126,1,1,1,0,1,0,0.,0.,1.,1.,1.,1.,0.,1.,0.,0.,0.,0.,0.,1.,0.,        917P    980
0.,1.;                                                               917P    981
110,25.,0.,24.75,25.,0.,0.25;                                        919P    982
102,4,905,909,913,917;                                               921P    983
102,4,907,911,915,919;                                               923P    984
142,1,903,921,923,1;                                                 925P    985
126,32,2,1,0,1,0,0.,0.,0.,0.0625,0.0625,0.125,0.125,0.1875,          927P    986
0.1875,0.25,0.25,0.3125,0.3125,0.375,0.375,0.4375,0.4375,0.5,        927P    987
0.5,0.5625,0.5625,0.625,0.625,0.6875,0.6875,0.75,0.75,0.8125,        927P    988
0.8125,0.875,0.875,0.9375,0.9375,1.,1.,1.,1.,1.,1.,1.,1.,1.,1.,      927P    989
1.,1.,1.,1.,1.,1.,1.,1.,1.,1.,1.,1.,1.,1.,1.,1.,1.,1.,1.,1.,1.,      927P    990
1.,1.,1.,1.,1.,0.1,0.56122449,0.,0.102954742,0.56122449,0.,          927P    991
0.10585271,0.560048078,0.,0.108750677,0.558871667,0.,                927P    992
0.111480503,0.556564053,0.,0.114210329,0.554256439,0.,               927P    993
0.116667107,0.550906303,0.,0.119123885,0.547556167,0.,               927P    994
0.121213203,0.543292252,0.,0.123302522,0.539028337,0.,               927P    995
0.124944088,0.534014504,0.,0.126585655,0.529000671,0.,               927P    996
0.127716386,0.523429598,0.,0.128847117,0.517858525,0.,               927P    997
0.129423558,0.511944305,0.,0.13,0.506030086,0.,0.13,0.5,0.,          927P    998
0.13,0.493969914,0.,0.129423558,0.488055695,0.,0.128847117,          927P    999
0.482141475,0.,0.127716386,0.476570402,0.,0.126585655,               927P   1000
0.470999329,0.,0.124944088,0.465985496,0.,0.123302522,               927P   1001
0.460971663,0.,0.121213203,0.456707748,0.,0.119123885,               927P   1002
0.452443833,0.,0.116667107,0.449093697,0.,0.114210329,               927P   1003
0.445743561,0.,0.111480503,0.443435947,0.,0.108750677,               927P   1004
0.441128333,0.,0.10585271,0.439951922,0.,0.102954742,                927P   1005
0.43877551,0.,0.1,0.43877551,0.,0.,1.,0.,0.,1.;                      927P   1006
124,6.12303176911189E-017,-1.,0.,20.,6.12303176911189E-017,          929P   1007
3.74915180455534E-033,-1.,12.5,1.,6.12303176911189E-017,             929P   1008
6.12303176911189E-017,-7.5;                                          929P   1009
100,12.5,20.,0.,21.5,0.,18.5,0.;                                     931P   1010
126,32,2,1,0,1,0,0.,0.,0.,0.0625,0.0625,0.125,0.125,0.1875,          933P   1011
0.1875,0.25,0.25,0.3125,0.3125,0.375,0.375,0.4375,0.4375,0.5,        933P   1012
0.5,0.5625,0.5625,0.625,0.625,0.6875,0.6875,0.75,0.75,0.8125,        933P   1013
0.8125,0.875,0.875,0.9375,0.9375,1.,1.,1.,1.,1.,1.,1.,1.,1.,1.,      933P   1014
1.,1.,1.,1.,1.,1.,1.,1.,1.,1.,1.,1.,1.,1.,1.,1.,1.,1.,1.,1.,1.,      933P   1015
1.,1.,1.,1.,1.,0.1,0.43877551,0.,0.097045258,0.43877551,0.,          933P   1016
0.09414729,0.439951922,0.,0.091249323,0.441128333,0.,                933P   1017
0.088519497,0.443435947,0.,0.085789671,0.445743561,0.,               933P   1018
0.083332893,0.449093697,0.,0.080876115,0.452443833,0.,               933P   1019
0.078786797,0.456707748,0.,0.076697478,0.460971663,0.,               933P   1020
0.075055912,0.465985496,0.,0.073414345,0.470999329,0.,               933P   1021
0.072283614,0.476570402,0.,0.071152883,0.482141475,0.,               933P   1022
0.070576442,0.488055695,0.,0.07,0.493969914,0.,0.07,0.5,0.,          933P   1023
0.07,0.506030086,0.,0.070576442,0.511944305,0.,0.071152883,          933P   1024
0.517858525,0.,0.072283614,0.523429598,0.,0.073414345,               933P   1025
0.529000671,0.,0.075055912,0.534014504,0.,0.076697478,               933P   1026
0.539028337,0.,0.078786797,0.543292252,0.,0.080876115,               933P   1027
0.547556167,0.,0.083332893,0.550906303,0.,0.085789671,               933P   1028
0.554256439,0.,0.088519497,0.556564053,0.,0.091249323,               933P   1029
0.558871667,0.,0.09414729,0.560048078,0.,0.097045258,                933P   1030
0.56122449,0.,0.1,0.56122449,0.,0.,1.,0.,0.,1.;                      933P   1031
124,1.40271637621286E-014,1.,0.,19.9999999999997,                    935P   1032
-6.12303176911189E-017,8.58887693460487E-031,-1.,12.5,-1.,           935P   1033
1.40271637621286E-014,6.12303176911189E-017,32.5;                    935P   1034
100,12.5,20.,0.,21.5,0.,18.5,0.;                                     937P   1035
102,2,927,933;                                                       939P   1036
102,2,931,937;                                                       941P   1037
142,1,903,939,941,1;                                                 943P   1038
126,32,2,1,0,1,0,0.,0.,0.,0.0625,0.0625,0.125,0.125,0.1875,          945P   1039
0.1875,0.25,0.25,0.3125,0.3125,0.375,0.375,0.4375,0.4375,0.5,        945P   1040
0.5,0.5625,0.5625,0.625,0.625,0.6875,0.6875,0.75,0.75,0.8125,        945P   1041
0.8125,0.875,0.875,0.9375,0.9375,1.,1.,1.,1.,1.,1.,1.,1.,1.,1.,      945P   1042
1.,1.,1.,1.,1.,1.,1.,1.,1.,1.,1.,1.,1.,1.,1.,1.,1.,1.,1.,1.,1.,      945P   1043
1.,1.,1.,1.,1.,0.9,0.56122449,0.,0.902954742,0.56122449,0.,          945P   1044
0.90585271,0.560048078,0.,0.908750677,0.558871667,0.,                945P   1045
0.911480503,0.556564053,0.,0.914210329,0.554256439,0.,               945P   1046
0.916667107,0.550906303,0.,0.919123885,0.547556167,0.,               945P   1047
0.921213203,0.543292252,0.,0.923302522,0.539028337,0.,               945P   1048
0.924944088,0.534014504,0.,0.926585655,0.529000671,0.,               945P   1049
0.927716386,0.523429598,0.,0.928847117,0.517858525,0.,               945P   1050
0.929423558,0.511944305,0.,0.93,0.506030086,0.,0.93,0.5,0.,          945P   1051
0.93,0.493969914,0.,0.929423558,0.488055695,0.,0.928847117,          945P   1052
0.482141475,0.,0.927716386,0.476570402,0.,0.926585655,               945P   1053
0.470999329,0.,0.924944088,0.465985496,0.,0.923302522,               945P   1054
0.460971663,0.,0.921213203,0.456707748,0.,0.919123885,               945P   1055
0.452443833,0.,0.916667107,0.449093697,0.,0.914210329,               945P   1056
0.445743561,0.,0.911480503,0.443435947,0.,0.908750677,               945P   1057
0.441128333,0.,0.90585271,0.439951922,0.,0.902954742,                945P   1058
0.43877551,0.,0.9,0.43877551,0.,0.,1.,0.,0.,1.;                      945P   1059
124,6.12303176911189E-017,-1.,0.,-20.,6.12303176911189E-017,         947P   1060
3.74915180455534E-033,-1.,12.5,1.,6.12303176911189E-017,             947P   1061
6.12303176911189E-017,32.5;                                          947P   1062
100,12.5,-20.,0.,-18.5,0.,-21.5,0.;                                  949P   1063
126,32,2,1,0,1,0,0.,0.,0.,0.0625,0.0625,0.125,0.125,0.1875,          951P   1064
0.1875,0.25,0.25,0.3125,0.3125,0.375,0.375,0.4375,0.4375,0.5,        951P   1065
0.5,0.5625,0.5625,0.625,0.625,0.6875,0.6875,0.75,0.75,0.8125,        951P   1066
0.8125,0.875,0.875,0.9375,0.9375,1.,1.,1.,1.,1.,1.,1.,1.,1.,1.,      951P   1067
1.,1.,1.,1.,1.,1.,1.,1.,1.,1.,1.,1.,1.,1.,1.,1.,1.,1.,1.,1.,1.,      951P   1068
1.,1.,1.,1.,1.,0.9,0.43877551,0.,0.897045258,0.43877551,0.,          951P   1069
0.89414729,0.439951922,0.,0.891249323,0.441128333,0.,                951P   1070
0.888519497,0.443435947,0.,0.885789671,0.445743561,0.,               951P   1071
0.883332893,0.449093697,0.,0.880876115,0.452443833,0.,               951P   1072
0.878786797,0.456707748,0.,0.876697478,0.460971663,0.,               951P   1073
0.875055912,0.465985496,0.,0.873414345,0.470999329,0.,               951P   1074
0.872283614,0.476570402,0.,0.871152883,0.482141475,0.,               951P   1075
0.870576442,0.488055695,0.,0.87,0.493969914,0.,0.87,0.5,0.,          951P   1076
0.87,0.506030086,0.,0.870576442,0.511944305,0.,0.871152883,          951P   1077
0.517858525,0.,0.872283614,0.523429598,0.,0.873414345,               951P   1078
0.529000671,0.,0.875055912,0.534014504,0.,0.876697478,               951P   1079
0.539028337,0.,0.878786797,0.543292252,0.,0.880876115,               951P   1080
0.547556167,0.,0.883332893,0.550906303,0.,0.885789671,               951P   1081
0.554256439,0.,0.888519497,0.556564053,0.,0.891249323,               951P   1082
0.558871667,0.,0.89414729,0.560048078,0.,0.897045258,                951P   1083
0.56122449,0.,0.9,0.56122449,0.,0.,1.,0.,0.,1.;                      951P   1084
124,1.40271637621286E-014,1.,0.,-19.9999999999997,                   953P   1085
-6.12303176911189E-017,8.58887693460487E-031,-1.,12.5,-1.,           953P   1086
1.40271637621286E-014,6.12303176911189E-017,-7.5;                    953P   1087
100,12.5,-20.,0.,-18.5,0.,-21.5,0.;                                  955P   1088
102,2,945,951;                                                       957P   1089
102,2,949,955;                                                       959P   1090
142,1,903,957,959,1;                                                 961P   1091
126,32,2,1,0,1,0,0.,0.,0.,0.0625,0.0625,0.125,0.125,0.1875,          963P   1092
0.1875,0.25,0.25,0.3125,0.3125,0.375,0.375,0.4375,0.4375,0.5,        963P   1093
0.5,0.5625,0.5625,0.625,0.625,0.6875,0.6875,0.75,0.75,0.8125,        963P   1094
0.8125,0.875,0.875,0.9375,0.9375,1.,1.,1.,1.,1.,1.,1.,1.,1.,1.,      963P   1095
1.,1.,1.,1.,1.,1.,1.,1.,1.,1.,1.,1.,1.,1.,1.,1.,1.,1.,1.,1.,1.,      963P   1096
1.,1.,1.,1.,1.,0.36,0.56122449,0.,0.362954742,0.56122449,0.,         963P   1097
0.36585271,0.560048078,0.,0.368750677,0.558871667,0.,                963P   1098
0.371480503,0.556564053,0.,0.374210329,0.554256439,0.,               963P   1099
0.376667107,0.550906303,0.,0.379123885,0.547556167,0.,               963P   1100
0.381213203,0.543292252,0.,0.383302522,0.539028337,0.,               963P   1101
0.384944088,0.534014504,0.,0.386585655,0.529000671,0.,               963P   1102
0.387716386,0.523429598,0.,0.388847117,0.517858525,0.,               963P   1103
0.389423558,0.511944305,0.,0.39,0.506030086,0.,0.39,0.5,0.,          963P   1104
0.39,0.493969914,0.,0.389423558,0.488055695,0.,0.388847117,          963P   1105
0.482141475,0.,0.387716386,0.476570402,0.,0.386585655,               963P   1106
0.470999329,0.,0.384944088,0.465985496,0.,0.383302522,               963P   1107
0.460971663,0.,0.381213203,0.456707748,0.,0.379123885,               963P   1108
0.452443833,0.,0.376667107,0.449093697,0.,0.374210329,               963P   1109
0.445743561,0.,0.371480503,0.443435947,0.,0.368750677,               963P   1110
0.441128333,0.,0.36585271,0.439951922,0.,0.362954742,                963P   1111
0.43877551,0.,0.36,0.43877551,0.,0.,1.,0.,0.,1.;                     963P   1112
124,6.12303176911189E-017,-1.,0.,7.,6.12303176911189E-017,           965P   1113
3.74915180455534E-033,-1.,12.5,1.,6.12303176911189E-017,             965P   1114
6.12303176911189E-017,5.5;                                           965P   1115
100,12.5,7.,0.,8.5,0.,5.5,0.;                                        967P   1116
126,32,2,1,0,1,0,0.,0.,0.,0.0625,0.0625,0.125,0.125,0.1875,          969P   1117
0.1875,0.25,0.25,0.3125,0.3125,0.375,0.375,0.4375,0.4375,0.5,        969P   1118
0.5,0.5625,0.5625,0.625,0.625,0.6875,0.6875,0.75,0.75,0.8125,        969P   1119
0.8125,0.875,0.875,0.9375,0.9375,1.,1.,1.,1.,1.,1.,1.,1.,1.,1.,      969P   1120
1.,1.,1.,1.,1.,1.,1.,1.,1.,1.,1.,1.,1.,1.,1.,1.,1.,1.,1.,1.,1.,      969P   1121
1.,1.,1.,1.,1.,0.36,0.43877551,0.,0.357045258,0.43877551,0.,         969P   1122
0.35414729,0.439951922,0.,0.351249323,0.441128333,0.,                969P   1123
0.348519497,0.443435947,0.,0.345789671,0.445743561,0.,               969P   1124
0.343332893,0.449093697,0.,0.340876115,0.452443833,0.,               969P   1125
0.338786797,0.456707748,0.,0.336697478,0.460971663,0.,               969P   1126
0.335055912,0.465985496,0.,0.333414345,0.470999329,0.,               969P   1127
0.332283614,0.476570402,0.,0.331152883,0.482141475,0.,               969P   1128
0.330576442,0.488055695,0.,0.33,0.493969914,0.,0.33,0.5,0.,          969P   1129
0.33,0.506030086,0.,0.330576442,0.511944305,0.,0.331152883,          969P   1130
0.517858525,0.,0.332283614,0.523429598,0.,0.333414345,               969P   1131
0.529000671,0.,0.335055912,0.534014504,0.,0.336697478,               969P   1132
0.539028337,0.,0.338786797,0.543292252,0.,0.340876115,               969P   1133
0.547556167,0.,0.343332893,0.550906303,0.,0.345789671,               969P   1134
0.554256439,0.,0.348519497,0.556564053,0.,0.351249323,               969P   1135
0.558871667,0.,0.35414729,0.560048078,0.,0.357045258,                969P   1136
0.56122449,0.,0.36,0.56122449,0.,0.,1.,0.,0.,1.;                     969P   1137
124,1.40271637621286E-014,1.,0.,6.9999999999999,                     971P   1138
-6.12303176911189E-017,8.58887693460487E-031,-1.,12.5,-1.,           971P   1139
1.40271637621286E-014,6.12303176911189E-017,19.5;                    971P   1140
100,12.5,7.,0.,8.5,0.,5.5,0.;                                        973P   1141
102,2,963,969;                                                       975P   1142
102,2,967,973;                                                       977P   1143
142,1,903,975,977,1;                                                 979P   1144
126,32,2,1,0,1,0,0.,0.,0.,0.0625,0.0625,0.125,0.125,0.1875,          981P   1145
0.1875,0.25,0.25,0.3125,0.3125,0.375,0.375,0.4375,0.4375,0.5,        981P   1146
0.5,0.5625,0.5625,0.625,0.625,0.6875,0.6875,0.75,0.75,0.8125,        981P   1147
0.8125,0.875,0.875,0.9375,0.9375,1.,1.,1.,1.,1.,1.,1.,1.,1.,1.,      981P   1148
1.,1.,1.,1.,1.,1.,1.,1.,1.,1.,1.,1.,1.,1.,1.,1.,1.,1.,1.,1.,1.,      981P   1149
1.,1.,1.,1.,1.,0.5,0.846938776,0.,0.502954742,0.846938776,0.,        981P   1150
0.50585271,0.845762364,0.,0.508750677,0.844585953,0.,                981P   1151
0.511480503,0.842278339,0.,0.514210329,0.839970725,0.,               981P   1152
0.516667107,0.836620589,0.,0.519123885,0.833270452,0.,               981P   1153
0.521213203,0.829006538,0.,0.523302522,0.824742623,0.,               981P   1154
0.524944088,0.81972879,0.,0.526585655,0.814714957,0.,                981P   1155
0.527716386,0.809143884,0.,0.528847117,0.803572811,0.,               981P   1156
0.529423558,0.797658591,0.,0.53,0.791744372,0.,0.53,                 981P   1157
0.785714286,0.,0.53,0.7796842,0.,0.529423558,0.77376998,0.,          981P   1158
0.528847117,0.767855761,0.,0.527716386,0.762284688,0.,               981P   1159
0.526585655,0.756713615,0.,0.524944088,0.751699782,0.,               981P   1160
0.523302522,0.746685948,0.,0.521213203,0.742422034,0.,               981P   1161
0.519123885,0.738158119,0.,0.516667107,0.734807983,0.,               981P   1162
0.514210329,0.731457847,0.,0.511480503,0.729150233,0.,               981P   1163
0.508750677,0.726842619,0.,0.50585271,0.725666207,0.,                981P   1164
0.502954742,0.724489796,0.,0.5,0.724489796,0.,0.,1.,0.,0.,1.;        981P   1165
124,6.12303176911189E-017,-1.,0.,-1.73472347597681E-015,             983P   1166
6.12303176911189E-017,3.74915180455534E-033,-1.,19.5,1.,             983P   1167
6.12303176911189E-017,6.12303176911189E-017,19.5;                    983P   1168
100,19.5,0.,0.,1.5,0.,-1.5,0.;                                       985P   1169
126,32,2,1,0,1,0,0.,0.,0.,0.0625,0.0625,0.125,0.125,0.1875,          987P   1170
0.1875,0.25,0.25,0.3125,0.3125,0.375,0.375,0.4375,0.4375,0.5,        987P   1171
0.5,0.5625,0.5625,0.625,0.625,0.6875,0.6875,0.75,0.75,0.8125,        987P   1172
0.8125,0.875,0.875,0.9375,0.9375,1.,1.,1.,1.,1.,1.,1.,1.,1.,1.,      987P   1173
1.,1.,1.,1.,1.,1.,1.,1.,1.,1.,1.,1.,1.,1.,1.,1.,1.,1.,1.,1.,1.,      987P   1174
1.,1.,1.,1.,1.,0.5,0.724489796,0.,0.497045258,0.724489796,0.,        987P   1175
0.49414729,0.725666207,0.,0.491249323,0.726842619,0.,                987P   1176
0.488519497,0.729150233,0.,0.485789671,0.731457847,0.,               987P   1177
0.483332893,0.734807983,0.,0.480876115,0.738158119,0.,               987P   1178
0.478786797,0.742422034,0.,0.476697478,0.746685948,0.,               987P   1179
0.475055912,0.751699782,0.,0.473414345,0.756713615,0.,               987P   1180
0.472283614,0.762284688,0.,0.471152883,0.767855761,0.,               987P   1181
0.470576442,0.77376998,0.,0.47,0.7796842,0.,0.47,0.785714286,        987P   1182
0.,0.47,0.791744372,0.,0.470576442,0.797658591,0.,0.471152883,       987P   1183
0.803572811,0.,0.472283614,0.809143884,0.,0.473414345,               987P   1184
0.814714957,0.,0.475055912,0.81972879,0.,0.476697478,                987P   1185
0.824742623,0.,0.478786797,0.829006538,0.,0.480876115,               987P   1186
0.833270452,0.,0.483332893,0.836620589,0.,0.485789671,               987P   1187
0.839970725,0.,0.488519497,0.842278339,0.,0.491249323,               987P   1188
0.844585953,0.,0.49414729,0.845762364,0.,0.497045258,                987P   1189
0.846938776,0.,0.5,0.846938776,0.,0.,1.,0.,0.,1.;                    987P   1190
124,1.40271637621286E-014,1.,0.,1.73472347597681E-015,               989P   1191
-6.12303176911189E-017,8.58887693460487E-031,-1.,19.5,-1.,           989P   1192
1.40271637621286E-014,6.12303176911189E-017,19.5;                    989P   1193
100,19.5,0.,0.,1.5,0.,-1.5,0.;                                       991P   1194
102,2,981,987;                                                       993P   1195
102,2,985,991;                                                       995P   1196
142,1,903,993,995,1;                                                 997P   1197
126,32,2,1,0,1,0,0.,0.,0.,0.0625,0.0625,0.125,0.125,0.1875,          999P   1198
0.1875,0.25,0.25,0.3125,0.3125,0.375,0.375,0.4375,0.4375,0.5,        999P   1199
0.5,0.5625,0.5625,0.625,0.625,0.6875,0.6875,0.75,0.75,0.8125,        999P   1200
0.8125,0.875,0.875,0.9375,0.9375,1.,1.,1.,1.,1.,1.,1.,1.,1.,1.,      999P   1201
1.,1.,1.,1.,1.,1.,1.,1.,1.,1.,1.,1.,1.,1.,1.,1.,1.,1.,1.,1.,1.,      999P   1202
1.,1.,1.,1.,1.,0.5,0.275510204,0.,0.502954742,0.275510204,0.,        999P   1203
0.50585271,0.274333793,0.,0.508750677,0.273157381,0.,                999P   1204
0.511480503,0.270849767,0.,0.514210329,0.268542153,0.,               999P   1205
0.516667107,0.265192017,0.,0.519123885,0.261841881,0.,               999P   1206
0.521213203,0.257577966,0.,0.523302522,0.253314052,0.,               999P   1207
0.524944088,0.248300218,0.,0.526585655,0.243286385,0.,               999P   1208
0.527716386,0.237715312,0.,0.528847117,0.232144239,0.,               999P   1209
0.529423558,0.22623002,0.,0.53,0.2203158,0.,0.53,0.214285714,        999P   1210
0.,0.53,0.208255628,0.,0.529423558,0.202341409,0.,0.528847117,       999P   1211
0.196427189,0.,0.527716386,0.190856116,0.,0.526585655,               999P   1212
0.185285043,0.,0.524944088,0.18027121,0.,0.523302522,                999P   1213
0.175257377,0.,0.521213203,0.170993462,0.,0.519123885,               999P   1214
0.166729548,0.,0.516667107,0.163379411,0.,0.514210329,               999P   1215
0.160029275,0.,0.511480503,0.157721661,0.,0.508750677,               999P   1216
0.155414047,0.,0.50585271,0.154237636,0.,0.502954742,                999P   1217
0.153061224,0.,0.5,0.153061224,0.,0.,1.,0.,0.,1.;                    999P   1218
124,6.12303176911189E-017,-1.,0.,-1.73472347597681E-015,            1001P   1219
6.12303176911189E-017,3.74915180455534E-033,-1.,5.5,1.,             1001P   1220
6.12303176911189E-017,6.12303176911189E-017,5.5;                    1001P   1221
100,5.5,0.,0.,1.5,0.,-1.5,0.;                                       1003P   1222
126,32,2,1,0,1,0,0.,0.,0.,0.0625,0.0625,0.125,0.125,0.1875,         1005P   1223
0.1875,0.25,0.25,0.3125,0.3125,0.375,0.375,0.4375,0.4375,0.5,       1005P   1224
0.5,0.5625,0.5625,0.625,0.625,0.6875,0.6875,0.75,0.75,0.8125,       1005P   1225
0.8125,0.875,0.875,0.9375,0.9375,1.,1.,1.,1.,1.,1.,1.,1.,1.,1.,     1005P   1226
1.,1.,1.,1.,1.,1.,1.,1.,1.,1.,1.,1.,1.,1.,1.,1.,1.,1.,1.,1.,1.,     1005P   1227
1.,1.,1.,1.,1.,0.5,0.153061224,0.,0.497045258,0.153061224,0.,       1005P   1228
0.49414729,0.154237636,0.,0.491249323,0.155414047,0.,               1005P   1229
0.488519497,0.157721661,0.,0.485789671,0.160029275,0.,              1005P   1230
0.483332893,0.163379411,0.,0.480876115,0.166729548,0.,              1005P   1231
0.478786797,0.170993462,0.,0.476697478,0.175257377,0.,              1005P   1232
0.475055912,0.18027121,0.,0.473414345,0.185285043,0.,               1005P   1233
0.472283614,0.190856116,0.,0.471152883,0.196427189,0.,              1005P   1234
0.470576442,0.202341409,0.,0.47,0.208255628,0.,0.47,                1005P   1235
0.214285714,0.,0.47,0.2203158,0.,0.470576442,0.22623002,0.,         1005P   1236
0.471152883,0.232144239,0.,0.472283614,0.237715312,0.,              1005P   1237
0.473414345,0.243286385,0.,0.475055912,0.248300218,0.,              1005P   1238
0.476697478,0.253314052,0.,0.478786797,0.257577966,0.,              1005P   1239
0.480876115,0.261841881,0.,0.483332893,0.265192017,0.,              1005P   1240
0.485789671,0.268542153,0.,0.488519497,0.270849767,0.,              1005P   1241
0.491249323,0.273157381,0.,0.49414729,0.274333793,0.,               1005P   1242
0.497045258,0.275510204,0.,0.5,0.275510204,0.,0.,1.,0.,0.,1.;       1005P   1243
124,1.40271637621286E-014,1.,0.,1.73472347597681E-015,              1007P   1244
-6.12303176911189E-017,8.58887693460487E-031,-1.,5.5,-1.,           1007P   1245
1.40271637621286E-014,6.12303176911189E-017,5.5;                    1007P   1246
100,5.5,0.,0.,1.5,0.,-1.5,0.;                                       1009P   1247
102,2,999,1005;                                                     1011P   1248
102,2,1003,1009;                                                    1013P   1249
142,1,903,1011,1013,1;                                              1015P   1250
126,32,2,1,0,1,0,0.,0.,0.,0.0625,0.0625,0.125,0.125,0.1875,         1017P   1251
0.1875,0.25,0.25,0.3125,0.3125,0.375,0.375,0.4375,0.4375,0.5,       1017P   1252
0.5,0.5625,0.5625,0.625,0.625,0.6875,0.6875,0.75,0.75,0.8125,       1017P   1253
0.8125,0.875,0.875,0.9375,0.9375,1.,1.,1.,1.,1.,1.,1.,1.,1.,1.,     1017P   1254
1.,1.,1.,1.,1.,1.,1.,1.,1.,1.,1.,1.,1.,1.,1.,1.,1.,1.,1.,1.,1.,     1017P   1255
1.,1.,1.,1.,1.,0.64,0.56122449,0.,0.642954742,0.56122449,0.,        1017P   1256
0.64585271,0.560048078,0.,0.648750677,0.558871667,0.,               1017P   1257
0.651480503,0.556564053,0.,0.654210329,0.554256439,0.,              1017P   1258
0.656667107,0.550906303,0.,0.659123885,0.547556167,0.,              1017P   1259
0.661213203,0.543292252,0.,0.663302522,0.539028337,0.,              1017P   1260
0.664944088,0.534014504,0.,0.666585655,0.529000671,0.,              1017P   1261
0.667716386,0.523429598,0.,0.668847117,0.517858525,0.,              1017P   1262
0.669423558,0.511944305,0.,0.67,0.506030086,0.,0.67,0.5,0.,         1017P   1263
0.67,0.493969914,0.,0.669423558,0.488055695,0.,0.668847117,         1017P   1264
0.482141475,0.,0.667716386,0.476570402,0.,0.666585655,              1017P   1265
0.470999329,0.,0.664944088,0.465985496,0.,0.663302522,              1017P   1266
0.460971663,0.,0.661213203,0.456707748,0.,0.659123885,              1017P   1267
0.452443833,0.,0.656667107,0.449093697,0.,0.654210329,              1017P   1268
0.445743561,0.,0.651480503,0.443435947,0.,0.648750677,              1017P   1269
0.441128333,0.,0.64585271,0.439951922,0.,0.642954742,               1017P   1270
0.43877551,0.,0.64,0.43877551,0.,0.,1.,0.,0.,1.;                    1017P   1271
124,6.12303176911189E-017,-1.,0.,-7.,6.12303176911189E-017,         1019P   1272
3.74915180455534E-033,-1.,12.5,1.,6.12303176911189E-017,            1019P   1273
6.12303176911189E-017,19.5;                                         1019P   1274
100,12.5,-7.,0.,-5.5,0.,-8.5,0.;                                    1021P   1275
126,32,2,1,0,1,0,0.,0.,0.,0.0625,0.0625,0.125,0.125,0.1875,         1023P   1276
0.1875,0.25,0.25,0.3125,0.3125,0.375,0.375,0.4375,0.4375,0.5,       1023P   1277
0.5,0.5625,0.5625,0.625,0.625,0.6875,0.6875,0.75,0.75,0.8125,       1023P   1278
0.8125,0.875,0.875,0.9375,0.9375,1.,1.,1.,1.,1.,1.,1.,1.,1.,1.,     1023P   1279
1.,1.,1.,1.,1.,1.,1.,1.,1.,1.,1.,1.,1.,1.,1.,1.,1.,1.,1.,1.,1.,     1023P   1280
1.,1.,1.,1.,1.,0.64,0.43877551,0.,0.637045258,0.43877551,0.,        1023P   1281
0.63414729,0.439951922,0.,0.631249323,0.441128333,0.,               1023P   1282
0.628519497,0.443435947,0.,0.625789671,0.445743561,0.,              1023P   1283
0.623332893,0.449093697,0.,0.620876115,0.452443833,0.,              1023P   1284
0.618786797,0.456707748,0.,0.616697478,0.460971663,0.,              1023P   1285
0.615055912,0.465985496,0.,0.613414345,0.470999329,0.,              1023P   1286
0.612283614,0.476570402,0.,0.611152883,0.482141475,0.,              1023P   1287
0.610576442,0.488055695,0.,0.61,0.493969914,0.,0.61,0.5,0.,         1023P   1288
0.61,0.506030086,0.,0.610576442,0.511944305,0.,0.611152883,         1023P   1289
0.517858525,0.,0.612283614,0.523429598,0.,0.613414345,              1023P   1290
0.529000671,0.,0.615055912,0.534014504,0.,0.616697478,              1023P   1291
0.539028337,0.,0.618786797,0.543292252,0.,0.620876115,              1023P   1292
0.547556167,0.,0.623332893,0.550906303,0.,0.625789671,              1023P   1293
0.554256439,0.,0.628519497,0.556564053,0.,0.631249323,              1023P   1294
0.558871667,0.,0.63414729,0.560048078,0.,0.637045258,               1023P   1295
0.56122449,0.,0.64,0.56122449,0.,0.,1.,0.,0.,1.;                    1023P   1296
124,1.40271637621286E-014,1.,0.,-6.9999999999999,                   1025P   1297
-6.12303176911189E-017,8.58887693460487E-031,-1.,12.5,-1.,          1025P   1298
1.40271637621286E-014,6.12303176911189E-017,5.5;                    1025P   1299
100,12.5,-7.,0.,-5.5,0.,-8.5,0.;                                    1027P   1300
102,2,1017,1023;                                                    1029P   1301
102,2,1021,1027;                                                    1031P   1302
142,1,903,1029,1031,1;                                              1033P   1303
126,32,2,1,0,1,0,0.,0.,0.,0.0625,0.0625,0.125,0.125,0.1875,         1035P   1304
0.1875,0.25,0.25,0.3125,0.3125,0.375,0.375,0.4375,0.4375,0.5,       1035P   1305
0.5,0.5625,0.5625,0.625,0.625,0.6875,0.6875,0.75,0.75,0.8125,       1035P   1306
0.8125,0.875,0.875,0.9375,0.9375,1.,1.,1.,1.,1.,1.,1.,1.,1.,1.,     1035P   1307
1.,1.,1.,1.,1.,1.,1.,1.,1.,1.,1.,1.,1.,1.,1.,1.,1.,1.,1.,1.,1.,     1035P   1308
1.,1.,1.,1.,1.,0.5,0.663265306,0.,0.507879312,0.663265306,0.,       1035P   1309
0.515607226,0.660128209,0.,0.523335139,0.656991112,0.,              1035P   1310
0.530614675,0.650837475,0.,0.53789421,0.644683837,0.,               1035P   1311
0.544445619,0.635750141,0.,0.550997027,0.626816444,0.,              1035P   1312
0.556568542,0.615446005,0.,0.562140058,0.604075566,0.,              1035P   1313
0.566517569,0.590705344,0.,0.57089508,0.577335122,0.,               1035P   1314
0.573910363,0.562478928,0.,0.576925645,0.547622733,0.,              1035P   1315
0.578462822,0.531851481,0.,0.58,0.516080229,0.,0.58,0.5,0.,         1035P   1316
0.58,0.483919771,0.,0.578462822,0.468148519,0.,0.576925645,         1035P   1317
0.452377267,0.,0.573910363,0.437521072,0.,0.57089508,               1035P   1318
0.422664878,0.,0.566517569,0.409294656,0.,0.562140058,              1035P   1319
0.395924434,0.,0.556568542,0.384553995,0.,0.550997027,              1035P   1320
0.373183556,0.,0.544445619,0.364249859,0.,0.53789421,               1035P   1321
0.355316163,0.,0.530614675,0.349162525,0.,0.523335139,              1035P   1322
0.343008888,0.,0.515607226,0.339871791,0.,0.507879312,              1035P   1323
0.336734694,0.,0.5,0.336734694,0.,0.,1.,0.,0.,1.;                   1035P   1324
124,6.12303176911189E-017,-1.,0.,-1.73472347597681E-015,            1037P   1325
6.12303176911189E-017,3.74915180455534E-033,-1.,12.5,1.,            1037P   1326
6.12303176911189E-017,6.12303176911189E-017,12.5;                   1037P   1327
100,12.5,0.,0.,4.,0.,-4.,0.;                                        1039P   1328
126,32,2,1,0,1,0,0.,0.,0.,0.0625,0.0625,0.125,0.125,0.1875,         1041P   1329
0.1875,0.25,0.25,0.3125,0.3125,0.375,0.375,0.4375,0.4375,0.5,       1041P   1330
0.5,0.5625,0.5625,0.625,0.625,0.6875,0.6875,0.75,0.75,0.8125,       1041P   1331
0.8125,0.875,0.875,0.9375,0.9375,1.,1.,1.,1.,1.,1.,1.,1.,1.,1.,     1041P   1332
1.,1.,1.,1.,1.,1.,1.,1.,1.,1.,1.,1.,1.,1.,1.,1.,1.,1.,1.,1.,1.,     1041P   1333
1.,1.,1.,1.,1.,0.5,0.336734694,0.,0.492120688,0.336734694,0.,       1041P   1334
0.484392774,0.339871791,0.,0.476664861,0.343008888,0.,              1041P   1335
0.469385325,0.349162525,0.,0.46210579,0.355316163,0.,               1041P   1336
0.455554381,0.364249859,0.,0.449002973,0.373183556,0.,              1041P   1337
0.443431457,0.384553995,0.,0.437859942,0.395924434,0.,              1041P   1338
0.433482431,0.409294656,0.,0.42910492,0.422664878,0.,               1041P   1339
0.426089637,0.437521072,0.,0.423074355,0.452377267,0.,              1041P   1340
0.421537178,0.468148519,0.,0.42,0.483919771,0.,0.42,0.5,0.,         1041P   1341
0.42,0.516080229,0.,0.421537178,0.531851481,0.,0.423074355,         1041P   1342
0.547622733,0.,0.426089637,0.562478928,0.,0.42910492,               1041P   1343
0.577335122,0.,0.433482431,0.590705344,0.,0.437859942,              1041P   1344
0.604075566,0.,0.443431457,0.615446005,0.,0.449002973,              1041P   1345
0.626816444,0.,0.455554381,0.635750141,0.,0.46210579,               1041P   1346
0.644683837,0.,0.469385325,0.650837475,0.,0.476664861,              1041P   1347
0.656991112,0.,0.484392774,0.660128209,0.,0.492120688,              1041P   1348
0.663265306,0.,0.5,0.663265306,0.,0.,1.,0.,0.,1.;                   1041P   1349
124,1.40271637621286E-014,1.,0.,1.73472347597681E-015,              1043P   1350
-6.12303176911189E-017,8.58887693460487E-031,-1.,12.5,-1.,          1043P   1351
1.40271637621286E-014,6.12303176911189E-017,12.5;                   1043P   1352
100,12.5,0.,0.,4.,0.,-4.,0.;                                        1045P   1353
102,2,1035,1041;                                                    1047P   1354
102,2,1039,1045;                                                    1049P   1355
142,1,903,1047,1049,1;                                              1051P   1356
144,903,1,7,925,943,961,979,997,1015,1033,1051;                     1053P   1357
110,25.,2.,0.25,25.,2.,1000.25;                                     1055P   1358
110,27.,2.,0.25,27.,2.,24.75;                                       1057P   1359
120,1055,1057,0.,6.28318530717959;                                  1059P   1360
126,1,1,1,0,1,0,0.,0.,1.,1.,1.,1.,0.,6.283185307,0.,1.,             1061P   1361
6.283185307,0.,0.,1.,0.,0.,1.;                                      1061P   1362
110,27.,2.,0.25,27.,2.,24.75;                                       1063P   1363
126,1,1,1,0,1,0,0.,0.,1.,1.,1.,1.,1.,6.283185307,0.,1.,             1065P   1364
4.71238898,0.,0.,1.,0.,0.,1.;                                       1065P   1365
124,1.,-1.79601100322186E-010,-6.98296672221876E-015,               1067P   1366
3.59374335323697E-010,-1.79601100322186E-010,-1.,0.,                1067P   1367
4.00000000449003,-6.98296672221876E-015,1.2541485068237E-024,       1067P   1368
-1.,49.5000000000002;                                               1067P   1369
100,24.75,25.,2.,27.,2.,25.,4.;                                     1069P   1370
126,1,1,1,0,1,0,0.,0.,1.,1.,1.,1.,1.,4.71238898,0.,0.,              1071P   1371
4.71238898,0.,0.,1.,0.,0.,1.;                                       1071P   1372
110,25.,0.,24.75,25.,0.,0.25;                                       1073P   1373
126,1,1,1,0,1,0,0.,0.,1.,1.,1.,1.,0.,4.71238898,0.,0.,              1075P   1374
6.283185307,0.,0.,1.,0.,0.,1.;                                      1075P   1375
100,0.25,25.,2.,25.,0.,27.,2.;                                      1077P   1376
102,4,1061,1065,1071,1075;                                          1079P   1377
102,4,1063,1069,1073,1077;                                          1081P   1378
142,1,1059,1079,1081,1;                                             1083P   1379
144,1059,1,0,1083;                                                  1085P   1380
128,1,1,1,1,0,0,1,0,0,0.,0.,1.,1.,0.,0.,1.,1.,1.,1.,1.,1.,27.,      1087P   1381
2.,0.25,27.,2.,24.75,27.,64.6235,0.25,27.,64.6235,24.75,0.,1.,      1087P   1382
0.,1.;                                                              1087P   1383
126,1,1,1,0,1,0,0.,0.,1.,1.,1.,1.,0.,0.798422317,0.,0.,0.,0.,       1089P   1384
0.,1.,0.,0.,1.;                                                     1089P   1385
110,27.,51.999999995,0.25,27.,2.,0.25;                              1091P   1386
126,1,1,1,0,1,0,0.,0.,1.,1.,1.,1.,0.,0.,0.,1.,0.,0.,0.,1.,0.,       1093P   1387
0.,1.;                                                              1093P   1388
110,27.,2.,0.25,27.,2.,24.75;                                       1095P   1389
126,1,1,1,0,1,0,0.,0.,1.,1.,1.,1.,1.,0.,0.,1.,0.798422318,0.,       1097P   1390
0.,1.,0.,0.,1.;                                                     1097P   1391
110,27.,2.,24.75,27.,52.,24.75;                                     1099P   1392
126,32,2,1,0,1,0,0.,0.,0.,0.0625,0.0625,0.125,0.125,0.1875,         1101P   1393
0.1875,0.25,0.25,0.3125,0.3125,0.375,0.375,0.4375,0.4375,0.5,       1101P   1394
0.5,0.5625,0.5625,0.625,0.625,0.6875,0.6875,0.75,0.75,0.8125,       1101P   1395
0.8125,0.875,0.875,0.9375,0.9375,1.,1.,1.,1.,1.,1.,1.,1.,1.,1.,     1101P   1396
1.,1.,1.,1.,1.,1.,1.,1.,1.,1.,1.,1.,1.,1.,1.,1.,1.,1.,1.,1.,1.,     1101P   1397
1.,1.,1.,1.,1.,1.,0.798422318,0.,1.,0.817688562,0.,0.99039264,      1101P   1398
0.836584612,0.,0.98078528,0.855480661,0.,0.961939766,               1101P   1399
0.873280351,0.,0.943094252,0.89108004,0.,0.915734806,               1101P   1400
0.907099337,0.,0.88837536,0.923118635,0.,0.853553391,               1101P   1401
0.936741927,0.,0.818731421,0.95036522,0.,0.777785116,               1101P   1402
0.961068972,0.,0.736838812,0.971772724,0.,0.691341716,              1101P   1403
0.979145597,0.,0.64584462,0.986518469,0.,0.597545161,               1101P   1404
0.990277127,0.,0.549245702,0.994035785,0.,0.5,0.994035785,0.,       1101P   1405
0.450754298,0.994035785,0.,0.402454839,0.990277127,0.,              1101P   1406
0.35415538,0.986518469,0.,0.308658284,0.979145597,0.,               1101P   1407
0.263161188,0.971772724,0.,0.222214883,0.961068972,0.,              1101P   1408
0.181268579,0.950365219,0.,0.146446609,0.936741927,0.,              1101P   1409
0.11162464,0.923118635,0.,0.084265194,0.907099337,0.,               1101P   1410
0.056905748,0.89108004,0.,0.038060234,0.873280351,0.,               1101P   1411
0.01921472,0.855480661,0.,0.00960736,0.836584612,0.,0.,             1101P   1412
0.817688562,0.,0.,0.798422317,0.,0.,1.,0.,0.,-1.;                   1101P   1413
124,6.12303176911189E-017,0.,-1.,39.5,0.,1.,0.,0.,1.,0.,            1103P   1414
6.12303176911189E-017,-14.5;                                        1103P   1415
100,12.5,27.,52.,39.25,52.,14.75,51.999999995;                      1105P   1416
102,4,1089,1093,1097,1101;                                          1107P   1417
102,4,1091,1095,1099,1105;                                          1109P   1418
142,1,1087,1107,1109,1;                                             1111P   1419
126,32,2,1,0,1,0,0.,0.,0.,0.0625,0.0625,0.125,0.125,0.1875,         1113P   1420
0.1875,0.25,0.25,0.3125,0.3125,0.375,0.375,0.4375,0.4375,0.5,       1113P   1421
0.5,0.5625,0.5625,0.625,0.625,0.6875,0.6875,0.75,0.75,0.8125,       1113P   1422
0.8125,0.875,0.875,0.9375,0.9375,1.,1.,1.,1.,1.,1.,1.,1.,1.,1.,     1113P   1423
1.,1.,1.,1.,1.,1.,1.,1.,1.,1.,1.,1.,1.,1.,1.,1.,1.,1.,1.,1.,1.,     1113P   1424
1.,1.,1.,1.,1.,0.56122449,0.232021525,0.,0.56122449,                1113P   1425
0.229662393,0.,0.560048078,0.227348591,0.,0.558871667,              1113P   1426
0.225034789,0.,0.556564053,0.222855236,0.,0.554256439,              1113P   1427
0.220675682,0.,0.550906303,0.218714135,0.,0.547556167,              1113P   1428
0.216752589,0.,0.543292252,0.21508443,0.,0.539028337,               1113P   1429
0.213416272,0.,0.534014504,0.212105609,0.,0.529000671,              1113P   1430
0.210794945,0.,0.523429598,0.209892144,0.,0.517858525,              1113P   1431
0.208989344,0.,0.511944305,0.2085291,0.,0.506030086,                1113P   1432
0.208068856,0.,0.5,0.208068856,0.,0.493969914,0.208068856,0.,       1113P   1433
0.488055695,0.2085291,0.,0.482141475,0.208989344,0.,                1113P   1434
0.476570402,0.209892144,0.,0.470999329,0.210794945,0.,              1113P   1435
0.465985496,0.212105609,0.,0.460971663,0.213416272,0.,              1113P   1436
0.456707748,0.21508443,0.,0.452443833,0.216752589,0.,               1113P   1437
0.449093697,0.218714135,0.,0.445743561,0.220675682,0.,              1113P   1438
0.443435947,0.222855236,0.,0.441128333,0.225034789,0.,              1113P   1439
0.439951922,0.227348591,0.,0.43877551,0.229662393,0.,               1113P   1440
0.43877551,0.232021525,0.,0.,1.,0.,0.,1.;                           1113P   1441
124,-6.12303176911189E-017,4.27569270827966E-031,1.,14.5,           1115P   1442
-6.98296672221876E-015,-1.,0.,33.0600000000002,1.,                  1115P   1443
-6.98296672221876E-015,6.12303176911189E-017,-14.4999999999999;     1115P   1444
100,12.5,27.,16.53,28.5,16.53,25.5,16.53;                           1117P   1445
126,32,2,1,0,1,0,0.,0.,0.,0.0625,0.0625,0.125,0.125,0.1875,         1119P   1446
0.1875,0.25,0.25,0.3125,0.3125,0.375,0.375,0.4375,0.4375,0.5,       1119P   1447
0.5,0.5625,0.5625,0.625,0.625,0.6875,0.6875,0.75,0.75,0.8125,       1119P   1448
0.8125,0.875,0.875,0.9375,0.9375,1.,1.,1.,1.,1.,1.,1.,1.,1.,1.,     1119P   1449
1.,1.,1.,1.,1.,1.,1.,1.,1.,1.,1.,1.,1.,1.,1.,1.,1.,1.,1.,1.,1.,     1119P   1450
1.,1.,1.,1.,1.,0.43877551,0.232021525,0.,0.43877551,                1119P   1451
0.234380658,0.,0.439951922,0.236694459,0.,0.441128333,              1119P   1452
0.239008261,0.,0.443435947,0.241187815,0.,0.445743561,              1119P   1453
0.243367369,0.,0.449093697,0.245328916,0.,0.452443833,              1119P   1454
0.247290462,0.,0.456707748,0.248958621,0.,0.460971663,              1119P   1455
0.250626779,0.,0.465985496,0.251937442,0.,0.470999329,              1119P   1456
0.253248106,0.,0.476570402,0.254150907,0.,0.482141475,              1119P   1457
0.255053707,0.,0.488055695,0.255513951,0.,0.493969914,              1119P   1458
0.255974195,0.,0.5,0.255974195,0.,0.506030086,0.255974195,0.,       1119P   1459
0.511944305,0.255513951,0.,0.517858525,0.255053707,0.,              1119P   1460
0.523429598,0.254150907,0.,0.529000671,0.253248106,0.,              1119P   1461
0.534014504,0.251937442,0.,0.539028337,0.250626779,0.,              1119P   1462
0.543292252,0.248958621,0.,0.547556167,0.247290462,0.,              1119P   1463
0.550906303,0.245328916,0.,0.554256439,0.243367369,0.,              1119P   1464
0.556564053,0.241187815,0.,0.558871667,0.239008261,0.,              1119P   1465
0.560048078,0.236694459,0.,0.56122449,0.234380658,0.,               1119P   1466
0.56122449,0.232021525,0.,0.,1.,0.,0.,1.;                           1119P   1467
124,6.12303176911189E-017,0.,1.,14.5,0.,1.,0.,0.,-1.,0.,            1121P   1468
6.12303176911189E-017,39.5;                                         1121P   1469
100,12.5,27.,16.53,28.5,16.53,25.5,16.53;                           1123P   1470
102,2,1113,1119;                                                    1125P   1471
102,2,1117,1123;                                                    1127P   1472
142,1,1087,1125,1127,1;                                             1129P   1473
126,32,2,1,0,1,0,0.,0.,0.,0.0625,0.0625,0.125,0.125,0.1875,         1131P   1474
0.1875,0.25,0.25,0.3125,0.3125,0.375,0.375,0.4375,0.4375,0.5,       1131P   1475
0.5,0.5625,0.5625,0.625,0.625,0.6875,0.6875,0.75,0.75,0.8125,       1131P   1476
0.8125,0.875,0.875,0.9375,0.9375,1.,1.,1.,1.,1.,1.,1.,1.,1.,1.,     1131P   1477
1.,1.,1.,1.,1.,1.,1.,1.,1.,1.,1.,1.,1.,1.,1.,1.,1.,1.,1.,1.,1.,     1131P   1478
1.,1.,1.,1.,1.,0.56122449,0.501409215,0.,0.56122449,                1131P   1479
0.499050083,0.,0.560048078,0.496736281,0.,0.558871667,              1131P   1480
0.494422479,0.,0.556564053,0.492242926,0.,0.554256439,              1131P   1481
0.490063372,0.,0.550906303,0.488101825,0.,0.547556167,              1131P   1482
0.486140279,0.,0.543292252,0.48447212,0.,0.539028337,               1131P   1483
0.482803962,0.,0.534014504,0.481493299,0.,0.529000671,              1131P   1484
0.480182635,0.,0.523429598,0.479279834,0.,0.517858525,              1131P   1485
0.478377034,0.,0.511944305,0.47791679,0.,0.506030086,               1131P   1486
0.477456546,0.,0.5,0.477456546,0.,0.493969914,0.477456546,0.,       1131P   1487
0.488055695,0.47791679,0.,0.482141475,0.478377034,0.,               1131P   1488
0.476570402,0.479279834,0.,0.470999329,0.480182635,0.,              1131P   1489
0.465985496,0.481493299,0.,0.460971663,0.482803962,0.,              1131P   1490
0.456707748,0.48447212,0.,0.452443833,0.486140279,0.,               1131P   1491
0.449093697,0.488101825,0.,0.445743561,0.490063372,0.,              1131P   1492
0.443435947,0.492242926,0.,0.441128333,0.494422479,0.,              1131P   1493
0.439951922,0.496736281,0.,0.43877551,0.499050083,0.,               1131P   1494
0.43877551,0.501409215,0.,0.,1.,0.,0.,1.;                           1131P   1495
124,-6.12303176911189E-017,4.27569270827966E-031,1.,14.5,           1133P   1496
-6.98296672221876E-015,-1.,0.,66.8000000000002,1.,                  1133P   1497
-6.98296672221876E-015,6.12303176911189E-017,-14.4999999999998;     1133P   1498
100,12.5,27.,33.4,28.5,33.4,25.5,33.4;                              1135P   1499
126,32,2,1,0,1,0,0.,0.,0.,0.0625,0.0625,0.125,0.125,0.1875,         1137P   1500
0.1875,0.25,0.25,0.3125,0.3125,0.375,0.375,0.4375,0.4375,0.5,       1137P   1501
0.5,0.5625,0.5625,0.625,0.625,0.6875,0.6875,0.75,0.75,0.8125,       1137P   1502
0.8125,0.875,0.875,0.9375,0.9375,1.,1.,1.,1.,1.,1.,1.,1.,1.,1.,     1137P   1503
1.,1.,1.,1.,1.,1.,1.,1.,1.,1.,1.,1.,1.,1.,1.,1.,1.,1.,1.,1.,1.,     1137P   1504
1.,1.,1.,1.,1.,0.43877551,0.501409215,0.,0.43877551,                1137P   1505
0.503768347,0.,0.439951922,0.506082149,0.,0.441128333,              1137P   1506
0.508395951,0.,0.443435947,0.510575505,0.,0.445743561,              1137P   1507
0.512755059,0.,0.449093697,0.514716606,0.,0.452443833,              1137P   1508
0.516678152,0.,0.456707748,0.51834631,0.,0.460971663,               1137P   1509
0.520014469,0.,0.465985496,0.521325132,0.,0.470999329,              1137P   1510
0.522635796,0.,0.476570402,0.523538597,0.,0.482141475,              1137P   1511
0.524441397,0.,0.488055695,0.524901641,0.,0.493969914,              1137P   1512
0.525361885,0.,0.5,0.525361885,0.,0.506030086,0.525361885,0.,       1137P   1513
0.511944305,0.524901641,0.,0.517858525,0.524441397,0.,              1137P   1514
0.523429598,0.523538597,0.,0.529000671,0.522635796,0.,              1137P   1515
0.534014504,0.521325132,0.,0.539028337,0.520014469,0.,              1137P   1516
0.543292252,0.51834631,0.,0.547556167,0.516678152,0.,               1137P   1517
0.550906303,0.514716606,0.,0.554256439,0.512755059,0.,              1137P   1518
0.556564053,0.510575505,0.,0.558871667,0.508395951,0.,              1137P   1519
0.560048078,0.506082149,0.,0.56122449,0.503768347,0.,               1137P   1520
0.56122449,0.501409215,0.,0.,1.,0.,0.,1.;                           1137P   1521
124,6.12303176911189E-017,0.,1.,14.5,0.,1.,0.,0.,-1.,0.,            1139P   1522
6.12303176911189E-017,39.5;                                         1139P   1523
100,12.5,27.,33.4,28.5,33.4,25.5,33.4;                              1141P   1524
102,2,1131,1137;                                                    1143P   1525
102,2,1135,1141;                                                    1145P   1526
142,1,1087,1143,1145,1;                                             1147P   1527
126,32,2,1,0,1,0,0.,0.,0.,0.0625,0.0625,0.125,0.125,0.1875,         1149P   1528
0.1875,0.25,0.25,0.3125,0.3125,0.375,0.375,0.4375,0.4375,0.5,       1149P   1529
0.5,0.5625,0.5625,0.625,0.625,0.6875,0.6875,0.75,0.75,0.8125,       1149P   1530
0.8125,0.875,0.875,0.9375,0.9375,1.,1.,1.,1.,1.,1.,1.,1.,1.,1.,     1149P   1531
1.,1.,1.,1.,1.,1.,1.,1.,1.,1.,1.,1.,1.,1.,1.,1.,1.,1.,1.,1.,1.,     1149P   1532
1.,1.,1.,1.,1.,0.56122449,0.910201442,0.,0.56122449,0.90784231,     1149P   1533
0.,0.560048078,0.905528508,0.,0.558871667,0.903214706,0.,           1149P   1534
0.556564053,0.901035152,0.,0.554256439,0.898855598,0.,              1149P   1535
0.550906303,0.896894052,0.,0.547556167,0.894932505,0.,              1149P   1536
0.543292252,0.893264347,0.,0.539028337,0.891596189,0.,              1149P   1537
0.534014504,0.890285525,0.,0.529000671,0.888974862,0.,              1149P   1538
0.523429598,0.888072061,0.,0.517858525,0.88716926,0.,               1149P   1539
0.511944305,0.886709016,0.,0.506030086,0.886248772,0.,0.5,          1149P   1540
0.886248772,0.,0.493969914,0.886248772,0.,0.488055695,              1149P   1541
0.886709016,0.,0.482141475,0.88716926,0.,0.476570402,               1149P   1542
0.888072061,0.,0.470999329,0.888974862,0.,0.465985496,              1149P   1543
0.890285525,0.,0.460971663,0.891596189,0.,0.456707748,              1149P   1544
0.893264347,0.,0.452443833,0.894932505,0.,0.449093697,              1149P   1545
0.896894052,0.,0.445743561,0.898855598,0.,0.443435947,              1149P   1546
0.901035152,0.,0.441128333,0.903214706,0.,0.439951922,              1149P   1547
0.905528508,0.,0.43877551,0.90784231,0.,0.43877551,0.910201442,     1149P   1548
0.,0.,1.,0.,0.,1.;                                                  1149P   1549
124,-6.12303176911189E-017,4.27569270827966E-031,1.,14.5,           1151P   1550
-6.98296672221876E-015,-1.,0.,118.,1.,-6.98296672221876E-015,       1151P   1551
6.12303176911189E-017,-14.4999999999996;                            1151P   1552
100,12.5,27.,59.,28.5,59.,25.5,59.;                                 1153P   1553
126,32,2,1,0,1,0,0.,0.,0.,0.0625,0.0625,0.125,0.125,0.1875,         1155P   1554
0.1875,0.25,0.25,0.3125,0.3125,0.375,0.375,0.4375,0.4375,0.5,       1155P   1555
0.5,0.5625,0.5625,0.625,0.625,0.6875,0.6875,0.75,0.75,0.8125,       1155P   1556
0.8125,0.875,0.875,0.9375,0.9375,1.,1.,1.,1.,1.,1.,1.,1.,1.,1.,     1155P   1557
1.,1.,1.,1.,1.,1.,1.,1.,1.,1.,1.,1.,1.,1.,1.,1.,1.,1.,1.,1.,1.,     1155P   1558
1.,1.,1.,1.,1.,0.43877551,0.910201442,0.,0.43877551,                1155P   1559
0.912560574,0.,0.439951922,0.914874376,0.,0.441128333,              1155P   1560
0.917188178,0.,0.443435947,0.919367732,0.,0.445743561,              1155P   1561
0.921547286,0.,0.449093697,0.923508832,0.,0.452443833,              1155P   1562
0.925470379,0.,0.456707748,0.927138537,0.,0.460971663,              1155P   1563
0.928806695,0.,0.465985496,0.930117359,0.,0.470999329,              1155P   1564
0.931428022,0.,0.476570402,0.932330823,0.,0.482141475,              1155P   1565
0.933233624,0.,0.488055695,0.933693868,0.,0.493969914,              1155P   1566
0.934154111,0.,0.5,0.934154111,0.,0.506030086,0.934154111,0.,       1155P   1567
0.511944305,0.933693868,0.,0.517858525,0.933233624,0.,              1155P   1568
0.523429598,0.932330823,0.,0.529000671,0.931428022,0.,              1155P   1569
0.534014504,0.930117359,0.,0.539028337,0.928806695,0.,              1155P   1570
0.543292252,0.927138537,0.,0.547556167,0.925470379,0.,              1155P   1571
0.550906303,0.923508832,0.,0.554256439,0.921547286,0.,              1155P   1572
0.556564053,0.919367732,0.,0.558871667,0.917188178,0.,              1155P   1573
0.560048078,0.914874376,0.,0.56122449,0.912560574,0.,               1155P   1574
0.56122449,0.910201442,0.,0.,1.,0.,0.,1.;                           1155P   1575
124,6.12303176911189E-017,0.,1.,14.5,0.,1.,0.,0.,-1.,0.,            1157P   1576
6.12303176911189E-017,39.5;                                         1157P   1577
100,12.5,27.,59.,28.5,59.,25.5,59.;                                 1159P   1578
102,2,1149,1155;                                                    1161P   1579
102,2,1153,1159;                                                    1163P   1580
142,1,1087,1161,1163,1;                                             1165P   1581
126,32,2,1,0,1,0,0.,0.,0.,0.0625,0.0625,0.125,0.125,0.1875,         1167P   1582
0.1875,0.25,0.25,0.3125,0.3125,0.375,0.375,0.4375,0.4375,0.5,       1167P   1583
0.5,0.5625,0.5625,0.625,0.625,0.6875,0.6875,0.75,0.75,0.8125,       1167P   1584
0.8125,0.875,0.875,0.9375,0.9375,1.,1.,1.,1.,1.,1.,1.,1.,1.,1.,     1167P   1585
1.,1.,1.,1.,1.,1.,1.,1.,1.,1.,1.,1.,1.,1.,1.,1.,1.,1.,1.,1.,1.,     1167P   1586
1.,1.,1.,1.,1.,0.846938776,0.798422318,0.,0.846938776,              1167P   1587
0.796063185,0.,0.845762364,0.793749383,0.,0.844585953,              1167P   1588
0.791435582,0.,0.842278339,0.789256028,0.,0.839970725,              1167P   1589
0.787076474,0.,0.836620589,0.785114927,0.,0.833270452,              1167P   1590
0.783153381,0.,0.829006538,0.781485222,0.,0.824742623,              1167P   1591
0.779817064,0.,0.81972879,0.778506401,0.,0.814714957,               1167P   1592
0.777195737,0.,0.809143884,0.776292936,0.,0.803572811,              1167P   1593
0.775390136,0.,0.797658591,0.774929892,0.,0.791744372,              1167P   1594
0.774469648,0.,0.785714286,0.774469648,0.,0.7796842,                1167P   1595
0.774469648,0.,0.77376998,0.774929892,0.,0.767855761,               1167P   1596
0.775390136,0.,0.762284688,0.776292936,0.,0.756713615,              1167P   1597
0.777195737,0.,0.751699782,0.778506401,0.,0.746685948,              1167P   1598
0.779817064,0.,0.742422034,0.781485222,0.,0.738158119,              1167P   1599
0.783153381,0.,0.734807983,0.785114927,0.,0.731457847,              1167P   1600
0.787076474,0.,0.729150233,0.789256028,0.,0.726842619,              1167P   1601
0.791435582,0.,0.725666207,0.793749383,0.,0.724489796,              1167P   1602
0.796063185,0.,0.724489796,0.798422318,0.,0.,1.,0.,0.,1.;           1167P   1603
124,-6.12303176911189E-017,4.27569270827966E-031,1.,7.5,            1169P   1604
-6.98296672221876E-015,-1.,0.,104.,1.,-6.98296672221876E-015,       1169P   1605
6.12303176911189E-017,-7.49999999999964;                            1169P   1606
100,19.5,27.,52.,28.5,52.,25.5,52.;                                 1171P   1607
126,32,2,1,0,1,0,0.,0.,0.,0.0625,0.0625,0.125,0.125,0.1875,         1173P   1608
0.1875,0.25,0.25,0.3125,0.3125,0.375,0.375,0.4375,0.4375,0.5,       1173P   1609
0.5,0.5625,0.5625,0.625,0.625,0.6875,0.6875,0.75,0.75,0.8125,       1173P   1610
0.8125,0.875,0.875,0.9375,0.9375,1.,1.,1.,1.,1.,1.,1.,1.,1.,1.,     1173P   1611
1.,1.,1.,1.,1.,1.,1.,1.,1.,1.,1.,1.,1.,1.,1.,1.,1.,1.,1.,1.,1.,     1173P   1612
1.,1.,1.,1.,1.,0.724489796,0.798422318,0.,0.724489796,              1173P   1613
0.80078145,0.,0.725666207,0.803095252,0.,0.726842619,               1173P   1614
0.805409053,0.,0.729150233,0.807588607,0.,0.731457847,              1173P   1615
0.809768161,0.,0.734807983,0.811729708,0.,0.738158119,              1173P   1616
0.813691254,0.,0.742422034,0.815359413,0.,0.746685948,              1173P   1617
0.817027571,0.,0.751699782,0.818338234,0.,0.756713615,              1173P   1618
0.819648898,0.,0.762284688,0.820551699,0.,0.767855761,              1173P   1619
0.821454499,0.,0.77376998,0.821914743,0.,0.7796842,0.822374987,     1173P   1620
0.,0.785714286,0.822374987,0.,0.791744372,0.822374987,0.,           1173P   1621
0.797658591,0.821914743,0.,0.803572811,0.821454499,0.,              1173P   1622
0.809143884,0.820551699,0.,0.814714957,0.819648898,0.,              1173P   1623
0.81972879,0.818338234,0.,0.824742623,0.817027571,0.,               1173P   1624
0.829006538,0.815359413,0.,0.833270452,0.813691254,0.,              1173P   1625
0.836620589,0.811729708,0.,0.839970725,0.809768161,0.,              1173P   1626
0.842278339,0.807588607,0.,0.844585953,0.805409053,0.,              1173P   1627
0.845762364,0.803095252,0.,0.846938776,0.80078145,0.,               1173P   1628
0.846938776,0.798422318,0.,0.,1.,0.,0.,1.;                          1173P   1629
124,6.12303176911189E-017,0.,1.,7.5,0.,1.,0.,0.,-1.,0.,             1175P   1630
6.12303176911189E-017,46.5;                                         1175P   1631
100,19.5,27.,52.,28.5,52.,25.5,52.;                                 1177P   1632
102,2,1167,1173;                                                    1179P   1633
102,2,1171,1177;                                                    1181P   1634
142,1,1087,1179,1181,1;                                             1183P   1635
126,32,2,1,0,1,0,0.,0.,0.,0.0625,0.0625,0.125,0.125,0.1875,         1185P   1636
0.1875,0.25,0.25,0.3125,0.3125,0.375,0.375,0.4375,0.4375,0.5,       1185P   1637
0.5,0.5625,0.5625,0.625,0.625,0.6875,0.6875,0.75,0.75,0.8125,       1185P   1638
0.8125,0.875,0.875,0.9375,0.9375,1.,1.,1.,1.,1.,1.,1.,1.,1.,1.,     1185P   1639
1.,1.,1.,1.,1.,1.,1.,1.,1.,1.,1.,1.,1.,1.,1.,1.,1.,1.,1.,1.,1.,     1185P   1640
1.,1.,1.,1.,1.,0.275510204,0.798422318,0.,0.275510204,              1185P   1641
0.796063185,0.,0.274333793,0.793749383,0.,0.273157381,              1185P   1642
0.791435582,0.,0.270849767,0.789256028,0.,0.268542153,              1185P   1643
0.787076474,0.,0.265192017,0.785114927,0.,0.261841881,              1185P   1644
0.783153381,0.,0.257577966,0.781485222,0.,0.253314052,              1185P   1645
0.779817064,0.,0.248300218,0.778506401,0.,0.243286385,              1185P   1646
0.777195737,0.,0.237715312,0.776292936,0.,0.232144239,              1185P   1647
0.775390136,0.,0.22623002,0.774929892,0.,0.2203158,0.774469648,     1185P   1648
0.,0.214285714,0.774469648,0.,0.208255628,0.774469648,0.,           1185P   1649
0.202341409,0.774929892,0.,0.196427189,0.775390136,0.,              1185P   1650
0.190856116,0.776292936,0.,0.185285043,0.777195737,0.,              1185P   1651
0.18027121,0.778506401,0.,0.175257377,0.779817064,0.,               1185P   1652
0.170993462,0.781485222,0.,0.166729548,0.783153381,0.,              1185P   1653
0.163379411,0.785114927,0.,0.160029275,0.787076474,0.,              1185P   1654
0.157721661,0.789256028,0.,0.155414047,0.791435582,0.,              1185P   1655
0.154237636,0.793749383,0.,0.153061224,0.796063185,0.,              1185P   1656
0.153061224,0.798422318,0.,0.,1.,0.,0.,1.;                          1185P   1657
124,-6.12303176911189E-017,4.27569270827966E-031,1.,21.5,           1187P   1658
-6.98296672221876E-015,-1.,0.,104.,1.,-6.98296672221876E-015,       1187P   1659
6.12303176911189E-017,-21.4999999999996;                            1187P   1660
100,5.5,27.,52.,28.5,52.,25.5,52.;                                  1189P   1661
126,32,2,1,0,1,0,0.,0.,0.,0.0625,0.0625,0.125,0.125,0.1875,         1191P   1662
0.1875,0.25,0.25,0.3125,0.3125,0.375,0.375,0.4375,0.4375,0.5,       1191P   1663
0.5,0.5625,0.5625,0.625,0.625,0.6875,0.6875,0.75,0.75,0.8125,       1191P   1664
0.8125,0.875,0.875,0.9375,0.9375,1.,1.,1.,1.,1.,1.,1.,1.,1.,1.,     1191P   1665
1.,1.,1.,1.,1.,1.,1.,1.,1.,1.,1.,1.,1.,1.,1.,1.,1.,1.,1.,1.,1.,     1191P   1666
1.,1.,1.,1.,1.,0.153061224,0.798422318,0.,0.153061224,              1191P   1667
0.80078145,0.,0.154237636,0.803095252,0.,0.155414047,               1191P   1668
0.805409053,0.,0.157721661,0.807588607,0.,0.160029275,              1191P   1669
0.809768161,0.,0.163379411,0.811729708,0.,0.166729548,              1191P   1670
0.813691254,0.,0.170993462,0.815359413,0.,0.175257377,              1191P   1671
0.817027571,0.,0.18027121,0.818338234,0.,0.185285043,               1191P   1672
0.819648898,0.,0.190856116,0.820551699,0.,0.196427189,              1191P   1673
0.821454499,0.,0.202341409,0.821914743,0.,0.208255628,              1191P   1674
0.822374987,0.,0.214285714,0.822374987,0.,0.2203158,                1191P   1675
0.822374987,0.,0.22623002,0.821914743,0.,0.232144239,               1191P   1676
0.821454499,0.,0.237715312,0.820551699,0.,0.243286385,              1191P   1677
0.819648898,0.,0.248300218,0.818338234,0.,0.253314052,              1191P   1678
0.817027571,0.,0.257577966,0.815359413,0.,0.261841881,              1191P   1679
0.813691254,0.,0.265192017,0.811729708,0.,0.268542153,              1191P   1680
0.809768161,0.,0.270849767,0.807588607,0.,0.273157381,              1191P   1681
0.805409053,0.,0.274333793,0.803095252,0.,0.275510204,              1191P   1682
0.80078145,0.,0.275510204,0.798422318,0.,0.,1.,0.,0.,1.;            1191P   1683
124,6.12303176911189E-017,0.,1.,21.5,0.,1.,0.,0.,-1.,0.,            1193P   1684
6.12303176911189E-017,32.5;                                         1193P   1685
100,5.5,27.,52.,28.5,52.,25.5,52.;                                  1195P   1686
102,2,1185,1191;                                                    1197P   1687
102,2,1189,1195;                                                    1199P   1688
142,1,1087,1197,1199,1;                                             1201P   1689
126,32,2,1,0,1,0,0.,0.,0.,0.0625,0.0625,0.125,0.125,0.1875,         1203P   1690
0.1875,0.25,0.25,0.3125,0.3125,0.375,0.375,0.4375,0.4375,0.5,       1203P   1691
0.5,0.5625,0.5625,0.625,0.625,0.6875,0.6875,0.75,0.75,0.8125,       1203P   1692
0.8125,0.875,0.875,0.9375,0.9375,1.,1.,1.,1.,1.,1.,1.,1.,1.,1.,     1203P   1693
1.,1.,1.,1.,1.,1.,1.,1.,1.,1.,1.,1.,1.,1.,1.,1.,1.,1.,1.,1.,1.,     1203P   1694
1.,1.,1.,1.,1.,0.56122449,0.686643193,0.,0.56122449,                1203P   1695
0.684284061,0.,0.560048078,0.681970259,0.,0.558871667,              1203P   1696
0.679656457,0.,0.556564053,0.677476903,0.,0.554256439,              1203P   1697
0.675297349,0.,0.550906303,0.673335803,0.,0.547556167,              1203P   1698
0.671374256,0.,0.543292252,0.669706098,0.,0.539028337,              1203P   1699
0.66803794,0.,0.534014504,0.666727276,0.,0.529000671,               1203P   1700
0.665416613,0.,0.523429598,0.664513812,0.,0.517858525,              1203P   1701
0.663611011,0.,0.511944305,0.663150767,0.,0.506030086,              1203P   1702
0.662690524,0.,0.5,0.662690524,0.,0.493969914,0.662690524,0.,       1203P   1703
0.488055695,0.663150767,0.,0.482141475,0.663611011,0.,              1203P   1704
0.476570402,0.664513812,0.,0.470999329,0.665416613,0.,              1203P   1705
0.465985496,0.666727276,0.,0.460971663,0.66803794,0.,               1203P   1706
0.456707748,0.669706098,0.,0.452443833,0.671374256,0.,              1203P   1707
0.449093697,0.673335803,0.,0.445743561,0.675297349,0.,              1203P   1708
0.443435947,0.677476903,0.,0.441128333,0.679656457,0.,              1203P   1709
0.439951922,0.681970259,0.,0.43877551,0.684284061,0.,               1203P   1710
0.43877551,0.686643193,0.,0.,1.,0.,0.,1.;                           1203P   1711
124,-6.12303176911189E-017,4.27569270827966E-031,1.,14.5,           1205P   1712
-6.98296672221876E-015,-1.,0.,90.0000000000002,1.,                  1205P   1713
-6.98296672221876E-015,6.12303176911189E-017,-14.4999999999997;     1205P   1714
100,12.5,27.,45.,28.5,45.,25.5,45.;                                 1207P   1715
126,32,2,1,0,1,0,0.,0.,0.,0.0625,0.0625,0.125,0.125,0.1875,         1209P   1716
0.1875,0.25,0.25,0.3125,0.3125,0.375,0.375,0.4375,0.4375,0.5,       1209P   1717
0.5,0.5625,0.5625,0.625,0.625,0.6875,0.6875,0.75,0.75,0.8125,       1209P   1718
0.8125,0.875,0.875,0.9375,0.9375,1.,1.,1.,1.,1.,1.,1.,1.,1.,1.,     1209P   1719
1.,1.,1.,1.,1.,1.,1.,1.,1.,1.,1.,1.,1.,1.,1.,1.,1.,1.,1.,1.,1.,     1209P   1720
1.,1.,1.,1.,1.,0.43877551,0.686643193,0.,0.43877551,                1209P   1721
0.689002325,0.,0.439951922,0.691316127,0.,0.441128333,              1209P   1722
0.693629929,0.,0.443435947,0.695809483,0.,0.445743561,              1209P   1723
0.697989037,0.,0.449093697,0.699950583,0.,0.452443833,              1209P   1724
0.70191213,0.,0.456707748,0.703580288,0.,0.460971663,               1209P   1725
0.705248446,0.,0.465985496,0.70655911,0.,0.470999329,               1209P   1726
0.707869773,0.,0.476570402,0.708772574,0.,0.482141475,              1209P   1727
0.709675375,0.,0.488055695,0.710135619,0.,0.493969914,              1209P   1728
0.710595863,0.,0.5,0.710595863,0.,0.506030086,0.710595863,0.,       1209P   1729
0.511944305,0.710135619,0.,0.517858525,0.709675375,0.,              1209P   1730
0.523429598,0.708772574,0.,0.529000671,0.707869773,0.,              1209P   1731
0.534014504,0.70655911,0.,0.539028337,0.705248446,0.,               1209P   1732
0.543292252,0.703580288,0.,0.547556167,0.70191213,0.,               1209P   1733
0.550906303,0.699950583,0.,0.554256439,0.697989037,0.,              1209P   1734
0.556564053,0.695809483,0.,0.558871667,0.693629929,0.,              1209P   1735
0.560048078,0.691316127,0.,0.56122449,0.689002325,0.,               1209P   1736
0.56122449,0.686643193,0.,0.,1.,0.,0.,1.;                           1209P   1737
124,6.12303176911189E-017,0.,1.,14.5,0.,1.,0.,0.,-1.,0.,            1211P   1738
6.12303176911189E-017,39.5;                                         1211P   1739
100,12.5,27.,45.,28.5,45.,25.5,45.;                                 1213P   1740
102,2,1203,1209;                                                    1215P   1741
102,2,1207,1213;                                                    1217P   1742
142,1,1087,1215,1217,1;                                             1219P   1743
126,32,2,1,0,1,0,0.,0.,0.,0.0625,0.0625,0.125,0.125,0.1875,         1221P   1744
0.1875,0.25,0.25,0.3125,0.3125,0.375,0.375,0.4375,0.4375,0.5,       1221P   1745
0.5,0.5625,0.5625,0.625,0.625,0.6875,0.6875,0.75,0.75,0.8125,       1221P   1746
0.8125,0.875,0.875,0.9375,0.9375,1.,1.,1.,1.,1.,1.,1.,1.,1.,1.,     1221P   1747
1.,1.,1.,1.,1.,1.,1.,1.,1.,1.,1.,1.,1.,1.,1.,1.,1.,1.,1.,1.,1.,     1221P   1748
1.,1.,1.,1.,1.,0.663265306,0.798422318,0.,0.663265306,              1221P   1749
0.792131299,0.,0.660128209,0.78596116,0.,0.656991112,               1221P   1750
0.779791022,0.,0.650837475,0.773978878,0.,0.644683837,              1221P   1751
0.768166735,0.,0.635750141,0.762935944,0.,0.626816444,              1221P   1752
0.757705153,0.,0.615446005,0.753256731,0.,0.604075566,              1221P   1753
0.748808309,0.,0.590705344,0.745313206,0.,0.577335122,              1221P   1754
0.741818103,0.,0.562478928,0.739410635,0.,0.547622733,              1221P   1755
0.737003166,0.,0.531851481,0.735775849,0.,0.516080229,              1221P   1756
0.734548532,0.,0.5,0.734548532,0.,0.483919771,0.734548532,0.,       1221P   1757
0.468148519,0.735775849,0.,0.452377267,0.737003166,0.,              1221P   1758
0.437521072,0.739410635,0.,0.422664878,0.741818103,0.,              1221P   1759
0.409294656,0.745313206,0.,0.395924434,0.748808309,0.,              1221P   1760
0.384553995,0.753256731,0.,0.373183556,0.757705153,0.,              1221P   1761
0.364249859,0.762935944,0.,0.355316163,0.768166735,0.,              1221P   1762
0.349162525,0.773978878,0.,0.343008888,0.779791022,0.,              1221P   1763
0.339871791,0.78596116,0.,0.336734694,0.792131299,0.,               1221P   1764
0.336734694,0.798422318,0.,0.,1.,0.,0.,1.;                          1221P   1765
124,-6.12303176911189E-017,4.27569270827966E-031,1.,14.5,           1223P   1766
-6.98296672221876E-015,-1.,0.,104.,1.,-6.98296672221876E-015,       1223P   1767
6.12303176911189E-017,-14.4999999999996;                            1223P   1768
100,12.5,27.,52.,31.,52.,23.,52.;                                   1225P   1769
126,32,2,1,0,1,0,0.,0.,0.,0.0625,0.0625,0.125,0.125,0.1875,         1227P   1770
0.1875,0.25,0.25,0.3125,0.3125,0.375,0.375,0.4375,0.4375,0.5,       1227P   1771
0.5,0.5625,0.5625,0.625,0.625,0.6875,0.6875,0.75,0.75,0.8125,       1227P   1772
0.8125,0.875,0.875,0.9375,0.9375,1.,1.,1.,1.,1.,1.,1.,1.,1.,1.,     1227P   1773
1.,1.,1.,1.,1.,1.,1.,1.,1.,1.,1.,1.,1.,1.,1.,1.,1.,1.,1.,1.,1.,     1227P   1774
1.,1.,1.,1.,1.,0.336734694,0.798422318,0.,0.336734694,              1227P   1775
0.804713336,0.,0.339871791,0.810883475,0.,0.343008888,              1227P   1776
0.817053613,0.,0.349162525,0.822865757,0.,0.355316163,              1227P   1777
0.8286779,0.,0.364249859,0.833908691,0.,0.373183556,                1227P   1778
0.839139482,0.,0.384553995,0.843587904,0.,0.395924434,              1227P   1779
0.848036326,0.,0.409294656,0.851531429,0.,0.422664878,              1227P   1780
0.855026532,0.,0.437521072,0.857434,0.,0.452377267,0.859841469,     1227P   1781
0.,0.468148519,0.861068786,0.,0.483919771,0.862296103,0.,0.5,       1227P   1782
0.862296103,0.,0.516080229,0.862296103,0.,0.531851481,              1227P   1783
0.861068786,0.,0.547622733,0.859841469,0.,0.562478928,0.857434,     1227P   1784
0.,0.577335122,0.855026532,0.,0.590705344,0.851531429,0.,           1227P   1785
0.604075566,0.848036326,0.,0.615446005,0.843587904,0.,              1227P   1786
0.626816444,0.839139482,0.,0.635750141,0.833908691,0.,              1227P   1787
0.644683837,0.8286779,0.,0.650837475,0.822865757,0.,                1227P   1788
0.656991112,0.817053613,0.,0.660128209,0.810883475,0.,              1227P   1789
0.663265306,0.804713336,0.,0.663265306,0.798422318,0.,0.,1.,0.,     1227P   1790
0.,1.;                                                              1227P   1791
124,6.12303176911189E-017,0.,1.,14.5,0.,1.,0.,0.,-1.,0.,            1229P   1792
6.12303176911189E-017,39.5;                                         1229P   1793
100,12.5,27.,52.,31.,52.,23.,52.;                                   1231P   1794
102,2,1221,1227;                                                    1233P   1795
102,2,1225,1231;                                                    1235P   1796
142,1,1087,1233,1235,1;                                             1237P   1797
144,1087,1,7,1111,1129,1147,1165,1183,1201,1219,1237;               1239P   1798
110,26.75,52.,12.5,-973.25,52.,12.5;                                1241P   1799
110,26.75,52.,25.,25.250000005,52.,25.;                             1243P   1800
120,1241,1243,0.,6.28318530717959;                                  1245P   1801
126,1,1,1,0,1,0,0.,0.,1.,1.,1.,1.,1.,0.,0.,0.,0.,0.,0.,1.,0.,       1247P   1802
0.,1.;                                                              1247P   1803
110,25.250000005,52.,25.,26.75,52.,25.;                             1249P   1804
126,1,1,1,0,1,0,0.,0.,1.,1.,1.,1.,0.,0.,0.,0.,3.141592654,0.,       1251P   1805
0.,1.,0.,0.,1.;                                                     1251P   1806
124,6.12303176911189E-017,0.,-1.,39.25,0.,1.,0.,0.,1.,0.,           1253P   1807
6.12303176911189E-017,-14.25;                                       1253P   1808
100,12.5,26.75,52.,39.25,52.,14.25,51.999999995;                    1255P   1809
126,1,1,1,0,1,0,0.,0.,1.,1.,1.,1.,0.,3.141592654,0.,1.,             1257P   1810
3.141592654,0.,0.,1.,0.,0.,1.;                                      1257P   1811
110,26.75,51.999999995,0.,25.250000005,51.999999997,0.;             1259P   1812
126,1,1,1,0,1,0,0.,0.,1.,1.,1.,1.,1.000000003,3.141592654,0.,       1261P   1813
1.000000003,0.,0.,0.,1.,0.,0.,1.;                                   1261P   1814
124,6.12303176911228E-017,2.77555756153333E-016,1.,                 1263P   1815
12.7499999997825,1.42434892005909E-014,1.,                          1263P   1816
-2.77555756153334E-016,-3.53880417804596E-013,-1.,                  1263P   1817
1.42434892005909E-014,6.12303176911189E-017,37.7499999997817;       1263P   1818
100,12.5,25.25,52.,37.75,51.999999997,12.75,52.;                    1265P   1819
102,4,1247,1251,1257,1261;                                          1267P   1820
102,4,1249,1255,1259,1265;                                          1269P   1821
142,1,1245,1267,1269,1;                                             1271P   1822
144,1245,1,0,1271;                                                  1273P   1823
128,3,3,3,3,0,0,0,0,0,0.0631414565672747,0.0631414565672747,        1275P   1824
0.0631414565672747,0.0631414565672747,0.942100857597815,            1275P   1825
0.942100857597815,0.942100857597815,0.942100857597815,0.,0.,0.,     1275P   1826
0.,1.,1.,1.,1.,0.956578302443517,0.768674066621386,                 1275P   1827
0.76980149454049,0.95996058620083,0.318859434147839,                1275P   1828
0.256224688873795,0.256600498180163,0.319986862066943,              1275P   1829
0.318859434147839,0.256224688873795,0.256600498180163,              1275P   1830
0.319986862066943,0.956578302443517,0.768674066621386,              1275P   1831
0.76980149454049,0.95996058620083,25.,52.,24.75,25.,52.,            1275P   1832
24.897540087,25.104798847,52.,25.001238905,25.252117566,52.,        1275P   1833
24.999991031,25.,76.5,24.75,25.,76.795080174,24.897540087,          1275P   1834
25.104798847,77.002477809,25.001238905,25.252117566,                1275P   1835
76.999982064,24.999991031,25.,76.5,0.25,25.,76.795080174,           1275P   1836
0.102459913,25.104798847,77.002477809,-0.001238905,                 1275P   1837
25.252117566,76.999982064,8.969E-006,25.,52.,0.25,25.,52.,          1275P   1838
0.102459913,25.104798847,52.,-0.001238905,25.252117566,52.,         1275P   1839
8.969E-006,0.0631414565672747,0.942100857597815,0.,1.;              1275P   1840
126,1,1,1,0,1,0,0.,0.,1.,1.,1.,1.,0.063141457,0.,0.,                1277P   1841
0.936858555,0.,0.,0.,1.,0.,0.,1.;                                   1277P   1842
124,-1.,1.40883940798198E-014,0.,50.4999999999993,                  1279P   1843
-8.62636845265042E-031,-6.12303176911189E-017,1.,27.25,             1279P   1844
1.40883940798198E-014,1.,6.12303176911189E-017,                     1279P   1845
-27.2500000000004;                                                  1279P   1846
100,24.75,25.25,52.,25.5,52.,25.249999995,52.25;                    1281P   1847
126,1,1,1,0,1,0,0.,0.,1.,1.,1.,1.,0.936858543,0.,0.,                1283P   1848
0.936858543,1.,0.,0.,1.,0.,0.,1.;                                   1283P   1849
124,6.12303176911189E-017,2.77555756153334E-016,-1.,                1285P   1850
37.7499999997825,2.77555756153334E-016,1.,                          1285P   1851
2.77555756153334E-016,-7.07767178171536E-015,1.,                    1285P   1852
-2.77555756153334E-016,6.12303176911189E-017,-12.7499999997825;     1285P   1853
100,12.5,25.25,52.,37.75,52.,12.75,51.999999997;                    1287P   1854
126,1,1,1,0,1,0,0.,0.,1.,1.,1.,1.,0.936858555,1.,0.,                1289P   1855
0.063141457,1.,0.,0.,1.,0.,0.,1.;                                   1289P   1856
124,1.85649550789606E-008,-1.,1.38777878078144E-014,                1291P   1857
77.2499995312349,6.12300600506116E-017,1.38777878089512E-014,       1291P   1858
1.,51.7499999999993,-1.,-1.85649550789606E-008,                     1291P   1859
6.12303176911189E-017,25.5000009653777;                             1291P   1860
100,0.25,25.25,52.,25.5,52.,25.249999995,52.25;                     1293P   1861
126,1,1,1,0,1,0,0.,0.,1.,1.,1.,1.,0.063141457,1.,0.,                1295P   1862
0.063141457,0.,0.,0.,1.,0.,0.,1.;                                   1295P   1863
126,64,3,1,0,1,0,0.,0.,0.,0.,0.0312500000000004,                    1297P   1864
0.0468750000000002,0.0468750000000002,0.0625,0.0625,                1297P   1865
0.093749999999999,0.109374999999999,0.109374999999999,              1297P   1866
0.124999999999999,0.124999999999999,0.156249999999999,              1297P   1867
0.171874999999999,0.171874999999999,0.1875,0.1875,0.21875,          1297P   1868
0.234375,0.234375,0.25,0.25,0.281250000000001,                      1297P   1869
0.296875000000001,0.296875000000001,0.312500000000001,              1297P   1870
0.312500000000001,0.375000000000002,0.375000000000002,              1297P   1871
0.437500000000002,0.437500000000002,0.500000000000002,              1297P   1872
0.500000000000002,0.562500000000002,0.562500000000002,              1297P   1873
0.625000000000002,0.625000000000002,0.656250000000002,              1297P   1874
0.656250000000002,0.671875000000002,0.671875000000002,              1297P   1875
0.687500000000001,0.687500000000001,0.718750000000001,              1297P   1876
0.734375000000001,0.734375000000001,0.750000000000001,              1297P   1877
0.750000000000001,0.781250000000001,0.796875000000001,              1297P   1878
0.796875000000001,0.812500000000001,0.812500000000001,0.84375,      1297P   1879
0.859374999999999,0.859374999999999,0.874999999999999,              1297P   1880
0.874999999999999,0.906249999999999,0.921874999999999,              1297P   1881
0.921874999999999,0.937499999999999,0.937499999999999,1.,1.,1.,     1297P   1882
1.,1.,1.,1.,1.,1.,1.,1.,1.,1.,1.,1.,1.,1.,1.,1.,1.,1.,1.,1.,1.,     1297P   1883
1.,1.,1.,1.,1.,1.,1.,1.,1.,1.,1.,1.,1.,1.,1.,1.,1.,1.,1.,1.,1.,     1297P   1884
1.,1.,1.,1.,1.,1.,1.,1.,1.,1.,1.,1.,1.,1.,1.,1.,1.,1.,1.,1.,1.,     1297P   1885
1.,1.,1.,25.,52.,0.25,25.,52.272473566,0.250022243,25.,             1297P   1886
52.680092014,0.263589811,25.,53.086072613,0.297458682,25.,          1297P   1887
53.356362379,0.32454933,25.,53.473298212,0.337935252,25.,           1297P   1888
53.931722159,0.399350735,25.,54.386420858,0.477757591,25.,          1297P   1889
54.835531686,0.581651508,25.,55.133697155,0.65657791,25.,           1297P   1890
55.263112297,0.691316851,25.,55.763775406,0.837366298,25.,          1297P   1891
56.256354152,1.003986527,25.,56.736806352,1.201462929,25.,          1297P   1892
57.054413031,1.339970792,25.,57.193122839,1.403513491,25.,          1297P   1893
57.717686907,1.659265153,25.,58.22772175,1.938545479,25.,           1297P   1894
58.715962756,2.253118799,25.,59.036613684,2.470677234,25.,          1297P   1895
59.178005911,2.570993025,25.,59.693988178,2.95801395,25.,           1297P   1896
60.186910818,3.369675098,25.,60.645244019,3.818296579,25.,          1297P   1897
60.943112944,4.125590973,25.,61.07914094,4.272959063,25.,           1297P   1898
61.830696516,5.134191144,25.,62.349648751,5.874253782,25.,          1297P   1899
63.267998308,7.596334453,25.,63.62360745,8.502147291,25.,           1297P   1900
64.122546396,10.467083478,25.,64.250045866,11.478434768,25.,        1297P   1901
64.249954134,13.521565232,25.,64.118823244,14.547937739,25.,        1297P   1902
63.627330602,16.482831492,25.,63.254759568,17.428660894,25.,        1297P   1903
62.58585551,18.682728376,25.,62.330638199,19.099236446,25.,         1297P   1904
61.940107947,19.663015229,25.,61.804950185,19.846953823,25.,        1297P   1905
61.524672637,20.206855674,25.,61.370828507,20.39281471,25.,         1297P   1906
60.946699151,20.878754142,25.,60.499702966,21.339874543,25.,        1297P   1907
60.018406538,21.763766397,25.,59.689919976,22.038087957,25.,        1297P   1908
59.505628723,22.183288779,25.,59.038742554,22.533422442,25.,        1297P   1909
58.55754666,22.859893767,25.,58.05488618,23.150871587,25.,          1297P   1910
57.715009285,23.336969355,25.,57.524244462,23.435063772,25.,        1297P   1911
57.05544366,23.663580322,25.,56.578796068,23.871434103,25.,         1297P   1912
56.090378291,24.048293729,25.,55.762150843,24.159312557,25.,        1297P   1913
55.578008067,24.216837693,25.,55.133983865,24.346324615,25.,        1297P   1914
54.686485039,24.458767192,25.,54.233774275,24.545643249,25.,        1297P   1915
53.930808891,24.597879171,25.,53.760972444,24.623536189,25.,        1297P   1916
53.086641198,24.713819848,25.,52.5446058,24.749955541,25.,52.,      1297P   1917
24.75,0.,1.,-1.,0.,0.;                                              1297P   1918
102,4,1277,1283,1289,1295;                                          1299P   1919
102,4,1281,1287,1293,1297;                                          1301P   1920
142,1,1275,1299,1301,1;                                             1303P   1921
144,1275,1,0,1303;                                                  1305P   1922
128,1,1,1,1,0,0,1,0,0,0.,0.,1.,1.,0.,0.,1.,1.,1.,1.,1.,1.,25.,      1307P   1923
3.,0.25,25.,3.,24.75,25.,64.617517278,0.25,25.,64.617517278,        1307P   1924
24.75,0.,1.,0.,1.;                                                  1307P   1925
126,44,2,1,0,1,0,0.,0.,0.,0.0625,0.0625,0.125,0.125,0.1875,         1309P   1926
0.1875,0.25,0.25,0.3125,0.3125,0.34375,0.34375,0.375,0.375,         1309P   1927
0.40625,0.40625,0.4375,0.4375,0.46875,0.46875,0.5,0.5,0.53125,      1309P   1928
0.53125,0.5625,0.5625,0.59375,0.59375,0.625,0.625,0.65625,          1309P   1929
0.65625,0.6875,0.6875,0.75,0.75,0.8125,0.8125,0.875,0.875,          1309P   1930
0.9375,0.9375,1.,1.,1.,1.,1.,1.,1.,1.,1.,1.,1.,1.,1.,1.,1.,1.,      1309P   1931
1.,1.,1.,1.,1.,1.,1.,1.,1.,1.,1.,1.,1.,1.,1.,1.,1.,1.,1.,1.,1.,     1309P   1932
1.,1.,1.,1.,1.,1.,1.,1.,1.,1.,1.,1.,0.795228405,0.,0.999997278,     1309P   1933
0.80848614,0.,0.995575221,0.821618728,0.,0.990570361,               1309P   1934
0.836482122,0.,0.98,0.850894394,0.,0.968092614,0.867129646,0.,      1309P   1935
0.949438202,0.882346124,0.,0.92858234,0.899358334,0.,0.9,           1309P   1936
0.914512666,0.,0.868435648,0.931248059,0.,0.828767123,              1309P   1937
0.945014577,0.,0.807708888,0.952322603,0.,0.784697509,              1309P   1938
0.958660577,0.,0.760887332,0.965218563,0.,0.735294118,              1309P   1939
0.970646436,0.,0.708974707,0.976228322,0.,0.681132075,              1309P   1940
0.980531628,0.,0.652692644,0.984927174,0.,0.623076923,              1309P   1941
0.987918365,0.,0.593045142,0.990951578,0.,0.562256809,              1309P   1942
0.99248837,0.,0.531272405,0.994034948,0.,0.5,0.994035507,0.,        1309P   1943
0.468772405,0.994036064,0.,0.437743191,0.99248837,0.,               1309P   1944
0.406998631,0.990954873,0.,0.376923077,0.987918365,0.,              1309P   1945
0.347349133,0.984932501,0.,0.318867925,0.980531628,0.,              1309P   1946
0.29106426,0.976235448,0.,0.264705882,0.970646436,0.,               1309P   1947
0.239148202,0.965227202,0.,0.215302491,0.958660577,0.,              1309P   1948
0.192324275,0.952332843,0.,0.171232877,0.945014577,0.,              1309P   1949
0.131593545,0.931260574,0.,0.1,0.914512666,0.,0.071439484,          1309P   1950
0.899372583,0.,0.050561798,0.882346124,0.,0.031922404,              1309P   1951
0.867145068,0.,0.02,0.850894394,0.,0.009438288,0.836498391,0.,      1309P   1952
0.004424779,0.821618728,0.,2.724E-006,0.808494449,0.,0.,            1309P   1953
0.795228405,0.,0.,1.,0.,0.,-1.;                                     1309P   1954
126,64,3,1,0,1,0,0.,0.,0.,0.,0.0312500000000008,                    1311P   1955
0.0468750000000012,0.0468750000000012,0.0625000000000017,           1311P   1956
0.0625000000000017,0.0937500000000032,0.109375000000004,            1311P   1957
0.109375000000004,0.125000000000004,0.125000000000004,              1311P   1958
0.156250000000004,0.171875000000005,0.171875000000005,              1311P   1959
0.187500000000005,0.187500000000005,0.218750000000005,              1311P   1960
0.234375000000005,0.234375000000005,0.250000000000006,              1311P   1961
0.250000000000006,0.281250000000006,0.296875000000006,              1311P   1962
0.296875000000006,0.312500000000006,0.312500000000006,              1311P   1963
0.375000000000006,0.375000000000006,0.437500000000006,              1311P   1964
0.437500000000006,0.500000000000006,0.500000000000006,              1311P   1965
0.562500000000006,0.562500000000006,0.625000000000006,              1311P   1966
0.625000000000006,0.656250000000005,0.656250000000005,              1311P   1967
0.671875000000005,0.671875000000005,0.687500000000005,              1311P   1968
0.687500000000005,0.718750000000005,0.734375000000004,              1311P   1969
0.734375000000004,0.750000000000004,0.750000000000004,              1311P   1970
0.781250000000003,0.796875000000002,0.796875000000002,              1311P   1971
0.812500000000002,0.812500000000002,0.843750000000001,              1311P   1972
0.859375000000001,0.859375000000001,0.875000000000001,              1311P   1973
0.875000000000001,0.906250000000001,0.921875000000001,              1311P   1974
0.921875000000001,0.937500000000001,0.937500000000001,1.,1.,1.,     1311P   1975
1.,1.,1.,1.,1.,1.,1.,1.,1.,1.,1.,1.,1.,1.,1.,1.,1.,1.,1.,1.,1.,     1311P   1976
1.,1.,1.,1.,1.,1.,1.,1.,1.,1.,1.,1.,1.,1.,1.,1.,1.,1.,1.,1.,1.,     1311P   1977
1.,1.,1.,1.,1.,1.,1.,1.,1.,1.,1.,1.,1.,1.,1.,1.,1.,1.,1.,1.,1.,     1311P   1978
1.,1.,1.,25.,52.,24.75,25.,52.2723029,24.74997777,25.,              1311P   1979
52.679793349,24.736410213,25.,53.085837948,24.702541337,25.,        1311P   1980
53.356213046,24.675450682,25.,53.473465294,24.662029433,25.,        1311P   1981
53.931387995,24.600719896,25.,54.385836071,24.522366012,25.,        1311P   1982
54.83507221,24.418445608,25.,55.133404761,24.343483891,25.,         1311P   1983
55.263270679,24.308621824,25.,55.763458642,24.162756352,25.,        1311P   1984
56.255799814,23.99622811,25.,56.736370801,23.798705714,25.,         1311P   1985
57.054135862,23.660136527,25.,57.193269173,23.596397394,25.,        1311P   1986
57.717394239,23.340913078,25.,58.227209581,23.061766426,25.,        1311P   1987
58.715560337,22.747126269,25.,59.0363576,22.529478719,25.,          1311P   1988
59.178134443,22.428887769,25.,59.693731114,22.042224462,25.,        1311P   1989
60.186460957,21.630742123,25.,60.644890556,21.182031238,25.,        1311P   1990
60.942888013,20.874617637,25.,61.079351258,20.72677011,25.,         1311P   1991
61.829855243,19.866892162,25.,62.350234242,19.124473299,25.,        1311P   1992
63.267412817,17.404938466,25.,63.623878203,16.496422795,25.,        1311P   1993
64.122275643,14.534346436,25.,64.2499542,13.52010143,25.,           1311P   1994
64.250045801,11.47989857,25.,64.118385663,10.450697555,25.,         1311P   1995
63.627768184,8.518533214,25.,63.254049801,7.570178341,25.,          1311P   1996
62.586210394,6.317852006,25.,62.330217562,5.900221901,25.,          1311P   1997
61.940318265,5.337255597,25.,61.805265662,5.153452417,25.,          1311P   1998
61.524988115,4.793550566,25.,61.370699975,4.607066084,25.,          1311P   1999
60.946956215,4.12148427,25.,60.500152828,3.660542678,25.,           1311P   2000
60.018760001,3.236561419,25.,59.690144907,2.962120654,25.,          1311P   2001
59.505482389,2.816622105,25.,59.039035222,2.46675579,25.,           1311P   2002
58.558058829,2.140418138,25.,58.055288598,1.849373481,25.,          1311P   2003
57.71526537,1.663186597,25.,57.52408608,1.564874903,25.,            1311P   2004
57.055760425,1.336542328,25.,56.579350407,1.128780534,25.,          1311P   2005
56.090813843,0.951874914,25.,55.762428012,0.840794762,25.,          1311P   2006
55.577840985,0.783126992,25.,55.134318029,0.653746015,25.,          1311P   2007
54.687069826,0.541356411,25.,54.234233751,0.454453868,25.,          1311P   2008
53.931101285,0.40218263,25.,53.760887111,0.376463804,25.,           1311P   2009
53.086982529,0.28618018,25.,52.544947131,0.250044487,25.,52.,       1311P   2010
0.25,0.,1.,1.,0.,0.;                                                1311P   2011
126,1,1,1,0,1,0,0.,0.,1.,1.,1.,1.,0.,0.795228405,0.,0.,0.,0.,       1313P   2012
0.,1.,0.,0.,1.;                                                     1313P   2013
110,25.,52.,0.25,25.,3.,0.25;                                       1315P   2014
126,1,1,1,0,1,0,0.,0.,1.,1.,1.,1.,0.,0.,0.,1.,0.,0.,0.,1.,0.,       1317P   2015
0.,1.;                                                              1317P   2016
110,25.,3.,0.25,25.,3.,24.75;                                       1319P   2017
126,1,1,1,0,1,0,0.,0.,1.,1.,1.,1.,1.,0.,0.,1.,0.795228405,0.,       1321P   2018
0.,1.,0.,0.,1.;                                                     1321P   2019
110,25.,3.,24.75,25.,52.,24.75;                                     1323P   2020
102,4,1309,1313,1317,1321;                                          1325P   2021
102,4,1311,1315,1319,1323;                                          1327P   2022
142,1,1307,1325,1327,1;                                             1329P   2023
126,32,2,1,0,1,0,0.,0.,0.,0.0625,0.0625,0.125,0.125,0.1875,         1331P   2024
0.1875,0.25,0.25,0.3125,0.3125,0.375,0.375,0.4375,0.4375,0.5,       1331P   2025
0.5,0.5625,0.5625,0.625,0.625,0.6875,0.6875,0.75,0.75,0.8125,       1331P   2026
0.8125,0.875,0.875,0.9375,0.9375,1.,1.,1.,1.,1.,1.,1.,1.,1.,1.,     1331P   2027
1.,1.,1.,1.,1.,1.,1.,1.,1.,1.,1.,1.,1.,1.,1.,1.,1.,1.,1.,1.,1.,     1331P   2028
1.,1.,1.,1.,1.,0.43877551,0.219580415,0.,0.43877551,                1331P   2029
0.221978063,0.,0.439951922,0.22432964,0.,0.441128333,               1331P   2030
0.226681218,0.,0.443435947,0.228896356,0.,0.445743561,              1331P   2031
0.231111493,0.,0.449093697,0.233105065,0.,0.452443833,              1331P   2032
0.235098636,0.,0.456707748,0.236794029,0.,0.460971663,              1331P   2033
0.238489422,0.,0.465985496,0.239821484,0.,0.470999329,              1331P   2034
0.241153546,0.,0.476570402,0.242071086,0.,0.482141475,              1331P   2035
0.242988626,0.,0.488055695,0.243456384,0.,0.493969914,              1331P   2036
0.243924141,0.,0.5,0.243924141,0.,0.506030086,0.243924141,0.,       1331P   2037
0.511944305,0.243456384,0.,0.517858525,0.242988626,0.,              1331P   2038
0.523429598,0.242071086,0.,0.529000671,0.241153546,0.,              1331P   2039
0.534014504,0.239821484,0.,0.539028337,0.238489422,0.,              1331P   2040
0.543292252,0.236794029,0.,0.547556167,0.235098636,0.,              1331P   2041
0.550906303,0.233105065,0.,0.554256439,0.231111493,0.,              1331P   2042
0.556564053,0.228896356,0.,0.558871667,0.226681218,0.,              1331P   2043
0.560048078,0.22432964,0.,0.56122449,0.221978063,0.,0.56122449,     1331P   2044
0.219580415,0.,0.,1.,0.,0.,1.;                                      1331P   2045
124,6.12303176911189E-017,0.,1.,12.5,0.,1.,0.,0.,-1.,0.,            1333P   2046
6.12303176911189E-017,37.5;                                         1333P   2047
100,12.5,25.,16.53,26.5,16.53,23.5,16.53;                           1335P   2048
126,32,2,1,0,1,0,0.,0.,0.,0.0625,0.0625,0.125,0.125,0.1875,         1337P   2049
0.1875,0.25,0.25,0.3125,0.3125,0.375,0.375,0.4375,0.4375,0.5,       1337P   2050
0.5,0.5625,0.5625,0.625,0.625,0.6875,0.6875,0.75,0.75,0.8125,       1337P   2051
0.8125,0.875,0.875,0.9375,0.9375,1.,1.,1.,1.,1.,1.,1.,1.,1.,1.,     1337P   2052
1.,1.,1.,1.,1.,1.,1.,1.,1.,1.,1.,1.,1.,1.,1.,1.,1.,1.,1.,1.,1.,     1337P   2053
1.,1.,1.,1.,1.,0.56122449,0.219580415,0.,0.56122449,                1337P   2054
0.217182767,0.,0.560048078,0.214831189,0.,0.558871667,              1337P   2055
0.212479612,0.,0.556564053,0.210264474,0.,0.554256439,              1337P   2056
0.208049336,0.,0.550906303,0.206055765,0.,0.547556167,              1337P   2057
0.204062194,0.,0.543292252,0.202366801,0.,0.539028337,              1337P   2058
0.200671408,0.,0.534014504,0.199339346,0.,0.529000671,              1337P   2059
0.198007284,0.,0.523429598,0.197089744,0.,0.517858525,              1337P   2060
0.196172204,0.,0.511944305,0.195704446,0.,0.506030086,              1337P   2061
0.195236688,0.,0.5,0.195236688,0.,0.493969914,0.195236688,0.,       1337P   2062
0.488055695,0.195704446,0.,0.482141475,0.196172204,0.,              1337P   2063
0.476570402,0.197089744,0.,0.470999329,0.198007284,0.,              1337P   2064
0.465985496,0.199339346,0.,0.460971663,0.200671408,0.,              1337P   2065
0.456707748,0.202366801,0.,0.452443833,0.204062194,0.,              1337P   2066
0.449093697,0.206055765,0.,0.445743561,0.208049336,0.,              1337P   2067
0.443435947,0.210264474,0.,0.441128333,0.212479612,0.,              1337P   2068
0.439951922,0.214831189,0.,0.43877551,0.217182767,0.,               1337P   2069
0.43877551,0.219580415,0.,0.,1.,0.,0.,1.;                           1337P   2070
124,-6.12303176911189E-017,4.27569270827966E-031,1.,12.5,           1339P   2071
-6.98296672221876E-015,-1.,0.,33.0600000000002,1.,                  1339P   2072
-6.98296672221876E-015,6.12303176911189E-017,-12.4999999999999;     1339P   2073
100,12.5,25.,16.53,26.5,16.53,23.5,16.53;                           1341P   2074
102,2,1331,1337;                                                    1343P   2075
102,2,1335,1341;                                                    1345P   2076
142,1,1307,1343,1345,1;                                             1347P   2077
126,32,2,1,0,1,0,0.,0.,0.,0.0625,0.0625,0.125,0.125,0.1875,         1349P   2078
0.1875,0.25,0.25,0.3125,0.3125,0.375,0.375,0.4375,0.4375,0.5,       1349P   2079
0.5,0.5625,0.5625,0.625,0.625,0.6875,0.6875,0.75,0.75,0.8125,       1349P   2080
0.8125,0.875,0.875,0.9375,0.9375,1.,1.,1.,1.,1.,1.,1.,1.,1.,1.,     1349P   2081
1.,1.,1.,1.,1.,1.,1.,1.,1.,1.,1.,1.,1.,1.,1.,1.,1.,1.,1.,1.,1.,     1349P   2082
1.,1.,1.,1.,1.,0.43877551,0.493366194,0.,0.43877551,                1349P   2083
0.495763842,0.,0.439951922,0.49811542,0.,0.441128333,               1349P   2084
0.500466997,0.,0.443435947,0.502682135,0.,0.445743561,              1349P   2085
0.504897273,0.,0.449093697,0.506890844,0.,0.452443833,              1349P   2086
0.508884415,0.,0.456707748,0.510579808,0.,0.460971663,              1349P   2087
0.512275202,0.,0.465985496,0.513607263,0.,0.470999329,              1349P   2088
0.514939325,0.,0.476570402,0.515856865,0.,0.482141475,              1349P   2089
0.516774405,0.,0.488055695,0.517242163,0.,0.493969914,              1349P   2090
0.517709921,0.,0.5,0.517709921,0.,0.506030086,0.517709921,0.,       1349P   2091
0.511944305,0.517242163,0.,0.517858525,0.516774405,0.,              1349P   2092
0.523429598,0.515856865,0.,0.529000671,0.514939325,0.,              1349P   2093
0.534014504,0.513607263,0.,0.539028337,0.512275202,0.,              1349P   2094
0.543292252,0.510579808,0.,0.547556167,0.508884415,0.,              1349P   2095
0.550906303,0.506890844,0.,0.554256439,0.504897273,0.,              1349P   2096
0.556564053,0.502682135,0.,0.558871667,0.500466997,0.,              1349P   2097
0.560048078,0.49811542,0.,0.56122449,0.495763842,0.,0.56122449,     1349P   2098
0.493366194,0.,0.,1.,0.,0.,1.;                                      1349P   2099
124,6.12303176911189E-017,0.,1.,12.5,0.,1.,0.,0.,-1.,0.,            1351P   2100
6.12303176911189E-017,37.5;                                         1351P   2101
100,12.5,25.,33.4,26.5,33.4,23.5,33.4;                              1353P   2102
126,32,2,1,0,1,0,0.,0.,0.,0.0625,0.0625,0.125,0.125,0.1875,         1355P   2103
0.1875,0.25,0.25,0.3125,0.3125,0.375,0.375,0.4375,0.4375,0.5,       1355P   2104
0.5,0.5625,0.5625,0.625,0.625,0.6875,0.6875,0.75,0.75,0.8125,       1355P   2105
0.8125,0.875,0.875,0.9375,0.9375,1.,1.,1.,1.,1.,1.,1.,1.,1.,1.,     1355P   2106
1.,1.,1.,1.,1.,1.,1.,1.,1.,1.,1.,1.,1.,1.,1.,1.,1.,1.,1.,1.,1.,     1355P   2107
1.,1.,1.,1.,1.,0.56122449,0.493366194,0.,0.56122449,                1355P   2108
0.490968546,0.,0.560048078,0.488616969,0.,0.558871667,              1355P   2109
0.486265391,0.,0.556564053,0.484050253,0.,0.554256439,              1355P   2110
0.481835116,0.,0.550906303,0.479841544,0.,0.547556167,              1355P   2111
0.477847973,0.,0.543292252,0.47615258,0.,0.539028337,               1355P   2112
0.474457187,0.,0.534014504,0.473125125,0.,0.529000671,              1355P   2113
0.471793064,0.,0.523429598,0.470875523,0.,0.517858525,              1355P   2114
0.469957983,0.,0.511944305,0.469490225,0.,0.506030086,              1355P   2115
0.469022468,0.,0.5,0.469022468,0.,0.493969914,0.469022468,0.,       1355P   2116
0.488055695,0.469490225,0.,0.482141475,0.469957983,0.,              1355P   2117
0.476570402,0.470875523,0.,0.470999329,0.471793064,0.,              1355P   2118
0.465985496,0.473125125,0.,0.460971663,0.474457187,0.,              1355P   2119
0.456707748,0.47615258,0.,0.452443833,0.477847973,0.,               1355P   2120
0.449093697,0.479841544,0.,0.445743561,0.481835116,0.,              1355P   2121
0.443435947,0.484050253,0.,0.441128333,0.486265391,0.,              1355P   2122
0.439951922,0.488616969,0.,0.43877551,0.490968546,0.,               1355P   2123
0.43877551,0.493366194,0.,0.,1.,0.,0.,1.;                           1355P   2124
124,-6.12303176911189E-017,4.27569270827966E-031,1.,12.5,           1357P   2125
-6.98296672221876E-015,-1.,0.,66.8000000000002,1.,                  1357P   2126
-6.98296672221876E-015,6.12303176911189E-017,-12.4999999999998;     1357P   2127
100,12.5,25.,33.4,26.5,33.4,23.5,33.4;                              1359P   2128
102,2,1349,1355;                                                    1361P   2129
102,2,1353,1359;                                                    1363P   2130
142,1,1307,1361,1363,1;                                             1365P   2131
126,32,2,1,0,1,0,0.,0.,0.,0.0625,0.0625,0.125,0.125,0.1875,         1367P   2132
0.1875,0.25,0.25,0.3125,0.3125,0.375,0.375,0.4375,0.4375,0.5,       1367P   2133
0.5,0.5625,0.5625,0.625,0.625,0.6875,0.6875,0.75,0.75,0.8125,       1367P   2134
0.8125,0.875,0.875,0.9375,0.9375,1.,1.,1.,1.,1.,1.,1.,1.,1.,1.,     1367P   2135
1.,1.,1.,1.,1.,1.,1.,1.,1.,1.,1.,1.,1.,1.,1.,1.,1.,1.,1.,1.,1.,     1367P   2136
1.,1.,1.,1.,1.,0.43877551,0.908832463,0.,0.43877551,                1367P   2137
0.911230111,0.,0.439951922,0.913581689,0.,0.441128333,              1367P   2138
0.915933266,0.,0.443435947,0.918148404,0.,0.445743561,              1367P   2139
0.920363542,0.,0.449093697,0.922357113,0.,0.452443833,              1367P   2140
0.924350684,0.,0.456707748,0.926046077,0.,0.460971663,              1367P   2141
0.92774147,0.,0.465985496,0.929073532,0.,0.470999329,               1367P   2142
0.930405594,0.,0.476570402,0.931323134,0.,0.482141475,              1367P   2143
0.932240674,0.,0.488055695,0.932708432,0.,0.493969914,              1367P   2144
0.93317619,0.,0.5,0.93317619,0.,0.506030086,0.93317619,0.,          1367P   2145
0.511944305,0.932708432,0.,0.517858525,0.932240674,0.,              1367P   2146
0.523429598,0.931323134,0.,0.529000671,0.930405594,0.,              1367P   2147
0.534014504,0.929073532,0.,0.539028337,0.92774147,0.,               1367P   2148
0.543292252,0.926046077,0.,0.547556167,0.924350684,0.,              1367P   2149
0.550906303,0.922357113,0.,0.554256439,0.920363542,0.,              1367P   2150
0.556564053,0.918148404,0.,0.558871667,0.915933266,0.,              1367P   2151
0.560048078,0.913581689,0.,0.56122449,0.911230111,0.,               1367P   2152
0.56122449,0.908832463,0.,0.,1.,0.,0.,1.;                           1367P   2153
124,6.12303176911189E-017,0.,1.,12.5,0.,1.,0.,0.,-1.,0.,            1369P   2154
6.12303176911189E-017,37.5;                                         1369P   2155
100,12.5,25.,59.,26.5,59.,23.5,59.;                                 1371P   2156
126,32,2,1,0,1,0,0.,0.,0.,0.0625,0.0625,0.125,0.125,0.1875,         1373P   2157
0.1875,0.25,0.25,0.3125,0.3125,0.375,0.375,0.4375,0.4375,0.5,       1373P   2158
0.5,0.5625,0.5625,0.625,0.625,0.6875,0.6875,0.75,0.75,0.8125,       1373P   2159
0.8125,0.875,0.875,0.9375,0.9375,1.,1.,1.,1.,1.,1.,1.,1.,1.,1.,     1373P   2160
1.,1.,1.,1.,1.,1.,1.,1.,1.,1.,1.,1.,1.,1.,1.,1.,1.,1.,1.,1.,1.,     1373P   2161
1.,1.,1.,1.,1.,0.56122449,0.908832463,0.,0.56122449,                1373P   2162
0.906434815,0.,0.560048078,0.904083238,0.,0.558871667,              1373P   2163
0.90173166,0.,0.556564053,0.899516522,0.,0.554256439,               1373P   2164
0.897301385,0.,0.550906303,0.895307813,0.,0.547556167,              1373P   2165
0.893314242,0.,0.543292252,0.891618849,0.,0.539028337,              1373P   2166
0.889923456,0.,0.534014504,0.888591394,0.,0.529000671,              1373P   2167
0.887259332,0.,0.523429598,0.886341792,0.,0.517858525,              1373P   2168
0.885424252,0.,0.511944305,0.884956494,0.,0.506030086,              1373P   2169
0.884488736,0.,0.5,0.884488736,0.,0.493969914,0.884488736,0.,       1373P   2170
0.488055695,0.884956494,0.,0.482141475,0.885424252,0.,              1373P   2171
0.476570402,0.886341792,0.,0.470999329,0.887259332,0.,              1373P   2172
0.465985496,0.888591394,0.,0.460971663,0.889923456,0.,              1373P   2173
0.456707748,0.891618849,0.,0.452443833,0.893314242,0.,              1373P   2174
0.449093697,0.895307813,0.,0.445743561,0.897301385,0.,              1373P   2175
0.443435947,0.899516522,0.,0.441128333,0.90173166,0.,               1373P   2176
0.439951922,0.904083238,0.,0.43877551,0.906434815,0.,               1373P   2177
0.43877551,0.908832463,0.,0.,1.,0.,0.,1.;                           1373P   2178
124,-6.12303176911189E-017,4.27569270827966E-031,1.,12.5,           1375P   2179
-6.98296672221876E-015,-1.,0.,118.,1.,-6.98296672221876E-015,       1375P   2180
6.12303176911189E-017,-12.4999999999996;                            1375P   2181
100,12.5,25.,59.,26.5,59.,23.5,59.;                                 1377P   2182
102,2,1367,1373;                                                    1379P   2183
102,2,1371,1377;                                                    1381P   2184
142,1,1307,1379,1381,1;                                             1383P   2185
126,32,2,1,0,1,0,0.,0.,0.,0.0625,0.0625,0.125,0.125,0.1875,         1385P   2186
0.1875,0.25,0.25,0.3125,0.3125,0.375,0.375,0.4375,0.4375,0.5,       1385P   2187
0.5,0.5625,0.5625,0.625,0.625,0.6875,0.6875,0.75,0.75,0.8125,       1385P   2188
0.8125,0.875,0.875,0.9375,0.9375,1.,1.,1.,1.,1.,1.,1.,1.,1.,1.,     1385P   2189
1.,1.,1.,1.,1.,1.,1.,1.,1.,1.,1.,1.,1.,1.,1.,1.,1.,1.,1.,1.,1.,     1385P   2190
1.,1.,1.,1.,1.,0.724489796,0.795228405,0.,0.724489796,              1385P   2191
0.797626053,0.,0.725666207,0.799977631,0.,0.726842619,              1385P   2192
0.802329208,0.,0.729150233,0.804544346,0.,0.731457847,              1385P   2193
0.806759484,0.,0.734807983,0.808753055,0.,0.738158119,              1385P   2194
0.810746626,0.,0.742422034,0.812442019,0.,0.746685948,              1385P   2195
0.814137412,0.,0.751699782,0.815469474,0.,0.756713615,              1385P   2196
0.816801536,0.,0.762284688,0.817719076,0.,0.767855761,              1385P   2197
0.818636616,0.,0.77376998,0.819104374,0.,0.7796842,0.819572132,     1385P   2198
0.,0.785714286,0.819572132,0.,0.791744372,0.819572132,0.,           1385P   2199
0.797658591,0.819104374,0.,0.803572811,0.818636616,0.,              1385P   2200
0.809143884,0.817719076,0.,0.814714957,0.816801536,0.,              1385P   2201
0.81972879,0.815469474,0.,0.824742623,0.814137412,0.,               1385P   2202
0.829006538,0.812442019,0.,0.833270452,0.810746626,0.,              1385P   2203
0.836620589,0.808753055,0.,0.839970725,0.806759484,0.,              1385P   2204
0.842278339,0.804544346,0.,0.844585953,0.802329208,0.,              1385P   2205
0.845762364,0.799977631,0.,0.846938776,0.797626053,0.,              1385P   2206
0.846938776,0.795228405,0.,0.,1.,0.,0.,1.;                          1385P   2207
124,6.12303176911189E-017,0.,1.,5.5,0.,1.,0.,0.,-1.,0.,             1387P   2208
6.12303176911189E-017,44.5;                                         1387P   2209
100,19.5,25.,52.,26.5,52.,23.5,52.;                                 1389P   2210
126,32,2,1,0,1,0,0.,0.,0.,0.0625,0.0625,0.125,0.125,0.1875,         1391P   2211
0.1875,0.25,0.25,0.3125,0.3125,0.375,0.375,0.4375,0.4375,0.5,       1391P   2212
0.5,0.5625,0.5625,0.625,0.625,0.6875,0.6875,0.75,0.75,0.8125,       1391P   2213
0.8125,0.875,0.875,0.9375,0.9375,1.,1.,1.,1.,1.,1.,1.,1.,1.,1.,     1391P   2214
1.,1.,1.,1.,1.,1.,1.,1.,1.,1.,1.,1.,1.,1.,1.,1.,1.,1.,1.,1.,1.,     1391P   2215
1.,1.,1.,1.,1.,0.846938776,0.795228405,0.,0.846938776,              1391P   2216
0.792830757,0.,0.845762364,0.79047918,0.,0.844585953,               1391P   2217
0.788127602,0.,0.842278339,0.785912464,0.,0.839970725,              1391P   2218
0.783697327,0.,0.836620589,0.781703755,0.,0.833270452,              1391P   2219
0.779710184,0.,0.829006538,0.778014791,0.,0.824742623,              1391P   2220
0.776319398,0.,0.81972879,0.774987336,0.,0.814714957,               1391P   2221
0.773655274,0.,0.809143884,0.772737734,0.,0.803572811,              1391P   2222
0.771820194,0.,0.797658591,0.771352436,0.,0.791744372,              1391P   2223
0.770884679,0.,0.785714286,0.770884679,0.,0.7796842,                1391P   2224
0.770884679,0.,0.77376998,0.771352436,0.,0.767855761,               1391P   2225
0.771820194,0.,0.762284688,0.772737734,0.,0.756713615,              1391P   2226
0.773655274,0.,0.751699782,0.774987336,0.,0.746685948,              1391P   2227
0.776319398,0.,0.742422034,0.778014791,0.,0.738158119,              1391P   2228
0.779710184,0.,0.734807983,0.781703755,0.,0.731457847,              1391P   2229
0.783697327,0.,0.729150233,0.785912464,0.,0.726842619,              1391P   2230
0.788127602,0.,0.725666207,0.79047918,0.,0.724489796,               1391P   2231
0.792830757,0.,0.724489796,0.795228405,0.,0.,1.,0.,0.,1.;           1391P   2232
124,-6.12303176911189E-017,4.27569270827966E-031,1.,5.5,            1393P   2233
-6.98296672221876E-015,-1.,0.,104.,1.,-6.98296672221876E-015,       1393P   2234
6.12303176911189E-017,-5.49999999999964;                            1393P   2235
100,19.5,25.,52.,26.5,52.,23.5,52.;                                 1395P   2236
102,2,1385,1391;                                                    1397P   2237
102,2,1389,1395;                                                    1399P   2238
142,1,1307,1397,1399,1;                                             1401P   2239
126,32,2,1,0,1,0,0.,0.,0.,0.0625,0.0625,0.125,0.125,0.1875,         1403P   2240
0.1875,0.25,0.25,0.3125,0.3125,0.375,0.375,0.4375,0.4375,0.5,       1403P   2241
0.5,0.5625,0.5625,0.625,0.625,0.6875,0.6875,0.75,0.75,0.8125,       1403P   2242
0.8125,0.875,0.875,0.9375,0.9375,1.,1.,1.,1.,1.,1.,1.,1.,1.,1.,     1403P   2243
1.,1.,1.,1.,1.,1.,1.,1.,1.,1.,1.,1.,1.,1.,1.,1.,1.,1.,1.,1.,1.,     1403P   2244
1.,1.,1.,1.,1.,0.153061224,0.795228405,0.,0.153061224,              1403P   2245
0.797626053,0.,0.154237636,0.799977631,0.,0.155414047,              1403P   2246
0.802329208,0.,0.157721661,0.804544346,0.,0.160029275,              1403P   2247
0.806759484,0.,0.163379411,0.808753055,0.,0.166729548,              1403P   2248
0.810746626,0.,0.170993462,0.812442019,0.,0.175257377,              1403P   2249
0.814137412,0.,0.18027121,0.815469474,0.,0.185285043,               1403P   2250
0.816801536,0.,0.190856116,0.817719076,0.,0.196427189,              1403P   2251
0.818636616,0.,0.202341409,0.819104374,0.,0.208255628,              1403P   2252
0.819572132,0.,0.214285714,0.819572132,0.,0.2203158,                1403P   2253
0.819572132,0.,0.22623002,0.819104374,0.,0.232144239,               1403P   2254
0.818636616,0.,0.237715312,0.817719076,0.,0.243286385,              1403P   2255
0.816801536,0.,0.248300218,0.815469474,0.,0.253314052,              1403P   2256
0.814137412,0.,0.257577966,0.812442019,0.,0.261841881,              1403P   2257
0.810746626,0.,0.265192017,0.808753055,0.,0.268542153,              1403P   2258
0.806759484,0.,0.270849767,0.804544346,0.,0.273157381,              1403P   2259
0.802329208,0.,0.274333793,0.799977631,0.,0.275510204,              1403P   2260
0.797626053,0.,0.275510204,0.795228405,0.,0.,1.,0.,0.,1.;           1403P   2261
124,6.12303176911189E-017,0.,1.,19.5,0.,1.,0.,0.,-1.,0.,            1405P   2262
6.12303176911189E-017,30.5;                                         1405P   2263
100,5.5,25.,52.,26.5,52.,23.5,52.;                                  1407P   2264
126,32,2,1,0,1,0,0.,0.,0.,0.0625,0.0625,0.125,0.125,0.1875,         1409P   2265
0.1875,0.25,0.25,0.3125,0.3125,0.375,0.375,0.4375,0.4375,0.5,       1409P   2266
0.5,0.5625,0.5625,0.625,0.625,0.6875,0.6875,0.75,0.75,0.8125,       1409P   2267
0.8125,0.875,0.875,0.9375,0.9375,1.,1.,1.,1.,1.,1.,1.,1.,1.,1.,     1409P   2268
1.,1.,1.,1.,1.,1.,1.,1.,1.,1.,1.,1.,1.,1.,1.,1.,1.,1.,1.,1.,1.,     1409P   2269
1.,1.,1.,1.,1.,0.275510204,0.795228405,0.,0.275510204,              1409P   2270
0.792830757,0.,0.274333793,0.79047918,0.,0.273157381,               1409P   2271
0.788127602,0.,0.270849767,0.785912464,0.,0.268542153,              1409P   2272
0.783697327,0.,0.265192017,0.781703755,0.,0.261841881,              1409P   2273
0.779710184,0.,0.257577966,0.778014791,0.,0.253314052,              1409P   2274
0.776319398,0.,0.248300218,0.774987336,0.,0.243286385,              1409P   2275
0.773655274,0.,0.237715312,0.772737734,0.,0.232144239,              1409P   2276
0.771820194,0.,0.22623002,0.771352436,0.,0.2203158,0.770884679,     1409P   2277
0.,0.214285714,0.770884679,0.,0.208255628,0.770884679,0.,           1409P   2278
0.202341409,0.771352436,0.,0.196427189,0.771820194,0.,              1409P   2279
0.190856116,0.772737734,0.,0.185285043,0.773655274,0.,              1409P   2280
0.18027121,0.774987336,0.,0.175257377,0.776319398,0.,               1409P   2281
0.170993462,0.778014791,0.,0.166729548,0.779710184,0.,              1409P   2282
0.163379411,0.781703755,0.,0.160029275,0.783697327,0.,              1409P   2283
0.157721661,0.785912464,0.,0.155414047,0.788127602,0.,              1409P   2284
0.154237636,0.79047918,0.,0.153061224,0.792830757,0.,               1409P   2285
0.153061224,0.795228405,0.,0.,1.,0.,0.,1.;                          1409P   2286
124,-6.12303176911189E-017,4.27569270827966E-031,1.,19.5,           1411P   2287
-6.98296672221876E-015,-1.,0.,104.,1.,-6.98296672221876E-015,       1411P   2288
6.12303176911189E-017,-19.4999999999996;                            1411P   2289
100,5.5,25.,52.,26.5,52.,23.5,52.;                                  1413P   2290
102,2,1403,1409;                                                    1415P   2291
102,2,1407,1413;                                                    1417P   2292
142,1,1307,1415,1417,1;                                             1419P   2293
126,32,2,1,0,1,0,0.,0.,0.,0.0625,0.0625,0.125,0.125,0.1875,         1421P   2294
0.1875,0.25,0.25,0.3125,0.3125,0.375,0.375,0.4375,0.4375,0.5,       1421P   2295
0.5,0.5625,0.5625,0.625,0.625,0.6875,0.6875,0.75,0.75,0.8125,       1421P   2296
0.8125,0.875,0.875,0.9375,0.9375,1.,1.,1.,1.,1.,1.,1.,1.,1.,1.,     1421P   2297
1.,1.,1.,1.,1.,1.,1.,1.,1.,1.,1.,1.,1.,1.,1.,1.,1.,1.,1.,1.,1.,     1421P   2298
1.,1.,1.,1.,1.,0.43877551,0.681624347,0.,0.43877551,                1421P   2299
0.684021995,0.,0.439951922,0.686373573,0.,0.441128333,              1421P   2300
0.688725151,0.,0.443435947,0.690940288,0.,0.445743561,              1421P   2301
0.693155426,0.,0.449093697,0.695148997,0.,0.452443833,              1421P   2302
0.697142569,0.,0.456707748,0.698837962,0.,0.460971663,              1421P   2303
0.700533355,0.,0.465985496,0.701865416,0.,0.470999329,              1421P   2304
0.703197478,0.,0.476570402,0.704115018,0.,0.482141475,              1421P   2305
0.705032558,0.,0.488055695,0.705500316,0.,0.493969914,              1421P   2306
0.705968074,0.,0.5,0.705968074,0.,0.506030086,0.705968074,0.,       1421P   2307
0.511944305,0.705500316,0.,0.517858525,0.705032558,0.,              1421P   2308
0.523429598,0.704115018,0.,0.529000671,0.703197478,0.,              1421P   2309
0.534014504,0.701865416,0.,0.539028337,0.700533355,0.,              1421P   2310
0.543292252,0.698837962,0.,0.547556167,0.697142569,0.,              1421P   2311
0.550906303,0.695148997,0.,0.554256439,0.693155426,0.,              1421P   2312
0.556564053,0.690940288,0.,0.558871667,0.688725151,0.,              1421P   2313
0.560048078,0.686373573,0.,0.56122449,0.684021995,0.,               1421P   2314
0.56122449,0.681624347,0.,0.,1.,0.,0.,1.;                           1421P   2315
124,6.12303176911189E-017,0.,1.,12.5,0.,1.,0.,0.,-1.,0.,            1423P   2316
6.12303176911189E-017,37.5;                                         1423P   2317
100,12.5,25.,45.,26.5,45.,23.5,45.;                                 1425P   2318
126,32,2,1,0,1,0,0.,0.,0.,0.0625,0.0625,0.125,0.125,0.1875,         1427P   2319
0.1875,0.25,0.25,0.3125,0.3125,0.375,0.375,0.4375,0.4375,0.5,       1427P   2320
0.5,0.5625,0.5625,0.625,0.625,0.6875,0.6875,0.75,0.75,0.8125,       1427P   2321
0.8125,0.875,0.875,0.9375,0.9375,1.,1.,1.,1.,1.,1.,1.,1.,1.,1.,     1427P   2322
1.,1.,1.,1.,1.,1.,1.,1.,1.,1.,1.,1.,1.,1.,1.,1.,1.,1.,1.,1.,1.,     1427P   2323
1.,1.,1.,1.,1.,0.56122449,0.681624347,0.,0.56122449,0.6792267,      1427P   2324
0.,0.560048078,0.676875122,0.,0.558871667,0.674523544,0.,           1427P   2325
0.556564053,0.672308406,0.,0.554256439,0.670093269,0.,              1427P   2326
0.550906303,0.668099697,0.,0.547556167,0.666106126,0.,              1427P   2327
0.543292252,0.664410733,0.,0.539028337,0.66271534,0.,               1427P   2328
0.534014504,0.661383278,0.,0.529000671,0.660051217,0.,              1427P   2329
0.523429598,0.659133677,0.,0.517858525,0.658216136,0.,              1427P   2330
0.511944305,0.657748379,0.,0.506030086,0.657280621,0.,0.5,          1427P   2331
0.657280621,0.,0.493969914,0.657280621,0.,0.488055695,              1427P   2332
0.657748379,0.,0.482141475,0.658216136,0.,0.476570402,              1427P   2333
0.659133677,0.,0.470999329,0.660051217,0.,0.465985496,              1427P   2334
0.661383278,0.,0.460971663,0.66271534,0.,0.456707748,               1427P   2335
0.664410733,0.,0.452443833,0.666106126,0.,0.449093697,              1427P   2336
0.668099697,0.,0.445743561,0.670093269,0.,0.443435947,              1427P   2337
0.672308406,0.,0.441128333,0.674523544,0.,0.439951922,              1427P   2338
0.676875122,0.,0.43877551,0.6792267,0.,0.43877551,0.681624347,      1427P   2339
0.,0.,1.,0.,0.,1.;                                                  1427P   2340
124,-6.12303176911189E-017,4.27569270827966E-031,1.,12.5,           1429P   2341
-6.98296672221876E-015,-1.,0.,90.0000000000002,1.,                  1429P   2342
-6.98296672221876E-015,6.12303176911189E-017,-12.4999999999997;     1429P   2343
100,12.5,25.,45.,26.5,45.,23.5,45.;                                 1431P   2344
102,2,1421,1427;                                                    1433P   2345
102,2,1425,1431;                                                    1435P   2346
142,1,1307,1433,1435,1;                                             1437P   2347
126,32,2,1,0,1,0,0.,0.,0.,0.0625,0.0625,0.125,0.125,0.1875,         1439P   2348
0.1875,0.25,0.25,0.3125,0.3125,0.375,0.375,0.4375,0.4375,0.5,       1439P   2349
0.5,0.5625,0.5625,0.625,0.625,0.6875,0.6875,0.75,0.75,0.8125,       1439P   2350
0.8125,0.875,0.875,0.9375,0.9375,1.,1.,1.,1.,1.,1.,1.,1.,1.,1.,     1439P   2351
1.,1.,1.,1.,1.,1.,1.,1.,1.,1.,1.,1.,1.,1.,1.,1.,1.,1.,1.,1.,1.,     1439P   2352
1.,1.,1.,1.,1.,0.336734694,0.795228405,0.,0.336734694,              1439P   2353
0.801622133,0.,0.339871791,0.807893007,0.,0.343008888,              1439P   2354
0.81416388,0.,0.349162525,0.820070914,0.,0.355316163,               1439P   2355
0.825977948,0.,0.364249859,0.831294138,0.,0.373183556,              1439P   2356
0.836610328,0.,0.384553995,0.841131376,0.,0.395924434,              1439P   2357
0.845652425,0.,0.409294656,0.849204589,0.,0.422664878,              1439P   2358
0.852756754,0.,0.437521072,0.855203527,0.,0.452377267,              1439P   2359
0.857650301,0.,0.468148519,0.858897655,0.,0.483919771,              1439P   2360
0.86014501,0.,0.5,0.86014501,0.,0.516080229,0.86014501,0.,          1439P   2361
0.531851481,0.858897655,0.,0.547622733,0.857650301,0.,              1439P   2362
0.562478928,0.855203527,0.,0.577335122,0.852756754,0.,              1439P   2363
0.590705344,0.849204589,0.,0.604075566,0.845652425,0.,              1439P   2364
0.615446005,0.841131376,0.,0.626816444,0.836610328,0.,              1439P   2365
0.635750141,0.831294138,0.,0.644683837,0.825977948,0.,              1439P   2366
0.650837475,0.820070914,0.,0.656991112,0.81416388,0.,               1439P   2367
0.660128209,0.807893007,0.,0.663265306,0.801622133,0.,              1439P   2368
0.663265306,0.795228405,0.,0.,1.,0.,0.,1.;                          1439P   2369
124,6.12303176911189E-017,0.,1.,12.5,0.,1.,0.,0.,-1.,0.,            1441P   2370
6.12303176911189E-017,37.5;                                         1441P   2371
100,12.5,25.,52.,29.,52.,21.,52.;                                   1443P   2372
126,32,2,1,0,1,0,0.,0.,0.,0.0625,0.0625,0.125,0.125,0.1875,         1445P   2373
0.1875,0.25,0.25,0.3125,0.3125,0.375,0.375,0.4375,0.4375,0.5,       1445P   2374
0.5,0.5625,0.5625,0.625,0.625,0.6875,0.6875,0.75,0.75,0.8125,       1445P   2375
0.8125,0.875,0.875,0.9375,0.9375,1.,1.,1.,1.,1.,1.,1.,1.,1.,1.,     1445P   2376
1.,1.,1.,1.,1.,1.,1.,1.,1.,1.,1.,1.,1.,1.,1.,1.,1.,1.,1.,1.,1.,     1445P   2377
1.,1.,1.,1.,1.,0.663265306,0.795228405,0.,0.663265306,              1445P   2378
0.788834678,0.,0.660128209,0.782563804,0.,0.656991112,              1445P   2379
0.77629293,0.,0.650837475,0.770385896,0.,0.644683837,               1445P   2380
0.764478862,0.,0.635750141,0.759162672,0.,0.626816444,              1445P   2381
0.753846482,0.,0.615446005,0.749325434,0.,0.604075566,              1445P   2382
0.744804386,0.,0.590705344,0.741252221,0.,0.577335122,              1445P   2383
0.737700057,0.,0.562478928,0.735253283,0.,0.547622733,              1445P   2384
0.732806509,0.,0.531851481,0.731559155,0.,0.516080229,              1445P   2385
0.730311801,0.,0.5,0.730311801,0.,0.483919771,0.730311801,0.,       1445P   2386
0.468148519,0.731559155,0.,0.452377267,0.732806509,0.,              1445P   2387
0.437521072,0.735253283,0.,0.422664878,0.737700057,0.,              1445P   2388
0.409294656,0.741252221,0.,0.395924434,0.744804386,0.,              1445P   2389
0.384553995,0.749325434,0.,0.373183556,0.753846482,0.,              1445P   2390
0.364249859,0.759162672,0.,0.355316163,0.764478862,0.,              1445P   2391
0.349162525,0.770385896,0.,0.343008888,0.77629293,0.,               1445P   2392
0.339871791,0.782563804,0.,0.336734694,0.788834678,0.,              1445P   2393
0.336734694,0.795228405,0.,0.,1.,0.,0.,1.;                          1445P   2394
124,-6.12303176911189E-017,4.27569270827966E-031,1.,12.5,           1447P   2395
-6.98296672221876E-015,-1.,0.,104.,1.,-6.98296672221876E-015,       1447P   2396
6.12303176911189E-017,-12.4999999999996;                            1447P   2397
100,12.5,25.,52.,29.,52.,21.,52.;                                   1449P   2398
102,2,1439,1445;                                                    1451P   2399
102,2,1443,1449;                                                    1453P   2400
142,1,1307,1451,1453,1;                                             1455P   2401
144,1307,1,7,1329,1347,1365,1383,1401,1419,1437,1455;               1457P   2402
110,24.,3.,24.75,24.,3.,-975.25;                                    1459P   2403
110,23.,3.,24.75,23.,3.,0.25;                                       1461P   2404
120,1459,1461,0.,6.28318530717959;                                  1463P   2405
126,1,1,1,0,1,0,0.,0.,1.,1.,1.,1.,0.,3.141592654,0.,0.,             1465P   2406
4.71238898,0.,0.,1.,0.,0.,1.;                                       1465P   2407
124,1.,-1.07022138554725E-014,-6.98296672297344E-015,               1467P   2408
2.05172765810859E-013,-1.07022138539536E-014,-1.,                   1467P   2409
2.17520446099684E-010,5.99999999461662,-6.98296672530139E-015,      1467P   2410
-2.17520446099684E-010,-1.,49.5000000010878;                        1467P   2411
100,24.75,24.,3.,25.,3.,24.,4.;                                     1469P   2412
126,1,1,1,0,1,0,0.,0.,1.,1.,1.,1.,0.,4.71238898,0.,1.,              1471P   2413
4.71238898,0.,0.,1.,0.,0.,1.;                                       1471P   2414
110,24.,2.,24.75,24.,2.,0.25;                                       1473P   2415
126,1,1,1,0,1,0,0.,0.,1.,1.,1.,1.,1.,4.71238898,0.,1.,              1475P   2416
3.141592654,0.,0.,1.,0.,0.,1.;                                      1475P   2417
100,0.25,24.,3.,24.,2.,25.,3.;                                      1477P   2418
126,1,1,1,0,1,0,0.,0.,1.,1.,1.,1.,1.,3.141592654,0.,0.,             1479P   2419
3.141592654,0.,0.,1.,0.,0.,1.;                                      1479P   2420
110,25.,3.,0.25,25.,3.,24.75;                                       1481P   2421
102,4,1465,1471,1475,1479;                                          1483P   2422
102,4,1469,1473,1477,1481;                                          1485P   2423
142,1,1463,1483,1485,1;                                             1487P   2424
144,1463,1,0,1487;                                                  1489P   2425
128,3,3,3,3,0,0,0,0,0,0.06314145669199,0.06314145669199,            1491P   2426
0.06314145669199,0.06314145669199,0.942100861754764,                1491P   2427
0.942100861754764,0.942100861754764,0.942100861754764,0.,0.,0.,     1491P   2428
0.,1.,1.,1.,1.,0.956578302363532,0.768674065733036,                 1491P   2429
0.76980149457814,0.959960588898845,0.769794770345957,               1491P   2430
0.618581118179054,0.619488402848541,0.772516624354418,              1491P   2431
0.769794770345957,0.618581118179054,0.619488402848541,              1491P   2432
0.772516624354418,0.956578302363532,0.768674065733036,              1491P   2433
0.76980149457814,0.959960588898845,-24.,2.,0.25,-24.,2.,            1491P   2434
0.102459912,-24.,1.895201152,-0.001238906,-24.,1.747882433,         1491P   2435
8.969E-006,-24.585786438,2.,0.25,-24.585786438,2.,0.102459912,      1491P   2436
-24.647176181,1.895201152,-0.001238906,-24.733473489,               1491P   2437
1.747882433,8.969E-006,-25.,2.414213562,0.25,-25.,2.414213562,      1491P   2438
0.102459912,-25.104798848,2.352823819,-0.001238906,                 1491P   2439
-25.252117567,2.266526511,8.969E-006,-25.,3.,0.25,-25.,3.,          1491P   2440
0.102459912,-25.104798848,3.,-0.001238906,-25.252117567,3.,         1491P   2441
8.969E-006,0.06314145669199,0.942100861754764,0.,1.;                1491P   2442
126,1,1,1,0,1,0,0.,0.,1.,1.,1.,1.,0.063141457,0.,0.,                1493P   2443
0.936858559,0.,0.,0.,1.,0.,0.,1.;                                   1493P   2444
124,-2.27382320026106E-026,-6.12303176911189E-017,-1.,-23.75,       1495P   2445
1.,-3.71355773741292E-010,0.,25.7500000006499,                      1495P   2446
-3.71355773741292E-010,-1.,6.12303176911189E-017,                   1495P   2447
1.99999999108746;                                                   1495P   2448
100,0.25,-24.,1.75,-23.75,1.75,-24.000000006,2.;                    1497P   2449
126,1,1,1,0,1,0,0.,0.,1.,1.,1.,1.,0.936858543,0.,0.,                1499P   2450
0.936858543,1.,0.,0.,1.,0.,0.,1.;                                   1499P   2451
126,7,3,1,0,1,0,0.,0.,0.,0.,0.249999999999999,                      1501P   2452
0.249999999999999,0.499999999999998,0.499999999999998,1.,1.,1.,     1501P   2453
1.,1.,1.,1.,1.,1.,1.,1.,1.,-24.,1.75,0.,-24.159464694,              1501P   2454
1.75013069,0.,-24.302378541,1.775239856,0.,-24.617858232,           1501P   2455
1.900289391,0.,-24.761382818,1.993508017,0.,-25.128884793,          1501P   2456
2.361333536,0.,-25.249739218,2.681799251,0.,-25.25,3.,0.,0.,1.,     1501P   2457
0.,0.,1.;                                                           1501P   2458
126,1,1,1,0,1,0,0.,0.,1.,1.,1.,1.,0.936858548,1.,0.,                1503P   2459
0.063141457,1.,0.,0.,1.,0.,0.,1.;                                   1503P   2460
124,-7.15279232005772E-009,1.,0.,-28.250000180608,                  1505P   2461
-6.12303176911189E-017,-4.3796774613573E-025,-1.,3.25,-1.,          1505P   2462
-7.15279232005772E-009,6.12303176911189E-017,-24.9999999785416;     1505P   2463
100,0.25,-25.25,3.,-25.,3.,-25.250000002,3.25;                      1507P   2464
126,1,1,1,0,1,0,0.,0.,1.,1.,1.,1.,0.063141457,1.,0.,                1509P   2465
0.063141457,0.,0.,0.,1.,0.,0.,1.;                                   1509P   2466
100,0.25,-24.,3.,-25.,3.,-24.,2.;                                   1511P   2467
102,4,1493,1499,1503,1509;                                          1513P   2468
102,4,1497,1501,1507,1511;                                          1515P   2469
142,1,1491,1513,1515,1;                                             1517P   2470
144,1491,1,0,1517;                                                  1519P   2471
110,24.,1.75,0.25,-976.,1.75,0.25;                                  1521P   2472
110,24.,1.75,0.5,-24.,1.75,0.5;                                     1523P   2473
120,1521,1523,0.,6.28318530717959;                                  1525P   2474
126,1,1,1,0,1,0,0.,0.,1.,1.,1.,1.,1.,1.570796327,0.,0.,             1527P   2475
1.570796327,0.,0.,1.,0.,0.,1.;                                      1527P   2476
110,-24.,2.,0.25,24.,2.,0.25;                                       1529P   2477
126,1,1,1,0,1,0,0.,0.,1.,1.,1.,1.,0.,1.570796327,0.,0.,             1531P   2478
3.141592674,0.,0.,1.,0.,0.,1.;                                      1531P   2479
124,-2.66376882888433E-026,-6.12303176911189E-017,-1.,24.25,1.,     1533P   2480
-4.3504083096905E-010,0.,-22.2499999992387,                         1533P   2481
-4.3504083096905E-010,-1.,6.12303176911189E-017,                    1533P   2482
2.00000001044098;                                                   1533P   2483
100,0.25,24.,1.75,24.25,1.75,23.999999995,2.;                       1535P   2484
126,1,1,1,0,1,0,0.,0.,1.,1.,1.,1.,0.,3.141592705,0.,1.,             1537P   2485
3.141592705,0.,0.,1.,0.,0.,1.;                                      1537P   2486
110,24.000000003,1.749999987,0.,-24.000000004,1.749999987,0.;       1539P   2487
126,1,1,1,0,1,0,0.,0.,1.,1.,1.,1.,1.,3.141592679,0.,1.,             1541P   2488
1.570796327,0.,0.,1.,0.,0.,1.;                                      1541P   2489
124,6.12303176911188E-017,1.58032723610631E-024,1.,-24.25,          1543P   2490
-2.58095547385267E-008,1.,0.,-6.19429313278304E-007,-1.,            1543P   2491
-2.58095547385267E-008,6.12303176911189E-017,-23.7499999548333;     1543P   2492
100,0.25,-24.,1.75,-23.75,1.75,-24.000000006,2.;                    1545P   2493
102,4,1527,1531,1537,1541;                                          1547P   2494
102,4,1529,1535,1539,1545;                                          1549P   2495
142,1,1525,1547,1549,1;                                             1551P   2496
144,1525,1,0,1551;                                                  1553P   2497
128,3,3,3,3,0,0,0,0,0,0.063141456478119,0.063141456478119,          1555P   2498
0.063141456478119,0.063141456478119,0.94210085850864,               1555P   2499
0.94210085850864,0.94210085850864,0.94210085850864,0.,0.,0.,0.,     1555P   2500
1.,1.,1.,1.,0.956578302500697,0.768674066426447,                    1555P   2501
0.769801494523544,0.95996058679199,0.769794770456339,               1555P   2502
0.618581118737068,0.619488402804606,0.772516622658952,              1555P   2503
0.769794770456339,0.618581118737068,0.619488402804606,              1555P   2504
0.772516622658952,0.956578302500697,0.768674066426447,              1555P   2505
0.769801494523544,0.95996058679199,25.,3.,0.25,25.,3.,              1555P   2506
0.102459913,25.104798847,3.,-0.001238905,25.252117566,3.,           1555P   2507
8.969E-006,25.,2.414213562,0.25,25.,2.414213562,0.102459913,        1555P   2508
25.104798847,2.352823819,-0.001238905,25.252117566,2.266526512,     1555P   2509
8.969E-006,24.585786438,2.,0.25,24.585786438,2.,0.102459913,        1555P   2510
24.647176181,1.895201153,-0.001238905,24.733473488,1.747882434,     1555P   2511
8.969E-006,24.,2.,0.25,24.,2.,0.102459913,24.,1.895201153,          1555P   2512
-0.001238905,24.,1.747882434,8.969E-006,0.063141456478119,          1555P   2513
0.94210085850864,0.,1.;                                             1555P   2514
126,1,1,1,0,1,0,0.,0.,1.,1.,1.,1.,0.063141456,0.,0.,                1557P   2515
0.936858555,0.,0.,0.,1.,0.,0.,1.;                                   1557P   2516
124,-1.,1.40883940798198E-014,0.,50.5,-8.62636845265042E-031,       1559P   2517
-6.12303176911189E-017,-1.,3.25,-1.40883940798198E-014,-1.,         1559P   2518
6.12303176911189E-017,3.25000000000036;                             1559P   2519
100,0.25,25.25,3.,25.5,3.,25.249999995,3.25;                        1561P   2520
126,1,1,1,0,1,0,0.,0.,1.,1.,1.,1.,0.936858543,0.,0.,                1563P   2521
0.936858543,1.,0.,0.,1.,0.,0.,1.;                                   1563P   2522
126,7,3,1,0,1,0,0.,0.,0.,0.,0.25,0.25,0.5,0.5,1.,1.,1.,1.,1.,       1565P   2523
1.,1.,1.,1.,1.,1.,1.,25.25,3.,0.,25.24986931,2.840535306,0.,        1565P   2524
25.224760144,2.697621459,0.,25.099710609,2.382141768,0.,            1565P   2525
25.006491983,2.238617182,0.,24.638666464,1.871115207,0.,            1565P   2526
24.318200749,1.750260782,0.,24.,1.75,0.,0.,1.,0.,0.,1.;             1565P   2527
126,1,1,1,0,1,0,0.,0.,1.,1.,1.,1.,0.936858556,1.,0.,                1567P   2528
0.063141456,1.,0.,0.,1.,0.,0.,1.;                                   1567P   2529
124,6.12303176911189E-017,1.29033158477911E-024,1.,23.75,           1569P   2530
-2.10734099288573E-008,1.,0.,5.05761838740647E-007,-1.,             1569P   2531
-2.10734099288573E-008,6.12303176911189E-017,24.2500000368785;      1569P   2532
100,0.25,24.,1.75,24.25,1.75,23.999999995,2.;                       1571P   2533
126,1,1,1,0,1,0,0.,0.,1.,1.,1.,1.,0.063141456,1.,0.,                1573P   2534
0.063141456,0.,0.,0.,1.,0.,0.,1.;                                   1573P   2535
100,0.25,24.,3.,24.,2.,25.,3.;                                      1575P   2536
102,4,1557,1563,1567,1573;                                          1577P   2537
102,4,1561,1565,1571,1575;                                          1579P   2538
142,1,1555,1577,1579,1;                                             1581P   2539
144,1555,1,0,1581;                                                  1583P   2540
110,25.25,52.,0.25,25.25,-948.,0.25;                                1585P   2541
110,25.5,52.,0.25,25.5,3.,0.25;                                     1587P   2542
120,1585,1587,0.,6.28318530717959;                                  1589P   2543
126,1,1,1,0,1,0,0.,0.,1.,1.,1.,1.,1.,3.141592653,0.,0.,             1591P   2544
3.141592653,0.,0.,1.,0.,0.,1.;                                      1591P   2545
110,25.,3.,0.25,25.,52.,0.25;                                       1593P   2546
126,1,1,1,0,1,0,0.,0.,1.,1.,1.,1.,0.,3.141592654,0.,0.,             1595P   2547
4.712388999,0.,0.,1.,0.,0.,1.;                                      1595P   2548
124,-1.,2.79661818876342E-014,-1.38777878078144E-014,               1597P   2549
50.4999999999986,1.38777878078144E-014,-6.1230317691507E-017,       1597P   2550
-1.,52.2499999999997,-2.79661818876342E-014,-1.,                    1597P   2551
6.12303176911189E-017,52.2500000000007;                             1597P   2552
100,0.25,25.25,52.,25.5,52.,25.249999995,52.25;                     1599P   2553
126,1,1,1,0,1,0,0.,0.,1.,1.,1.,1.,0.,4.712389018,0.,1.,             1601P   2554
4.712389018,0.,0.,1.,0.,0.,1.;                                      1601P   2555
110,25.250000009,51.999999997,0.,25.250000009,3.00000001,0.;        1603P   2556
126,1,1,1,0,1,0,0.,0.,1.,1.,1.,1.,1.,4.712388999,0.,1.,             1605P   2557
3.141592654,0.,0.,1.,0.,0.,1.;                                      1605P   2558
124,1.88059706198189E-008,-1.,0.,28.2499995251493,                  1607P   2559
6.12303176911189E-017,1.15149555554136E-024,1.,2.75,-1.,            1607P   2560
-1.88059706198189E-008,6.12303176911189E-017,25.5000000564179;      1607P   2561
100,0.25,25.25,3.,25.5,3.,25.249999995,3.25;                        1609P   2562
102,4,1591,1595,1601,1605;                                          1611P   2563
102,4,1593,1599,1603,1609;                                          1613P   2564
142,1,1589,1611,1613,1;                                             1615P   2565
144,1589,1,0,1615;                                                  1617P   2566
128,3,3,3,3,0,0,0,0,0,0.0578991381530239,0.0578991381530239,        1619P   2567
0.0578991381530239,0.0578991381530239,0.93685854340304,             1619P   2568
0.93685854340304,0.93685854340304,0.93685854340304,0.,0.,0.,0.,     1619P   2569
1.,1.,1.,1.,0.959960588958695,0.769801494557818,                    1619P   2570
0.76867406571308,0.956578302424479,0.772516624402581,               1619P   2571
0.619488402832187,0.618581118162994,0.769794770395003,              1619P   2572
0.772516624402581,0.619488402832187,0.618581118162994,              1619P   2573
0.769794770395003,0.959960588958695,0.769801494557818,              1619P   2574
0.76867406571308,0.956578302424479,-24.,1.747882433,                1619P   2575
24.999991031,-24.,1.895201152,25.001238906,-24.,2.,                 1619P   2576
24.897540088,-24.,2.,24.75,-24.733473489,1.747882433,               1619P   2577
24.999991031,-24.647176181,1.895201152,25.001238906,                1619P   2578
-24.585786438,2.,24.897540088,-24.585786438,2.,24.75,               1619P   2579
-25.252117567,2.266526511,24.999991031,-25.104798848,               1619P   2580
2.352823819,25.001238906,-25.,2.414213562,24.897540088,-25.,        1619P   2581
2.414213562,24.75,-25.252117567,3.,24.999991031,-25.104798848,      1619P   2582
3.,25.001238906,-25.,3.,24.897540088,-25.,3.,24.75,                 1619P   2583
0.0578991381530239,0.93685854340304,0.,1.;                          1619P   2584
126,1,1,1,0,1,0,0.,0.,1.,1.,1.,1.,0.063141441,0.,0.,                1621P   2585
0.936858543,0.,0.,0.,1.,0.,0.,1.;                                   1621P   2586
124,6.12303176911188E-017,1.58032723610631E-024,-1.,0.75,           1623P   2587
-2.58095547385267E-008,1.,0.,-6.19429313112963E-007,1.,             1623P   2588
2.58095547385267E-008,6.12303176911189E-017,48.7499999548333;       1623P   2589
100,24.75,-24.,1.75,-23.75,1.75,-24.000000006,2.;                   1625P   2590
126,1,1,1,0,1,0,0.,0.,1.,1.,1.,1.,0.936858543,0.,0.,                1627P   2591
0.936858543,1.,0.,0.,1.,0.,0.,1.;                                   1627P   2592
124,-1.55512809653382E-014,-1.,2.18214335490074E-010,               1629P   2593
-21.0000000054012,-1.,1.5551280966862E-014,                         1629P   2594
6.98296672051533E-015,-21.0000000000002,-6.98296672390884E-015,     1629P   2595
-2.18214335490074E-010,-1.,49.5000000010895;                        1629P   2596
100,24.75,-24.,3.,-23.,3.,-24.,4.;                                  1631P   2597
126,1,1,1,0,1,0,0.,0.,1.,1.,1.,1.,0.936858543,1.,0.,                1633P   2598
0.063141452,1.,0.,0.,1.,0.,0.,1.;                                   1633P   2599
124,1.,0.,0.,0.,0.,-7.04419703990988E-015,-1.,27.7499999999993,     1635P   2600
0.,1.,-7.04419703990988E-015,21.7499999999995;                      1635P   2601
100,24.75,-25.25,3.,-25.,3.,-25.250000002,3.25;                     1637P   2602
126,1,1,1,0,1,0,0.,0.,1.,1.,1.,1.,0.063141457,1.,0.,                1639P   2603
0.063141457,0.,0.,0.,1.,0.,0.,1.;                                   1639P   2604
126,3,3,1,0,0,0,0.,0.,0.,0.,1.,1.,1.,1.,0.9565783022744,            1641P   2605
0.769794770274229,0.769794770274229,0.9565783022744,-25.25,3.,      1641P   2606
25.,-25.25,2.267766953,25.,-24.732233047,1.75,25.,-24.,1.75,        1641P   2607
25.,0.,1.,0.,0.,-1.;                                                1641P   2608
102,4,1621,1627,1633,1639;                                          1643P   2609
102,4,1625,1631,1637,1641;                                          1645P   2610
142,1,1619,1643,1645,1;                                             1647P   2611
144,1619,1,0,1647;                                                  1649P   2612
110,-24.,1.75,24.75,976.,1.75,24.75;                                1651P   2613
110,-24.,1.75,24.5,24.,1.75,24.5;                                   1653P   2614
120,1651,1653,0.,6.28318530717959;                                  1655P   2615
126,1,1,1,0,1,0,0.,0.,1.,1.,1.,1.,0.,3.141592705,0.,1.,             1657P   2616
3.141592705,0.,0.,1.,0.,0.,1.;                                      1657P   2617
110,-24.000000004,1.749999987,25.,24.000000003,1.749999987,25.;     1659P   2618
126,1,1,1,0,1,0,0.,0.,1.,1.,1.,1.,1.,3.141592674,0.,1.,             1661P   2619
1.570796327,0.,0.,1.,0.,0.,1.;                                      1661P   2620
124,6.12303176911189E-017,1.29033158477911E-024,-1.,48.75,          1663P   2621
-2.10734099288573E-008,1.,0.,5.05761838689148E-007,1.,              1663P   2622
2.10734099288573E-008,6.12303176911189E-017,0.749999963121536;      1663P   2623
100,24.75,24.,1.75,24.25,1.75,23.999999995,2.;                      1665P   2624
126,1,1,1,0,1,0,0.,0.,1.,1.,1.,1.,1.,1.570796327,0.,0.,             1667P   2625
1.570796327,0.,0.,1.,0.,0.,1.;                                      1667P   2626
110,24.,2.,24.75,-24.,2.,24.75;                                     1669P   2627
126,1,1,1,0,1,0,0.,0.,1.,1.,1.,1.,0.,1.570796327,0.,0.,             1671P   2628
3.141592679,0.,0.,1.,0.,0.,1.;                                      1671P   2629
124,-1.33188422698457E-026,-6.12303176911189E-017,1.,-48.75,1.,     1673P   2630
-2.17520384869366E-010,0.,25.7500000003807,                         1673P   2631
2.17520384869366E-010,1.,6.12303176911189E-017,                     1673P   2632
23.0000000052205;                                                   1673P   2633
100,24.75,-24.,1.75,-23.75,1.75,-24.000000006,2.;                   1675P   2634
102,4,1657,1661,1667,1671;                                          1677P   2635
102,4,1659,1665,1669,1675;                                          1679P   2636
142,1,1655,1677,1679,1;                                             1681P   2637
144,1655,1,0,1681;                                                  1683P   2638
128,3,3,3,3,0,0,0,0,0,0.0578991414180472,0.0578991414180472,        1685P   2639
0.0578991414180472,0.0578991414180472,0.936858543521867,            1685P   2640
0.936858543521867,0.936858543521867,0.936858543521867,0.,0.,0.,     1685P   2641
0.,1.,1.,1.,1.,0.959960586839574,0.769801494523737,                 1685P   2642
0.768674066410776,0.956578302500688,0.772516622697245,              1685P   2643
0.619488402804761,0.618581118724457,0.769794770456332,              1685P   2644
0.772516622697245,0.619488402804761,0.618581118724457,              1685P   2645
0.769794770456332,0.959960586839574,0.769801494523737,              1685P   2646
0.768674066410776,0.956578302500688,25.252117566,3.,                1685P   2647
24.999991031,25.104798847,3.,25.001238905,25.,3.,24.897540087,      1685P   2648
25.,3.,24.75,25.252117566,2.266526512,24.999991031,                 1685P   2649
25.104798847,2.352823819,25.001238905,25.,2.414213562,              1685P   2650
24.897540087,25.,2.414213562,24.75,24.733473488,1.747882434,        1685P   2651
24.999991031,24.647176181,1.895201153,25.001238905,                 1685P   2652
24.585786438,2.,24.897540087,24.585786438,2.,24.75,24.,             1685P   2653
1.747882434,24.999991031,24.,1.895201153,25.001238905,24.,2.,       1685P   2654
24.897540087,24.,2.,24.75,0.0578991414180472,0.936858543521867,     1685P   2655
0.,1.;                                                              1685P   2656
126,1,1,1,0,1,0,0.,0.,1.,1.,1.,1.,0.936858544,1.,0.,                1687P   2657
0.063141444,1.,0.,0.,1.,0.,0.,1.;                                   1687P   2658
124,-2.66376882888433E-026,-6.12303176911189E-017,1.,               1689P   2659
-0.750000000000002,1.,-4.3504083096905E-010,0.,                     1689P   2660
-22.2499999992387,4.3504083096905E-010,1.,                          1689P   2661
6.12303176911189E-017,22.999999989559;                              1689P   2662
100,24.75,24.,1.75,24.25,1.75,23.999999995,2.;                      1691P   2663
126,1,1,1,0,1,0,0.,0.,1.,1.,1.,1.,0.063141457,1.,0.,                1693P   2664
0.063141457,0.,0.,0.,1.,0.,0.,1.;                                   1693P   2665
126,3,3,1,0,0,0,0.,0.,0.,0.,1.,1.,1.,1.,0.956578302274402,          1695P   2666
0.76979477027423,0.76979477027423,0.956578302274402,24.,1.75,       1695P   2667
25.,24.732233047,1.75,25.,25.25,2.267766953,25.,25.25,3.,25.,       1695P   2668
0.,1.,0.,0.,-1.;                                                    1695P   2669
126,1,1,1,0,1,0,0.,0.,1.,1.,1.,1.,0.063141445,0.,0.,                1697P   2670
0.936858544,0.,0.,0.,1.,0.,0.,1.;                                   1697P   2671
124,1.88059706198189E-008,-1.,0.,28.2499995251493,                  1699P   2672
6.12303176911189E-017,1.15149555554136E-024,-1.,27.75,1.,           1699P   2673
1.88059706198189E-008,6.12303176911189E-017,-0.500000056417904;     1699P   2674
100,24.75,25.25,3.,25.5,3.,25.249999995,3.25;                       1701P   2675
126,1,1,1,0,1,0,0.,0.,1.,1.,1.,1.,0.936858544,0.,0.,                1703P   2676
0.936858544,1.,0.,0.,1.,0.,0.,1.;                                   1703P   2677
124,1.,-1.07022138554725E-014,-6.98296672297344E-015,               1705P   2678
2.05172765810859E-013,-1.07022138539536E-014,-1.,                   1705P   2679
2.17520446099684E-010,5.99999999461662,-6.98296672530139E-015,      1705P   2680
-2.17520446099684E-010,-1.,49.5000000010878;                        1705P   2681
100,24.75,24.,3.,25.,3.,24.,4.;                                     1707P   2682
102,4,1687,1693,1697,1703;                                          1709P   2683
102,4,1691,1695,1701,1707;                                          1711P   2684
142,1,1685,1709,1711,1;                                             1713P   2685
144,1685,1,0,1713;                                                  1715P   2686
110,25.25,3.,24.75,25.25,1003.,24.75;                               1717P   2687
110,25.25,3.,25.,25.25,52.,25.;                                     1719P   2688
120,1717,1719,0.,6.28318530717959;                                  1721P   2689
126,1,1,1,0,1,0,0.,0.,1.,1.,1.,1.,1.,4.71238898,0.,0.,              1723P   2690
4.71238898,0.,0.,1.,0.,0.,1.;                                       1723P   2691
110,25.,52.,24.75,25.,3.,24.75;                                     1725P   2692
126,1,1,1,0,1,0,0.,0.,1.,1.,1.,1.,0.,4.71238898,0.,0.,              1727P   2693
6.283185307,0.,0.,1.,0.,0.,1.;                                      1727P   2694
124,-1.,1.40883940798198E-014,0.,50.5,-8.62636845265042E-031,       1729P   2695
-6.12303176911189E-017,1.,-21.75,1.40883940798198E-014,1.,          1729P   2696
6.12303176911189E-017,21.7499999999996;                             1729P   2697
100,24.75,25.25,3.,25.5,3.,25.249999995,3.25;                       1731P   2698
126,1,1,1,0,1,0,0.,0.,1.,1.,1.,1.,0.,6.283185307,0.,1.,             1733P   2699
6.283185307,0.,0.,1.,0.,0.,1.;                                      1733P   2700
110,25.250000009,3.00000001,25.,25.250000009,52.,25.;               1735P   2701
126,1,1,1,0,1,0,0.,0.,1.,1.,1.,1.,1.,6.283185307,0.,1.,             1737P   2702
4.712388981,0.,0.,1.,0.,0.,1.;                                      1737P   2703
124,1.85649412011728E-008,-1.,0.,77.2499995312352,                  1739P   2704
6.12303176911189E-017,1.13673724766475E-024,-1.,76.75,1.,           1739P   2705
1.85649412011728E-008,6.12303176911189E-017,-0.500000965376934;     1739P   2706
100,24.75,25.25,52.,25.5,52.,25.249999995,52.25;                    1741P   2707
102,4,1723,1727,1733,1737;                                          1743P   2708
102,4,1725,1731,1735,1741;                                          1745P   2709
142,1,1721,1743,1745,1;                                             1747P   2710
144,1721,1,0,1747;                                                  1749P   2711
128,1,1,1,1,0,0,1,0,0,0.,0.,1.,1.,0.,0.,1.,1.,1.,1.,1.,1.,24.,      1751P   2712
2.,0.25,-24.,2.,0.25,24.,2.,24.75,-24.,2.,24.75,0.,1.,0.,1.;        1751P   2713
126,1,1,1,0,1,0,0.,0.,1.,1.,1.,1.,1.,0.,0.,1.,1.,0.,0.,1.,0.,       1753P   2714
0.,1.;                                                              1753P   2715
110,-24.,2.,0.25,-24.,2.,24.75;                                     1755P   2716
126,1,1,1,0,1,0,0.,0.,1.,1.,1.,1.,1.,1.,0.,0.,1.,0.,0.,1.,0.,       1757P   2717
0.,1.;                                                              1757P   2718
110,-24.,2.,24.75,24.,2.,24.75;                                     1759P   2719
126,1,1,1,0,1,0,0.,0.,1.,1.,1.,1.,0.,1.,0.,0.,0.,0.,0.,1.,0.,       1761P   2720
0.,1.;                                                              1761P   2721
110,24.,2.,24.75,24.,2.,0.25;                                       1763P   2722
126,1,1,1,0,1,0,0.,0.,1.,1.,1.,1.,0.,0.,0.,1.,0.,0.,0.,1.,0.,       1765P   2723
0.,1.;                                                              1765P   2724
110,24.,2.,0.25,-24.,2.,0.25;                                       1767P   2725
102,4,1753,1757,1761,1765;                                          1769P   2726
102,4,1755,1759,1763,1767;                                          1771P   2727
142,1,1751,1769,1771,1;                                             1773P   2728
126,32,2,1,0,1,0,0.,0.,0.,0.0625,0.0625,0.125,0.125,0.1875,         1775P   2729
0.1875,0.25,0.25,0.3125,0.3125,0.375,0.375,0.4375,0.4375,0.5,       1775P   2730
0.5,0.5625,0.5625,0.625,0.625,0.6875,0.6875,0.75,0.75,0.8125,       1775P   2731
0.8125,0.875,0.875,0.9375,0.9375,1.,1.,1.,1.,1.,1.,1.,1.,1.,1.,     1775P   2732
1.,1.,1.,1.,1.,1.,1.,1.,1.,1.,1.,1.,1.,1.,1.,1.,1.,1.,1.,1.,1.,     1775P   2733
1.,1.,1.,1.,1.,0.083333333,0.43877551,0.,0.080255477,               1775P   2734
0.43877551,0.,0.077236761,0.439951922,0.,0.074218045,               1775P   2735
0.441128333,0.,0.071374476,0.443435947,0.,0.068530908,              1775P   2736
0.445743561,0.,0.065971764,0.449093697,0.,0.06341262,               1775P   2737
0.452443833,0.,0.061236246,0.456707748,0.,0.059059873,              1775P   2738
0.460971663,0.,0.057349908,0.465985496,0.,0.055639943,              1775P   2739
0.470999329,0.,0.054462098,0.476570402,0.,0.053284253,              1775P   2740
0.482141475,0.,0.052683793,0.488055695,0.,0.052083333,              1775P   2741
0.493969914,0.,0.052083333,0.5,0.,0.052083333,0.506030086,0.,       1775P   2742
0.052683793,0.511944305,0.,0.053284253,0.517858525,0.,              1775P   2743
0.054462098,0.523429598,0.,0.055639943,0.529000671,0.,              1775P   2744
0.057349908,0.534014504,0.,0.059059873,0.539028337,0.,              1775P   2745
0.061236246,0.543292252,0.,0.06341262,0.547556167,0.,               1775P   2746
0.065971764,0.550906303,0.,0.068530908,0.554256439,0.,              1775P   2747
0.071374476,0.556564053,0.,0.074218045,0.558871667,0.,              1775P   2748
0.077236761,0.560048078,0.,0.080255477,0.56122449,0.,               1775P   2749
0.083333333,0.56122449,0.,0.,1.,0.,0.,1.;                           1775P   2750
124,1.40271637621286E-014,1.,0.,17.9999999999997,                   1777P   2751
-6.12303176911189E-017,8.58887693460487E-031,-1.,14.5,-1.,          1777P   2752
1.40271637621286E-014,6.12303176911189E-017,32.5;                   1777P   2753
100,12.5,20.,2.,21.5,2.,18.5,2.;                                    1779P   2754
126,32,2,1,0,1,0,0.,0.,0.,0.0625,0.0625,0.125,0.125,0.1875,         1781P   2755
0.1875,0.25,0.25,0.3125,0.3125,0.375,0.375,0.4375,0.4375,0.5,       1781P   2756
0.5,0.5625,0.5625,0.625,0.625,0.6875,0.6875,0.75,0.75,0.8125,       1781P   2757
0.8125,0.875,0.875,0.9375,0.9375,1.,1.,1.,1.,1.,1.,1.,1.,1.,1.,     1781P   2758
1.,1.,1.,1.,1.,1.,1.,1.,1.,1.,1.,1.,1.,1.,1.,1.,1.,1.,1.,1.,1.,     1781P   2759
1.,1.,1.,1.,1.,0.083333333,0.56122449,0.,0.08641119,0.56122449,     1781P   2760
0.,0.089429906,0.560048078,0.,0.092448622,0.558871667,0.,           1781P   2761
0.095292191,0.556564053,0.,0.098135759,0.554256439,0.,              1781P   2762
0.100694903,0.550906303,0.,0.103254047,0.547556167,0.,              1781P   2763
0.10543042,0.543292252,0.,0.107606793,0.539028337,0.,               1781P   2764
0.109316759,0.534014504,0.,0.111026724,0.529000671,0.,              1781P   2765
0.112204569,0.523429598,0.,0.113382413,0.517858525,0.,              1781P   2766
0.113982873,0.511944305,0.,0.114583333,0.506030086,0.,              1781P   2767
0.114583333,0.5,0.,0.114583333,0.493969914,0.,0.113982873,          1781P   2768
0.488055695,0.,0.113382413,0.482141475,0.,0.112204569,              1781P   2769
0.476570402,0.,0.111026724,0.470999329,0.,0.109316759,              1781P   2770
0.465985496,0.,0.107606793,0.460971663,0.,0.10543042,               1781P   2771
0.456707748,0.,0.103254047,0.452443833,0.,0.100694903,              1781P   2772
0.449093697,0.,0.098135759,0.445743561,0.,0.095292191,              1781P   2773
0.443435947,0.,0.092448622,0.441128333,0.,0.089429906,              1781P   2774
0.439951922,0.,0.08641119,0.43877551,0.,0.083333333,0.43877551,     1781P   2775
0.,0.,1.,0.,0.,1.;                                                  1781P   2776
124,6.12303176911189E-017,-1.,0.,22.,6.12303176911189E-017,         1783P   2777
3.74915180455534E-033,-1.,14.5,1.,6.12303176911189E-017,            1783P   2778
6.12303176911189E-017,-7.5;                                         1783P   2779
100,12.5,20.,2.,21.5,2.,18.5,2.;                                    1785P   2780
102,2,1775,1781;                                                    1787P   2781
102,2,1779,1785;                                                    1789P   2782
142,1,1751,1787,1789,1;                                             1791P   2783
126,32,2,1,0,1,0,0.,0.,0.,0.0625,0.0625,0.125,0.125,0.1875,         1793P   2784
0.1875,0.25,0.25,0.3125,0.3125,0.375,0.375,0.4375,0.4375,0.5,       1793P   2785
0.5,0.5625,0.5625,0.625,0.625,0.6875,0.6875,0.75,0.75,0.8125,       1793P   2786
0.8125,0.875,0.875,0.9375,0.9375,1.,1.,1.,1.,1.,1.,1.,1.,1.,1.,     1793P   2787
1.,1.,1.,1.,1.,1.,1.,1.,1.,1.,1.,1.,1.,1.,1.,1.,1.,1.,1.,1.,1.,     1793P   2788
1.,1.,1.,1.,1.,0.916666667,0.43877551,0.,0.91358881,0.43877551,     1793P   2789
0.,0.910570094,0.439951922,0.,0.907551378,0.441128333,0.,           1793P   2790
0.904707809,0.443435947,0.,0.901864241,0.445743561,0.,              1793P   2791
0.899305097,0.449093697,0.,0.896745953,0.452443833,0.,              1793P   2792
0.89456958,0.456707748,0.,0.892393207,0.460971663,0.,               1793P   2793
0.890683241,0.465985496,0.,0.888973276,0.470999329,0.,              1793P   2794
0.887795431,0.476570402,0.,0.886617587,0.482141475,0.,              1793P   2795
0.886017127,0.488055695,0.,0.885416667,0.493969914,0.,              1793P   2796
0.885416667,0.5,0.,0.885416667,0.506030086,0.,0.886017127,          1793P   2797
0.511944305,0.,0.886617587,0.517858525,0.,0.887795431,              1793P   2798
0.523429598,0.,0.888973276,0.529000671,0.,0.890683241,              1793P   2799
0.534014504,0.,0.892393207,0.539028337,0.,0.89456958,               1793P   2800
0.543292252,0.,0.896745953,0.547556167,0.,0.899305097,              1793P   2801
0.550906303,0.,0.901864241,0.554256439,0.,0.904707809,              1793P   2802
0.556564053,0.,0.907551378,0.558871667,0.,0.910570094,              1793P   2803
0.560048078,0.,0.91358881,0.56122449,0.,0.916666667,0.56122449,     1793P   2804
0.,0.,1.,0.,0.,1.;                                                  1793P   2805
124,1.40271637621286E-014,1.,0.,-21.9999999999997,                  1795P   2806
-6.12303176911189E-017,8.58887693460487E-031,-1.,14.5,-1.,          1795P   2807
1.40271637621286E-014,6.12303176911189E-017,-7.50000000000003;      1795P   2808
100,12.5,-20.,2.,-18.5,2.,-21.5,2.;                                 1797P   2809
126,32,2,1,0,1,0,0.,0.,0.,0.0625,0.0625,0.125,0.125,0.1875,         1799P   2810
0.1875,0.25,0.25,0.3125,0.3125,0.375,0.375,0.4375,0.4375,0.5,       1799P   2811
0.5,0.5625,0.5625,0.625,0.625,0.6875,0.6875,0.75,0.75,0.8125,       1799P   2812
0.8125,0.875,0.875,0.9375,0.9375,1.,1.,1.,1.,1.,1.,1.,1.,1.,1.,     1799P   2813
1.,1.,1.,1.,1.,1.,1.,1.,1.,1.,1.,1.,1.,1.,1.,1.,1.,1.,1.,1.,1.,     1799P   2814
1.,1.,1.,1.,1.,0.916666667,0.56122449,0.,0.919744523,               1799P   2815
0.56122449,0.,0.922763239,0.560048078,0.,0.925781955,               1799P   2816
0.558871667,0.,0.928625524,0.556564053,0.,0.931469092,              1799P   2817
0.554256439,0.,0.934028236,0.550906303,0.,0.93658738,               1799P   2818
0.547556167,0.,0.938763754,0.543292252,0.,0.940940127,              1799P   2819
0.539028337,0.,0.942650092,0.534014504,0.,0.944360057,              1799P   2820
0.529000671,0.,0.945537902,0.523429598,0.,0.946715747,              1799P   2821
0.517858525,0.,0.947316207,0.511944305,0.,0.947916667,              1799P   2822
0.506030086,0.,0.947916667,0.5,0.,0.947916667,0.493969914,0.,       1799P   2823
0.947316207,0.488055695,0.,0.946715747,0.482141475,0.,              1799P   2824
0.945537902,0.476570402,0.,0.944360057,0.470999329,0.,              1799P   2825
0.942650092,0.465985496,0.,0.940940127,0.460971663,0.,              1799P   2826
0.938763754,0.456707748,0.,0.93658738,0.452443833,0.,               1799P   2827
0.934028236,0.449093697,0.,0.931469092,0.445743561,0.,              1799P   2828
0.928625524,0.443435947,0.,0.925781955,0.441128333,0.,              1799P   2829
0.922763239,0.439951922,0.,0.919744523,0.43877551,0.,               1799P   2830
0.916666667,0.43877551,0.,0.,1.,0.,0.,1.;                           1799P   2831
124,6.12303176911189E-017,-1.,0.,-18.,6.12303176911189E-017,        1801P   2832
3.74915180455534E-033,-1.,14.5,1.,6.12303176911189E-017,            1801P   2833
6.12303176911189E-017,32.5;                                         1801P   2834
100,12.5,-20.,2.,-18.5,2.,-21.5,2.;                                 1803P   2835
102,2,1793,1799;                                                    1805P   2836
102,2,1797,1803;                                                    1807P   2837
142,1,1751,1805,1807,1;                                             1809P   2838
126,32,2,1,0,1,0,0.,0.,0.,0.0625,0.0625,0.125,0.125,0.1875,         1811P   2839
0.1875,0.25,0.25,0.3125,0.3125,0.375,0.375,0.4375,0.4375,0.5,       1811P   2840
0.5,0.5625,0.5625,0.625,0.625,0.6875,0.6875,0.75,0.75,0.8125,       1811P   2841
0.8125,0.875,0.875,0.9375,0.9375,1.,1.,1.,1.,1.,1.,1.,1.,1.,1.,     1811P   2842
1.,1.,1.,1.,1.,1.,1.,1.,1.,1.,1.,1.,1.,1.,1.,1.,1.,1.,1.,1.,1.,     1811P   2843
1.,1.,1.,1.,1.,0.354166667,0.43877551,0.,0.35108881,0.43877551,     1811P   2844
0.,0.348070094,0.439951922,0.,0.345051378,0.441128333,0.,           1811P   2845
0.342207809,0.443435947,0.,0.339364241,0.445743561,0.,              1811P   2846
0.336805097,0.449093697,0.,0.334245953,0.452443833,0.,              1811P   2847
0.33206958,0.456707748,0.,0.329893207,0.460971663,0.,               1811P   2848
0.328183241,0.465985496,0.,0.326473276,0.470999329,0.,              1811P   2849
0.325295431,0.476570402,0.,0.324117587,0.482141475,0.,              1811P   2850
0.323517127,0.488055695,0.,0.322916667,0.493969914,0.,              1811P   2851
0.322916667,0.5,0.,0.322916667,0.506030086,0.,0.323517127,          1811P   2852
0.511944305,0.,0.324117587,0.517858525,0.,0.325295431,              1811P   2853
0.523429598,0.,0.326473276,0.529000671,0.,0.328183241,              1811P   2854
0.534014504,0.,0.329893207,0.539028337,0.,0.33206958,               1811P   2855
0.543292252,0.,0.334245953,0.547556167,0.,0.336805097,              1811P   2856
0.550906303,0.,0.339364241,0.554256439,0.,0.342207809,              1811P   2857
0.556564053,0.,0.345051378,0.558871667,0.,0.348070094,              1811P   2858
0.560048078,0.,0.35108881,0.56122449,0.,0.354166667,0.56122449,     1811P   2859
0.,0.,1.,0.,0.,1.;                                                  1811P   2860
124,1.40271637621286E-014,1.,0.,4.9999999999999,                    1813P   2861
-6.12303176911189E-017,8.58887693460487E-031,-1.,14.5,-1.,          1813P   2862
1.40271637621286E-014,6.12303176911189E-017,19.5;                   1813P   2863
100,12.5,7.,2.,8.5,2.,5.5,2.;                                       1815P   2864
126,32,2,1,0,1,0,0.,0.,0.,0.0625,0.0625,0.125,0.125,0.1875,         1817P   2865
0.1875,0.25,0.25,0.3125,0.3125,0.375,0.375,0.4375,0.4375,0.5,       1817P   2866
0.5,0.5625,0.5625,0.625,0.625,0.6875,0.6875,0.75,0.75,0.8125,       1817P   2867
0.8125,0.875,0.875,0.9375,0.9375,1.,1.,1.,1.,1.,1.,1.,1.,1.,1.,     1817P   2868
1.,1.,1.,1.,1.,1.,1.,1.,1.,1.,1.,1.,1.,1.,1.,1.,1.,1.,1.,1.,1.,     1817P   2869
1.,1.,1.,1.,1.,0.354166667,0.56122449,0.,0.357244523,               1817P   2870
0.56122449,0.,0.360263239,0.560048078,0.,0.363281955,               1817P   2871
0.558871667,0.,0.366125524,0.556564053,0.,0.368969092,              1817P   2872
0.554256439,0.,0.371528236,0.550906303,0.,0.37408738,               1817P   2873
0.547556167,0.,0.376263754,0.543292252,0.,0.378440127,              1817P   2874
0.539028337,0.,0.380150092,0.534014504,0.,0.381860057,              1817P   2875
0.529000671,0.,0.383037902,0.523429598,0.,0.384215747,              1817P   2876
0.517858525,0.,0.384816207,0.511944305,0.,0.385416667,              1817P   2877
0.506030086,0.,0.385416667,0.5,0.,0.385416667,0.493969914,0.,       1817P   2878
0.384816207,0.488055695,0.,0.384215747,0.482141475,0.,              1817P   2879
0.383037902,0.476570402,0.,0.381860057,0.470999329,0.,              1817P   2880
0.380150092,0.465985496,0.,0.378440127,0.460971663,0.,              1817P   2881
0.376263754,0.456707748,0.,0.37408738,0.452443833,0.,               1817P   2882
0.371528236,0.449093697,0.,0.368969092,0.445743561,0.,              1817P   2883
0.366125524,0.443435947,0.,0.363281955,0.441128333,0.,              1817P   2884
0.360263239,0.439951922,0.,0.357244523,0.43877551,0.,               1817P   2885
0.354166667,0.43877551,0.,0.,1.,0.,0.,1.;                           1817P   2886
124,6.12303176911189E-017,-1.,0.,9.,6.12303176911189E-017,          1819P   2887
3.74915180455534E-033,-1.,14.5,1.,6.12303176911189E-017,            1819P   2888
6.12303176911189E-017,5.5;                                          1819P   2889
100,12.5,7.,2.,8.5,2.,5.5,2.;                                       1821P   2890
102,2,1811,1817;                                                    1823P   2891
102,2,1815,1821;                                                    1825P   2892
142,1,1751,1823,1825,1;                                             1827P   2893
126,32,2,1,0,1,0,0.,0.,0.,0.0625,0.0625,0.125,0.125,0.1875,         1829P   2894
0.1875,0.25,0.25,0.3125,0.3125,0.375,0.375,0.4375,0.4375,0.5,       1829P   2895
0.5,0.5625,0.5625,0.625,0.625,0.6875,0.6875,0.75,0.75,0.8125,       1829P   2896
0.8125,0.875,0.875,0.9375,0.9375,1.,1.,1.,1.,1.,1.,1.,1.,1.,1.,     1829P   2897
1.,1.,1.,1.,1.,1.,1.,1.,1.,1.,1.,1.,1.,1.,1.,1.,1.,1.,1.,1.,1.,     1829P   2898
1.,1.,1.,1.,1.,0.5,0.724489796,0.,0.496922144,0.724489796,0.,       1829P   2899
0.493903427,0.725666207,0.,0.490884711,0.726842619,0.,              1829P   2900
0.488041143,0.729150233,0.,0.485197574,0.731457847,0.,              1829P   2901
0.48263843,0.734807983,0.,0.480079286,0.738158119,0.,               1829P   2902
0.477902913,0.742422034,0.,0.47572654,0.746685948,0.,               1829P   2903
0.474016575,0.751699782,0.,0.472306609,0.756713615,0.,              1829P   2904
0.471128765,0.762284688,0.,0.46995092,0.767855761,0.,               1829P   2905
0.46935046,0.77376998,0.,0.46875,0.7796842,0.,0.46875,              1829P   2906
0.785714286,0.,0.46875,0.791744372,0.,0.46935046,0.797658591,       1829P   2907
0.,0.46995092,0.803572811,0.,0.471128765,0.809143884,0.,            1829P   2908
0.472306609,0.814714957,0.,0.474016575,0.81972879,0.,               1829P   2909
0.47572654,0.824742623,0.,0.477902913,0.829006538,0.,               1829P   2910
0.480079286,0.833270452,0.,0.48263843,0.836620589,0.,               1829P   2911
0.485197574,0.839970725,0.,0.488041143,0.842278339,0.,              1829P   2912
0.490884711,0.844585953,0.,0.493903427,0.845762364,0.,              1829P   2913
0.496922144,0.846938776,0.,0.5,0.846938776,0.,0.,1.,0.,0.,1.;       1829P   2914
124,1.40271637621286E-014,1.,0.,-2.,-6.12303176911189E-017,         1831P   2915
8.58887693460487E-031,-1.,21.5,-1.,1.40271637621286E-014,           1831P   2916
6.12303176911189E-017,19.5;                                         1831P   2917
100,19.5,0.,2.,1.5,2.,-1.5,2.;                                      1833P   2918
126,32,2,1,0,1,0,0.,0.,0.,0.0625,0.0625,0.125,0.125,0.1875,         1835P   2919
0.1875,0.25,0.25,0.3125,0.3125,0.375,0.375,0.4375,0.4375,0.5,       1835P   2920
0.5,0.5625,0.5625,0.625,0.625,0.6875,0.6875,0.75,0.75,0.8125,       1835P   2921
0.8125,0.875,0.875,0.9375,0.9375,1.,1.,1.,1.,1.,1.,1.,1.,1.,1.,     1835P   2922
1.,1.,1.,1.,1.,1.,1.,1.,1.,1.,1.,1.,1.,1.,1.,1.,1.,1.,1.,1.,1.,     1835P   2923
1.,1.,1.,1.,1.,0.5,0.846938776,0.,0.503077856,0.846938776,0.,       1835P   2924
0.506096573,0.845762364,0.,0.509115289,0.844585953,0.,              1835P   2925
0.511958857,0.842278339,0.,0.514802426,0.839970725,0.,              1835P   2926
0.51736157,0.836620589,0.,0.519920714,0.833270452,0.,               1835P   2927
0.522097087,0.829006538,0.,0.52427346,0.824742623,0.,               1835P   2928
0.525983425,0.81972879,0.,0.527693391,0.814714957,0.,               1835P   2929
0.528871235,0.809143884,0.,0.53004908,0.803572811,0.,               1835P   2930
0.53064954,0.797658591,0.,0.53125,0.791744372,0.,0.53125,           1835P   2931
0.785714286,0.,0.53125,0.7796842,0.,0.53064954,0.77376998,0.,       1835P   2932
0.53004908,0.767855761,0.,0.528871235,0.762284688,0.,               1835P   2933
0.527693391,0.756713615,0.,0.525983425,0.751699782,0.,              1835P   2934
0.52427346,0.746685948,0.,0.522097087,0.742422034,0.,               1835P   2935
0.519920714,0.738158119,0.,0.51736157,0.734807983,0.,               1835P   2936
0.514802426,0.731457847,0.,0.511958857,0.729150233,0.,              1835P   2937
0.509115289,0.726842619,0.,0.506096573,0.725666207,0.,              1835P   2938
0.503077856,0.724489796,0.,0.5,0.724489796,0.,0.,1.,0.,0.,1.;       1835P   2939
124,6.12303176911189E-017,-1.,0.,2.,6.12303176911189E-017,          1837P   2940
3.74915180455534E-033,-1.,21.5,1.,6.12303176911189E-017,            1837P   2941
6.12303176911189E-017,19.5;                                         1837P   2942
100,19.5,0.,2.,1.5,2.,-1.5,2.;                                      1839P   2943
102,2,1829,1835;                                                    1841P   2944
102,2,1833,1839;                                                    1843P   2945
142,1,1751,1841,1843,1;                                             1845P   2946
126,32,2,1,0,1,0,0.,0.,0.,0.0625,0.0625,0.125,0.125,0.1875,         1847P   2947
0.1875,0.25,0.25,0.3125,0.3125,0.375,0.375,0.4375,0.4375,0.5,       1847P   2948
0.5,0.5625,0.5625,0.625,0.625,0.6875,0.6875,0.75,0.75,0.8125,       1847P   2949
0.8125,0.875,0.875,0.9375,0.9375,1.,1.,1.,1.,1.,1.,1.,1.,1.,1.,     1847P   2950
1.,1.,1.,1.,1.,1.,1.,1.,1.,1.,1.,1.,1.,1.,1.,1.,1.,1.,1.,1.,1.,     1847P   2951
1.,1.,1.,1.,1.,0.5,0.153061224,0.,0.496922144,0.153061224,0.,       1847P   2952
0.493903427,0.154237636,0.,0.490884711,0.155414047,0.,              1847P   2953
0.488041143,0.157721661,0.,0.485197574,0.160029275,0.,              1847P   2954
0.48263843,0.163379411,0.,0.480079286,0.166729548,0.,               1847P   2955
0.477902913,0.170993462,0.,0.47572654,0.175257377,0.,               1847P   2956
0.474016575,0.18027121,0.,0.472306609,0.185285043,0.,               1847P   2957
0.471128765,0.190856116,0.,0.46995092,0.196427189,0.,               1847P   2958
0.46935046,0.202341409,0.,0.46875,0.208255628,0.,0.46875,           1847P   2959
0.214285714,0.,0.46875,0.2203158,0.,0.46935046,0.22623002,0.,       1847P   2960
0.46995092,0.232144239,0.,0.471128765,0.237715312,0.,               1847P   2961
0.472306609,0.243286385,0.,0.474016575,0.248300218,0.,              1847P   2962
0.47572654,0.253314052,0.,0.477902913,0.257577966,0.,               1847P   2963
0.480079286,0.261841881,0.,0.48263843,0.265192017,0.,               1847P   2964
0.485197574,0.268542153,0.,0.488041143,0.270849767,0.,              1847P   2965
0.490884711,0.273157381,0.,0.493903427,0.274333793,0.,              1847P   2966
0.496922144,0.275510204,0.,0.5,0.275510204,0.,0.,1.,0.,0.,1.;       1847P   2967
124,1.40271637621286E-014,1.,0.,-2.,-6.12303176911189E-017,         1849P   2968
8.58887693460487E-031,-1.,7.5,-1.,1.40271637621286E-014,            1849P   2969
6.12303176911189E-017,5.49999999999997;                             1849P   2970
100,5.5,0.,2.,1.5,2.,-1.5,2.;                                       1851P   2971
126,32,2,1,0,1,0,0.,0.,0.,0.0625,0.0625,0.125,0.125,0.1875,         1853P   2972
0.1875,0.25,0.25,0.3125,0.3125,0.375,0.375,0.4375,0.4375,0.5,       1853P   2973
0.5,0.5625,0.5625,0.625,0.625,0.6875,0.6875,0.75,0.75,0.8125,       1853P   2974
0.8125,0.875,0.875,0.9375,0.9375,1.,1.,1.,1.,1.,1.,1.,1.,1.,1.,     1853P   2975
1.,1.,1.,1.,1.,1.,1.,1.,1.,1.,1.,1.,1.,1.,1.,1.,1.,1.,1.,1.,1.,     1853P   2976
1.,1.,1.,1.,1.,0.5,0.275510204,0.,0.503077856,0.275510204,0.,       1853P   2977
0.506096573,0.274333793,0.,0.509115289,0.273157381,0.,              1853P   2978
0.511958857,0.270849767,0.,0.514802426,0.268542153,0.,              1853P   2979
0.51736157,0.265192017,0.,0.519920714,0.261841881,0.,               1853P   2980
0.522097087,0.257577966,0.,0.52427346,0.253314052,0.,               1853P   2981
0.525983425,0.248300218,0.,0.527693391,0.243286385,0.,              1853P   2982
0.528871235,0.237715312,0.,0.53004908,0.232144239,0.,               1853P   2983
0.53064954,0.22623002,0.,0.53125,0.2203158,0.,0.53125,              1853P   2984
0.214285714,0.,0.53125,0.208255628,0.,0.53064954,0.202341409,       1853P   2985
0.,0.53004908,0.196427189,0.,0.528871235,0.190856116,0.,            1853P   2986
0.527693391,0.185285043,0.,0.525983425,0.18027121,0.,               1853P   2987
0.52427346,0.175257377,0.,0.522097087,0.170993462,0.,               1853P   2988
0.519920714,0.166729548,0.,0.51736157,0.163379411,0.,               1853P   2989
0.514802426,0.160029275,0.,0.511958857,0.157721661,0.,              1853P   2990
0.509115289,0.155414047,0.,0.506096573,0.154237636,0.,              1853P   2991
0.503077856,0.153061224,0.,0.5,0.153061224,0.,0.,1.,0.,0.,1.;       1853P   2992
124,6.12303176911189E-017,-1.,0.,2.,6.12303176911189E-017,          1855P   2993
3.74915180455534E-033,-1.,7.5,1.,6.12303176911189E-017,             1855P   2994
6.12303176911189E-017,5.5;                                          1855P   2995
100,5.5,0.,2.,1.5,2.,-1.5,2.;                                       1857P   2996
102,2,1847,1853;                                                    1859P   2997
102,2,1851,1857;                                                    1861P   2998
142,1,1751,1859,1861,1;                                             1863P   2999
126,32,2,1,0,1,0,0.,0.,0.,0.0625,0.0625,0.125,0.125,0.1875,         1865P   3000
0.1875,0.25,0.25,0.3125,0.3125,0.375,0.375,0.4375,0.4375,0.5,       1865P   3001
0.5,0.5625,0.5625,0.625,0.625,0.6875,0.6875,0.75,0.75,0.8125,       1865P   3002
0.8125,0.875,0.875,0.9375,0.9375,1.,1.,1.,1.,1.,1.,1.,1.,1.,1.,     1865P   3003
1.,1.,1.,1.,1.,1.,1.,1.,1.,1.,1.,1.,1.,1.,1.,1.,1.,1.,1.,1.,1.,     1865P   3004
1.,1.,1.,1.,1.,0.645833333,0.43877551,0.,0.642755477,               1865P   3005
0.43877551,0.,0.639736761,0.439951922,0.,0.636718045,               1865P   3006
0.441128333,0.,0.633874476,0.443435947,0.,0.631030908,              1865P   3007
0.445743561,0.,0.628471764,0.449093697,0.,0.62591262,               1865P   3008
0.452443833,0.,0.623736246,0.456707748,0.,0.621559873,              1865P   3009
0.460971663,0.,0.619849908,0.465985496,0.,0.618139943,              1865P   3010
0.470999329,0.,0.616962098,0.476570402,0.,0.615784253,              1865P   3011
0.482141475,0.,0.615183793,0.488055695,0.,0.614583333,              1865P   3012
0.493969914,0.,0.614583333,0.5,0.,0.614583333,0.506030086,0.,       1865P   3013
0.615183793,0.511944305,0.,0.615784253,0.517858525,0.,              1865P   3014
0.616962098,0.523429598,0.,0.618139943,0.529000671,0.,              1865P   3015
0.619849908,0.534014504,0.,0.621559873,0.539028337,0.,              1865P   3016
0.623736246,0.543292252,0.,0.62591262,0.547556167,0.,               1865P   3017
0.628471764,0.550906303,0.,0.631030908,0.554256439,0.,              1865P   3018
0.633874476,0.556564053,0.,0.636718045,0.558871667,0.,              1865P   3019
0.639736761,0.560048078,0.,0.642755477,0.56122449,0.,               1865P   3020
0.645833333,0.56122449,0.,0.,1.,0.,0.,1.;                           1865P   3021
124,1.40271637621286E-014,1.,0.,-8.9999999999999,                   1867P   3022
-6.12303176911189E-017,8.58887693460487E-031,-1.,14.5,-1.,          1867P   3023
1.40271637621286E-014,6.12303176911189E-017,5.49999999999997;       1867P   3024
100,12.5,-7.,2.,-5.5,2.,-8.5,2.;                                    1869P   3025
126,32,2,1,0,1,0,0.,0.,0.,0.0625,0.0625,0.125,0.125,0.1875,         1871P   3026
0.1875,0.25,0.25,0.3125,0.3125,0.375,0.375,0.4375,0.4375,0.5,       1871P   3027
0.5,0.5625,0.5625,0.625,0.625,0.6875,0.6875,0.75,0.75,0.8125,       1871P   3028
0.8125,0.875,0.875,0.9375,0.9375,1.,1.,1.,1.,1.,1.,1.,1.,1.,1.,     1871P   3029
1.,1.,1.,1.,1.,1.,1.,1.,1.,1.,1.,1.,1.,1.,1.,1.,1.,1.,1.,1.,1.,     1871P   3030
1.,1.,1.,1.,1.,0.645833333,0.56122449,0.,0.64891119,0.56122449,     1871P   3031
0.,0.651929906,0.560048078,0.,0.654948622,0.558871667,0.,           1871P   3032
0.657792191,0.556564053,0.,0.660635759,0.554256439,0.,              1871P   3033
0.663194903,0.550906303,0.,0.665754047,0.547556167,0.,              1871P   3034
0.66793042,0.543292252,0.,0.670106793,0.539028337,0.,               1871P   3035
0.671816759,0.534014504,0.,0.673526724,0.529000671,0.,              1871P   3036
0.674704569,0.523429598,0.,0.675882413,0.517858525,0.,              1871P   3037
0.676482873,0.511944305,0.,0.677083333,0.506030086,0.,              1871P   3038
0.677083333,0.5,0.,0.677083333,0.493969914,0.,0.676482873,          1871P   3039
0.488055695,0.,0.675882413,0.482141475,0.,0.674704569,              1871P   3040
0.476570402,0.,0.673526724,0.470999329,0.,0.671816759,              1871P   3041
0.465985496,0.,0.670106793,0.460971663,0.,0.66793042,               1871P   3042
0.456707748,0.,0.665754047,0.452443833,0.,0.663194903,              1871P   3043
0.449093697,0.,0.660635759,0.445743561,0.,0.657792191,              1871P   3044
0.443435947,0.,0.654948622,0.441128333,0.,0.651929906,              1871P   3045
0.439951922,0.,0.64891119,0.43877551,0.,0.645833333,0.43877551,     1871P   3046
0.,0.,1.,0.,0.,1.;                                                  1871P   3047
124,6.12303176911189E-017,-1.,0.,-5.,6.12303176911189E-017,         1873P   3048
3.74915180455534E-033,-1.,14.5,1.,6.12303176911189E-017,            1873P   3049
6.12303176911189E-017,19.5;                                         1873P   3050
100,12.5,-7.,2.,-5.5,2.,-8.5,2.;                                    1875P   3051
102,2,1865,1871;                                                    1877P   3052
102,2,1869,1875;                                                    1879P   3053
142,1,1751,1877,1879,1;                                             1881P   3054
126,32,2,1,0,1,0,0.,0.,0.,0.0625,0.0625,0.125,0.125,0.1875,         1883P   3055
0.1875,0.25,0.25,0.3125,0.3125,0.375,0.375,0.4375,0.4375,0.5,       1883P   3056
0.5,0.5625,0.5625,0.625,0.625,0.6875,0.6875,0.75,0.75,0.8125,       1883P   3057
0.8125,0.875,0.875,0.9375,0.9375,1.,1.,1.,1.,1.,1.,1.,1.,1.,1.,     1883P   3058
1.,1.,1.,1.,1.,1.,1.,1.,1.,1.,1.,1.,1.,1.,1.,1.,1.,1.,1.,1.,1.,     1883P   3059
1.,1.,1.,1.,1.,0.5,0.336734694,0.,0.491792383,0.336734694,0.,       1883P   3060
0.483742473,0.339871791,0.,0.475692563,0.343008888,0.,              1883P   3061
0.468109714,0.349162525,0.,0.460526865,0.355316163,0.,              1883P   3062
0.453702481,0.364249859,0.,0.446878097,0.373183556,0.,              1883P   3063
0.441074435,0.384553995,0.,0.435270773,0.395924434,0.,              1883P   3064
0.430710866,0.409294656,0.,0.426150958,0.422664878,0.,              1883P   3065
0.423010039,0.437521072,0.,0.41986912,0.452377267,0.,               1883P   3066
0.418267893,0.468148519,0.,0.416666667,0.483919771,0.,              1883P   3067
0.416666667,0.5,0.,0.416666667,0.516080229,0.,0.418267893,          1883P   3068
0.531851481,0.,0.41986912,0.547622733,0.,0.423010039,               1883P   3069
0.562478928,0.,0.426150958,0.577335122,0.,0.430710866,              1883P   3070
0.590705344,0.,0.435270773,0.604075566,0.,0.441074435,              1883P   3071
0.615446005,0.,0.446878097,0.626816444,0.,0.453702481,              1883P   3072
0.635750141,0.,0.460526865,0.644683837,0.,0.468109714,              1883P   3073
0.650837475,0.,0.475692563,0.656991112,0.,0.483742473,              1883P   3074
0.660128209,0.,0.491792383,0.663265306,0.,0.5,0.663265306,0.,       1883P   3075
0.,1.,0.,0.,1.;                                                     1883P   3076
124,1.40271637621286E-014,1.,0.,-2.,-6.12303176911189E-017,         1885P   3077
8.58887693460487E-031,-1.,14.5,-1.,1.40271637621286E-014,           1885P   3078
6.12303176911189E-017,12.5;                                         1885P   3079
100,12.5,0.,2.,4.,2.,-4.,2.;                                        1887P   3080
126,32,2,1,0,1,0,0.,0.,0.,0.0625,0.0625,0.125,0.125,0.1875,         1889P   3081
0.1875,0.25,0.25,0.3125,0.3125,0.375,0.375,0.4375,0.4375,0.5,       1889P   3082
0.5,0.5625,0.5625,0.625,0.625,0.6875,0.6875,0.75,0.75,0.8125,       1889P   3083
0.8125,0.875,0.875,0.9375,0.9375,1.,1.,1.,1.,1.,1.,1.,1.,1.,1.,     1889P   3084
1.,1.,1.,1.,1.,1.,1.,1.,1.,1.,1.,1.,1.,1.,1.,1.,1.,1.,1.,1.,1.,     1889P   3085
1.,1.,1.,1.,1.,0.5,0.663265306,0.,0.508207617,0.663265306,0.,       1889P   3086
0.516257527,0.660128209,0.,0.524307437,0.656991112,0.,              1889P   3087
0.531890286,0.650837475,0.,0.539473135,0.644683837,0.,              1889P   3088
0.546297519,0.635750141,0.,0.553121903,0.626816444,0.,              1889P   3089
0.558925565,0.615446005,0.,0.564729227,0.604075566,0.,              1889P   3090
0.569289134,0.590705344,0.,0.573849042,0.577335122,0.,              1889P   3091
0.576989961,0.562478928,0.,0.58013088,0.547622733,0.,               1889P   3092
0.581732107,0.531851481,0.,0.583333333,0.516080229,0.,              1889P   3093
0.583333333,0.5,0.,0.583333333,0.483919771,0.,0.581732107,          1889P   3094
0.468148519,0.,0.58013088,0.452377267,0.,0.576989961,               1889P   3095
0.437521072,0.,0.573849042,0.422664878,0.,0.569289134,              1889P   3096
0.409294656,0.,0.564729227,0.395924434,0.,0.558925565,              1889P   3097
0.384553995,0.,0.553121903,0.373183556,0.,0.546297519,              1889P   3098
0.364249859,0.,0.539473135,0.355316163,0.,0.531890286,              1889P   3099
0.349162525,0.,0.524307437,0.343008888,0.,0.516257527,              1889P   3100
0.339871791,0.,0.508207617,0.336734694,0.,0.5,0.336734694,0.,       1889P   3101
0.,1.,0.,0.,1.;                                                     1889P   3102
124,6.12303176911189E-017,-1.,0.,2.,6.12303176911189E-017,          1891P   3103
3.74915180455534E-033,-1.,14.5,1.,6.12303176911189E-017,            1891P   3104
6.12303176911189E-017,12.5;                                         1891P   3105
100,12.5,0.,2.,4.,2.,-4.,2.;                                        1893P   3106
102,2,1883,1889;                                                    1895P   3107
102,2,1887,1893;                                                    1897P   3108
142,1,1751,1895,1897,1;                                             1899P   3109
144,1751,1,7,1773,1791,1809,1827,1845,1863,1881,1899;               1901P   3110
128,1,1,1,1,0,0,1,0,0,0.,0.,1.,1.,0.,0.,1.,1.,1.,1.,1.,1.,          1903P   3111
-26.75,0.25,0.,-26.75,52.000000001,0.,26.75,0.25,0.,26.75,          1903P   3112
52.000000001,0.,0.,1.,0.,1.;                                        1903P   3113
126,16,2,1,0,1,0,0.,0.,0.,0.125,0.125,0.25,0.25,0.375,0.375,        1905P   3114
0.5,0.5,0.625,0.625,0.75,0.75,0.875,0.875,1.,1.,1.,1.,1.,1.,1.,     1905P   3115
1.,1.,1.,1.,1.,1.,1.,1.,1.,1.,1.,1.,1.,0.,0.03271028,0.,0.,         1905P   3116
0.029488599,0.,0.000649773,0.026328821,0.,0.001299546,              1905P   3117
0.023169044,0.,0.002574122,0.020192598,0.,0.003848698,              1905P   3118
0.017216152,0.,0.005699095,0.014537422,0.,0.007549493,              1905P   3119
0.011858692,0.,0.009904602,0.009580619,0.,0.012259711,              1905P   3120
0.007302547,0.,0.015029026,0.005512676,0.,0.017798341,              1905P   3121
0.003722806,0.,0.020875439,0.002489922,0.,0.023952538,              1905P   3122
0.001257038,0.,0.027219168,0.000628519,0.,0.030485798,0.,0.,        1905P   3123
0.033816425,0.,0.,0.,1.,0.,0.,-1.;                                  1905P   3124
124,6.12303176911189E-017,-1.,0.,-23.,-1.,                          1907P   3125
-6.12303176911189E-017,6.98296672221876E-015,-23.,                  1907P   3126
-6.98296672221876E-015,-4.27569272297334E-031,-1.,                  1907P   3127
-1.74574168055469E-013;                                             1907P   3128
100,0.,-25.,2.,-23.25,2.000000001,-25.,3.75;                        1909P   3129
126,1,1,1,0,1,0,0.,0.,1.,1.,1.,1.,0.033816425,0.,0.,1.,0.,0.,       1911P   3130
0.,1.,0.,0.,1.;                                                     1911P   3131
110,-26.75,2.,0.,-26.75,52.,0.;                                     1913P   3132
126,1,1,1,0,1,0,0.,0.,1.,1.,1.,1.,1.,0.,0.,1.,0.028037383,0.,       1915P   3133
0.,1.,0.,0.,1.;                                                     1915P   3134
110,-26.75,52.,0.,-25.25,52.000000001,0.;                           1917P   3135
126,1,1,1,0,1,0,0.,0.,1.,1.,1.,1.,1.,0.028037383,0.,                1919P   3136
0.053140097,0.028037383,0.,0.,1.,0.,0.,1.;                          1919P   3137
110,-25.25,52.000000001,0.,-25.25,3.000000004,0.;                   1921P   3138
126,12,2,1,0,1,0,0.,0.,0.,0.25,0.25,0.375,0.375,0.5,0.5,0.625,      1923P   3139
0.625,0.75,0.75,1.,1.,1.,1.,1.,1.,1.,1.,1.,1.,1.,1.,1.,1.,1.,       1923P   3140
1.,0.053140097,0.028037383,0.,0.048528492,0.028041039,0.,           1923P   3141
0.04424892,0.029677843,0.,0.04198133,0.030545127,0.,0.03992247,     1923P   3142
0.031845899,0.,0.037837158,0.033163384,0.,0.036060223,              1923P   3143
0.034880683,0.,0.034298244,0.036583527,0.,0.032922814,              1923P   3144
0.038616595,0.,0.031587598,0.040590219,0.,0.030681442,              1923P   3145
0.042801525,0.,0.028989295,0.046930896,0.,0.028985507,              1923P   3146
0.051401869,0.,0.,1.,0.,0.,1.;                                      1923P   3147
126,9,3,1,0,1,0,0.,0.,0.,0.,0.25,0.25,0.5,0.5,0.75,0.75,1.,1.,      1925P   3148
1.,1.,1.,1.,1.,1.,1.,1.,1.,1.,1.,1.,-25.25,3.,0.,-25.249869609,     1925P   3149
2.840899626,0.,-25.224101589,2.696345314,0.,-25.100369163,          1925P   3150
2.383417913,0.,-25.005353059,2.237693047,0.,-24.762413893,          1925P   3151
1.994540001,0.,-24.607399284,1.896143684,0.,-24.312837489,          1925P   3152
1.779385564,0.,-24.159464694,1.75013069,0.,-24.,1.75,0.,0.,1.,      1925P   3153
0.,0.,-1.;                                                          1925P   3154
126,1,1,1,0,1,0,0.,0.,1.,1.,1.,1.,0.028985507,0.051401869,0.,       1927P   3155
0.028985507,0.948598131,0.,0.,1.,0.,0.,1.;                          1927P   3156
110,-24.000000004,1.749999987,0.,24.000000003,1.749999987,0.;       1929P   3157
126,12,2,1,0,1,0,0.,0.,0.,0.25,0.25,0.375,0.375,0.5,0.5,0.625,      1931P   3158
0.625,0.75,0.75,1.,1.,1.,1.,1.,1.,1.,1.,1.,1.,1.,1.,1.,1.,1.,       1931P   3159
1.,0.028985507,0.948598131,0.,0.028989287,0.953058889,0.,           1931P   3160
0.030681442,0.957198475,0.,0.031578054,0.959391891,0.,              1931P   3161
0.032922814,0.961383405,0.,0.034284851,0.963400506,0.,              1931P   3162
0.036060223,0.965119317,0.,0.037820651,0.966823661,0.,              1931P   3163
0.03992247,0.968154101,0.,0.041962835,0.969445641,0.,               1931P   3164
0.04424892,0.970322157,0.,0.048517932,0.971958953,0.,               1931P   3165
0.053140097,0.971962617,0.,0.,1.,0.,0.,1.;                          1931P   3166
126,9,3,1,0,1,0,0.,0.,0.,0.,0.25,0.25,0.5,0.5,0.75,0.75,1.,1.,      1933P   3167
1.,1.,1.,1.,1.,1.,1.,1.,1.,1.,1.,1.,24.,1.75,0.,24.159100374,       1933P   3168
1.750130391,0.,24.303654686,1.775898411,0.,24.616582087,            1933P   3169
1.899630837,0.,24.762306953,1.994646941,0.,25.005459999,            1933P   3170
2.237586107,0.,25.103856316,2.392600716,0.,25.220614436,            1933P   3171
2.687162511,0.,25.24986931,2.840535306,0.,25.25,3.,0.,0.,1.,0.,     1933P   3172
0.,-1.;                                                             1933P   3173
126,1,1,1,0,1,0,0.,0.,1.,1.,1.,1.,0.053140097,0.971962617,0.,       1935P   3174
1.,0.971962617,0.,0.,1.,0.,0.,1.;                                   1935P   3175
110,25.250000009,3.00000001,0.,25.250000009,51.999999997,0.;        1937P   3176
126,1,1,1,0,1,0,0.,0.,1.,1.,1.,1.,1.,0.971962617,0.,1.,1.,0.,       1939P   3177
0.,1.,0.,0.,1.;                                                     1939P   3178
110,25.250000005,51.999999997,0.,26.75,51.999999995,0.;             1941P   3179
126,1,1,1,0,1,0,0.,0.,1.,1.,1.,1.,1.,1.,0.,0.033816425,1.,0.,       1943P   3180
0.,1.,0.,0.,1.;                                                     1943P   3181
110,26.75,51.999999995,0.,26.75,2.,0.;                              1945P   3182
126,16,2,1,0,1,0,0.,0.,0.,0.125,0.125,0.25,0.25,0.375,0.375,        1947P   3183
0.5,0.5,0.625,0.625,0.75,0.75,0.875,0.875,1.,1.,1.,1.,1.,1.,1.,     1947P   3184
1.,1.,1.,1.,1.,1.,1.,1.,1.,1.,1.,1.,1.,0.033816425,1.,0.,           1947P   3185
0.030485798,1.,0.,0.027219168,0.999371481,0.,0.023952538,           1947P   3186
0.998742962,0.,0.020875439,0.997510078,0.,0.017798341,              1947P   3187
0.996277194,0.,0.015029026,0.994487324,0.,0.012259711,              1947P   3188
0.992697453,0.,0.009904602,0.990419381,0.,0.007549493,              1947P   3189
0.988141308,0.,0.005699095,0.985462578,0.,0.003848698,              1947P   3190
0.982783848,0.,0.002574122,0.979807402,0.,0.001299546,              1947P   3191
0.976830956,0.,0.000649773,0.973671179,0.,0.,0.970511401,0.,0.,     1947P   3192
0.96728972,0.,0.,1.,0.,0.,-1.;                                      1947P   3193
124,1.,-1.79600212143765E-010,-6.98296672221876E-015,               1949P   3194
3.59202067551803E-010,-1.79600212143765E-010,-1.,0.,                1949P   3195
4.00000000449001,-6.98296672221876E-015,1.25414230470335E-024,      1949P   3196
-1.,1.74574168052961E-013;                                          1949P   3197
100,0.,25.,2.,26.75,2.,25.,3.75;                                    1951P   3198
126,1,1,1,0,1,0,0.,0.,1.,1.,1.,1.,0.,0.96728972,0.,0.,              1953P   3199
0.03271028,0.,0.,1.,0.,0.,1.;                                       1953P   3200
110,25.,0.25,0.,-25.000000001,0.25,0.;                              1955P   3201
102,12,1905,1911,1915,1919,1923,1927,1931,1935,1939,1943,1947,      1957P   3202
1953;                                                               1957P   3203
102,12,1909,1913,1917,1921,1925,1929,1933,1937,1941,1945,1951,      1959P   3204
1955;                                                               1959P   3205
142,1,1903,1957,1959,1;                                             1961P   3206
144,1903,1,0,1961;                                                  1963P   3207
128,1,1,1,1,0,0,1,0,0,0.,0.,1.,1.,0.,0.,1.,1.,1.,1.,1.,1.,          1965P   3208
26.75,52.,25.,26.75,0.25,25.,-26.75,52.,25.,-26.75,0.25,25.,0.,     1965P   3209
1.,0.,1.;                                                           1965P   3210
126,1,1,1,0,1,0,0.,0.,1.,1.,1.,1.,0.,0.971962617,0.,                1967P   3211
0.946859903,0.971962617,0.,0.,1.,0.,0.,1.;                          1967P   3212
110,-25.25,52.,25.,-25.25,3.000000004,25.;                          1969P   3213
126,12,2,1,0,1,0,0.,0.,0.,0.25,0.25,0.375,0.375,0.5,0.5,0.625,      1971P   3214
0.625,0.75,0.75,1.,1.,1.,1.,1.,1.,1.,1.,1.,1.,1.,1.,1.,1.,1.,       1971P   3215
1.,0.946859903,0.971962617,0.,0.951482068,0.971958953,0.,           1971P   3216
0.95575108,0.970322157,0.,0.958037165,0.969445641,0.,               1971P   3217
0.96007753,0.968154101,0.,0.962179349,0.966823661,0.,               1971P   3218
0.963939777,0.965119317,0.,0.965715149,0.963400506,0.,              1971P   3219
0.967077186,0.961383405,0.,0.968421946,0.959391891,0.,              1971P   3220
0.969318558,0.957198475,0.,0.971010713,0.953058889,0.,              1971P   3221
0.971014493,0.948598131,0.,0.,1.,0.,0.,1.;                          1971P   3222
126,3,3,1,0,0,0,0.,0.,0.,0.,1.,1.,1.,1.,0.9565783022744,            1973P   3223
0.769794770274229,0.769794770274229,0.9565783022744,-25.25,3.,      1973P   3224
25.,-25.25,2.267766953,25.,-24.732233047,1.75,25.,-24.,1.75,        1973P   3225
25.,0.,1.,0.,0.,-1.;                                                1973P   3226
126,1,1,1,0,1,0,0.,0.,1.,1.,1.,1.,0.971014493,0.948598131,0.,       1975P   3227
0.971014493,0.051401869,0.,0.,1.,0.,0.,1.;                          1975P   3228
110,-24.000000004,1.749999987,25.,24.000000003,1.749999987,25.;     1977P   3229
126,12,2,1,0,1,0,0.,0.,0.,0.25,0.25,0.375,0.375,0.5,0.5,0.625,      1979P   3230
0.625,0.75,0.75,1.,1.,1.,1.,1.,1.,1.,1.,1.,1.,1.,1.,1.,1.,1.,       1979P   3231
1.,0.971014493,0.051401869,0.,0.971010705,0.046930896,0.,           1979P   3232
0.969318558,0.042801525,0.,0.968412402,0.040590219,0.,              1979P   3233
0.967077186,0.038616595,0.,0.965701756,0.036583527,0.,              1979P   3234
0.963939777,0.034880683,0.,0.962162842,0.033163384,0.,              1979P   3235
0.96007753,0.031845899,0.,0.95801867,0.030545127,0.,0.95575108,     1979P   3236
0.029677843,0.,0.951471508,0.028041039,0.,0.946859903,              1979P   3237
0.028037383,0.,0.,1.,0.,0.,1.;                                      1979P   3238
126,3,3,1,0,0,0,0.,0.,0.,0.,1.,1.,1.,1.,0.956578302274402,          1981P   3239
0.76979477027423,0.76979477027423,0.956578302274402,24.,1.75,       1981P   3240
25.,24.732233047,1.75,25.,25.25,2.267766953,25.,25.25,3.,25.,       1981P   3241
0.,1.,0.,0.,-1.;                                                    1981P   3242
126,1,1,1,0,1,0,0.,0.,1.,1.,1.,1.,0.946859903,0.028037383,0.,       1983P   3243
0.,0.028037383,0.,0.,1.,0.,0.,1.;                                   1983P   3244
110,25.250000009,3.00000001,25.,25.250000009,52.,25.;               1985P   3245
126,1,1,1,0,1,0,0.,0.,1.,1.,1.,1.,0.,0.028037383,0.,0.,0.,0.,       1987P   3246
0.,1.,0.,0.,1.;                                                     1987P   3247
110,25.250000005,52.,25.,26.75,52.,25.;                             1989P   3248
126,1,1,1,0,1,0,0.,0.,1.,1.,1.,1.,0.,0.,0.,0.966183575,0.,0.,       1991P   3249
0.,1.,0.,0.,1.;                                                     1991P   3250
110,26.75,52.,25.,26.75,2.,25.;                                     1993P   3251
126,16,2,1,0,1,0,0.,0.,0.,0.125,0.125,0.25,0.25,0.375,0.375,        1995P   3252
0.5,0.5,0.625,0.625,0.75,0.75,0.875,0.875,1.,1.,1.,1.,1.,1.,1.,     1995P   3253
1.,1.,1.,1.,1.,1.,1.,1.,1.,1.,1.,1.,1.,0.966183575,0.,0.,           1995P   3254
0.969514202,0.,0.,0.972780832,0.000628519,0.,0.976047462,           1995P   3255
0.001257038,0.,0.979124561,0.002489922,0.,0.982201659,              1995P   3256
0.003722806,0.,0.984970974,0.005512676,0.,0.987740289,              1995P   3257
0.007302547,0.,0.990095398,0.009580619,0.,0.992450507,              1995P   3258
0.011858692,0.,0.994300905,0.014537422,0.,0.996151302,              1995P   3259
0.017216152,0.,0.997425878,0.020192598,0.,0.998700454,              1995P   3260
0.023169044,0.,0.999350227,0.026328821,0.,1.,0.029488599,0.,1.,     1995P   3261
0.03271028,0.,0.,1.,0.,0.,-1.;                                      1995P   3262
124,1.,-1.79600212143765E-010,-6.98296672221876E-015,               1997P   3263
3.59377743540316E-010,-1.79600212143765E-010,-1.,0.,                1997P   3264
4.00000000449001,-6.98296672221876E-015,1.25414230470335E-024,      1997P   3265
-1.,50.0000000000002;                                               1997P   3266
100,25.,25.,2.,26.75,2.,25.,3.75;                                   1999P   3267
126,1,1,1,0,1,0,0.,0.,1.,1.,1.,1.,1.,0.03271028,0.,1.,              2001P   3268
0.96728972,0.,0.,1.,0.,0.,1.;                                       2001P   3269
110,25.,0.25,25.,-25.000000001,0.25,25.;                            2003P   3270
126,16,2,1,0,1,0,0.,0.,0.,0.125,0.125,0.25,0.25,0.375,0.375,        2005P   3271
0.5,0.5,0.625,0.625,0.75,0.75,0.875,0.875,1.,1.,1.,1.,1.,1.,1.,     2005P   3272
1.,1.,1.,1.,1.,1.,1.,1.,1.,1.,1.,1.,1.,1.,0.96728972,0.,1.,         2005P   3273
0.970511401,0.,0.999350227,0.973671179,0.,0.998700454,              2005P   3274
0.976830956,0.,0.997425878,0.979807402,0.,0.996151302,              2005P   3275
0.982783848,0.,0.994300905,0.985462578,0.,0.992450507,              2005P   3276
0.988141308,0.,0.990095398,0.990419381,0.,0.987740289,              2005P   3277
0.992697453,0.,0.984970974,0.994487324,0.,0.982201659,              2005P   3278
0.996277194,0.,0.979124561,0.997510078,0.,0.976047462,              2005P   3279
0.998742962,0.,0.972780832,0.999371481,0.,0.969514202,1.,0.,        2005P   3280
0.966183575,1.,0.,0.,1.,0.,0.,-1.;                                  2005P   3281
124,-6.17226286175735E-009,-1.,0.,-23.0000001543066,-1.,            2007P   3282
6.17226286175735E-009,6.98296672221876E-015,-23.0000000123447,      2007P   3283
-6.98296672221876E-015,4.31007061644383E-023,-1.,                   2007P   3284
49.9999999999998;                                                   2007P   3285
100,25.,-25.,2.,-23.25,1.99999999,-24.999999989,3.75;               2009P   3286
126,1,1,1,0,1,0,0.,0.,1.,1.,1.,1.,0.966183575,1.,0.,0.,1.,0.,       2011P   3287
0.,1.,0.,0.,1.;                                                     2011P   3288
110,-26.75,2.,25.,-26.75,52.,25.;                                   2013P   3289
126,1,1,1,0,1,0,0.,0.,1.,1.,1.,1.,0.,1.,0.,0.,0.971962617,0.,       2015P   3290
0.,1.,0.,0.,1.;                                                     2015P   3291
110,-26.75,52.,25.,-25.250000002,52.,25.;                           2017P   3292
102,12,1967,1971,1975,1979,1983,1987,1991,1995,2001,2005,2011,      2019P   3293
2015;                                                               2019P   3294
102,12,1969,1973,1977,1981,1985,1989,1993,1999,2003,2009,2013,      2021P   3295
2017;                                                               2021P   3296
142,1,1965,2019,2021,1;                                             2023P   3297
144,1965,1,0,2023;                                                  2025P   3298
110,-24.,3.,24.75,-24.,3.,-975.25;                                  2027P   3299
110,-25.,3.,24.75,-25.,3.,0.25;                                     2029P   3300
120,2027,2029,0.,6.28318530717959;                                  2031P   3301
126,1,1,1,0,1,0,0.,0.,1.,1.,1.,1.,1.,6.283185307,0.,1.,             2033P   3302
4.71238898,0.,0.,1.,0.,0.,1.;                                       2033P   3303
100,0.25,-24.,3.,-25.,3.,-24.,2.;                                   2035P   3304
126,1,1,1,0,1,0,0.,0.,1.,1.,1.,1.,1.,4.71238898,0.,0.,              2037P   3305
4.71238898,0.,0.,1.,0.,0.,1.;                                       2037P   3306
110,-24.,2.,0.25,-24.,2.,24.75;                                     2039P   3307
126,1,1,1,0,1,0,0.,0.,1.,1.,1.,1.,0.,4.71238898,0.,0.,              2041P   3308
6.283185307,0.,0.,1.,0.,0.,1.;                                      2041P   3309
124,-1.55512809653382E-014,-1.,2.18214335490074E-010,               2043P   3310
-21.0000000054012,-1.,1.5551280966862E-014,                         2043P   3311
6.98296672051533E-015,-21.0000000000002,-6.98296672390884E-015,     2043P   3312
-2.18214335490074E-010,-1.,49.5000000010895;                        2043P   3313
100,24.75,-24.,3.,-23.,3.,-24.,4.;                                  2045P   3314
126,1,1,1,0,1,0,0.,0.,1.,1.,1.,1.,0.,6.283185307,0.,1.,             2047P   3315
6.283185307,0.,0.,1.,0.,0.,1.;                                      2047P   3316
110,-25.,3.,24.75,-25.,3.,0.25;                                     2049P   3317
102,4,2033,2037,2041,2047;                                          2051P   3318
102,4,2035,2039,2045,2049;                                          2053P   3319
142,1,2031,2051,2053,1;                                             2055P   3320
144,2031,1,0,2055;                                                  2057P   3321
110,-25.25,3.,0.25,-25.25,1003.,0.25;                               2059P   3322
110,-25.25,3.,0.5,-25.25,52.,0.5;                                   2061P   3323
120,2059,2061,0.,6.28318530717959;                                  2063P   3324
126,1,1,1,0,1,0,0.,0.,1.,1.,1.,1.,0.,3.141592653,0.,1.,             2065P   3325
3.141592653,0.,0.,1.,0.,0.,1.;                                      2065P   3326
110,-25.25,3.000000004,0.,-25.25,52.000000001,0.;                   2067P   3327
126,1,1,1,0,1,0,0.,0.,1.,1.,1.,1.,1.,3.141592653,0.,1.,             2069P   3328
1.570796327,0.,0.,1.,0.,0.,1.;                                      2069P   3329
124,5.06053681787908E-010,1.,0.,-77.2499999872222,                  2071P   3330
-6.12303176911189E-017,3.0985827704634E-026,-1.,52.25,-1.,          2071P   3331
5.06053681787908E-010,6.12303176911189E-017,-25.0000000263148;      2071P   3332
100,0.25,-25.25,52.,-25.,52.,-25.25,52.25;                          2073P   3333
126,1,1,1,0,1,0,0.,0.,1.,1.,1.,1.,1.,1.570796327,0.,0.,             2075P   3334
1.570796327,0.,0.,1.,0.,0.,1.;                                      2075P   3335
110,-25.,51.999999986,0.25,-25.,3.,0.25;                            2077P   3336
126,1,1,1,0,1,0,0.,0.,1.,1.,1.,1.,0.,1.570796327,0.,0.,             2079P   3337
3.141592661,0.,0.,1.,0.,0.,1.;                                      2079P   3338
124,1.,0.,0.,0.,0.,6.12303176911189E-017,1.,2.75,0.,-1.,            2081P   3339
6.12303176911189E-017,3.25;                                         2081P   3340
100,0.25,-25.25,3.,-25.,3.,-25.250000002,3.25;                      2083P   3341
102,4,2065,2069,2075,2079;                                          2085P   3342
102,4,2067,2073,2077,2083;                                          2087P   3343
142,1,2063,2085,2087,1;                                             2089P   3344
144,2063,1,0,2089;                                                  2091P   3345
128,3,3,3,3,0,0,0,0,0,0.0578991364880567,0.0578991364880567,        2093P   3346
0.0578991364880567,0.0578991364880567,0.936858549470011,            2093P   3347
0.936858549470011,0.936858549470011,0.936858549470011,0.,0.,0.,     2093P   3348
0.,1.,1.,1.,1.,0.95996059003932,0.769801493249525,                  2093P   3349
0.768674065341578,0.956578306315476,0.772516625272201,              2093P   3350
0.619488401779355,0.618581117864033,0.769794773526236,              2093P   3351
0.772516625272201,0.619488401779355,0.618581117864033,              2093P   3352
0.769794773526236,0.95996059003932,0.769801493249525,               2093P   3353
0.768674065341578,0.956578306315476,-25.000008969,64.247882432,     2093P   3354
12.5,-24.998761094,64.395201153,12.5,-25.102459914,                 2093P   3355
64.500000002,12.5,-25.250000002,64.5,12.5,-25.000008969,            2093P   3356
64.247882432,19.674643419,-24.998761094,64.395201153,               2093P   3357
19.760940727,-25.102459914,64.500000002,19.822330471,               2093P   3358
-25.250000002,64.5,19.82233047,-25.000008969,59.174643419,          2093P   3359
24.747882432,-24.998761094,59.260940727,24.895201153,               2093P   3360
-25.102459914,59.322330471,25.000000002,-25.250000002,              2093P   3361
59.32233047,25.,-25.000008969,52.,24.747882432,-24.998761094,       2093P   3362
52.,24.895201153,-25.102459914,52.,25.000000002,-25.250000002,      2093P   3363
52.,25.,0.0578991364880567,0.936858549470011,0.,1.;                 2093P   3364
126,1,1,1,0,1,0,0.,0.,1.,1.,1.,1.,0.936858549,1.,0.,                2095P   3365
0.063141457,1.,0.,0.,1.,0.,0.,1.;                                   2095P   3366
124,-9.60255449095515E-009,1.,0.,-77.2500002424645,                 2097P   3367
-6.12303176911189E-017,-5.87967462127464E-025,1.,27.25,1.,          2097P   3368
9.60255449095515E-009,6.12303176911189E-017,49.9999995006672;       2097P   3369
100,24.75,-25.25,52.,-25.,52.,-25.250000002,52.25;                  2099P   3370
126,1,1,1,0,1,0,0.,0.,1.,1.,1.,1.,0.063141457,1.,0.,                2101P   3371
0.063141457,0.,0.,0.,1.,0.,0.,1.;                                   2101P   3372
126,27,3,1,0,1,0,0.,0.,0.,0.,0.0624999999999999,                    2103P   3373
0.0937499999999993,0.0937499999999993,0.124999999999999,            2103P   3374
0.124999999999999,0.187499999999998,0.187499999999998,              2103P   3375
0.249999999999998,0.249999999999998,0.374999999999998,              2103P   3376
0.374999999999998,0.499999999999998,0.499999999999998,              2103P   3377
0.624999999999997,0.624999999999997,0.687499999999998,              2103P   3378
0.687499999999998,0.749999999999998,0.749999999999998,              2103P   3379
0.812499999999998,0.843749999999998,0.843749999999998,              2103P   3380
0.874999999999999,0.874999999999999,1.,1.,1.,1.,1.,1.,1.,1.,1.,     2103P   3381
1.,1.,1.,1.,1.,1.,1.,1.,1.,1.,1.,1.,1.,1.,1.,1.,1.,1.,1.,1.,1.,     2103P   3382
1.,1.,-25.,52.,24.75,-25.,52.374888733,24.749968654,-25.,           2103P   3383
52.934686207,24.72438149,-25.,53.490680242,24.660484108,-25.,       2103P   3384
53.860497724,24.609372472,-25.,54.033639796,24.58165969,-25.,       2103P   3385
54.619862585,24.47315291,-25.,55.005279581,24.382351977,-25.,       2103P   3386
55.765317181,24.163823951,-25.,56.124100986,24.042367293,-25.,      2103P   3387
57.279278605,23.584985479,-25.,57.995199353,23.216193699,-25.,      2103P   3388
59.411439605,22.290196326,-25.,60.063836727,21.760333133,-25.,      2103P   3389
61.260279413,20.563783007,-25.,61.799979161,19.896611997,-25.,      2103P   3390
62.479802939,18.856673221,-25.,62.687832875,18.500503484,-25.,      2103P   3391
63.066736766,17.769117055,-25.,63.243622099,17.378714024,-25.,      2103P   3392
63.536191277,16.639606361,-25.,63.727852728,16.077426887,-25.,      2103P   3393
63.877866031,15.503474324,-25.,63.968619755,15.11822304,-25.,       2103P   3394
64.011421557,14.913195226,-25.,64.18176759,13.992456058,-25.,       2103P   3395
64.249937336,13.24944026,-25.,64.25,12.5,0.,1.,1.,0.,0.;            2103P   3396
126,1,1,1,0,1,0,0.,0.,1.,1.,1.,1.,0.063141439,0.,0.,                2105P   3397
0.936858543,0.,0.,0.,1.,0.,0.,1.;                                   2105P   3398
126,3,3,1,0,0,0,0.0631414391499769,0.0631414391499769,              2107P   3399
0.0631414391499769,0.0631414391499769,0.936858543268773,            2107P   3400
0.936858543268773,0.936858543268773,0.936858543268773,              2107P   3401
0.956578313613945,0.769794770338516,0.76979476657999,               2107P   3402
0.956578302338368,-25.,64.249999993,12.5,-24.999999996,             2107P   3403
64.396446605,12.5,-25.103553387,64.5,12.5,-25.25,64.5,12.5,         2107P   3404
0.0631414391499769,0.936858543268773,0.,0.,-1.;                     2107P   3405
126,1,1,1,0,1,0,0.,0.,1.,1.,1.,1.,0.936858549,0.,0.,                2109P   3406
0.936858549,1.,0.,0.,1.,0.,0.,1.;                                   2109P   3407
124,3.13962811249186E-027,-6.12303176911189E-017,1.,-37.75,1.,      2111P   3408
5.12757116226305E-011,0.,77.2499999973337,                          2111P   3409
-5.12757116226305E-011,1.,6.12303176911189E-017,                    2111P   3410
-39.5000000012947;                                                  2111P   3411
100,12.5,-25.25,52.,-12.75,52.,-25.250000001,64.5;                  2113P   3412
102,4,2095,2101,2105,2109;                                          2115P   3413
102,4,2099,2103,2107,2113;                                          2117P   3414
142,1,2093,2115,2117,1;                                             2119P   3415
144,2093,1,0,2119;                                                  2121P   3416
110,-25.25,52.,24.75,-25.25,-948.,24.75;                            2123P   3417
110,-25.25,52.,24.5,-25.25,3.,24.5;                                 2125P   3418
120,2123,2125,0.,6.28318530717959;                                  2127P   3419
126,1,1,1,0,1,0,0.,0.,1.,1.,1.,1.,0.,3.141592654,0.,1.,             2129P   3420
3.141592654,0.,0.,1.,0.,0.,1.;                                      2129P   3421
110,-25.25,52.,25.,-25.25,3.000000004,25.;                          2131P   3422
126,1,1,1,0,1,0,0.,0.,1.,1.,1.,1.,1.,3.141592661,0.,1.,             2133P   3423
1.570796327,0.,0.,1.,0.,0.,1.;                                      2133P   3424
124,-7.38871471279057E-009,1.,0.,-28.2500001865651,                 2135P   3425
-6.12303176911189E-017,-4.52413349193211E-025,1.,                   2135P   3426
-21.7499999999993,1.,7.38871471279057E-009,                         2135P   3427
6.12303176911189E-017,49.9999999778332;                             2135P   3428
100,24.75,-25.25,3.,-25.,3.,-25.250000002,3.25;                     2137P   3429
126,1,1,1,0,1,0,0.,0.,1.,1.,1.,1.,1.,1.570796327,0.,0.,             2139P   3430
1.570796327,0.,0.,1.,0.,0.,1.;                                      2139P   3431
110,-25.,3.,24.75,-25.,51.999999986,24.75;                          2141P   3432
126,1,1,1,0,1,0,0.,0.,1.,1.,1.,1.,0.,1.570796327,0.,0.,             2143P   3433
3.141592663,0.,0.,1.,0.,0.,1.;                                      2143P   3434
124,1.,0.,0.,0.,0.,6.12303176911189E-017,-1.,76.75,0.,1.,           2145P   3435
6.12303176911189E-017,-27.25;                                       2145P   3436
100,24.75,-25.25,52.,-25.,52.,-25.250000002,52.25;                  2147P   3437
102,4,2129,2133,2139,2143;                                          2149P   3438
102,4,2131,2137,2141,2147;                                          2151P   3439
142,1,2127,2149,2151,1;                                             2153P   3440
144,2127,1,0,2153;                                                  2155P   3441
110,-25.25,52.,12.5,-1025.25,52.,12.5;                              2157P   3442
110,-25.25,52.,25.,-26.75,52.,25.;                                  2159P   3443
120,2157,2159,0.,6.28318530717959;                                  2161P   3444
126,1,1,1,0,1,0,0.,0.,1.,1.,1.,1.,0.,3.141592654,0.,1.,             2163P   3445
3.141592654,0.,0.,1.,0.,0.,1.;                                      2163P   3446
110,-25.25,52.000000001,0.,-26.75,52.,0.;                           2165P   3447
126,1,1,1,0,1,0,0.,0.,1.,1.,1.,1.,1.,3.141592654,0.,1.,0.,0.,       2167P   3448
0.,1.,0.,0.,1.;                                                     2167P   3449
124,6.12303176911189E-017,0.,1.,-39.25,0.,1.,0.,0.,-1.,0.,          2169P   3450
6.12303176911189E-017,-14.25;                                       2169P   3451
100,12.5,-26.75,52.,-14.25,52.,-39.25,52.;                          2171P   3452
126,1,1,1,0,1,0,0.,0.,1.,1.,1.,1.,1.,0.,0.,2E-009,0.,0.,0.,1.,      2173P   3453
0.,0.,1.;                                                           2173P   3454
110,-26.75,52.,25.,-25.250000002,52.,25.;                           2175P   3455
126,1,1,1,0,1,0,0.,0.,1.,1.,1.,1.,0.,0.,0.,0.,1.570796327,0.,       2177P   3456
0.,1.,0.,0.,1.;                                                     2177P   3457
124,6.12303176911189E-017,0.,-1.,-12.75,0.,1.,0.,0.,1.,0.,          2179P   3458
6.12303176911189E-017,37.75;                                        2179P   3459
100,12.5,-25.25,52.,-12.75,52.,-25.250000001,64.5;                  2181P   3460
126,1,1,1,0,1,0,0.,0.,1.,1.,1.,1.,0.,1.570796327,0.,0.,             2183P   3461
3.141592654,0.,0.,1.,0.,0.,1.;                                      2183P   3462
124,-1.42145194052254E-015,-6.12303176182357E-017,-1.,              2185P   3463
-12.7499999997825,1.,-5.12737236208448E-011,                        2185P   3464
-1.4214519405194E-015,77.2500000024487,-5.12737236208448E-011,      2185P   3465
-1.,6.12303176911189E-017,64.4999999987053;                         2185P   3466
100,12.5,-25.25,52.,-12.75,52.,-25.249999999,64.5;                  2187P   3467
102,5,2163,2167,2173,2177,2183;                                     2189P   3468
102,5,2165,2171,2175,2181,2187;                                     2191P   3469
142,1,2161,2189,2191,1;                                             2193P   3470
144,2161,1,0,2193;                                                  2195P   3471
128,1,1,1,1,0,0,1,0,0,0.,0.,1.,1.,0.,0.,1.,1.,1.,1.,1.,1.,-25.,     2197P   3472
3.,0.25,-25.,64.6175,0.25,-25.,3.,24.75,-25.,64.6175,24.75,0.,      2197P   3473
1.,0.,1.;                                                           2197P   3474
126,16,2,1,0,1,0,0.,0.,0.,0.125,0.125,0.25,0.25,0.375,0.375,        2199P   3475
0.5,0.5,0.625,0.625,0.75,0.75,0.875,0.875,1.,1.,1.,1.,1.,1.,1.,     2199P   3476
1.,1.,1.,1.,1.,1.,1.,1.,1.,1.,1.,1.,1.,0.994035785,0.5,0.,          2199P   3477
0.99403426,0.545884098,0.,0.990716773,0.590981526,0.,               2199P   3478
0.987199423,0.638795865,0.,0.980077197,0.684047355,0.,              2199P   3479
0.972662292,0.731158396,0.,0.961629326,0.773604877,0.,              2199P   3480
0.950369458,0.816924305,0.,0.935806517,0.853553391,0.,              2199P   3481
0.921256131,0.890150897,0.,0.904017844,0.918497756,0.,              2199P   3482
0.887156048,0.946225505,0.,0.868408491,0.964894151,0.,              2199P   3483
0.850431987,0.982794988,0.,0.831404185,0.991652684,0.,              2199P   3484
0.813481011,0.999996162,0.,0.795228628,1.,0.,0.,1.,0.,0.,-1.;       2199P   3485
126,27,3,1,0,1,0,0.,0.,0.,0.,0.0624999999999993,                    2201P   3486
0.0937499999999991,0.0937499999999991,0.124999999999999,            2201P   3487
0.124999999999999,0.187499999999999,0.187499999999999,              2201P   3488
0.249999999999998,0.249999999999998,0.374999999999998,              2201P   3489
0.374999999999998,0.499999999999997,0.499999999999997,              2201P   3490
0.624999999999997,0.624999999999997,0.687499999999997,              2201P   3491
0.687499999999997,0.749999999999997,0.749999999999997,              2201P   3492
0.812499999999997,0.843749999999997,0.843749999999997,              2201P   3493
0.874999999999997,0.874999999999997,1.,1.,1.,1.,1.,1.,1.,1.,1.,     2201P   3494
1.,1.,1.,1.,1.,1.,1.,1.,1.,1.,1.,1.,1.,1.,1.,1.,1.,1.,1.,1.,1.,     2201P   3495
1.,1.,-25.,64.25,12.5,-25.,64.249968668,12.87472013,-25.,           2201P   3496
64.224381514,13.434391152,-25.,64.160484127,13.990448413,-25.,      2201P   3497
64.109372484,14.360350196,-25.,64.081612481,14.533805508,-25.,      2201P   3498
63.973247327,15.119531161,-25.,63.882493603,15.504782445,-25.,      2201P   3499
63.663965578,16.264820045,-25.,63.542202654,16.624420022,-25.,      2201P   3500
63.085314757,17.778640533,-25.,62.715731632,18.495768815,-25.,      2201P   3501
61.790658393,19.910870143,-25.,61.259763671,20.564298795,-25.,      2201P   3502
60.064352469,21.759817345,-25.,59.395973924,22.300308438,-25.,      2201P   3503
58.356992257,22.9796383,-25.,58.000982038,23.187585917,-25.,        2201P   3504
57.269595609,23.566489809,-25.,56.8783826,23.743716517,-25.,        2201P   3505
56.139937785,24.03609686,-25.,55.578006879,24.227687497,-25.,       2201P   3506
55.003930032,24.377736207,-25.,54.618513036,24.46853714,-25.,       2201P   3507
54.413110924,24.511421564,-25.,53.492793264,24.681767562,-25.,      2201P   3508
52.749777467,24.749937308,-25.,52.,24.75,0.,1.,-1.,0.,0.;           2201P   3509
126,1,1,1,0,1,0,0.,0.,1.,1.,1.,1.,0.795228628,1.,0.,0.,1.,0.,       2203P   3510
0.,1.,0.,0.,1.;                                                     2203P   3511
110,-25.,51.999999986,24.75,-25.,3.,24.75;                          2205P   3512
126,1,1,1,0,1,0,0.,0.,1.,1.,1.,1.,0.,1.,0.,0.,0.,0.,0.,1.,0.,       2207P   3513
0.,1.;                                                              2207P   3514
110,-25.,3.,24.75,-25.,3.,0.25;                                     2209P   3515
126,1,1,1,0,1,0,0.,0.,1.,1.,1.,1.,0.,0.,0.,0.795228628,0.,0.,       2211P   3516
0.,1.,0.,0.,1.;                                                     2211P   3517
110,-25.,3.,0.25,-25.,51.999999986,0.25;                            2213P   3518
126,16,2,1,0,1,0,0.,0.,0.,0.125,0.125,0.25,0.25,0.375,0.375,        2215P   3519
0.5,0.5,0.625,0.625,0.75,0.75,0.875,0.875,1.,1.,1.,1.,1.,1.,1.,     2215P   3520
1.,1.,1.,1.,1.,1.,1.,1.,1.,1.,1.,1.,1.,0.795228628,0.,0.,           2215P   3521
0.813472802,3.837E-006,0.,0.831404185,0.008347316,0.,               2215P   3522
0.850415851,0.017193451,0.,0.868408491,0.035105849,0.,              2215P   3523
0.887140515,0.053754335,0.,0.904017844,0.081502244,0.,              2215P   3524
0.921242268,0.109820813,0.,0.935806517,0.146446609,0.,              2215P   3525
0.95035821,0.18304083,0.,0.961629326,0.226395123,0.,                2215P   3526
0.972654276,0.268802538,0.,0.980077197,0.315952645,0.,              2215P   3527
0.987194826,0.361163552,0.,0.990716773,0.409018474,0.,              2215P   3528
0.994034259,0.454095257,0.,0.994035785,0.5,0.,0.,1.,0.,0.,-1.;      2215P   3529
126,3,3,1,0,0,0,0.,0.,0.,0.,1.,1.,1.,1.,0.95657830228915,           2217P   3530
0.769794770286099,0.769794770286099,0.95657830228915,-25.,52.,      2217P   3531
0.25,-25.,59.175883861,0.25,-25.,64.25,5.324116139,-25.,64.25,      2217P   3532
12.5,0.,1.,-1.,0.,0.;                                               2217P   3533
102,5,2199,2203,2207,2211,2215;                                     2219P   3534
102,5,2201,2205,2209,2213,2217;                                     2221P   3535
142,1,2197,2219,2221,1;                                             2223P   3536
126,32,2,1,0,1,0,0.,0.,0.,0.0625,0.0625,0.125,0.125,0.1875,         2225P   3537
0.1875,0.25,0.25,0.3125,0.3125,0.375,0.375,0.4375,0.4375,0.5,       2225P   3538
0.5,0.5625,0.5625,0.625,0.625,0.6875,0.6875,0.75,0.75,0.8125,       2225P   3539
0.8125,0.875,0.875,0.9375,0.9375,1.,1.,1.,1.,1.,1.,1.,1.,1.,1.,     2225P   3540
1.,1.,1.,1.,1.,1.,1.,1.,1.,1.,1.,1.,1.,1.,1.,1.,1.,1.,1.,1.,1.,     2225P   3541
1.,1.,1.,1.,1.,0.219580476,0.43877551,0.,0.217182828,               2225P   3542
0.43877551,0.,0.21483125,0.439951922,0.,0.212479671,                2225P   3543
0.441128333,0.,0.210264533,0.443435947,0.,0.208049394,              2225P   3544
0.445743561,0.,0.206055823,0.449093697,0.,0.204062251,              2225P   3545
0.452443833,0.,0.202366857,0.456707748,0.,0.200671464,              2225P   3546
0.460971663,0.,0.199339402,0.465985496,0.,0.19800734,               2225P   3547
0.470999329,0.,0.197089799,0.476570402,0.,0.196172259,              2225P   3548
0.482141475,0.,0.195704501,0.488055695,0.,0.195236743,              2225P   3549
0.493969914,0.,0.195236743,0.5,0.,0.195236743,0.506030086,0.,       2225P   3550
0.195704501,0.511944305,0.,0.196172259,0.517858525,0.,              2225P   3551
0.197089799,0.523429598,0.,0.19800734,0.529000671,0.,               2225P   3552
0.199339402,0.534014504,0.,0.200671464,0.539028337,0.,              2225P   3553
0.202366857,0.543292252,0.,0.204062251,0.547556167,0.,              2225P   3554
0.206055823,0.550906303,0.,0.208049394,0.554256439,0.,              2225P   3555
0.210264533,0.556564053,0.,0.212479671,0.558871667,0.,              2225P   3556
0.21483125,0.560048078,0.,0.217182828,0.56122449,0.,                2225P   3557
0.219580476,0.56122449,0.,0.,1.,0.,0.,1.;                           2225P   3558
124,-6.12303176911189E-017,4.27569270827966E-031,-1.,-12.5,         2227P   3559
-6.98296672221876E-015,-1.,0.,33.0599999999998,-1.,                 2227P   3560
6.98296672221876E-015,6.12303176911189E-017,-12.5000000000001;      2227P   3561
100,12.5,-25.,16.53,-23.5,16.53,-26.5,16.53;                        2229P   3562
126,32,2,1,0,1,0,0.,0.,0.,0.0625,0.0625,0.125,0.125,0.1875,         2231P   3563
0.1875,0.25,0.25,0.3125,0.3125,0.375,0.375,0.4375,0.4375,0.5,       2231P   3564
0.5,0.5625,0.5625,0.625,0.625,0.6875,0.6875,0.75,0.75,0.8125,       2231P   3565
0.8125,0.875,0.875,0.9375,0.9375,1.,1.,1.,1.,1.,1.,1.,1.,1.,1.,     2231P   3566
1.,1.,1.,1.,1.,1.,1.,1.,1.,1.,1.,1.,1.,1.,1.,1.,1.,1.,1.,1.,1.,     2231P   3567
1.,1.,1.,1.,1.,0.219580476,0.56122449,0.,0.221978125,               2231P   3568
0.56122449,0.,0.224329703,0.560048078,0.,0.226681281,               2231P   3569
0.558871667,0.,0.22889642,0.556564053,0.,0.231111558,               2231P   3570
0.554256439,0.,0.23310513,0.550906303,0.,0.235098702,               2231P   3571
0.547556167,0.,0.236794095,0.543292252,0.,0.238489489,              2231P   3572
0.539028337,0.,0.239821551,0.534014504,0.,0.241153613,              2231P   3573
0.529000671,0.,0.242071153,0.523429598,0.,0.242988694,              2231P   3574
0.517858525,0.,0.243456452,0.511944305,0.,0.24392421,               2231P   3575
0.506030086,0.,0.24392421,0.5,0.,0.24392421,0.493969914,0.,         2231P   3576
0.243456452,0.488055695,0.,0.242988694,0.482141475,0.,              2231P   3577
0.242071153,0.476570402,0.,0.241153613,0.470999329,0.,              2231P   3578
0.239821551,0.465985496,0.,0.238489489,0.460971663,0.,              2231P   3579
0.236794095,0.456707748,0.,0.235098702,0.452443833,0.,              2231P   3580
0.23310513,0.449093697,0.,0.231111558,0.445743561,0.,               2231P   3581
0.22889642,0.443435947,0.,0.226681281,0.441128333,0.,               2231P   3582
0.224329703,0.439951922,0.,0.221978125,0.43877551,0.,               2231P   3583
0.219580476,0.43877551,0.,0.,1.,0.,0.,1.;                           2231P   3584
124,6.12303176911189E-017,0.,-1.,-12.5,0.,1.,0.,0.,1.,0.,           2233P   3585
6.12303176911189E-017,37.5;                                         2233P   3586
100,12.5,-25.,16.53,-23.5,16.53,-26.5,16.53;                        2235P   3587
102,2,2225,2231;                                                    2237P   3588
102,2,2229,2235;                                                    2239P   3589
142,1,2197,2237,2239,1;                                             2241P   3590
126,32,2,1,0,1,0,0.,0.,0.,0.0625,0.0625,0.125,0.125,0.1875,         2243P   3591
0.1875,0.25,0.25,0.3125,0.3125,0.375,0.375,0.4375,0.4375,0.5,       2243P   3592
0.5,0.5625,0.5625,0.625,0.625,0.6875,0.6875,0.75,0.75,0.8125,       2243P   3593
0.8125,0.875,0.875,0.9375,0.9375,1.,1.,1.,1.,1.,1.,1.,1.,1.,1.,     2243P   3594
1.,1.,1.,1.,1.,1.,1.,1.,1.,1.,1.,1.,1.,1.,1.,1.,1.,1.,1.,1.,1.,     2243P   3595
1.,1.,1.,1.,1.,0.493366333,0.43877551,0.,0.490968684,               2243P   3596
0.43877551,0.,0.488617106,0.439951922,0.,0.486265527,               2243P   3597
0.441128333,0.,0.484050389,0.443435947,0.,0.481835251,              2243P   3598
0.445743561,0.,0.479841679,0.449093697,0.,0.477848107,              2243P   3599
0.452443833,0.,0.476152714,0.456707748,0.,0.47445732,               2243P   3600
0.460971663,0.,0.473125258,0.465985496,0.,0.471793196,              2243P   3601
0.470999329,0.,0.470875655,0.476570402,0.,0.469958115,              2243P   3602
0.482141475,0.,0.469490357,0.488055695,0.,0.469022599,              2243P   3603
0.493969914,0.,0.469022599,0.5,0.,0.469022599,0.506030086,0.,       2243P   3604
0.469490357,0.511944305,0.,0.469958115,0.517858525,0.,              2243P   3605
0.470875655,0.523429598,0.,0.471793196,0.529000671,0.,              2243P   3606
0.473125258,0.534014504,0.,0.47445732,0.539028337,0.,               2243P   3607
0.476152714,0.543292252,0.,0.477848107,0.547556167,0.,              2243P   3608
0.479841679,0.550906303,0.,0.481835251,0.554256439,0.,              2243P   3609
0.484050389,0.556564053,0.,0.486265527,0.558871667,0.,              2243P   3610
0.488617106,0.560048078,0.,0.490968684,0.56122449,0.,               2243P   3611
0.493366333,0.56122449,0.,0.,1.,0.,0.,1.;                           2243P   3612
124,-6.12303176911189E-017,4.27569270827966E-031,-1.,-12.5,         2245P   3613
-6.98296672221876E-015,-1.,0.,66.7999999999998,-1.,                 2245P   3614
6.98296672221876E-015,6.12303176911189E-017,-12.5000000000002;      2245P   3615
100,12.5,-25.,33.4,-23.5,33.4,-26.5,33.4;                           2247P   3616
126,32,2,1,0,1,0,0.,0.,0.,0.0625,0.0625,0.125,0.125,0.1875,         2249P   3617
0.1875,0.25,0.25,0.3125,0.3125,0.375,0.375,0.4375,0.4375,0.5,       2249P   3618
0.5,0.5625,0.5625,0.625,0.625,0.6875,0.6875,0.75,0.75,0.8125,       2249P   3619
0.8125,0.875,0.875,0.9375,0.9375,1.,1.,1.,1.,1.,1.,1.,1.,1.,1.,     2249P   3620
1.,1.,1.,1.,1.,1.,1.,1.,1.,1.,1.,1.,1.,1.,1.,1.,1.,1.,1.,1.,1.,     2249P   3621
1.,1.,1.,1.,1.,0.493366333,0.56122449,0.,0.495763981,               2249P   3622
0.56122449,0.,0.498115559,0.560048078,0.,0.500467138,               2249P   3623
0.558871667,0.,0.502682276,0.556564053,0.,0.504897414,              2249P   3624
0.554256439,0.,0.506890986,0.550906303,0.,0.508884558,              2249P   3625
0.547556167,0.,0.510579952,0.543292252,0.,0.512275345,              2249P   3626
0.539028337,0.,0.513607407,0.534014504,0.,0.514939469,              2249P   3627
0.529000671,0.,0.51585701,0.523429598,0.,0.51677455,                2249P   3628
0.517858525,0.,0.517242308,0.511944305,0.,0.517710066,              2249P   3629
0.506030086,0.,0.517710066,0.5,0.,0.517710066,0.493969914,0.,       2249P   3630
0.517242308,0.488055695,0.,0.51677455,0.482141475,0.,               2249P   3631
0.51585701,0.476570402,0.,0.514939469,0.470999329,0.,               2249P   3632
0.513607407,0.465985496,0.,0.512275345,0.460971663,0.,              2249P   3633
0.510579952,0.456707748,0.,0.508884558,0.452443833,0.,              2249P   3634
0.506890986,0.449093697,0.,0.504897414,0.445743561,0.,              2249P   3635
0.502682276,0.443435947,0.,0.500467138,0.441128333,0.,              2249P   3636
0.498115559,0.439951922,0.,0.495763981,0.43877551,0.,               2249P   3637
0.493366333,0.43877551,0.,0.,1.,0.,0.,1.;                           2249P   3638
124,6.12303176911189E-017,0.,-1.,-12.5,0.,1.,0.,0.,1.,0.,           2251P   3639
6.12303176911189E-017,37.5;                                         2251P   3640
100,12.5,-25.,33.4,-23.5,33.4,-26.5,33.4;                           2253P   3641
102,2,2243,2249;                                                    2255P   3642
102,2,2247,2253;                                                    2257P   3643
142,1,2197,2255,2257,1;                                             2259P   3644
126,32,2,1,0,1,0,0.,0.,0.,0.0625,0.0625,0.125,0.125,0.1875,         2261P   3645
0.1875,0.25,0.25,0.3125,0.3125,0.375,0.375,0.4375,0.4375,0.5,       2261P   3646
0.5,0.5625,0.5625,0.625,0.625,0.6875,0.6875,0.75,0.75,0.8125,       2261P   3647
0.8125,0.875,0.875,0.9375,0.9375,1.,1.,1.,1.,1.,1.,1.,1.,1.,1.,     2261P   3648
1.,1.,1.,1.,1.,1.,1.,1.,1.,1.,1.,1.,1.,1.,1.,1.,1.,1.,1.,1.,1.,     2261P   3649
1.,1.,1.,1.,1.,0.908832718,0.43877551,0.,0.906435069,               2261P   3650
0.43877551,0.,0.904083491,0.439951922,0.,0.901731913,               2261P   3651
0.441128333,0.,0.899516774,0.443435947,0.,0.897301636,              2261P   3652
0.445743561,0.,0.895308064,0.449093697,0.,0.893314492,              2261P   3653
0.452443833,0.,0.891619099,0.456707748,0.,0.889923705,              2261P   3654
0.460971663,0.,0.888591643,0.465985496,0.,0.887259581,              2261P   3655
0.470999329,0.,0.886342041,0.476570402,0.,0.8854245,                2261P   3656
0.482141475,0.,0.884956742,0.488055695,0.,0.884488984,              2261P   3657
0.493969914,0.,0.884488984,0.5,0.,0.884488984,0.506030086,0.,       2261P   3658
0.884956742,0.511944305,0.,0.8854245,0.517858525,0.,                2261P   3659
0.886342041,0.523429598,0.,0.887259581,0.529000671,0.,              2261P   3660
0.888591643,0.534014504,0.,0.889923705,0.539028337,0.,              2261P   3661
0.891619099,0.543292252,0.,0.893314492,0.547556167,0.,              2261P   3662
0.895308064,0.550906303,0.,0.897301636,0.554256439,0.,              2261P   3663
0.899516774,0.556564053,0.,0.901731913,0.558871667,0.,              2261P   3664
0.904083491,0.560048078,0.,0.906435069,0.56122449,0.,               2261P   3665
0.908832718,0.56122449,0.,0.,1.,0.,0.,1.;                           2261P   3666
124,-6.12303176911189E-017,4.27569270827966E-031,-1.,-12.5,         2263P   3667
-6.98296672221876E-015,-1.,0.,118.,-1.,6.98296672221876E-015,       2263P   3668
6.12303176911189E-017,-12.5000000000004;                            2263P   3669
100,12.5,-25.,59.,-23.5,59.,-26.5,59.;                              2265P   3670
126,32,2,1,0,1,0,0.,0.,0.,0.0625,0.0625,0.125,0.125,0.1875,         2267P   3671
0.1875,0.25,0.25,0.3125,0.3125,0.375,0.375,0.4375,0.4375,0.5,       2267P   3672
0.5,0.5625,0.5625,0.625,0.625,0.6875,0.6875,0.75,0.75,0.8125,       2267P   3673
0.8125,0.875,0.875,0.9375,0.9375,1.,1.,1.,1.,1.,1.,1.,1.,1.,1.,     2267P   3674
1.,1.,1.,1.,1.,1.,1.,1.,1.,1.,1.,1.,1.,1.,1.,1.,1.,1.,1.,1.,1.,     2267P   3675
1.,1.,1.,1.,1.,0.908832718,0.56122449,0.,0.911230366,               2267P   3676
0.56122449,0.,0.913581945,0.560048078,0.,0.915933523,               2267P   3677
0.558871667,0.,0.918148661,0.556564053,0.,0.9203638,                2267P   3678
0.554256439,0.,0.922357372,0.550906303,0.,0.924350944,              2267P   3679
0.547556167,0.,0.926046337,0.543292252,0.,0.927741731,              2267P   3680
0.539028337,0.,0.929073793,0.534014504,0.,0.930405855,              2267P   3681
0.529000671,0.,0.931323395,0.523429598,0.,0.932240935,              2267P   3682
0.517858525,0.,0.932708693,0.511944305,0.,0.933176451,              2267P   3683
0.506030086,0.,0.933176451,0.5,0.,0.933176451,0.493969914,0.,       2267P   3684
0.932708693,0.488055695,0.,0.932240935,0.482141475,0.,              2267P   3685
0.931323395,0.476570402,0.,0.930405855,0.470999329,0.,              2267P   3686
0.929073793,0.465985496,0.,0.927741731,0.460971663,0.,              2267P   3687
0.926046337,0.456707748,0.,0.924350944,0.452443833,0.,              2267P   3688
0.922357372,0.449093697,0.,0.9203638,0.445743561,0.,                2267P   3689
0.918148661,0.443435947,0.,0.915933523,0.441128333,0.,              2267P   3690
0.913581945,0.439951922,0.,0.911230366,0.43877551,0.,               2267P   3691
0.908832718,0.43877551,0.,0.,1.,0.,0.,1.;                           2267P   3692
124,6.12303176911189E-017,0.,-1.,-12.5,0.,1.,0.,0.,1.,0.,           2269P   3693
6.12303176911189E-017,37.5;                                         2269P   3694
100,12.5,-25.,59.,-23.5,59.,-26.5,59.;                              2271P   3695
102,2,2261,2267;                                                    2273P   3696
102,2,2265,2271;                                                    2275P   3697
142,1,2197,2273,2275,1;                                             2277P   3698
126,32,2,1,0,1,0,0.,0.,0.,0.0625,0.0625,0.125,0.125,0.1875,         2279P   3699
0.1875,0.25,0.25,0.3125,0.3125,0.375,0.375,0.4375,0.4375,0.5,       2279P   3700
0.5,0.5625,0.5625,0.625,0.625,0.6875,0.6875,0.75,0.75,0.8125,       2279P   3701
0.8125,0.875,0.875,0.9375,0.9375,1.,1.,1.,1.,1.,1.,1.,1.,1.,1.,     2279P   3702
1.,1.,1.,1.,1.,1.,1.,1.,1.,1.,1.,1.,1.,1.,1.,1.,1.,1.,1.,1.,1.,     2279P   3703
1.,1.,1.,1.,1.,0.795228628,0.724489796,0.,0.79283098,               2279P   3704
0.724489796,0.,0.790479401,0.725666207,0.,0.788127823,              2279P   3705
0.726842619,0.,0.785912685,0.729150233,0.,0.783697546,              2279P   3706
0.731457847,0.,0.781703975,0.734807983,0.,0.779710403,              2279P   3707
0.738158119,0.,0.778015009,0.742422034,0.,0.776319616,              2279P   3708
0.746685948,0.,0.774987554,0.751699782,0.,0.773655491,              2279P   3709
0.756713615,0.,0.772737951,0.762284688,0.,0.771820411,              2279P   3710
0.767855761,0.,0.771352653,0.77376998,0.,0.770884895,0.7796842,     2279P   3711
0.,0.770884895,0.785714286,0.,0.770884895,0.791744372,0.,           2279P   3712
0.771352653,0.797658591,0.,0.771820411,0.803572811,0.,              2279P   3713
0.772737951,0.809143884,0.,0.773655491,0.814714957,0.,              2279P   3714
0.774987554,0.81972879,0.,0.776319616,0.824742623,0.,               2279P   3715
0.778015009,0.829006538,0.,0.779710403,0.833270452,0.,              2279P   3716
0.781703975,0.836620589,0.,0.783697546,0.839970725,0.,              2279P   3717
0.785912685,0.842278339,0.,0.788127823,0.844585953,0.,              2279P   3718
0.790479401,0.845762364,0.,0.79283098,0.846938776,0.,               2279P   3719
0.795228628,0.846938776,0.,0.,1.,0.,0.,1.;                          2279P   3720
124,-6.12303176911189E-017,4.27569270827966E-031,-1.,-5.5,          2281P   3721
-6.98296672221876E-015,-1.,0.,104.,-1.,6.98296672221876E-015,       2281P   3722
6.12303176911189E-017,-5.50000000000037;                            2281P   3723
100,19.5,-25.,52.,-23.5,52.,-26.5,52.;                              2283P   3724
126,32,2,1,0,1,0,0.,0.,0.,0.0625,0.0625,0.125,0.125,0.1875,         2285P   3725
0.1875,0.25,0.25,0.3125,0.3125,0.375,0.375,0.4375,0.4375,0.5,       2285P   3726
0.5,0.5625,0.5625,0.625,0.625,0.6875,0.6875,0.75,0.75,0.8125,       2285P   3727
0.8125,0.875,0.875,0.9375,0.9375,1.,1.,1.,1.,1.,1.,1.,1.,1.,1.,     2285P   3728
1.,1.,1.,1.,1.,1.,1.,1.,1.,1.,1.,1.,1.,1.,1.,1.,1.,1.,1.,1.,1.,     2285P   3729
1.,1.,1.,1.,1.,0.795228628,0.846938776,0.,0.797626277,              2285P   3730
0.846938776,0.,0.799977855,0.845762364,0.,0.802329433,              2285P   3731
0.844585953,0.,0.804544572,0.842278339,0.,0.80675971,               2285P   3732
0.839970725,0.,0.808753282,0.836620589,0.,0.810746854,              2285P   3733
0.833270452,0.,0.812442247,0.829006538,0.,0.814137641,              2285P   3734
0.824742623,0.,0.815469703,0.81972879,0.,0.816801765,               2285P   3735
0.814714957,0.,0.817719305,0.809143884,0.,0.818636846,              2285P   3736
0.803572811,0.,0.819104604,0.797658591,0.,0.819572362,              2285P   3737
0.791744372,0.,0.819572362,0.785714286,0.,0.819572362,              2285P   3738
0.7796842,0.,0.819104604,0.77376998,0.,0.818636846,0.767855761,     2285P   3739
0.,0.817719305,0.762284688,0.,0.816801765,0.756713615,0.,           2285P   3740
0.815469703,0.751699782,0.,0.814137641,0.746685948,0.,              2285P   3741
0.812442247,0.742422034,0.,0.810746854,0.738158119,0.,              2285P   3742
0.808753282,0.734807983,0.,0.80675971,0.731457847,0.,               2285P   3743
0.804544572,0.729150233,0.,0.802329433,0.726842619,0.,              2285P   3744
0.799977855,0.725666207,0.,0.797626277,0.724489796,0.,              2285P   3745
0.795228628,0.724489796,0.,0.,1.,0.,0.,1.;                          2285P   3746
124,6.12303176911189E-017,0.,-1.,-5.5,0.,1.,0.,0.,1.,0.,            2287P   3747
6.12303176911189E-017,44.5;                                         2287P   3748
100,19.5,-25.,52.,-23.5,52.,-26.5,52.;                              2289P   3749
102,2,2279,2285;                                                    2291P   3750
102,2,2283,2289;                                                    2293P   3751
142,1,2197,2291,2293,1;                                             2295P   3752
126,32,2,1,0,1,0,0.,0.,0.,0.0625,0.0625,0.125,0.125,0.1875,         2297P   3753
0.1875,0.25,0.25,0.3125,0.3125,0.375,0.375,0.4375,0.4375,0.5,       2297P   3754
0.5,0.5625,0.5625,0.625,0.625,0.6875,0.6875,0.75,0.75,0.8125,       2297P   3755
0.8125,0.875,0.875,0.9375,0.9375,1.,1.,1.,1.,1.,1.,1.,1.,1.,1.,     2297P   3756
1.,1.,1.,1.,1.,1.,1.,1.,1.,1.,1.,1.,1.,1.,1.,1.,1.,1.,1.,1.,1.,     2297P   3757
1.,1.,1.,1.,1.,0.795228628,0.153061224,0.,0.79283098,               2297P   3758
0.153061224,0.,0.790479401,0.154237636,0.,0.788127823,              2297P   3759
0.155414047,0.,0.785912685,0.157721661,0.,0.783697546,              2297P   3760
0.160029275,0.,0.781703975,0.163379411,0.,0.779710403,              2297P   3761
0.166729548,0.,0.778015009,0.170993462,0.,0.776319616,              2297P   3762
0.175257377,0.,0.774987554,0.18027121,0.,0.773655491,               2297P   3763
0.185285043,0.,0.772737951,0.190856116,0.,0.771820411,              2297P   3764
0.196427189,0.,0.771352653,0.202341409,0.,0.770884895,              2297P   3765
0.208255628,0.,0.770884895,0.214285714,0.,0.770884895,              2297P   3766
0.2203158,0.,0.771352653,0.22623002,0.,0.771820411,0.232144239,     2297P   3767
0.,0.772737951,0.237715312,0.,0.773655491,0.243286385,0.,           2297P   3768
0.774987554,0.248300218,0.,0.776319616,0.253314052,0.,              2297P   3769
0.778015009,0.257577966,0.,0.779710403,0.261841881,0.,              2297P   3770
0.781703975,0.265192017,0.,0.783697546,0.268542153,0.,              2297P   3771
0.785912685,0.270849767,0.,0.788127823,0.273157381,0.,              2297P   3772
0.790479401,0.274333793,0.,0.79283098,0.275510204,0.,               2297P   3773
0.795228628,0.275510204,0.,0.,1.,0.,0.,1.;                          2297P   3774
124,-6.12303176911189E-017,4.27569270827966E-031,-1.,-19.5,         2299P   3775
-6.98296672221876E-015,-1.,0.,104.,-1.,6.98296672221876E-015,       2299P   3776
6.12303176911189E-017,-19.5000000000004;                            2299P   3777
100,5.5,-25.,52.,-23.5,52.,-26.5,52.;                               2301P   3778
126,32,2,1,0,1,0,0.,0.,0.,0.0625,0.0625,0.125,0.125,0.1875,         2303P   3779
0.1875,0.25,0.25,0.3125,0.3125,0.375,0.375,0.4375,0.4375,0.5,       2303P   3780
0.5,0.5625,0.5625,0.625,0.625,0.6875,0.6875,0.75,0.75,0.8125,       2303P   3781
0.8125,0.875,0.875,0.9375,0.9375,1.,1.,1.,1.,1.,1.,1.,1.,1.,1.,     2303P   3782
1.,1.,1.,1.,1.,1.,1.,1.,1.,1.,1.,1.,1.,1.,1.,1.,1.,1.,1.,1.,1.,     2303P   3783
1.,1.,1.,1.,1.,0.795228628,0.275510204,0.,0.797626277,              2303P   3784
0.275510204,0.,0.799977855,0.274333793,0.,0.802329433,              2303P   3785
0.273157381,0.,0.804544572,0.270849767,0.,0.80675971,               2303P   3786
0.268542153,0.,0.808753282,0.265192017,0.,0.810746854,              2303P   3787
0.261841881,0.,0.812442247,0.257577966,0.,0.814137641,              2303P   3788
0.253314052,0.,0.815469703,0.248300218,0.,0.816801765,              2303P   3789
0.243286385,0.,0.817719305,0.237715312,0.,0.818636846,              2303P   3790
0.232144239,0.,0.819104604,0.22623002,0.,0.819572362,0.2203158,     2303P   3791
0.,0.819572362,0.214285714,0.,0.819572362,0.208255628,0.,           2303P   3792
0.819104604,0.202341409,0.,0.818636846,0.196427189,0.,              2303P   3793
0.817719305,0.190856116,0.,0.816801765,0.185285043,0.,              2303P   3794
0.815469703,0.18027121,0.,0.814137641,0.175257377,0.,               2303P   3795
0.812442247,0.170993462,0.,0.810746854,0.166729548,0.,              2303P   3796
0.808753282,0.163379411,0.,0.80675971,0.160029275,0.,               2303P   3797
0.804544572,0.157721661,0.,0.802329433,0.155414047,0.,              2303P   3798
0.799977855,0.154237636,0.,0.797626277,0.153061224,0.,              2303P   3799
0.795228628,0.153061224,0.,0.,1.,0.,0.,1.;                          2303P   3800
124,6.12303176911189E-017,0.,-1.,-19.5,0.,1.,0.,0.,1.,0.,           2305P   3801
6.12303176911189E-017,30.5;                                         2305P   3802
100,5.5,-25.,52.,-23.5,52.,-26.5,52.;                               2307P   3803
102,2,2297,2303;                                                    2309P   3804
102,2,2301,2307;                                                    2311P   3805
142,1,2197,2309,2311,1;                                             2313P   3806
126,32,2,1,0,1,0,0.,0.,0.,0.0625,0.0625,0.125,0.125,0.1875,         2315P   3807
0.1875,0.25,0.25,0.3125,0.3125,0.375,0.375,0.4375,0.4375,0.5,       2315P   3808
0.5,0.5625,0.5625,0.625,0.625,0.6875,0.6875,0.75,0.75,0.8125,       2315P   3809
0.8125,0.875,0.875,0.9375,0.9375,1.,1.,1.,1.,1.,1.,1.,1.,1.,1.,     2315P   3810
1.,1.,1.,1.,1.,1.,1.,1.,1.,1.,1.,1.,1.,1.,1.,1.,1.,1.,1.,1.,1.,     2315P   3811
1.,1.,1.,1.,1.,0.681624538,0.43877551,0.,0.67922689,0.43877551,     2315P   3812
0.,0.676875312,0.439951922,0.,0.674523733,0.441128333,0.,           2315P   3813
0.672308595,0.443435947,0.,0.670093457,0.445743561,0.,              2315P   3814
0.668099885,0.449093697,0.,0.666106313,0.452443833,0.,              2315P   3815
0.664410919,0.456707748,0.,0.662715526,0.460971663,0.,              2315P   3816
0.661383464,0.465985496,0.,0.660051402,0.470999329,0.,              2315P   3817
0.659133861,0.476570402,0.,0.658216321,0.482141475,0.,              2315P   3818
0.657748563,0.488055695,0.,0.657280805,0.493969914,0.,              2315P   3819
0.657280805,0.5,0.,0.657280805,0.506030086,0.,0.657748563,          2315P   3820
0.511944305,0.,0.658216321,0.517858525,0.,0.659133861,              2315P   3821
0.523429598,0.,0.660051402,0.529000671,0.,0.661383464,              2315P   3822
0.534014504,0.,0.662715526,0.539028337,0.,0.664410919,              2315P   3823
0.543292252,0.,0.666106313,0.547556167,0.,0.668099885,              2315P   3824
0.550906303,0.,0.670093457,0.554256439,0.,0.672308595,              2315P   3825
0.556564053,0.,0.674523733,0.558871667,0.,0.676875312,              2315P   3826
0.560048078,0.,0.67922689,0.56122449,0.,0.681624538,0.56122449,     2315P   3827
0.,0.,1.,0.,0.,1.;                                                  2315P   3828
124,-6.12303176911189E-017,4.27569270827966E-031,-1.,-12.5,         2317P   3829
-6.98296672221876E-015,-1.,0.,89.9999999999998,-1.,                 2317P   3830
6.98296672221876E-015,6.12303176911189E-017,-12.5000000000003;      2317P   3831
100,12.5,-25.,45.,-23.5,45.,-26.5,45.;                              2319P   3832
126,32,2,1,0,1,0,0.,0.,0.,0.0625,0.0625,0.125,0.125,0.1875,         2321P   3833
0.1875,0.25,0.25,0.3125,0.3125,0.375,0.375,0.4375,0.4375,0.5,       2321P   3834
0.5,0.5625,0.5625,0.625,0.625,0.6875,0.6875,0.75,0.75,0.8125,       2321P   3835
0.8125,0.875,0.875,0.9375,0.9375,1.,1.,1.,1.,1.,1.,1.,1.,1.,1.,     2321P   3836
1.,1.,1.,1.,1.,1.,1.,1.,1.,1.,1.,1.,1.,1.,1.,1.,1.,1.,1.,1.,1.,     2321P   3837
1.,1.,1.,1.,1.,0.681624538,0.56122449,0.,0.684022187,               2321P   3838
0.56122449,0.,0.686373765,0.560048078,0.,0.688725344,               2321P   3839
0.558871667,0.,0.690940482,0.556564053,0.,0.69315562,               2321P   3840
0.554256439,0.,0.695149192,0.550906303,0.,0.697142764,              2321P   3841
0.547556167,0.,0.698838158,0.543292252,0.,0.700533551,              2321P   3842
0.539028337,0.,0.701865613,0.534014504,0.,0.703197675,              2321P   3843
0.529000671,0.,0.704115216,0.523429598,0.,0.705032756,              2321P   3844
0.517858525,0.,0.705500514,0.511944305,0.,0.705968272,              2321P   3845
0.506030086,0.,0.705968272,0.5,0.,0.705968272,0.493969914,0.,       2321P   3846
0.705500514,0.488055695,0.,0.705032756,0.482141475,0.,              2321P   3847
0.704115216,0.476570402,0.,0.703197675,0.470999329,0.,              2321P   3848
0.701865613,0.465985496,0.,0.700533551,0.460971663,0.,              2321P   3849
0.698838158,0.456707748,0.,0.697142764,0.452443833,0.,              2321P   3850
0.695149192,0.449093697,0.,0.69315562,0.445743561,0.,               2321P   3851
0.690940482,0.443435947,0.,0.688725344,0.441128333,0.,              2321P   3852
0.686373765,0.439951922,0.,0.684022187,0.43877551,0.,               2321P   3853
0.681624538,0.43877551,0.,0.,1.,0.,0.,1.;                           2321P   3854
124,6.12303176911189E-017,0.,-1.,-12.5,0.,1.,0.,0.,1.,0.,           2323P   3855
6.12303176911189E-017,37.5;                                         2323P   3856
100,12.5,-25.,45.,-23.5,45.,-26.5,45.;                              2325P   3857
102,2,2315,2321;                                                    2327P   3858
102,2,2319,2325;                                                    2329P   3859
142,1,2197,2327,2329,1;                                             2331P   3860
126,32,2,1,0,1,0,0.,0.,0.,0.0625,0.0625,0.125,0.125,0.1875,         2333P   3861
0.1875,0.25,0.25,0.3125,0.3125,0.375,0.375,0.4375,0.4375,0.5,       2333P   3862
0.5,0.5625,0.5625,0.625,0.625,0.6875,0.6875,0.75,0.75,0.8125,       2333P   3863
0.8125,0.875,0.875,0.9375,0.9375,1.,1.,1.,1.,1.,1.,1.,1.,1.,1.,     2333P   3864
1.,1.,1.,1.,1.,1.,1.,1.,1.,1.,1.,1.,1.,1.,1.,1.,1.,1.,1.,1.,1.,     2333P   3865
1.,1.,1.,1.,1.,0.795228628,0.336734694,0.,0.788834899,              2333P   3866
0.336734694,0.,0.782564023,0.339871791,0.,0.776293148,              2333P   3867
0.343008888,0.,0.770386112,0.349162525,0.,0.764479077,              2333P   3868
0.355316163,0.,0.759162885,0.364249859,0.,0.753846693,              2333P   3869
0.373183556,0.,0.749325644,0.384553995,0.,0.744804595,              2333P   3870
0.395924434,0.,0.741252429,0.409294656,0.,0.737700263,              2333P   3871
0.422664878,0.,0.735253489,0.437521072,0.,0.732806715,              2333P   3872
0.452377267,0.,0.73155936,0.468148519,0.,0.730312006,               2333P   3873
0.483919771,0.,0.730312006,0.5,0.,0.730312006,0.516080229,0.,       2333P   3874
0.73155936,0.531851481,0.,0.732806715,0.547622733,0.,               2333P   3875
0.735253489,0.562478928,0.,0.737700263,0.577335122,0.,              2333P   3876
0.741252429,0.590705344,0.,0.744804595,0.604075566,0.,              2333P   3877
0.749325644,0.615446005,0.,0.753846693,0.626816444,0.,              2333P   3878
0.759162885,0.635750141,0.,0.764479077,0.644683837,0.,              2333P   3879
0.770386112,0.650837475,0.,0.776293148,0.656991112,0.,              2333P   3880
0.782564023,0.660128209,0.,0.788834899,0.663265306,0.,              2333P   3881
0.795228628,0.663265306,0.,0.,1.,0.,0.,1.;                          2333P   3882
124,-6.12303176911189E-017,4.27569270827966E-031,-1.,-12.5,         2335P   3883
-6.98296672221876E-015,-1.,0.,104.,-1.,6.98296672221876E-015,       2335P   3884
6.12303176911189E-017,-12.5000000000004;                            2335P   3885
100,12.5,-25.,52.,-21.,52.,-29.,52.;                                2337P   3886
126,32,2,1,0,1,0,0.,0.,0.,0.0625,0.0625,0.125,0.125,0.1875,         2339P   3887
0.1875,0.25,0.25,0.3125,0.3125,0.375,0.375,0.4375,0.4375,0.5,       2339P   3888
0.5,0.5625,0.5625,0.625,0.625,0.6875,0.6875,0.75,0.75,0.8125,       2339P   3889
0.8125,0.875,0.875,0.9375,0.9375,1.,1.,1.,1.,1.,1.,1.,1.,1.,1.,     2339P   3890
1.,1.,1.,1.,1.,1.,1.,1.,1.,1.,1.,1.,1.,1.,1.,1.,1.,1.,1.,1.,1.,     2339P   3891
1.,1.,1.,1.,1.,0.795228628,0.663265306,0.,0.801622358,              2339P   3892
0.663265306,0.,0.807893233,0.660128209,0.,0.814164109,              2339P   3893
0.656991112,0.,0.820071144,0.650837475,0.,0.82597818,               2339P   3894
0.644683837,0.,0.831294371,0.635750141,0.,0.836610563,              2339P   3895
0.626816444,0.,0.841131612,0.615446005,0.,0.845652662,              2339P   3896
0.604075566,0.,0.849204827,0.590705344,0.,0.852756993,              2339P   3897
0.577335122,0.,0.855203767,0.562478928,0.,0.857650542,              2339P   3898
0.547622733,0.,0.858897896,0.531851481,0.,0.860145251,              2339P   3899
0.516080229,0.,0.860145251,0.5,0.,0.860145251,0.483919771,0.,       2339P   3900
0.858897896,0.468148519,0.,0.857650542,0.452377267,0.,              2339P   3901
0.855203767,0.437521072,0.,0.852756993,0.422664878,0.,              2339P   3902
0.849204827,0.409294656,0.,0.845652662,0.395924434,0.,              2339P   3903
0.841131612,0.384553995,0.,0.836610563,0.373183556,0.,              2339P   3904
0.831294371,0.364249859,0.,0.82597818,0.355316163,0.,               2339P   3905
0.820071144,0.349162525,0.,0.814164109,0.343008888,0.,              2339P   3906
0.807893233,0.339871791,0.,0.801622358,0.336734694,0.,              2339P   3907
0.795228628,0.336734694,0.,0.,1.,0.,0.,1.;                          2339P   3908
124,6.12303176911189E-017,0.,-1.,-12.5,0.,1.,0.,0.,1.,0.,           2341P   3909
6.12303176911189E-017,37.5;                                         2341P   3910
100,12.5,-25.,52.,-21.,52.,-29.,52.;                                2343P   3911
102,2,2333,2339;                                                    2345P   3912
102,2,2337,2343;                                                    2347P   3913
142,1,2197,2345,2347,1;                                             2349P   3914
144,2197,1,7,2223,2241,2259,2277,2295,2313,2331,2349;               2351P   3915
128,3,3,3,3,0,0,0,0,0,0.0578991365252641,0.0578991365252641,        2353P   3916
0.0578991365252641,0.0578991365252641,0.936858543268773,            2353P   3917
0.936858543268773,0.936858543268773,0.936858543268773,0.,0.,0.,     2353P   3918
0.,1.,1.,1.,1.,0.95996059001517,0.769801494591037,                  2353P   3919
0.768674065365436,0.956578302338368,0.772516625252767,              2353P   3920
0.61948840285892,0.618581117883233,0.769794770325706,               2353P   3921
0.772516625252767,0.61948840285892,0.618581117883233,               2353P   3922
0.769794770325706,0.95996059001517,0.769801494591037,               2353P   3923
0.768674065365436,0.956578302338368,-25.000008969,52.,              2353P   3924
0.252117568,-24.998761094,52.,0.104798848,-25.102459912,52.,0.,     2353P   3925
-25.25,52.,0.,-25.000008969,59.174643419,0.252117568,               2353P   3926
-24.998761094,59.260940726,0.104798848,-25.102459912,               2353P   3927
59.32233047,0.,-25.25,59.32233047,0.,-25.000008969,                 2353P   3928
64.247882432,5.325356581,-24.998761094,64.395201152,                2353P   3929
5.239059274,-25.102459912,64.5,5.17766953,-25.25,64.5,              2353P   3930
5.17766953,-25.000008969,64.247882432,12.5,-24.998761094,           2353P   3931
64.395201152,12.5,-25.102459912,64.5,12.5,-25.25,64.5,12.5,         2353P   3932
0.0578991365252641,0.936858543268773,0.,1.;                         2353P   3933
126,1,1,1,0,1,0,0.,0.,1.,1.,1.,1.,0.063141457,1.,0.,                2355P   3934
0.063141457,0.,0.,0.,1.,0.,0.,1.;                                   2355P   3935
126,3,3,1,0,0,0,0.,0.,0.,0.,1.,1.,1.,1.,0.95657830228915,           2357P   3936
0.769794770286099,0.769794770286099,0.95657830228915,-25.,          2357P   3937
64.25,12.5,-25.,64.25,5.324116139,-25.,59.175883861,0.25,-25.,      2357P   3938
52.,0.25,0.,1.,1.,0.,0.;                                            2357P   3939
126,1,1,1,0,1,0,0.,0.,1.,1.,1.,1.,0.063141457,0.,0.,                2359P   3940
0.936858543,0.,0.,0.,1.,0.,0.,1.;                                   2359P   3941
124,1.,0.,0.,0.,0.,6.12303176911189E-017,1.,51.75,0.,-1.,           2361P   3942
6.12303176911189E-017,52.25;                                        2361P   3943
100,0.25,-25.25,52.,-25.,52.,-25.25,52.25;                          2363P   3944
126,1,1,1,0,1,0,0.,0.,1.,1.,1.,1.,0.936858543,0.,0.,                2365P   3945
0.936858543,1.,0.,0.,1.,0.,0.,1.;                                   2365P   3946
124,-7.04419703990988E-015,-1.42145194051941E-015,1.,               2367P   3947
-37.7499999997825,-1.42145194051941E-015,1.,                        2367P   3948
1.4214519405194E-015,-5.7905535187797E-014,-1.,                     2367P   3949
-1.4214519405194E-015,-7.04419703990988E-015,-12.7499999997823;     2367P   3950
100,12.5,-25.25,52.,-12.75,52.000000001,-25.249999999,64.5;         2369P   3951
126,1,1,1,0,1,0,0.,0.,1.,1.,1.,1.,0.936858543,1.,0.,                2371P   3952
0.063141439,1.,0.,0.,1.,0.,0.,1.;                                   2371P   3953
126,3,3,1,0,0,0,0.0631414567312181,0.0631414567312181,              2373P   3954
0.0631414567312181,0.0631414567312181,0.936858560850023,            2373P   3955
0.936858560850023,0.936858560850023,0.936858560850023,              2373P   3956
0.956578302338374,0.769794766579991,0.769794770338514,              2373P   3957
0.956578313613945,-25.25,64.5,12.5,-25.103553387,64.5,12.5,         2373P   3958
-24.999999996,64.396446605,12.5,-25.,64.249999993,12.5,             2373P   3959
0.0631414567312181,0.936858560850023,0.,0.,1.;                      2373P   3960
102,4,2355,2359,2365,2371;                                          2375P   3961
102,4,2357,2363,2369,2373;                                          2377P   3962
142,1,2353,2375,2377,1;                                             2379P   3963
144,2353,1,0,2379;                                                  2381P   3964
110,-27.,52.,12.5,-1027.,52.,12.5;                                  2383P   3965
110,-25.,52.,16.5,-27.,52.,16.5;                                    2385P   3966
120,2383,2385,0.,6.28318530717959;                                  2387P   3967
126,1,1,1,0,1,0,0.,0.,1.,1.,1.,1.,1.,3.141592654,0.,1.,0.,0.,       2389P   3968
0.,1.,0.,0.,1.;                                                     2389P   3969
124,6.12303176911189E-017,0.,1.,-39.5,0.,1.,0.,0.,-1.,0.,           2391P   3970
6.12303176911189E-017,-14.5;                                        2391P   3971
100,12.5,-27.,52.,-23.,52.,-31.,52.;                                2393P   3972
126,1,1,1,0,1,0,0.,0.,1.,1.,1.,1.,1.,0.,0.,0.,0.,0.,0.,1.,0.,       2395P   3973
0.,1.;                                                              2395P   3974
110,-27.,52.,16.5,-25.,52.,16.5;                                    2397P   3975
126,1,1,1,0,1,0,0.,0.,1.,1.,1.,1.,0.,0.,0.,0.,3.141592654,0.,       2399P   3976
0.,1.,0.,0.,1.;                                                     2399P   3977
124,6.12303176911189E-017,0.,-1.,-12.5,0.,1.,0.,0.,1.,0.,           2401P   3978
6.12303176911189E-017,37.5;                                         2401P   3979
100,12.5,-25.,52.,-21.,52.,-29.,52.;                                2403P   3980
126,1,1,1,0,1,0,0.,0.,1.,1.,1.,1.,0.,3.141592654,0.,1.,             2405P   3981
3.141592654,0.,0.,1.,0.,0.,1.;                                      2405P   3982
110,-25.,52.,8.5,-27.,52.,8.5;                                      2407P   3983
102,4,2389,2395,2399,2405;                                          2409P   3984
102,4,2393,2397,2403,2407;                                          2411P   3985
142,1,2387,2409,2411,1;                                             2413P   3986
144,2387,1,0,2413;                                                  2415P   3987
110,-27.,45.,12.5,-1027.,45.,12.5;                                  2417P   3988
110,-25.,45.,14.,-27.,45.,14.;                                      2419P   3989
120,2417,2419,0.,6.28318530717959;                                  2421P   3990
126,1,1,1,0,1,0,0.,0.,1.,1.,1.,1.,1.,3.141592654,0.,1.,0.,0.,       2423P   3991
0.,1.,0.,0.,1.;                                                     2423P   3992
124,6.12303176911189E-017,0.,1.,-39.5,0.,1.,0.,0.,-1.,0.,           2425P   3993
6.12303176911189E-017,-14.5;                                        2425P   3994
100,12.5,-27.,45.,-25.5,45.,-28.5,45.;                              2427P   3995
126,1,1,1,0,1,0,0.,0.,1.,1.,1.,1.,1.,0.,0.,0.,0.,0.,0.,1.,0.,       2429P   3996
0.,1.;                                                              2429P   3997
110,-27.,45.,14.,-25.,45.,14.;                                      2431P   3998
126,1,1,1,0,1,0,0.,0.,1.,1.,1.,1.,0.,0.,0.,0.,3.141592654,0.,       2433P   3999
0.,1.,0.,0.,1.;                                                     2433P   4000
124,6.12303176911189E-017,0.,-1.,-12.5,0.,1.,0.,0.,1.,0.,           2435P   4001
6.12303176911189E-017,37.5;                                         2435P   4002
100,12.5,-25.,45.,-23.5,45.,-26.5,45.;                              2437P   4003
126,1,1,1,0,1,0,0.,0.,1.,1.,1.,1.,0.,3.141592654,0.,1.,             2439P   4004
3.141592654,0.,0.,1.,0.,0.,1.;                                      2439P   4005
110,-25.,45.,11.,-27.,45.,11.;                                      2441P   4006
102,4,2423,2429,2433,2439;                                          2443P   4007
102,4,2427,2431,2437,2441;                                          2445P   4008
142,1,2421,2443,2445,1;                                             2447P   4009
144,2421,1,0,2447;                                                  2449P   4010
110,-27.,52.,5.5,-1027.,52.,5.5;                                    2451P   4011
110,-25.,52.,7.,-27.,52.,7.;                                        2453P   4012
120,2451,2453,0.,6.28318530717959;                                  2455P   4013
126,1,1,1,0,1,0,0.,0.,1.,1.,1.,1.,1.,3.141592654,0.,1.,0.,0.,       2457P   4014
0.,1.,0.,0.,1.;                                                     2457P   4015
124,6.12303176911189E-017,0.,1.,-32.5,0.,1.,0.,0.,-1.,0.,           2459P   4016
6.12303176911189E-017,-21.5;                                        2459P   4017
100,5.5,-27.,52.,-25.5,52.,-28.5,52.;                               2461P   4018
126,1,1,1,0,1,0,0.,0.,1.,1.,1.,1.,1.,0.,0.,0.,0.,0.,0.,1.,0.,       2463P   4019
0.,1.;                                                              2463P   4020
110,-27.,52.,7.,-25.,52.,7.;                                        2465P   4021
126,1,1,1,0,1,0,0.,0.,1.,1.,1.,1.,0.,0.,0.,0.,3.141592654,0.,       2467P   4022
0.,1.,0.,0.,1.;                                                     2467P   4023
124,6.12303176911189E-017,0.,-1.,-19.5,0.,1.,0.,0.,1.,0.,           2469P   4024
6.12303176911189E-017,30.5;                                         2469P   4025
100,5.5,-25.,52.,-23.5,52.,-26.5,52.;                               2471P   4026
126,1,1,1,0,1,0,0.,0.,1.,1.,1.,1.,0.,3.141592654,0.,1.,             2473P   4027
3.141592654,0.,0.,1.,0.,0.,1.;                                      2473P   4028
110,-25.,52.,4.,-27.,52.,4.;                                        2475P   4029
102,4,2457,2463,2467,2473;                                          2477P   4030
102,4,2461,2465,2471,2475;                                          2479P   4031
142,1,2455,2477,2479,1;                                             2481P   4032
144,2455,1,0,2481;                                                  2483P   4033
110,-27.,52.,19.5,-1027.,52.,19.5;                                  2485P   4034
110,-25.,52.,21.,-27.,52.,21.;                                      2487P   4035
120,2485,2487,0.,6.28318530717959;                                  2489P   4036
126,1,1,1,0,1,0,0.,0.,1.,1.,1.,1.,1.,3.141592654,0.,1.,0.,0.,       2491P   4037
0.,1.,0.,0.,1.;                                                     2491P   4038
124,6.12303176911189E-017,0.,1.,-46.5,0.,1.,0.,0.,-1.,0.,           2493P   4039
6.12303176911189E-017,-7.5;                                         2493P   4040
100,19.5,-27.,52.,-25.5,52.,-28.5,52.;                              2495P   4041
126,1,1,1,0,1,0,0.,0.,1.,1.,1.,1.,1.,0.,0.,0.,0.,0.,0.,1.,0.,       2497P   4042
0.,1.;                                                              2497P   4043
110,-27.,52.,21.,-25.,52.,21.;                                      2499P   4044
126,1,1,1,0,1,0,0.,0.,1.,1.,1.,1.,0.,0.,0.,0.,3.141592654,0.,       2501P   4045
0.,1.,0.,0.,1.;                                                     2501P   4046
124,6.12303176911189E-017,0.,-1.,-5.5,0.,1.,0.,0.,1.,0.,            2503P   4047
6.12303176911189E-017,44.5;                                         2503P   4048
100,19.5,-25.,52.,-23.5,52.,-26.5,52.;                              2505P   4049
126,1,1,1,0,1,0,0.,0.,1.,1.,1.,1.,0.,3.141592654,0.,1.,             2507P   4050
3.141592654,0.,0.,1.,0.,0.,1.;                                      2507P   4051
110,-25.,52.,18.,-27.,52.,18.;                                      2509P   4052
102,4,2491,2497,2501,2507;                                          2511P   4053
102,4,2495,2499,2505,2509;                                          2513P   4054
142,1,2489,2511,2513,1;                                             2515P   4055
144,2489,1,0,2515;                                                  2517P   4056
110,-27.,59.,12.5,-1027.,59.,12.5;                                  2519P   4057
110,-25.,59.,14.,-27.,59.,14.;                                      2521P   4058
120,2519,2521,0.,6.28318530717959;                                  2523P   4059
126,1,1,1,0,1,0,0.,0.,1.,1.,1.,1.,1.,3.141592654,0.,1.,0.,0.,       2525P   4060
0.,1.,0.,0.,1.;                                                     2525P   4061
124,6.12303176911189E-017,0.,1.,-39.5,0.,1.,0.,0.,-1.,0.,           2527P   4062
6.12303176911189E-017,-14.5;                                        2527P   4063
100,12.5,-27.,59.,-25.5,59.,-28.5,59.;                              2529P   4064
126,1,1,1,0,1,0,0.,0.,1.,1.,1.,1.,1.,0.,0.,0.,0.,0.,0.,1.,0.,       2531P   4065
0.,1.;                                                              2531P   4066
110,-27.,59.,14.,-25.,59.,14.;                                      2533P   4067
126,1,1,1,0,1,0,0.,0.,1.,1.,1.,1.,0.,0.,0.,0.,3.141592654,0.,       2535P   4068
0.,1.,0.,0.,1.;                                                     2535P   4069
124,6.12303176911189E-017,0.,-1.,-12.5,0.,1.,0.,0.,1.,0.,           2537P   4070
6.12303176911189E-017,37.5;                                         2537P   4071
100,12.5,-25.,59.,-23.5,59.,-26.5,59.;                              2539P   4072
126,1,1,1,0,1,0,0.,0.,1.,1.,1.,1.,0.,3.141592654,0.,1.,             2541P   4073
3.141592654,0.,0.,1.,0.,0.,1.;                                      2541P   4074
110,-25.,59.,11.,-27.,59.,11.;                                      2543P   4075
102,4,2525,2531,2535,2541;                                          2545P   4076
102,4,2529,2533,2539,2543;                                          2547P   4077
142,1,2523,2545,2547,1;                                             2549P   4078
144,2523,1,0,2549;                                                  2551P   4079
110,-27.,33.4,12.5,-1027.,33.4,12.5;                                2553P   4080
110,-25.,33.4,14.,-27.,33.4,14.;                                    2555P   4081
120,2553,2555,0.,6.28318530717959;                                  2557P   4082
126,1,1,1,0,1,0,0.,0.,1.,1.,1.,1.,1.,3.141592654,0.,1.,0.,0.,       2559P   4083
0.,1.,0.,0.,1.;                                                     2559P   4084
124,6.12303176911189E-017,0.,1.,-39.5,0.,1.,0.,0.,-1.,0.,           2561P   4085
6.12303176911189E-017,-14.5;                                        2561P   4086
100,12.5,-27.,33.4,-25.5,33.4,-28.5,33.4;                           2563P   4087
126,1,1,1,0,1,0,0.,0.,1.,1.,1.,1.,1.,0.,0.,0.,0.,0.,0.,1.,0.,       2565P   4088
0.,1.;                                                              2565P   4089
110,-27.,33.4,14.,-25.,33.4,14.;                                    2567P   4090
126,1,1,1,0,1,0,0.,0.,1.,1.,1.,1.,0.,0.,0.,0.,3.141592654,0.,       2569P   4091
0.,1.,0.,0.,1.;                                                     2569P   4092
124,6.12303176911189E-017,0.,-1.,-12.5,0.,1.,0.,0.,1.,0.,           2571P   4093
6.12303176911189E-017,37.5;                                         2571P   4094
100,12.5,-25.,33.4,-23.5,33.4,-26.5,33.4;                           2573P   4095
126,1,1,1,0,1,0,0.,0.,1.,1.,1.,1.,0.,3.141592654,0.,1.,             2575P   4096
3.141592654,0.,0.,1.,0.,0.,1.;                                      2575P   4097
110,-25.,33.4,11.,-27.,33.4,11.;                                    2577P   4098
102,4,2559,2565,2569,2575;                                          2579P   4099
102,4,2563,2567,2573,2577;                                          2581P   4100
142,1,2557,2579,2581,1;                                             2583P   4101
144,2557,1,0,2583;                                                  2585P   4102
110,-27.,16.53,12.5,-1027.,16.53,12.5;                              2587P   4103
110,-25.,16.53,14.,-27.,16.53,14.;                                  2589P   4104
120,2587,2589,0.,6.28318530717959;                                  2591P   4105
126,1,1,1,0,1,0,0.,0.,1.,1.,1.,1.,1.,3.141592654,0.,1.,0.,0.,       2593P   4106
0.,1.,0.,0.,1.;                                                     2593P   4107
124,6.12303176911189E-017,0.,1.,-39.5,0.,1.,0.,0.,-1.,0.,           2595P   4108
6.12303176911189E-017,-14.5;                                        2595P   4109
100,12.5,-27.,16.53,-25.5,16.53,-28.5,16.53;                        2597P   4110
126,1,1,1,0,1,0,0.,0.,1.,1.,1.,1.,1.,0.,0.,0.,0.,0.,0.,1.,0.,       2599P   4111
0.,1.;                                                              2599P   4112
110,-27.,16.53,14.,-25.,16.53,14.;                                  2601P   4113
126,1,1,1,0,1,0,0.,0.,1.,1.,1.,1.,0.,0.,0.,0.,3.141592654,0.,       2603P   4114
0.,1.,0.,0.,1.;                                                     2603P   4115
124,6.12303176911189E-017,0.,-1.,-12.5,0.,1.,0.,0.,1.,0.,           2605P   4116
6.12303176911189E-017,37.5;                                         2605P   4117
100,12.5,-25.,16.53,-23.5,16.53,-26.5,16.53;                        2607P   4118
126,1,1,1,0,1,0,0.,0.,1.,1.,1.,1.,0.,3.141592654,0.,1.,             2609P   4119
3.141592654,0.,0.,1.,0.,0.,1.;                                      2609P   4120
110,-25.,16.53,11.,-27.,16.53,11.;                                  2611P   4121
102,4,2593,2599,2603,2609;                                          2613P   4122
102,4,2597,2601,2607,2611;                                          2615P   4123
142,1,2591,2613,2615,1;                                             2617P   4124
144,2591,1,0,2617;                                                  2619P   4125
110,0.,2.,12.5,0.,1002.,12.5;                                       2621P   4126
110,0.,0.,16.5,0.,2.,16.5;                                          2623P   4127
120,2621,2623,0.,6.28318530717959;                                  2625P   4128
126,1,1,1,0,1,0,0.,0.,1.,1.,1.,1.,1.,3.141592654,0.,1.,0.,0.,       2627P   4129
0.,1.,0.,0.,1.;                                                     2627P   4130
124,1.40271637621286E-014,1.,0.,-2.,-6.12303176911189E-017,         2629P   4131
8.58887693460487E-031,-1.,14.5,-1.,1.40271637621286E-014,           2629P   4132
6.12303176911189E-017,12.5;                                         2629P   4133
100,12.5,0.,2.,4.,2.,-4.,2.;                                        2631P   4134
126,1,1,1,0,1,0,0.,0.,1.,1.,1.,1.,1.,0.,0.,0.,0.,0.,0.,1.,0.,       2633P   4135
0.,1.;                                                              2633P   4136
110,0.,2.,16.5,0.,0.,16.5;                                          2635P   4137
126,1,1,1,0,1,0,0.,0.,1.,1.,1.,1.,0.,0.,0.,0.,3.141592654,0.,       2637P   4138
0.,1.,0.,0.,1.;                                                     2637P   4139
124,1.40271637621286E-014,1.,0.,1.73472347597681E-015,              2639P   4140
-6.12303176911189E-017,8.58887693460487E-031,1.,-12.5,1.,           2639P   4141
-1.40271637621286E-014,6.12303176911189E-017,12.5;                  2639P   4142
100,12.5,0.,0.,4.,0.,-4.,0.;                                        2641P   4143
126,1,1,1,0,1,0,0.,0.,1.,1.,1.,1.,0.,3.141592654,0.,1.,             2643P   4144
3.141592654,0.,0.,1.,0.,0.,1.;                                      2643P   4145
110,0.,0.,8.5,0.,2.,8.5;                                            2645P   4146
102,4,2627,2633,2637,2643;                                          2647P   4147
102,4,2631,2635,2641,2645;                                          2649P   4148
142,1,2625,2647,2649,1;                                             2651P   4149
144,2625,1,0,2651;                                                  2653P   4150
110,-7.,2.,12.5,-7.,1002.,12.5;                                     2655P   4151
110,-7.,0.,14.,-7.,2.,14.;                                          2657P   4152
120,2655,2657,0.,6.28318530717959;                                  2659P   4153
126,1,1,1,0,1,0,0.,0.,1.,1.,1.,1.,1.,3.141592654,0.,1.,0.,0.,       2661P   4154
0.,1.,0.,0.,1.;                                                     2661P   4155
124,1.40271637621286E-014,1.,0.,-8.9999999999999,                   2663P   4156
-6.12303176911189E-017,8.58887693460487E-031,-1.,14.5,-1.,          2663P   4157
1.40271637621286E-014,6.12303176911189E-017,5.49999999999997;       2663P   4158
100,12.5,-7.,2.,-5.5,2.,-8.5,2.;                                    2665P   4159
126,1,1,1,0,1,0,0.,0.,1.,1.,1.,1.,1.,0.,0.,0.,0.,0.,0.,1.,0.,       2667P   4160
0.,1.;                                                              2667P   4161
110,-7.,2.,14.,-7.,0.,14.;                                          2669P   4162
126,1,1,1,0,1,0,0.,0.,1.,1.,1.,1.,0.,0.,0.,0.,3.141592654,0.,       2671P   4163
0.,1.,0.,0.,1.;                                                     2671P   4164
124,1.40271637621286E-014,1.,0.,-6.9999999999999,                   2673P   4165
-6.12303176911189E-017,8.58887693460487E-031,1.,-12.5,1.,           2673P   4166
-1.40271637621286E-014,6.12303176911189E-017,19.5;                  2673P   4167
100,12.5,-7.,0.,-5.5,0.,-8.5,0.;                                    2675P   4168
126,1,1,1,0,1,0,0.,0.,1.,1.,1.,1.,0.,3.141592654,0.,1.,             2677P   4169
3.141592654,0.,0.,1.,0.,0.,1.;                                      2677P   4170
110,-7.,0.,11.,-7.,2.,11.;                                          2679P   4171
102,4,2661,2667,2671,2677;                                          2681P   4172
102,4,2665,2669,2675,2679;                                          2683P   4173
142,1,2659,2681,2683,1;                                             2685P   4174
144,2659,1,0,2685;                                                  2687P   4175
110,0.,2.,5.5,0.,1002.,5.5;                                         2689P   4176
110,0.,0.,7.,0.,2.,7.;                                              2691P   4177
120,2689,2691,0.,6.28318530717959;                                  2693P   4178
126,1,1,1,0,1,0,0.,0.,1.,1.,1.,1.,1.,3.141592654,0.,1.,0.,0.,       2695P   4179
0.,1.,0.,0.,1.;                                                     2695P   4180
124,1.40271637621286E-014,1.,0.,-2.,-6.12303176911189E-017,         2697P   4181
8.58887693460487E-031,-1.,7.5,-1.,1.40271637621286E-014,            2697P   4182
6.12303176911189E-017,5.49999999999997;                             2697P   4183
100,5.5,0.,2.,1.5,2.,-1.5,2.;                                       2699P   4184
126,1,1,1,0,1,0,0.,0.,1.,1.,1.,1.,1.,0.,0.,0.,0.,0.,0.,1.,0.,       2701P   4185
0.,1.;                                                              2701P   4186
110,0.,2.,7.,0.,0.,7.;                                              2703P   4187
126,1,1,1,0,1,0,0.,0.,1.,1.,1.,1.,0.,0.,0.,0.,3.141592654,0.,       2705P   4188
0.,1.,0.,0.,1.;                                                     2705P   4189
124,1.40271637621286E-014,1.,0.,1.73472347597681E-015,              2707P   4190
-6.12303176911189E-017,8.58887693460487E-031,1.,-5.5,1.,            2707P   4191
-1.40271637621286E-014,6.12303176911189E-017,5.5;                   2707P   4192
100,5.5,0.,0.,1.5,0.,-1.5,0.;                                       2709P   4193
126,1,1,1,0,1,0,0.,0.,1.,1.,1.,1.,0.,3.141592654,0.,1.,             2711P   4194
3.141592654,0.,0.,1.,0.,0.,1.;                                      2711P   4195
110,0.,0.,4.,0.,2.,4.;                                              2713P   4196
102,4,2695,2701,2705,2711;                                          2715P   4197
102,4,2699,2703,2709,2713;                                          2717P   4198
142,1,2693,2715,2717,1;                                             2719P   4199
144,2693,1,0,2719;                                                  2721P   4200
110,0.,2.,19.5,0.,1002.,19.5;                                       2723P   4201
110,0.,0.,21.,0.,2.,21.;                                            2725P   4202
120,2723,2725,0.,6.28318530717959;                                  2727P   4203
126,1,1,1,0,1,0,0.,0.,1.,1.,1.,1.,1.,3.141592654,0.,1.,0.,0.,       2729P   4204
0.,1.,0.,0.,1.;                                                     2729P   4205
124,1.40271637621286E-014,1.,0.,-2.,-6.12303176911189E-017,         2731P   4206
8.58887693460487E-031,-1.,21.5,-1.,1.40271637621286E-014,           2731P   4207
6.12303176911189E-017,19.5;                                         2731P   4208
100,19.5,0.,2.,1.5,2.,-1.5,2.;                                      2733P   4209
126,1,1,1,0,1,0,0.,0.,1.,1.,1.,1.,1.,0.,0.,0.,0.,0.,0.,1.,0.,       2735P   4210
0.,1.;                                                              2735P   4211
110,0.,2.,21.,0.,0.,21.;                                            2737P   4212
126,1,1,1,0,1,0,0.,0.,1.,1.,1.,1.,0.,0.,0.,0.,3.141592654,0.,       2739P   4213
0.,1.,0.,0.,1.;                                                     2739P   4214
124,1.40271637621286E-014,1.,0.,1.73472347597681E-015,              2741P   4215
-6.12303176911189E-017,8.58887693460487E-031,1.,-19.5,1.,           2741P   4216
-1.40271637621286E-014,6.12303176911189E-017,19.5;                  2741P   4217
100,19.5,0.,0.,1.5,0.,-1.5,0.;                                      2743P   4218
126,1,1,1,0,1,0,0.,0.,1.,1.,1.,1.,0.,3.141592654,0.,1.,             2745P   4219
3.141592654,0.,0.,1.,0.,0.,1.;                                      2745P   4220
110,0.,0.,18.,0.,2.,18.;                                            2747P   4221
102,4,2729,2735,2739,2745;                                          2749P   4222
102,4,2733,2737,2743,2747;                                          2751P   4223
142,1,2727,2749,2751,1;                                             2753P   4224
144,2727,1,0,2753;                                                  2755P   4225
110,7.,2.,12.5,7.,1002.,12.5;                                       2757P   4226
110,7.,0.,14.,7.,2.,14.;                                            2759P   4227
120,2757,2759,0.,6.28318530717959;                                  2761P   4228
126,1,1,1,0,1,0,0.,0.,1.,1.,1.,1.,1.,3.141592654,0.,1.,0.,0.,       2763P   4229
0.,1.,0.,0.,1.;                                                     2763P   4230
124,1.40271637621286E-014,1.,0.,4.9999999999999,                    2765P   4231
-6.12303176911189E-017,8.58887693460487E-031,-1.,14.5,-1.,          2765P   4232
1.40271637621286E-014,6.12303176911189E-017,19.5;                   2765P   4233
100,12.5,7.,2.,8.5,2.,5.5,2.;                                       2767P   4234
126,1,1,1,0,1,0,0.,0.,1.,1.,1.,1.,1.,0.,0.,0.,0.,0.,0.,1.,0.,       2769P   4235
0.,1.;                                                              2769P   4236
110,7.,2.,14.,7.,0.,14.;                                            2771P   4237
126,1,1,1,0,1,0,0.,0.,1.,1.,1.,1.,0.,0.,0.,0.,3.141592654,0.,       2773P   4238
0.,1.,0.,0.,1.;                                                     2773P   4239
124,1.40271637621286E-014,1.,0.,6.9999999999999,                    2775P   4240
-6.12303176911189E-017,8.58887693460487E-031,1.,-12.5,1.,           2775P   4241
-1.40271637621286E-014,6.12303176911189E-017,5.5;                   2775P   4242
100,12.5,7.,0.,8.5,0.,5.5,0.;                                       2777P   4243
126,1,1,1,0,1,0,0.,0.,1.,1.,1.,1.,0.,3.141592654,0.,1.,             2779P   4244
3.141592654,0.,0.,1.,0.,0.,1.;                                      2779P   4245
110,7.,0.,11.,7.,2.,11.;                                            2781P   4246
102,4,2763,2769,2773,2779;                                          2783P   4247
102,4,2767,2771,2777,2781;                                          2785P   4248
142,1,2761,2783,2785,1;                                             2787P   4249
144,2761,1,0,2787;                                                  2789P   4250
110,-20.,2.,12.5,-20.,1002.,12.5;                                   2791P   4251
110,-20.,0.,14.,-20.,2.,14.;                                        2793P   4252
120,2791,2793,0.,6.28318530717959;                                  2795P   4253
126,1,1,1,0,1,0,0.,0.,1.,1.,1.,1.,1.,3.141592654,0.,1.,0.,0.,       2797P   4254
0.,1.,0.,0.,1.;                                                     2797P   4255
124,1.40271637621286E-014,1.,0.,-21.9999999999997,                  2799P   4256
-6.12303176911189E-017,8.58887693460487E-031,-1.,14.5,-1.,          2799P   4257
1.40271637621286E-014,6.12303176911189E-017,-7.50000000000003;      2799P   4258
100,12.5,-20.,2.,-18.5,2.,-21.5,2.;                                 2801P   4259
126,1,1,1,0,1,0,0.,0.,1.,1.,1.,1.,1.,0.,0.,0.,0.,0.,0.,1.,0.,       2803P   4260
0.,1.;                                                              2803P   4261
110,-20.,2.,14.,-20.,0.,14.;                                        2805P   4262
126,1,1,1,0,1,0,0.,0.,1.,1.,1.,1.,0.,0.,0.,0.,3.141592654,0.,       2807P   4263
0.,1.,0.,0.,1.;                                                     2807P   4264
124,1.40271637621286E-014,1.,0.,-19.9999999999997,                  2809P   4265
-6.12303176911189E-017,8.58887693460487E-031,1.,-12.5,1.,           2809P   4266
-1.40271637621286E-014,6.12303176911189E-017,32.5;                  2809P   4267
100,12.5,-20.,0.,-18.5,0.,-21.5,0.;                                 2811P   4268
126,1,1,1,0,1,0,0.,0.,1.,1.,1.,1.,0.,3.141592654,0.,1.,             2813P   4269
3.141592654,0.,0.,1.,0.,0.,1.;                                      2813P   4270
110,-20.,0.,11.,-20.,2.,11.;                                        2815P   4271
102,4,2797,2803,2807,2813;                                          2817P   4272
102,4,2801,2805,2811,2815;                                          2819P   4273
142,1,2795,2817,2819,1;                                             2821P   4274
144,2795,1,0,2821;                                                  2823P   4275
110,20.,2.,12.5,20.,1002.,12.5;                                     2825P   4276
110,20.,0.,14.,20.,2.,14.;                                          2827P   4277
120,2825,2827,0.,6.28318530717959;                                  2829P   4278
126,1,1,1,0,1,0,0.,0.,1.,1.,1.,1.,1.,3.141592654,0.,1.,0.,0.,       2831P   4279
0.,1.,0.,0.,1.;                                                     2831P   4280
124,1.40271637621286E-014,1.,0.,17.9999999999997,                   2833P   4281
-6.12303176911189E-017,8.58887693460487E-031,-1.,14.5,-1.,          2833P   4282
1.40271637621286E-014,6.12303176911189E-017,32.5;                   2833P   4283
100,12.5,20.,2.,21.5,2.,18.5,2.;                                    2835P   4284
126,1,1,1,0,1,0,0.,0.,1.,1.,1.,1.,1.,0.,0.,0.,0.,0.,0.,1.,0.,       2837P   4285
0.,1.;                                                              2837P   4286
110,20.,2.,14.,20.,0.,14.;                                          2839P   4287
126,1,1,1,0,1,0,0.,0.,1.,1.,1.,1.,0.,0.,0.,0.,3.141592654,0.,       2841P   4288
0.,1.,0.,0.,1.;                                                     2841P   4289
124,1.40271637621286E-014,1.,0.,19.9999999999997,                   2843P   4290
-6.12303176911189E-017,8.58887693460487E-031,1.,-12.5,1.,           2843P   4291
-1.40271637621286E-014,6.12303176911189E-017,-7.5;                  2843P   4292
100,12.5,20.,0.,21.5,0.,18.5,0.;                                    2845P   4293
126,1,1,1,0,1,0,0.,0.,1.,1.,1.,1.,0.,3.141592654,0.,1.,             2847P   4294
3.141592654,0.,0.,1.,0.,0.,1.;                                      2847P   4295
110,20.,0.,11.,20.,2.,11.;                                          2849P   4296
102,4,2831,2837,2841,2847;                                          2851P   4297
102,4,2835,2839,2845,2849;                                          2853P   4298
142,1,2829,2851,2853,1;                                             2855P   4299
144,2829,1,0,2855;                                                  2857P   4300
110,25.,52.,12.5,-975.,52.,12.5;                                    2859P   4301
110,27.,52.,16.5,25.,52.,16.5;                                      2861P   4302
120,2859,2861,0.,6.28318530717959;                                  2863P   4303
126,1,1,1,0,1,0,0.,0.,1.,1.,1.,1.,1.,3.141592654,0.,1.,0.,0.,       2865P   4304
0.,1.,0.,0.,1.;                                                     2865P   4305
124,6.12303176911189E-017,0.,1.,12.5,0.,1.,0.,0.,-1.,0.,            2867P   4306
6.12303176911189E-017,37.5;                                         2867P   4307
100,12.5,25.,52.,29.,52.,21.,52.;                                   2869P   4308
126,1,1,1,0,1,0,0.,0.,1.,1.,1.,1.,1.,0.,0.,0.,0.,0.,0.,1.,0.,       2871P   4309
0.,1.;                                                              2871P   4310
110,25.,52.,16.5,27.,52.,16.5;                                      2873P   4311
126,1,1,1,0,1,0,0.,0.,1.,1.,1.,1.,0.,0.,0.,0.,3.141592654,0.,       2875P   4312
0.,1.,0.,0.,1.;                                                     2875P   4313
124,6.12303176911189E-017,0.,-1.,39.5,0.,1.,0.,0.,1.,0.,            2877P   4314
6.12303176911189E-017,-14.5;                                        2877P   4315
100,12.5,27.,52.,31.,52.,23.,52.;                                   2879P   4316
126,1,1,1,0,1,0,0.,0.,1.,1.,1.,1.,0.,3.141592654,0.,1.,             2881P   4317
3.141592654,0.,0.,1.,0.,0.,1.;                                      2881P   4318
110,27.,52.,8.5,25.,52.,8.5;                                        2883P   4319
102,4,2865,2871,2875,2881;                                          2885P   4320
102,4,2869,2873,2879,2883;                                          2887P   4321
142,1,2863,2885,2887,1;                                             2889P   4322
144,2863,1,0,2889;                                                  2891P   4323
110,25.,45.,12.5,-975.,45.,12.5;                                    2893P   4324
110,27.,45.,14.,25.,45.,14.;                                        2895P   4325
120,2893,2895,0.,6.28318530717959;                                  2897P   4326
126,1,1,1,0,1,0,0.,0.,1.,1.,1.,1.,1.,3.141592654,0.,1.,0.,0.,       2899P   4327
0.,1.,0.,0.,1.;                                                     2899P   4328
124,6.12303176911189E-017,0.,1.,12.5,0.,1.,0.,0.,-1.,0.,            2901P   4329
6.12303176911189E-017,37.5;                                         2901P   4330
100,12.5,25.,45.,26.5,45.,23.5,45.;                                 2903P   4331
126,1,1,1,0,1,0,0.,0.,1.,1.,1.,1.,1.,0.,0.,0.,0.,0.,0.,1.,0.,       2905P   4332
0.,1.;                                                              2905P   4333
110,25.,45.,14.,27.,45.,14.;                                        2907P   4334
126,1,1,1,0,1,0,0.,0.,1.,1.,1.,1.,0.,0.,0.,0.,3.141592654,0.,       2909P   4335
0.,1.,0.,0.,1.;                                                     2909P   4336
124,6.12303176911189E-017,0.,-1.,39.5,0.,1.,0.,0.,1.,0.,            2911P   4337
6.12303176911189E-017,-14.5;                                        2911P   4338
100,12.5,27.,45.,28.5,45.,25.5,45.;                                 2913P   4339
126,1,1,1,0,1,0,0.,0.,1.,1.,1.,1.,0.,3.141592654,0.,1.,             2915P   4340
3.141592654,0.,0.,1.,0.,0.,1.;                                      2915P   4341
110,27.,45.,11.,25.,45.,11.;                                        2917P   4342
102,4,2899,2905,2909,2915;                                          2919P   4343
102,4,2903,2907,2913,2917;                                          2921P   4344
142,1,2897,2919,2921,1;                                             2923P   4345
144,2897,1,0,2923;                                                  2925P   4346
110,25.,52.,5.5,-975.,52.,5.5;                                      2927P   4347
110,27.,52.,7.,25.,52.,7.;                                          2929P   4348
120,2927,2929,0.,6.28318530717959;                                  2931P   4349
126,1,1,1,0,1,0,0.,0.,1.,1.,1.,1.,1.,3.141592654,0.,1.,0.,0.,       2933P   4350
0.,1.,0.,0.,1.;                                                     2933P   4351
124,6.12303176911189E-017,0.,1.,19.5,0.,1.,0.,0.,-1.,0.,            2935P   4352
6.12303176911189E-017,30.5;                                         2935P   4353
100,5.5,25.,52.,26.5,52.,23.5,52.;                                  2937P   4354
126,1,1,1,0,1,0,0.,0.,1.,1.,1.,1.,1.,0.,0.,0.,0.,0.,0.,1.,0.,       2939P   4355
0.,1.;                                                              2939P   4356
110,25.,52.,7.,27.,52.,7.;                                          2941P   4357
126,1,1,1,0,1,0,0.,0.,1.,1.,1.,1.,0.,0.,0.,0.,3.141592654,0.,       2943P   4358
0.,1.,0.,0.,1.;                                                     2943P   4359
124,6.12303176911189E-017,0.,-1.,32.5,0.,1.,0.,0.,1.,0.,            2945P   4360
6.12303176911189E-017,-21.5;                                        2945P   4361
100,5.5,27.,52.,28.5,52.,25.5,52.;                                  2947P   4362
126,1,1,1,0,1,0,0.,0.,1.,1.,1.,1.,0.,3.141592654,0.,1.,             2949P   4363
3.141592654,0.,0.,1.,0.,0.,1.;                                      2949P   4364
110,27.,52.,4.,25.,52.,4.;                                          2951P   4365
102,4,2933,2939,2943,2949;                                          2953P   4366
102,4,2937,2941,2947,2951;                                          2955P   4367
142,1,2931,2953,2955,1;                                             2957P   4368
144,2931,1,0,2957;                                                  2959P   4369
110,25.,52.,19.5,-975.,52.,19.5;                                    2961P   4370
110,27.,52.,21.,25.,52.,21.;                                        2963P   4371
120,2961,2963,0.,6.28318530717959;                                  2965P   4372
126,1,1,1,0,1,0,0.,0.,1.,1.,1.,1.,1.,3.141592654,0.,1.,0.,0.,       2967P   4373
0.,1.,0.,0.,1.;                                                     2967P   4374
124,6.12303176911189E-017,0.,1.,5.5,0.,1.,0.,0.,-1.,0.,             2969P   4375
6.12303176911189E-017,44.5;                                         2969P   4376
100,19.5,25.,52.,26.5,52.,23.5,52.;                                 2971P   4377
126,1,1,1,0,1,0,0.,0.,1.,1.,1.,1.,1.,0.,0.,0.,0.,0.,0.,1.,0.,       2973P   4378
0.,1.;                                                              2973P   4379
110,25.,52.,21.,27.,52.,21.;                                        2975P   4380
126,1,1,1,0,1,0,0.,0.,1.,1.,1.,1.,0.,0.,0.,0.,3.141592654,0.,       2977P   4381
0.,1.,0.,0.,1.;                                                     2977P   4382
124,6.12303176911189E-017,0.,-1.,46.5,0.,1.,0.,0.,1.,0.,            2979P   4383
6.12303176911189E-017,-7.50000000000001;                            2979P   4384
100,19.5,27.,52.,28.5,52.,25.5,52.;                                 2981P   4385
126,1,1,1,0,1,0,0.,0.,1.,1.,1.,1.,0.,3.141592654,0.,1.,             2983P   4386
3.141592654,0.,0.,1.,0.,0.,1.;                                      2983P   4387
110,27.,52.,18.,25.,52.,18.;                                        2985P   4388
102,4,2967,2973,2977,2983;                                          2987P   4389
102,4,2971,2975,2981,2985;                                          2989P   4390
142,1,2965,2987,2989,1;                                             2991P   4391
144,2965,1,0,2991;                                                  2993P   4392
110,25.,59.,12.5,-975.,59.,12.5;                                    2995P   4393
110,27.,59.,14.,25.,59.,14.;                                        2997P   4394
120,2995,2997,0.,6.28318530717959;                                  2999P   4395
126,1,1,1,0,1,0,0.,0.,1.,1.,1.,1.,1.,3.141592654,0.,1.,0.,0.,       3001P   4396
0.,1.,0.,0.,1.;                                                     3001P   4397
124,6.12303176911189E-017,0.,1.,12.5,0.,1.,0.,0.,-1.,0.,            3003P   4398
6.12303176911189E-017,37.5;                                         3003P   4399
100,12.5,25.,59.,26.5,59.,23.5,59.;                                 3005P   4400
126,1,1,1,0,1,0,0.,0.,1.,1.,1.,1.,1.,0.,0.,0.,0.,0.,0.,1.,0.,       3007P   4401
0.,1.;                                                              3007P   4402
110,25.,59.,14.,27.,59.,14.;                                        3009P   4403
126,1,1,1,0,1,0,0.,0.,1.,1.,1.,1.,0.,0.,0.,0.,3.141592654,0.,       3011P   4404
0.,1.,0.,0.,1.;                                                     3011P   4405
124,6.12303176911189E-017,0.,-1.,39.5,0.,1.,0.,0.,1.,0.,            3013P   4406
6.12303176911189E-017,-14.5;                                        3013P   4407
100,12.5,27.,59.,28.5,59.,25.5,59.;                                 3015P   4408
126,1,1,1,0,1,0,0.,0.,1.,1.,1.,1.,0.,3.141592654,0.,1.,             3017P   4409
3.141592654,0.,0.,1.,0.,0.,1.;                                      3017P   4410
110,27.,59.,11.,25.,59.,11.;                                        3019P   4411
102,4,3001,3007,3011,3017;                                          3021P   4412
102,4,3005,3009,3015,3019;                                          3023P   4413
142,1,2999,3021,3023,1;                                             3025P   4414
144,2999,1,0,3025;                                                  3027P   4415
110,25.,33.4,12.5,-975.,33.4,12.5;                                  3029P   4416
110,27.,33.4,14.,25.,33.4,14.;                                      3031P   4417
120,3029,3031,0.,6.28318530717959;                                  3033P   4418
126,1,1,1,0,1,0,0.,0.,1.,1.,1.,1.,1.,3.141592654,0.,1.,0.,0.,       3035P   4419
0.,1.,0.,0.,1.;                                                     3035P   4420
124,6.12303176911189E-017,0.,1.,12.5,0.,1.,0.,0.,-1.,0.,            3037P   4421
6.12303176911189E-017,37.5;                                         3037P   4422
100,12.5,25.,33.4,26.5,33.4,23.5,33.4;                              3039P   4423
126,1,1,1,0,1,0,0.,0.,1.,1.,1.,1.,1.,0.,0.,0.,0.,0.,0.,1.,0.,       3041P   4424
0.,1.;                                                              3041P   4425
110,25.,33.4,14.,27.,33.4,14.;                                      3043P   4426
126,1,1,1,0,1,0,0.,0.,1.,1.,1.,1.,0.,0.,0.,0.,3.141592654,0.,       3045P   4427
0.,1.,0.,0.,1.;                                                     3045P   4428
124,6.12303176911189E-017,0.,-1.,39.5,0.,1.,0.,0.,1.,0.,            3047P   4429
6.12303176911189E-017,-14.5;                                        3047P   4430
100,12.5,27.,33.4,28.5,33.4,25.5,33.4;                              3049P   4431
126,1,1,1,0,1,0,0.,0.,1.,1.,1.,1.,0.,3.141592654,0.,1.,             3051P   4432
3.141592654,0.,0.,1.,0.,0.,1.;                                      3051P   4433
110,27.,33.4,11.,25.,33.4,11.;                                      3053P   4434
102,4,3035,3041,3045,3051;                                          3055P   4435
102,4,3039,3043,3049,3053;                                          3057P   4436
142,1,3033,3055,3057,1;                                             3059P   4437
144,3033,1,0,3059;                                                  3061P   4438
110,25.,16.53,12.5,-975.,16.53,12.5;                                3063P   4439
110,27.,16.53,14.,25.,16.53,14.;                                    3065P   4440
120,3063,3065,0.,6.28318530717959;                                  3067P   4441
126,1,1,1,0,1,0,0.,0.,1.,1.,1.,1.,1.,3.141592654,0.,1.,0.,0.,       3069P   4442
0.,1.,0.,0.,1.;                                                     3069P   4443
124,6.12303176911189E-017,0.,1.,12.5,0.,1.,0.,0.,-1.,0.,            3071P   4444
6.12303176911189E-017,37.5;                                         3071P   4445
100,12.5,25.,16.53,26.5,16.53,23.5,16.53;                           3073P   4446
126,1,1,1,0,1,0,0.,0.,1.,1.,1.,1.,1.,0.,0.,0.,0.,0.,0.,1.,0.,       3075P   4447
0.,1.;                                                              3075P   4448
110,25.,16.53,14.,27.,16.53,14.;                                    3077P   4449
126,1,1,1,0,1,0,0.,0.,1.,1.,1.,1.,0.,0.,0.,0.,3.141592654,0.,       3079P   4450
0.,1.,0.,0.,1.;                                                     3079P   4451
124,6.12303176911189E-017,0.,-1.,39.5,0.,1.,0.,0.,1.,0.,            3081P   4452
6.12303176911189E-017,-14.5;                                        3081P   4453
100,12.5,27.,16.53,28.5,16.53,25.5,16.53;                           3083P   4454
126,1,1,1,0,1,0,0.,0.,1.,1.,1.,1.,0.,3.141592654,0.,1.,             3085P   4455
3.141592654,0.,0.,1.,0.,0.,1.;                                      3085P   4456
110,27.,16.53,11.,25.,16.53,11.;                                    3087P   4457
102,4,3069,3075,3079,3085;                                          3089P   4458
102,4,3073,3077,3083,3087;                                          3091P   4459
142,1,3067,3089,3091,1;                                             3093P   4460
144,3067,1,0,3093;                                                  3095P   4461
110,26.75,2.,0.25,26.75,-998.,0.25;                                 3097P   4462
110,26.75,51.999999995,0.,26.75,2.,0.;                              3099P   4463
120,3097,3099,0.,6.28318530717959;                                  3101P   4464
126,1,1,1,0,1,0,0.,0.,1.,1.,1.,1.,0.,0.,0.,0.,1.570796327,0.,       3103P   4465
0.,1.,0.,0.,1.;                                                     3103P   4466
124,1.40271637621286E-014,1.,0.,-25.2499999949753,                  3105P   4467
-6.12303176911189E-017,8.58887693460487E-031,-1.,                   3105P   4468
52.249999994975,-1.,1.40271637621286E-014,                          3105P   4469
6.12303176911189E-017,26.9999999999993;                             3105P   4470
100,0.25,26.75,51.999999995,27.,51.999999995,26.75,                 3107P   4471
52.249999995;                                                       3107P   4472
126,1,1,1,0,1,0,0.,0.,1.,1.,1.,1.,0.,1.570796327,0.,1.,             3109P   4473
1.570796327,0.,0.,1.,0.,0.,1.;                                      3109P   4474
110,27.,51.999999995,0.25,27.,2.,0.25;                              3111P   4475
126,1,1,1,0,1,0,0.,0.,1.,1.,1.,1.,1.,1.570796327,0.,1.,0.,0.,       3113P   4476
0.,1.,0.,0.,1.;                                                     3113P   4477
124,1.,-1.79601213783943E-010,1.79587247850499E-010,                3115P   4478
3.14304338211772E-010,-1.79587247850499E-010,                       3115P   4479
6.12625717788129E-017,1.,1.75000000448968,                          3115P   4480
-1.79601213783943E-010,-1.,6.12303176911189E-017,                   3115P   4481
2.25000000449006;                                                   3115P   4482
100,0.25,26.75,2.,27.,2.,26.75,2.25;                                3117P   4483
126,1,1,1,0,1,0,0.,0.,1.,1.,1.,1.,1.,0.,0.,0.,0.,0.,0.,1.,0.,       3119P   4484
0.,1.;                                                              3119P   4485
110,26.75,2.,0.,26.75,51.999999995,0.;                              3121P   4486
102,4,3103,3109,3113,3119;                                          3123P   4487
102,4,3107,3111,3117,3121;                                          3125P   4488
142,1,3101,3123,3125,1;                                             3127P   4489
144,3101,1,0,3127;                                                  3129P   4490
128,3,3,3,3,0,0,0,0,0,0.,0.,0.,0.,1.,1.,1.,1.,0.,0.,0.,0.,1.,       3131P   4491
1.,1.,1.,1.,0.755320871117974,0.755320871117974,1.,                 3131P   4492
0.804737854166694,0.607835297030796,0.607835297030796,              3131P   4493
0.804737854166694,0.804737854166694,0.607835297030796,              3131P   4494
0.607835297030796,0.804737854166694,1.,0.755320871117974,           3131P   4495
0.755320871117974,1.,26.725041646,2.,0.001248959,26.895013441,      3131P   4496
2.,-0.015805106,27.015805106,2.,0.104986559,26.998751041,2.,        3131P   4497
0.274958354,26.725041646,0.989493999,0.001248959,26.895013441,      3131P   4498
0.889926827,-0.015805106,27.015805105,0.819168708,0.104986559,      3131P   4499
26.998751041,0.829158748,0.274958354,26.010506,0.274958354,         3131P   4500
0.001248959,26.110073173,0.104986559,-0.015805106,26.180831292,     3131P   4501
-0.015805106,0.104986559,26.170841252,0.001248959,0.274958354,      3131P   4502
25.,0.274958354,0.001248959,25.,0.104986559,-0.015805106,25.,       3131P   4503
-0.015805106,0.104986559,25.,0.001248959,0.274958354,0.,1.,0.,      3131P   4504
1.;                                                                 3131P   4505
126,1,1,1,0,1,0,0.,0.,1.,1.,1.,1.,0.063141457,0.,0.,                3133P   4506
0.936858543,0.,0.,0.,1.,0.,0.,1.;                                   3133P   4507
124,8.93401563645395E-015,1.,-1.79587247850499E-010,                3135P   4508
24.7500000003589,-6.12303192955542E-017,-1.79587247850499E-010,     3135P   4509
-1.,2.2500000000449,-1.,8.9340156364798E-015,                       3135P   4510
6.12303176911189E-017,27.;                                          3135P   4511
100,0.25,26.75,2.,27.,2.,26.75,2.25;                                3137P   4512
126,1,1,1,0,1,0,0.,0.,1.,1.,1.,1.,0.936858543,0.,0.,                3139P   4513
0.936858543,1.,0.,0.,1.,0.,0.,1.;                                   3139P   4514
124,1.,-1.79601100322186E-010,-6.98296672221876E-015,               3141P   4515
3.59202172854954E-010,-1.79601100322186E-010,-1.,                   3141P   4516
-2.16840434497101E-016,4.00000000449003,-6.98296672217982E-015,     3141P   4517
2.16840435751249E-016,-1.,0.500000000000174;                        3141P   4518
100,0.25,25.,2.,27.,2.,25.,4.;                                      3143P   4519
126,1,1,1,0,1,0,0.,0.,1.,1.,1.,1.,0.936858543,1.,0.,                3145P   4520
0.063141457,1.,0.,0.,1.,0.,0.,1.;                                   3145P   4521
124,8.58887693460487E-031,6.12303176911189E-017,1.,24.75,-1.,       3147P   4522
1.40271637621286E-014,0.,25.25,-1.40271637621286E-014,-1.,          3147P   4523
6.12303176911189E-017,0.500000000000353;                            3147P   4524
100,0.25,25.,0.25,25.25,0.25,25.,0.5;                               3149P   4525
126,1,1,1,0,1,0,0.,0.,1.,1.,1.,1.,0.063141457,1.,0.,                3151P   4526
0.063141457,0.,0.,0.,1.,0.,0.,1.;                                   3151P   4527
100,0.,25.,2.,25.,0.25,26.75,2.;                                    3153P   4528
102,4,3133,3139,3145,3151;                                          3155P   4529
102,4,3137,3143,3149,3153;                                          3157P   4530
142,1,3131,3155,3157,1;                                             3159P   4531
144,3131,1,0,3159;                                                  3161P   4532
128,3,6,3,3,0,0,0,0,0,0.,0.,0.,0.,1.,1.,1.,1.,0.,0.,0.,0.,0.5,      3163P   4533
0.5,0.5,1.,1.,1.,1.,1.,0.755320871117968,0.755320871117968,1.,      3163P   4534
0.804737854076022,0.607835296962305,0.607835296962305,              3163P   4535
0.804737854076022,0.804737854076022,0.607835296962305,              3163P   4536
0.607835296962305,0.804737854076022,1.,0.755320871117968,           3163P   4537
0.755320871117968,1.,0.804737854076022,0.607835296962305,           3163P   4538
0.607835296962305,0.804737854076022,0.804737854076022,              3163P   4539
0.607835296962305,0.607835296962305,0.804737854076022,1.,           3163P   4540
0.755320871117968,0.755320871117968,1.,26.725041646,52.,            3163P   4541
24.998751041,26.895013441,52.,25.015805106,27.015805106,52.,        3163P   4542
24.895013441,26.998751041,52.,24.725041646,26.725041646,            3163P   4543
59.321598848,24.998751041,26.895013441,59.331588888,                3163P   4544
25.015805106,27.015805106,59.260830769,24.895013441,                3163P   4545
26.998751041,59.161263597,24.725041646,26.725041646,                3163P   4546
64.498751043,19.821598846,26.895013441,64.515805107,                3163P   4547
19.831588886,27.015805106,64.395013443,19.760830767,                3163P   4548
26.998751041,64.225041647,19.661263594,26.725041646,                3163P   4549
64.498751041,12.499999997,26.895013441,64.515805106,                3163P   4550
12.499999997,27.015805106,64.395013441,12.499999997,                3163P   4551
26.998751041,64.225041646,12.499999997,26.725041646,                3163P   4552
64.49875104,5.178401149,26.895013441,64.515805104,5.168411109,      3163P   4553
27.015805106,64.39501344,5.239169228,26.998751041,64.225041644,     3163P   4554
5.338736401,26.725041646,59.321598843,0.001248956,26.895013441,     3163P   4555
59.331588883,-0.015805109,27.015805106,59.260830764,                3163P   4556
0.104986556,26.998751041,59.161263592,0.274958351,26.725041646,     3163P   4557
51.999999995,0.001248959,26.895013441,51.999999995,                 3163P   4558
-0.015805106,27.015805106,51.999999995,0.104986559,                 3163P   4559
26.998751041,51.999999995,0.274958354,0.,1.,0.,1.;                  3163P   4560
126,1,1,1,0,1,0,0.,0.,1.,1.,1.,1.,0.936858543,1.,0.,                3165P   4561
0.063141457,1.,0.,0.,1.,0.,0.,1.;                                   3165P   4562
124,1.,0.,0.,0.,0.,-7.04419703990988E-015,1.,51.7499999949753,      3167P   4563
0.,-1.,-7.04419703990988E-015,52.249999994975;                      3167P   4564
100,0.25,26.75,51.999999995,27.,51.999999995,26.75,                 3169P   4565
52.249999995;                                                       3169P   4566
126,1,1,1,0,1,0,0.,0.,1.,1.,1.,1.,0.063141457,1.,0.,                3171P   4567
0.063141457,0.,0.,0.,1.,0.,0.,1.;                                   3171P   4568
124,6.12303176911189E-017,-8.55138541655932E-031,1.,14.25,          3173P   4569
1.39659334444375E-014,1.,0.,-3.74690540096482E-013,-1.,             3173P   4570
1.39659334444375E-014,6.12303176911189E-017,39.2499999999993;       3173P   4571
100,12.5,26.75,52.,39.25,51.999999995,14.25,52.;                    3175P   4572
126,1,1,1,0,1,0,0.,0.,1.,1.,1.,1.,0.063141457,0.,0.,                3177P   4573
0.936858543,0.,0.,0.,1.,0.,0.,1.;                                   3177P   4574
124,1.40271637621286E-014,1.,0.,-25.2500000000004,                  3179P   4575
-6.12303176911189E-017,8.58887693460487E-031,1.,27.25,1.,           3179P   4576
-1.40271637621286E-014,6.12303176911189E-017,-1.99999999999927;     3179P   4577
100,24.75,26.75,52.,27.,52.,26.75,52.25;                            3181P   4578
126,1,1,1,0,1,0,0.,0.,1.,1.,1.,1.,0.936858543,0.,0.,                3183P   4579
0.936858543,1.,0.,0.,1.,0.,0.,1.;                                   3183P   4580
124,6.12303176911189E-017,0.,-1.,39.5,0.,1.,0.,0.,1.,0.,            3185P   4581
6.12303176911189E-017,-14.5;                                        3185P   4582
100,12.5,27.,52.,39.25,52.,14.75,51.999999995;                      3187P   4583
102,4,3165,3171,3177,3183;                                          3189P   4584
102,4,3169,3175,3181,3187;                                          3191P   4585
142,1,3163,3189,3191,1;                                             3193P   4586
144,3163,1,0,3193;                                                  3195P   4587
110,25.,0.25,0.25,-975.,0.25,0.25;                                  3197P   4588
110,25.,0.25,0.5,-25.000000001,0.25,0.5;                            3199P   4589
120,3197,3199,0.,6.28318530717959;                                  3201P   4590
126,1,1,1,0,1,0,0.,0.,1.,1.,1.,1.,0.,3.141592654,0.,0.,             3203P   4591
4.71238898,0.,0.,1.,0.,0.,1.;                                       3203P   4592
124,-6.12303176911189E-017,4.27569270827966E-031,-1.,25.25,         3205P   4593
-6.98296672221876E-015,-1.,0.,0.500000000000178,-1.,                3205P   4594
6.98296672221876E-015,6.12303176911189E-017,25.25;                  3205P   4595
100,0.25,25.,0.25,25.25,0.25,25.,0.5;                               3207P   4596
126,1,1,1,0,1,0,0.,0.,1.,1.,1.,1.,0.,4.71238898,0.,1.,              3209P   4597
4.71238898,0.,0.,1.,0.,0.,1.;                                       3209P   4598
110,25.,0.,0.25,-25.000000001,0.,0.25;                              3211P   4599
126,1,1,1,0,1,0,0.,0.,1.,1.,1.,1.,1.,4.71238898,0.,1.,              3213P   4600
3.141592654,0.,0.,1.,0.,0.,1.;                                      3213P   4601
124,-3.84692278032617E-010,6.12303230872604E-017,1.,                3215P   4602
-25.2500000102905,-1.,1.40271637620769E-014,                        3215P   4603
-3.84692278032617E-010,-24.750000000577,-1.40271637621286E-014,     3215P   4604
-1.,6.12303176911189E-017,0.499999999999649;                        3215P   4605
100,0.25,-25.000000001,0.25,-24.750000001,0.25,-25.000000001,       3217P   4606
0.5;                                                                3217P   4607
126,1,1,1,0,1,0,0.,0.,1.,1.,1.,1.,1.,3.141592654,0.,0.,             3219P   4608
3.141592654,0.,0.,1.,0.,0.,1.;                                      3219P   4609
110,-25.000000001,0.25,0.,25.,0.25,0.;                              3221P   4610
102,4,3203,3209,3213,3219;                                          3223P   4611
102,4,3207,3211,3217,3221;                                          3225P   4612
142,1,3201,3223,3225,1;                                             3227P   4613
144,3201,1,0,3227;                                                  3229P   4614
110,26.75,52.,24.75,26.75,1052.,24.75;                              3231P   4615
110,26.75,2.,25.,26.75,52.,25.;                                     3233P   4616
120,3231,3233,0.,6.28318530717959;                                  3235P   4617
126,1,1,1,0,1,0,0.,0.,1.,1.,1.,1.,1.,1.570796327,0.,1.,0.,0.,       3237P   4618
0.,1.,0.,0.,1.;                                                     3237P   4619
124,1.,0.,0.,0.,0.,6.12303176911189E-017,-1.,76.75,0.,1.,           3239P   4620
6.12303176911189E-017,-27.25;                                       3239P   4621
100,24.75,26.75,52.,27.,52.,26.75,52.25;                            3241P   4622
126,1,1,1,0,1,0,0.,0.,1.,1.,1.,1.,1.,0.,0.,0.,0.,0.,0.,1.,0.,       3243P   4623
0.,1.;                                                              3243P   4624
110,26.75,52.,25.,26.75,2.,25.;                                     3245P   4625
126,1,1,1,0,1,0,0.,0.,1.,1.,1.,1.,0.,0.,0.,0.,1.570796327,0.,       3247P   4626
0.,1.,0.,0.,1.;                                                     3247P   4627
124,1.40271637621286E-014,1.,0.,24.7500000003588,                   3249P   4628
7.04419703990988E-015,-9.88101054515178E-029,1.,                    3249P   4629
-22.7500000003594,1.,-1.40271637621286E-014,                        3249P   4630
-7.04419703990988E-015,-1.9999999999998;                            3249P   4631
100,24.75,26.75,2.,27.,2.,26.75,2.25;                               3251P   4632
126,1,1,1,0,1,0,0.,0.,1.,1.,1.,1.,0.,1.570796327,0.,1.,             3253P   4633
1.570796327,0.,0.,1.,0.,0.,1.;                                      3253P   4634
110,27.,2.,24.75,27.,52.,24.75;                                     3255P   4635
102,4,3237,3243,3247,3253;                                          3257P   4636
102,4,3241,3245,3251,3255;                                          3259P   4637
142,1,3235,3257,3259,1;                                             3261P   4638
144,3235,1,0,3261;                                                  3263P   4639
128,3,3,3,3,0,0,0,0,0,0.,0.,0.,0.,1.,1.,1.,1.,0.,0.,0.,0.,1.,       3265P   4640
1.,1.,1.,1.,0.755320871117973,0.755320871117973,1.,                 3265P   4641
0.804737854215037,0.607835297067311,0.607835297067311,              3265P   4642
0.804737854215037,0.804737854215037,0.607835297067311,              3265P   4643
0.607835297067311,0.804737854215037,1.,0.755320871117973,           3265P   4644
0.755320871117973,1.,-25.000000001,0.274958354,0.001248959,         3265P   4645
-25.000000001,0.104986559,-0.015805106,-25.000000001,               3265P   4646
-0.015805106,0.104986559,-25.000000001,0.001248959,0.274958354,     3265P   4647
-26.010506001,0.274958355,0.001248959,-26.110073173,                3265P   4648
0.104986559,-0.015805106,-26.180831292,-0.015805105,                3265P   4649
0.104986559,-26.170841253,0.001248959,0.274958354,                  3265P   4650
-26.725041646,0.989494,0.001248959,-26.895013441,0.889926827,       3265P   4651
-0.015805106,-27.015805106,0.819168709,0.104986559,                 3265P   4652
-26.998751041,0.829158748,0.274958354,-26.725041646,2.,             3265P   4653
0.001248959,-26.895013441,2.,-0.015805106,-27.015805106,2.,         3265P   4654
0.104986559,-26.998751041,2.,0.274958354,0.,1.,0.,1.;               3265P   4655
126,1,1,1,0,1,0,0.,0.,1.,1.,1.,1.,0.063141457,0.,0.,                3267P   4656
0.936858543,0.,0.,0.,1.,0.,0.,1.;                                   3267P   4657
124,-6.13783057927871E-017,-3.84692278032617E-010,-1.,              3269P   4658
-24.750000000577,-3.84692155571981E-010,-1.,                        3269P   4659
3.84692278032617E-010,0.499999990286523,-1.,                        3269P   4660
3.84692155571981E-010,6.12303176911189E-017,-24.7500000007694;      3269P   4661
100,0.25,-25.000000001,0.25,-24.750000001,0.25,-25.000000001,       3271P   4662
0.5;                                                                3271P   4663
126,1,1,1,0,1,0,0.,0.,1.,1.,1.,1.,0.936858543,0.,0.,                3273P   4664
0.936858543,1.,0.,0.,1.,0.,0.,1.;                                   3273P   4665
124,-1.41496243975109E-014,-1.,-2.16840434497101E-016,              3275P   4666
-23.0000000000004,-1.,1.41496243975109E-014,                        3275P   4667
6.98296672221876E-015,-23.,-6.98296672221876E-015,                  3275P   4668
2.168404344972E-016,-1.,0.499999999999825;                          3275P   4669
100,0.25,-25.,2.,-23.,2.000000001,-25.,4.;                          3277P   4670
126,1,1,1,0,1,0,0.,0.,1.,1.,1.,1.,0.936858543,1.,0.,                3279P   4671
0.063141457,1.,0.,0.,1.,0.,0.,1.;                                   3279P   4672
124,-1.,6.98296672221876E-015,0.,-53.5,-4.27569270827966E-031,      3281P   4673
-6.12303176911189E-017,-1.,2.25,-6.98296672221876E-015,-1.,         3281P   4674
6.12303176911189E-017,2.24999999999981;                             3281P   4675
100,0.25,-26.75,2.,-26.5,2.,-26.75,2.25;                            3283P   4676
126,1,1,1,0,1,0,0.,0.,1.,1.,1.,1.,0.063141457,1.,0.,                3285P   4677
0.063141457,0.,0.,0.,1.,0.,0.,1.;                                   3285P   4678
100,0.,-25.,2.,-26.75,2.,-25.000000001,0.25;                        3287P   4679
102,4,3267,3273,3279,3285;                                          3289P   4680
102,4,3271,3277,3283,3287;                                          3291P   4681
142,1,3265,3289,3291,1;                                             3293P   4682
144,3265,1,0,3293;                                                  3295P   4683
128,3,3,3,3,0,0,0,0,0,0.,0.,0.,0.,1.,1.,1.,1.,0.,0.,0.,0.,1.,       3297P   4684
1.,1.,1.,1.,0.755320871117975,0.755320871117975,1.,                 3297P   4685
0.804737854165549,0.607835297029933,0.607835297029933,              3297P   4686
0.804737854165549,0.804737854165549,0.607835297029933,              3297P   4687
0.607835297029933,0.804737854165549,1.,0.755320871117975,           3297P   4688
0.755320871117975,1.,26.998751041,2.,24.725041646,27.015805106,     3297P   4689
2.,24.895013441,26.895013441,2.,25.015805106,26.725041646,2.,       3297P   4690
24.998751041,26.998751041,0.829158748,24.725041646,                 3297P   4691
27.015805105,0.819168708,24.895013441,26.895013441,0.889926827,     3297P   4692
25.015805106,26.725041646,0.989493999,24.998751041,                 3297P   4693
26.170841252,0.001248959,24.725041646,26.180831292,                 3297P   4694
-0.015805106,24.895013441,26.110073173,0.104986559,                 3297P   4695
25.015805106,26.010506,0.274958354,24.998751041,25.,                3297P   4696
0.001248959,24.725041646,25.,-0.015805106,24.895013441,25.,         3297P   4697
0.104986559,25.015805106,25.,0.274958354,24.998751041,0.,1.,0.,     3297P   4698
1.;                                                                 3297P   4699
126,1,1,1,0,1,0,0.,0.,1.,1.,1.,1.,0.063141457,0.,0.,                3299P   4700
0.936858543,0.,0.,0.,1.,0.,0.,1.;                                   3299P   4701
124,1.,0.,0.,0.,0.,6.12303176911189E-017,-1.,26.7499999996408,      3301P   4702
0.,1.,6.12303176911189E-017,22.7500000003592;                       3301P   4703
100,24.75,26.75,2.,27.,2.,26.75,2.25;                               3303P   4704
126,1,1,1,0,1,0,0.,0.,1.,1.,1.,1.,0.936858543,0.,0.,                3305P   4705
0.936858543,1.,0.,0.,1.,0.,0.,1.;                                   3305P   4706
124,1.,-1.79600212143765E-010,-6.98296672221876E-015,               3307P   4707
3.59377743540316E-010,-1.79600212143765E-010,-1.,0.,                3307P   4708
4.00000000449001,-6.98296672221876E-015,1.25414230470335E-024,      3307P   4709
-1.,50.0000000000002;                                               3307P   4710
100,25.,25.,2.,26.75,2.,25.,3.75;                                   3309P   4711
126,1,1,1,0,1,0,0.,0.,1.,1.,1.,1.,0.936858543,1.,0.,                3311P   4712
0.063141457,1.,0.,0.,1.,0.,0.,1.;                                   3311P   4713
124,-6.12303176911189E-017,4.27569270827966E-031,1.,0.25,           3313P   4714
-6.98296672221876E-015,-1.,0.,0.500000000000178,1.,                 3313P   4715
-6.98296672221876E-015,6.12303176911189E-017,-0.25;                 3313P   4716
100,24.75,25.,0.25,25.25,0.25,25.,0.5;                              3315P   4717
126,1,1,1,0,1,0,0.,0.,1.,1.,1.,1.,0.063141457,1.,0.,                3317P   4718
0.063141457,0.,0.,0.,1.,0.,0.,1.;                                   3317P   4719
100,24.75,25.,2.,25.,0.,27.,2.;                                     3319P   4720
102,4,3299,3305,3311,3317;                                          3321P   4721
102,4,3303,3309,3315,3319;                                          3323P   4722
142,1,3297,3321,3323,1;                                             3325P   4723
144,3297,1,0,3325;                                                  3327P   4724
110,-26.75,2.,0.25,-26.75,1002.,0.25;                               3329P   4725
110,-26.75,2.,0.5,-26.75,52.,0.5;                                   3331P   4726
120,3329,3331,0.,6.28318530717959;                                  3333P   4727
126,1,1,1,0,1,0,0.,0.,1.,1.,1.,1.,0.,3.141592654,0.,0.,             3335P   4728
4.71238898,0.,0.,1.,0.,0.,1.;                                       3335P   4729
124,6.12303176911189E-017,-1.,0.,-24.75,6.12303176911189E-017,      3337P   4730
3.74915180455534E-033,1.,1.75,-1.,-6.12303176911189E-017,           3337P   4731
6.12303176911189E-017,-26.5;                                        3337P   4732
100,0.25,-26.75,2.,-26.5,2.,-26.75,2.25;                            3339P   4733
126,1,1,1,0,1,0,0.,0.,1.,1.,1.,1.,0.,4.71238898,0.,1.,              3341P   4734
4.71238898,0.,0.,1.,0.,0.,1.;                                       3341P   4735
110,-27.,2.,0.25,-27.,52.,0.25;                                     3343P   4736
126,1,1,1,0,1,0,0.,0.,1.,1.,1.,1.,1.,4.71238898,0.,1.,              3345P   4737
3.141592654,0.,0.,1.,0.,0.,1.;                                      3345P   4738
124,-1.,6.98296672221876E-015,0.,-53.5000000000004,                 3347P   4739
-4.27569270827966E-031,-6.12303176911189E-017,-1.,52.25,            3347P   4740
-6.98296672221876E-015,-1.,6.12303176911189E-017,                   3347P   4741
52.2499999999998;                                                   3347P   4742
100,0.25,-26.75,52.,-26.5,52.,-26.75,52.25;                         3349P   4743
126,1,1,1,0,1,0,0.,0.,1.,1.,1.,1.,1.,3.141592654,0.,0.,             3351P   4744
3.141592654,0.,0.,1.,0.,0.,1.;                                      3351P   4745
110,-26.75,52.,0.,-26.75,2.,0.;                                     3353P   4746
102,4,3335,3341,3345,3351;                                          3355P   4747
102,4,3339,3343,3349,3353;                                          3357P   4748
142,1,3333,3355,3357,1;                                             3359P   4749
144,3333,1,0,3359;                                                  3361P   4750
110,26.75,0.25,24.75,1026.75,0.25,24.75;                            3363P   4751
110,-25.000000001,0.25,24.5,25.,0.25,24.5;                          3365P   4752
120,3363,3365,0.,6.28318530717959;                                  3367P   4753
126,1,1,1,0,1,0,0.,0.,1.,1.,1.,1.,1.,4.71238898,0.,1.,              3369P   4754
3.141592654,0.,0.,1.,0.,0.,1.;                                      3369P   4755
124,8.58887693460487E-031,6.12303176911189E-017,-1.,49.75,-1.,      3371P   4756
1.40271637621286E-014,0.,25.25,1.40271637621286E-014,1.,            3371P   4757
6.12303176911189E-017,24.4999999999996;                             3371P   4758
100,24.75,25.,0.25,25.25,0.25,25.,0.5;                              3373P   4759
126,1,1,1,0,1,0,0.,0.,1.,1.,1.,1.,1.,3.141592654,0.,0.,             3375P   4760
3.141592654,0.,0.,1.,0.,0.,1.;                                      3375P   4761
110,25.,0.25,25.,-25.000000001,0.25,25.;                            3377P   4762
126,1,1,1,0,1,0,0.,0.,1.,1.,1.,1.,0.,3.141592654,0.,0.,             3379P   4763
4.71238898,0.,0.,1.,0.,0.,1.;                                       3379P   4764
124,7.04419703990988E-015,8.62636845265042E-031,1.,                 3381P   4765
-49.7500000007692,1.22460635382238E-016,-1.,0.,                     3381P   4766
0.500000000000003,1.,1.22460635382238E-016,                         3381P   4767
-7.04419703990988E-015,49.7500000007696;                            3381P   4768
100,24.75,-25.000000001,0.25,-24.750000001,0.25,-25.000000001,      3383P   4769
0.5;                                                                3383P   4770
126,1,1,1,0,1,0,0.,0.,1.,1.,1.,1.,0.,4.71238898,0.,1.,              3385P   4771
4.71238898,0.,0.,1.,0.,0.,1.;                                       3385P   4772
110,-25.000000001,0.,24.75,25.,0.,24.75;                            3387P   4773
102,4,3369,3375,3379,3385;                                          3389P   4774
102,4,3373,3377,3383,3387;                                          3391P   4775
142,1,3367,3389,3391,1;                                             3393P   4776
144,3367,1,0,3393;                                                  3395P   4777
128,3,3,3,3,0,0,0,0,0,0.,0.,0.,0.,1.,1.,1.,1.,0.,0.,0.,0.,1.,       3397P   4778
1.,1.,1.,1.,0.755320871117966,0.755320871117966,1.,                 3397P   4779
0.333333333333333,0.251773623705989,0.251773623705989,              3397P   4780
0.333333333333333,0.333333333333333,0.251773623705989,              3397P   4781
0.251773623705989,0.333333333333333,1.,0.755320871117966,           3397P   4782
0.755320871117966,1.,-26.725041646,52.,0.001248959,                 3397P   4783
-26.895013441,52.,-0.015805106,-27.015805106,52.,0.104986559,       3397P   4784
-26.998751041,52.,0.274958354,-26.725041646,76.997502083,           3397P   4785
0.001248959,-26.895013441,77.031610211,-0.015805106,                3397P   4786
-27.015805106,76.790026883,0.104986559,-26.998751041,               3397P   4787
76.450083292,0.274958354,-26.725041646,76.997502083,                3397P   4788
24.998751041,-26.895013441,77.031610211,25.015805106,               3397P   4789
-27.015805106,76.790026883,24.895013441,-26.998751041,              3397P   4790
76.450083292,24.725041646,-26.725041646,52.,24.998751041,           3397P   4791
-26.895013441,52.,25.015805106,-27.015805106,52.,24.895013441,      3397P   4792
-26.998751041,52.,24.725041646,0.,1.,0.,1.;                         3397P   4793
126,1,1,1,0,1,0,0.,0.,1.,1.,1.,1.,0.063141457,0.,0.,                3399P   4794
0.936858543,0.,0.,0.,1.,0.,0.,1.;                                   3399P   4795
124,6.12303176911189E-017,-1.,0.,25.25,6.12303176911189E-017,       3401P   4796
3.74915180455534E-033,1.,51.75,-1.,-6.12303176911189E-017,          3401P   4797
6.12303176911189E-017,-26.5;                                        3401P   4798
100,0.25,-26.75,52.,-26.5,52.,-26.75,52.25;                         3403P   4799
126,1,1,1,0,1,0,0.,0.,1.,1.,1.,1.,0.936858543,0.,0.,                3405P   4800
0.936858543,1.,0.,0.,1.,0.,0.,1.;                                   3405P   4801
124,6.12303176911189E-017,0.,1.,-39.5,0.,1.,0.,0.,-1.,0.,           3407P   4802
6.12303176911189E-017,-14.5;                                        3407P   4803
100,12.5,-27.,52.,-14.75,52.,-39.25,52.;                            3409P   4804
126,1,1,1,0,1,0,0.,0.,1.,1.,1.,1.,0.936858543,1.,0.,                3411P   4805
0.063141457,1.,0.,0.,1.,0.,0.,1.;                                   3411P   4806
124,-1.,6.98296672221876E-015,0.,-53.5000000000004,                 3413P   4807
-4.27569270827966E-031,-6.12303176911189E-017,1.,27.25,             3413P   4808
6.98296672221876E-015,1.,6.12303176911189E-017,                     3413P   4809
-27.2499999999998;                                                  3413P   4810
100,24.75,-26.75,52.,-26.5,52.,-26.75,52.25;                        3415P   4811
126,1,1,1,0,1,0,0.,0.,1.,1.,1.,1.,0.063141457,1.,0.,                3417P   4812
0.063141457,0.,0.,0.,1.,0.,0.,1.;                                   3417P   4813
124,6.12303176911189E-017,0.,-1.,-14.25,0.,1.,0.,0.,1.,0.,          3419P   4814
6.12303176911189E-017,39.25;                                        3419P   4815
100,12.5,-26.75,52.,-14.25,52.,-39.25,52.;                          3421P   4816
102,4,3399,3405,3411,3417;                                          3423P   4817
102,4,3403,3409,3415,3421;                                          3425P   4818
142,1,3397,3423,3425,1;                                             3427P   4819
144,3397,1,0,3427;                                                  3429P   4820
128,3,3,3,3,0,0,0,0,0,0.,0.,0.,0.,1.,1.,1.,1.,0.,0.,0.,0.,1.,       3431P   4821
1.,1.,1.,1.,0.755320871117972,0.755320871117972,1.,                 3431P   4822
0.804737854168951,0.607835297032499,0.607835297032499,              3431P   4823
0.804737854168951,0.804737854168951,0.607835297032499,              3431P   4824
0.607835297032499,0.804737854168951,1.,0.755320871117972,           3431P   4825
0.755320871117972,1.,-25.,0.001248959,24.725041646,-25.,            3431P   4826
-0.015805106,24.895013441,-25.,0.104986559,25.015805106,-25.,       3431P   4827
0.274958354,24.998751041,-26.170841252,0.001248959,                 3431P   4828
24.725041646,-26.180831292,-0.015805105,24.895013441,               3431P   4829
-26.110073173,0.104986559,25.015805106,-26.010506001,               3431P   4830
0.274958354,24.998751041,-26.998751041,0.829158748,                 3431P   4831
24.725041646,-27.015805106,0.819168708,24.895013441,                3431P   4832
-26.895013441,0.889926827,25.015805106,-26.725041646,0.989494,      3431P   4833
24.998751041,-26.998751041,2.,24.725041646,-27.015805106,2.,        3431P   4834
24.895013441,-26.895013441,2.,25.015805106,-26.725041646,2.,        3431P   4835
24.998751041,0.,1.,0.,1.;                                           3431P   4836
126,1,1,1,0,1,0,0.,0.,1.,1.,1.,1.,0.063141457,0.,0.,                3433P   4837
0.936858543,0.,0.,0.,1.,0.,0.,1.;                                   3433P   4838
124,8.58887693460487E-031,6.12303176911189E-017,-1.,                3435P   4839
-0.25000000076938,-1.,1.40271637621286E-014,0.,                     3435P   4840
-24.7500000007694,1.40271637621286E-014,1.,                         3435P   4841
6.12303176911189E-017,24.5000000000004;                             3435P   4842
100,24.75,-25.000000001,0.25,-24.750000001,0.25,-25.000000001,      3437P   4843
0.5;                                                                3437P   4844
126,1,1,1,0,1,0,0.,0.,1.,1.,1.,1.,0.936858543,0.,0.,                3439P   4845
0.936858543,1.,0.,0.,1.,0.,0.,1.;                                   3439P   4846
124,-6.17226286175735E-009,-1.,0.,-23.0000001543066,-1.,            3441P   4847
6.17226286175735E-009,6.98296672221876E-015,-23.0000000123447,      3441P   4848
-6.98296672221876E-015,4.31007061644383E-023,-1.,                   3441P   4849
49.9999999999998;                                                   3441P   4850
100,25.,-25.,2.,-23.25,1.99999999,-24.999999989,3.75;               3443P   4851
126,1,1,1,0,1,0,0.,0.,1.,1.,1.,1.,0.936858543,1.,0.,                3445P   4852
0.063141457,1.,0.,0.,1.,0.,0.,1.;                                   3445P   4853
124,6.12303176911189E-017,-1.,0.,-24.75,6.12303176911189E-017,      3447P   4854
3.74915180455534E-033,-1.,26.75,1.,6.12303176911189E-017,           3447P   4855
6.12303176911189E-017,51.5;                                         3447P   4856
100,24.75,-26.75,2.,-26.5,2.,-26.75,2.25;                           3449P   4857
126,1,1,1,0,1,0,0.,0.,1.,1.,1.,1.,0.063141457,1.,0.,                3451P   4858
0.063141457,0.,0.,0.,1.,0.,0.,1.;                                   3451P   4859
100,24.75,-25.,2.,-27.,2.,-25.000000001,0.;                         3453P   4860
102,4,3433,3439,3445,3451;                                          3455P   4861
102,4,3437,3443,3449,3453;                                          3457P   4862
142,1,3431,3455,3457,1;                                             3459P   4863
144,3431,1,0,3459;                                                  3461P   4864
110,-26.75,52.,24.75,-26.75,-948.,24.75;                            3463P   4865
110,-26.75,52.,24.5,-26.75,2.,24.5;                                 3465P   4866
120,3463,3465,0.,6.28318530717959;                                  3467P   4867
126,1,1,1,0,1,0,0.,0.,1.,1.,1.,1.,0.,3.141592654,0.,0.,             3469P   4868
4.71238898,0.,0.,1.,0.,0.,1.;                                       3469P   4869
124,6.12303176911189E-017,-1.,0.,25.25,6.12303176911189E-017,       3471P   4870
3.74915180455534E-033,-1.,76.75,1.,6.12303176911189E-017,           3471P   4871
6.12303176911189E-017,51.5;                                         3471P   4872
100,24.75,-26.75,52.,-26.5,52.,-26.75,52.25;                        3473P   4873
126,1,1,1,0,1,0,0.,0.,1.,1.,1.,1.,0.,4.71238898,0.,1.,              3475P   4874
4.71238898,0.,0.,1.,0.,0.,1.;                                       3475P   4875
110,-27.,52.,24.75,-27.,2.,24.75;                                   3477P   4876
126,1,1,1,0,1,0,0.,0.,1.,1.,1.,1.,1.,4.71238898,0.,1.,              3479P   4877
3.141592654,0.,0.,1.,0.,0.,1.;                                      3479P   4878
124,-1.,6.98296672221876E-015,0.,-53.5,-4.27569270827966E-031,      3481P   4879
-6.12303176911189E-017,1.,-22.75,6.98296672221876E-015,1.,          3481P   4880
6.12303176911189E-017,22.7500000000002;                             3481P   4881
100,24.75,-26.75,2.,-26.5,2.,-26.75,2.25;                           3483P   4882
126,1,1,1,0,1,0,0.,0.,1.,1.,1.,1.,1.,3.141592654,0.,0.,             3485P   4883
3.141592654,0.,0.,1.,0.,0.,1.;                                      3485P   4884
110,-26.75,2.,25.,-26.75,52.,25.;                                   3487P   4885
102,4,3469,3475,3479,3485;                                          3489P   4886
102,4,3473,3477,3483,3487;                                          3491P   4887
142,1,3467,3489,3491,1;                                             3493P   4888
144,3467,1,0,3493;                                                  3495P   4889
S      1G      4D   3496P   4889                                        T      1
